season,season_name,journey_team,journey_color,stop_index,name,longitude,latitude,when_start,when_end,video_episode,video_start,video_end,players_override,additional_players,notes,end_of_day
0,Crime Spree,Sam Denby,#1976D2,0,Placeholder,0.0,0.0,,,,,,,,,
0,Crime Spree,Adam Chase; Ben Doyle,#D32F2F,0,Placeholder,0.0,0.0,,,,,,,,,
1,Connect 4 Across America,Sam Denby; Brian McManus,#1976D2,0,Hilton Chicago O'Hare Airport,-87.903994,41.977534,2022-03-03T04:30:00,,1,00:00:36,00:03:09,,,3-Mar-2022The starting point of Jet Lag: Connect 4 (Season 1)\nMembers who visited:\n1) Sam\n2) Brian\n3) Adam\n4) Ben\ndatetime:\n3-Mar-2022 04:30 UTC−06\nSeason 1:\nEpisode 1 00:36 - 03:09,
1,Connect 4 Across America,Sam Denby; Brian McManus,#1976D2,1,O'Hare International Airport,-87.9089979,41.98028,,,1,00:03:09,00:04:22,,,Present in Jet Lag: Connect 4 (Season 1) and Jet Lag: Battle for America (Season 4)\nMembers who visited:\n1) Sam\n2) Brian\n3) Adam\n4) Ben\nSeason 1:\nEpisode 1 03:09 - 4:22,
1,Connect 4 Across America,Sam Denby; Brian McManus,#1976D2,2,San Francisco International Airport,-122.3816108,37.6191671,2022-03-03T10:15:00,,1,00:08:27,00:08:38,,,Present in Jet Lag: Connect 4 (Season 1)\nMembers who visited:\n1) Sam\n2) Brian\ndatetime:\n3-Mar-2022 10:15 AM PST\nEpisode 1: 08:27 - 08:38,
1,Connect 4 Across America,Sam Denby; Brian McManus,#1976D2,3,San Francisco Terminal 3 BART Station,-122.38658,37.61753,,,,,,,,Present in Jet Lag: Connect 4 (Season 1)\nMembers who visited:\n1) Sam\n2) Brian,
1,Connect 4 Across America,Sam Denby; Brian McManus,#1976D2,4,AVIS Car Center,-122.4011502,37.6286297,,,1,00:08:38,00:08:59,,,Present in Jet Lag: Connect 4 (Season 1)\nMembers who visited:\n1) Sam\n2) Brian\nSeason1:\nEpisode 1: 08:38 - 08:59,
1,Connect 4 Across America,Sam Denby; Brian McManus,#1976D2,5,California State Capitol Museum,-121.4932368,38.5765882,2022-03-03T12:28:00,,1,00:15:02,00:15:31,,,Present in Jet Lag: Connect 4 (Season 1)\nMembers who visited:\n1) Sam\n2) Brian\nChallenge: Eat spicy food\ndatetime:\n3-Mar-2022 12:28 PM PST\nSeason1:\nEpisode 1: 15:02 - 15:31,
1,Connect 4 Across America,Sam Denby; Brian McManus,#1976D2,6,Lit Delhi,-121.4928717,38.57792209999999,,,1,00:16:08,00:17:50,,,Present in Jet Lag: Connect 4 (Season 1)\nMembers who visited:\n1) Sam\n2) Brian\nChallenge: Eat spicy food\nSeason1:\nEpisode 1: 16:08 - 17:50,
1,Connect 4 Across America,Sam Denby; Brian McManus,#1976D2,7,Nevada State Capitol Building,-119.7661320541866,39.16382926671341,2022-03-03T15:30:00,,1,00:20:26,00:21:17,,,Present in Jet Lag: Connect 4 (Season 1)\nMembers who visited:\n1) Sam\n2) Brian\nChallenge: Bowl a strike \nRoute via: Tahoe City\ndatetime:\n3-Mar-2022 03:30 PM PST\nSeason1:\nEpisode 1: 20:26 - 21:17,
1,Connect 4 Across America,Sam Denby; Brian McManus,#1976D2,8,Gold Dust West Bowling Center,-119.7433239,39.1734547,,,1,00:21:17,00:21:36,,,Present in Jet Lag: Connect 4 (Season 1)\nMembers who visited:\n1) Sam\n2) Brian\nChallenge: Bowl a strike \nSeason1:\nEpisode 1: 21:17 -21:36,
1,Connect 4 Across America,Sam Denby; Brian McManus,#1976D2,9,Carson Lanes Family Fun Center,-119.769616,39.125103,,,1,00:23:14,00:23:54,,,Present in Jet Lag: Connect 4 (Season 1)\nMembers who visited:\n1) Sam\n2) Brian\nChallenge: Bowl a strike \nSeason1:\nEpisode 1: 23:14 - 23:54,
1,Connect 4 Across America,Sam Denby; Brian McManus,#1976D2,10,Grand Sierra Resort and Casino,-119.7812235,39.5230411,2022-03-03T21:30:00,,2,00:01:31,00:02:40,,,Present in Jet Lag: Connect 4 (Season 1)\nMembers who visited:\n1) Sam\n2) Brian\ndatetime:\n3-Mar-2022 09:30 PM PST\n4-Mar-2022 04:26 AM PST\nSeason1:\nEpisode 2: 01:31 - 02:40 \nEpisode 2: 04:00 - 04:33 \nNote: First hotel of the first night of Season 1 for this team\nEnd of Day 1,
1,Connect 4 Across America,Sam Denby; Brian McManus,#1976D2,11,Grand Sierra Resort and Casino,-119.7812235,39.5230411,,,2,00:04:00,00:04:33,,,Present in Jet Lag: Connect 4 (Season 1)\nMembers who visited:\n1) Sam\n2) Brian\ndatetime:\n3-Mar-2022 09:30 PM PST\n4-Mar-2022 04:26 AM PST\nSeason1:\nEpisode 2: 01:31 - 02:40 \nEpisode 2: 04:00 - 04:33 \nNote: First hotel of the first night of Season 1 for this team\nEnd of Day 1,
1,Connect 4 Across America,Sam Denby; Brian McManus,#1976D2,12,Reno-Tahoe International Airport,-119.7680951,39.4995907,,,2,00:04:45,00:05:02,,,Present in Jet Lag: Connect 4 (Season 1)\nMembers who visited:\n1) Sam\n2) Brian\nSeason1:\nEpisode 2: 04:45 - 05:02,
1,Connect 4 Across America,Sam Denby; Brian McManus,#1976D2,13,Phoenix Sky Harbor International Airport,-112.010124,33.435249,,,2,00:06:15,00:08:00,,,Present in Jet Lag: Connect 4 (Season 1)\nMembers who visited:\n1) Adam\n2) Ben\n3) Sam\n4) Brian\nBen and Adam:\nFlight:\nWN	03/03/2022	1705	N963WN	PHX	16:00	16:03\nWN	03/03/2022	1705	N963WN	DEN	18:05	18:27\nSeason1:\nEpisode1 23:57 - 24:38\nEpisode2 05:30 - 06:10\nSam and Brian:\nFlight:\nAA	03/04/2022	1741	N125UW	PHX	06:00	05:54\nAA	03/04/2022	1741	N125UW	RNO	08:49	08:42\nSeason1:\nEpisode2 06:15 - 08:00\nEpisode2 09:10 - 10:12,
1,Connect 4 Across America,Sam Denby; Brian McManus,#1976D2,14,Phoenix Sky Harbor International Airport,-112.010124,33.435249,,,2,00:09:10,00:10:12,,,Present in Jet Lag: Connect 4 (Season 1)\nMembers who visited:\n1) Adam\n2) Ben\n3) Sam\n4) Brian\nBen and Adam:\nFlight:\nWN	03/03/2022	1705	N963WN	PHX	16:00	16:03\nWN	03/03/2022	1705	N963WN	DEN	18:05	18:27\nSeason1:\nEpisode1 23:57 - 24:38\nEpisode2 05:30 - 06:10\nSam and Brian:\nFlight:\nAA	03/04/2022	1741	N125UW	PHX	06:00	05:54\nAA	03/04/2022	1741	N125UW	RNO	08:49	08:42\nSeason1:\nEpisode2 06:15 - 08:00\nEpisode2 09:10 - 10:12,
1,Connect 4 Across America,Sam Denby; Brian McManus,#1976D2,15,Boise Airport,-116.2223159,43.5658231,2022-03-04T12:48:00,,2,00:13:45,00:14:16,,,Present in Jet Lag: Connect 4 (Season 1)\nMembers who visited:\n1) Sam\n2) Brian\nFlight:\nWN	03/04/2022	0172	N909WN	BOI	10:50	10:54\nWN	03/04/2022	0172	N909WN	PHX	13:00	12:46\ndatetime:\n4-Mar-2022 12:48 PM MST\nSeason1:\nEpisode2 13:45 - 14:16\nEpisode2 25:35 - 25:49,
1,Connect 4 Across America,Sam Denby; Brian McManus,#1976D2,16,Idaho State Capitol,-116.199599,43.6177493,2022-03-04T13:18:00,,2,00:14:20,00:15:00,,,Present in Jet Lag: Connect 4 (Season 1)\nMembers who visited:\n1) Sam\n2) Brian\nChallenge: Find a statue and recreate it\ndatetime:\n4-Mar-2022 1:18 PM MST\nSeason1:\nEpisode2 14:20 - 15:00,
1,Connect 4 Across America,Sam Denby; Brian McManus,#1976D2,17,State of Idaho Employee Parking Garage,-116.1970226,43.6178557,,,2,00:15:10,00:15:50,,,Present in Jet Lag: Connect 4 (Season 1)\nMembers who visited:\n1) Sam\n2) Brian\nChallenge: Find a statue and recreate it\nSeason1:\nEpisode2 15:10 - 15:50,
1,Connect 4 Across America,Sam Denby; Brian McManus,#1976D2,18,Mountain States Tumor Institute,-116.1934435,43.6122623,,,2,00:17:00,00:18:10,,,Present in Jet Lag: Connect 4 (Season 1)\nMembers who visited:\n1) Sam\n2) Brian\nChallenge: Find a statue and recreate it\nSeason1:\nEpisode2 17:00 - 18:10\nEpisode2 18:18 - 19:45,
1,Connect 4 Across America,Sam Denby; Brian McManus,#1976D2,19,Mountain States Tumor Institute,-116.1934435,43.6122623,,,2,00:18:18,00:19:45,,,Present in Jet Lag: Connect 4 (Season 1)\nMembers who visited:\n1) Sam\n2) Brian\nChallenge: Find a statue and recreate it\nSeason1:\nEpisode2 17:00 - 18:10\nEpisode2 18:18 - 19:45,
1,Connect 4 Across America,Sam Denby; Brian McManus,#1976D2,20,Boise Airport,-116.2223159,43.5658231,,,2,00:25:35,00:25:49,,,Present in Jet Lag: Connect 4 (Season 1)\nMembers who visited:\n1) Sam\n2) Brian\nFlight:\nWN	03/04/2022	0172	N909WN	BOI	10:50	10:54\nWN	03/04/2022	0172	N909WN	PHX	13:00	12:46\ndatetime:\n4-Mar-2022 12:48 PM MST\nSeason1:\nEpisode2 13:45 - 14:16\nEpisode2 25:35 - 25:49,
1,Connect 4 Across America,Sam Denby; Brian McManus,#1976D2,21,Salt Lake City International Airport,-111.9853186,40.7837849,,,2,00:26:24,00:28:12,,,Present in Jet Lag: Connect 4 (Season 1)\nMembers who visited:\n1) Sam\n2) Brian\n3) Adam\n4) Ben\nBen and Adam:\nFlight:\nDL	03/04/2022	1369	N901DN	SLC	13:35	13:34\nDL	03/04/2022	1369	N901DN	PDX	16:21	16:30\ndatetime:\n4-Mar-2022 4:49 PM MST\nSeason1:\nEpisode2 26:00 - 26:20\nEpisode3 00:20 - 01:12\nEpisode3 02:46 - 04:10\nSam and Brian:\nFlight:\nOO	03/04/2022	3743	N242SY	SLC	15:46	15:37\nOO	03/04/2022	3743	N242SY	BOI	16:55	16:50\nSeason1:\nEpisode2 26:24 - 28:12\nEpisode3 00:20 - 01:12\nEpisode3 02:46 - 04:10,
1,Connect 4 Across America,Sam Denby; Brian McManus,#1976D2,22,Salt Lake Plaza Hotel SureStay Collection By Best Western,-111.894797081624,40.76965786266736,2022-03-05T04:25:00,,3,00:04:18,00:04:41,,,Present in Jet Lag: Connect 4 (Season 1)\nMembers who visited:\n1) Sam\n2) Brian\ndatetime:\n5-Mar-2022 4:25 AM MDT\nSeason1:\nEpisode3 04:18 - 04:41\nNote: Second hotel of the second night of Season 1 for this team,
1,Connect 4 Across America,Sam Denby; Brian McManus,#1976D2,23,Utah State Capitol Building,-111.8881773,40.7774076,,,3,00:05:15,00:10:15,,,Present in Jet Lag: Connect 4 (Season 1)\nMembers who visited:\n1) Sam\n2) Brian\n3) Adam\n4) Ben\nSeason1:\nEpisode3 05:15 - 10:15\nChallenge:\n-Eat the state desert (Sam and Brian)\n-Busk until you earn one dollar (Adam and Ben),
1,Connect 4 Across America,Sam Denby; Brian McManus,#1976D2,24,Salt Lake City International Airport,-111.9853186,40.7837849,,,3,00:00:20,00:01:12,,,Present in Jet Lag: Connect 4 (Season 1)\nMembers who visited:\n1) Sam\n2) Brian\n3) Adam\n4) Ben\nBen and Adam:\nFlight:\nDL	03/04/2022	1369	N901DN	SLC	13:35	13:34\nDL	03/04/2022	1369	N901DN	PDX	16:21	16:30\ndatetime:\n4-Mar-2022 4:49 PM MST\nSeason1:\nEpisode2 26:00 - 26:20\nEpisode3 00:20 - 01:12\nEpisode3 02:46 - 04:10\nSam and Brian:\nFlight:\nOO	03/04/2022	3743	N242SY	SLC	15:46	15:37\nOO	03/04/2022	3743	N242SY	BOI	16:55	16:50\nSeason1:\nEpisode2 26:24 - 28:12\nEpisode3 00:20 - 01:12\nEpisode3 02:46 - 04:10,
1,Connect 4 Across America,Sam Denby; Brian McManus,#1976D2,25,Salt Lake City International Airport,-111.9853186,40.7837849,,,3,00:02:46,00:04:10,,,Present in Jet Lag: Connect 4 (Season 1)\nMembers who visited:\n1) Sam\n2) Brian\n3) Adam\n4) Ben\nBen and Adam:\nFlight:\nDL	03/04/2022	1369	N901DN	SLC	13:35	13:34\nDL	03/04/2022	1369	N901DN	PDX	16:21	16:30\ndatetime:\n4-Mar-2022 4:49 PM MST\nSeason1:\nEpisode2 26:00 - 26:20\nEpisode3 00:20 - 01:12\nEpisode3 02:46 - 04:10\nSam and Brian:\nFlight:\nOO	03/04/2022	3743	N242SY	SLC	15:46	15:37\nOO	03/04/2022	3743	N242SY	BOI	16:55	16:50\nSeason1:\nEpisode2 26:24 - 28:12\nEpisode3 00:20 - 01:12\nEpisode3 02:46 - 04:10,
1,Connect 4 Across America,Sam Denby; Brian McManus,#1976D2,26,Bert Mooney Airport,-112.5021977,45.95519350000001,2022-03-05T09:21:00,,3,00:10:55,00:11:55,,,Present in Jet Lag: Connect 4 (Season 1)\nMembers who visited:\n1) Sam\n2) Brian\n3) Adam\n4) Ben\nFlight:\nOO	03/04/2022	4270	N506CA	BTM	17:40	17:30\nOO	03/04/2022	4270	N506CA	SLC	18:57	09:09\nFlight was cancelled and reran next morning -> arrival 09:09\ndatetime:\n5-Mar-2022 9:21 AM MDT\nSeason1:\nEpisode3 10:55 - 11:55,
1,Connect 4 Across America,Sam Denby; Brian McManus,#1976D2,27,Hertz Car Rental - Butte Municipal Airport,-112.5026565,45.9549903,,,3,00:12:12,00:12:33,,,Present in Jet Lag: Connect 4 (Season 1)\nMembers who visited:\n1) Sam\n2) Brian\nSeason1:\nEpisode3 12:12 - 12:33,
1,Connect 4 Across America,Sam Denby; Brian McManus,#1976D2,28,Montana State Capitol Building,-112.0184093726406,46.58576037049772,2022-03-05T11:16:00,,3,00:20:00,00:20:23,,,"Present in Jet Lag: Connect 4 (Season 1)\nMembers who visited:\n1) Sam\n2) Brian\n3) Adam\n4) Ben\nBen and Adam:\nSeason1:\nEpisode3 21:10 - 23:19\nSam and Brian:\ndatetime:\n5-Mar-2022 11:16 UTC−07\nSeason1:\nEpisode3 20:00 - 20:23\nEpisode3 21:57 - 23:19\nThe final location of Season 1 (Sam and Brian are victorious)\nChallenge:\n-Claim the state immediately, but... (Sam and Brian)\n-Eat the state dish (Adam and Ben)",
1,Connect 4 Across America,Sam Denby; Brian McManus,#1976D2,29,Montana State Capitol Building,-112.0184093726406,46.58576037049772,,,3,00:21:57,00:23:19,,,"Present in Jet Lag: Connect 4 (Season 1)\nMembers who visited:\n1) Sam\n2) Brian\n3) Adam\n4) Ben\nBen and Adam:\nSeason1:\nEpisode3 21:10 - 23:19\nSam and Brian:\ndatetime:\n5-Mar-2022 11:16 UTC−07\nSeason1:\nEpisode3 20:00 - 20:23\nEpisode3 21:57 - 23:19\nThe final location of Season 1 (Sam and Brian are victorious)\nChallenge:\n-Claim the state immediately, but... (Sam and Brian)\n-Eat the state dish (Adam and Ben)",
1,Connect 4 Across America,Adam Chase; Ben Doyle,#D32F2F,0,Hilton Chicago O'Hare Airport,-87.903994,41.977534,2022-03-03T04:30:00,,1,00:00:36,00:03:09,,,3-Mar-2022The starting point of Jet Lag: Connect 4 (Season 1)\nMembers who visited:\n1) Sam\n2) Brian\n3) Adam\n4) Ben\ndatetime:\n3-Mar-2022 04:30 UTC−06\nSeason 1:\nEpisode 1 00:36 - 03:09,
1,Connect 4 Across America,Adam Chase; Ben Doyle,#D32F2F,1,O'Hare International Airport,-87.9089979,41.98028,,,1,00:03:09,00:04:22,,,Present in Jet Lag: Connect 4 (Season 1) and Jet Lag: Battle for America (Season 4)\nMembers who visited:\n1) Sam\n2) Brian\n3) Adam\n4) Ben\nSeason 1:\nEpisode 1 03:09 - 4:22,
1,Connect 4 Across America,Adam Chase; Ben Doyle,#D32F2F,2,Gate M3,-87.8926027,41.9774768,2022-03-03T05:30:00,,,,,,,Members who visited:\n1) Adam\n2) Ben\nArrival: 5:30\nCarrier Code	Date (MM/DD/YYYY)	Flight Number	Tail Number	Destination Airport	Scheduled departure time	Actual departure time\nWN	03/03/2022	0562	N7736A	DEN	06:00	06:09,
1,Connect 4 Across America,Adam Chase; Ben Doyle,#D32F2F,3,Denver International Airport,-104.6764131,39.8563629,,,1,00:04:22,00:04:39,,,"Present in Jet Lag: Connect 4 (Season 1), Jet Lag: Circumnavigation (Season 2) and Jet Lag: Battle for America (Season 4)\nMembers who visited:\n1) Sam\n2) Brian\n3) Adam\n4) Ben\n5) Joseph\nSeason 1 Ben and Adam arrive:\nCarrier Code	Date (MM/DD/YYYY)	Flight Number	Tail Number	Origin Airport	Scheduled Arrival Time	Actual Arrival Time\nWN	03/03/2022	0562	N7736A	ORD	07:45	07:39\nSeason1:\nEpisode 1: 04:22 - 04:39",
1,Connect 4 Across America,Adam Chase; Ben Doyle,#D32F2F,4,Budget Car Rental,-104.7052547,39.8358452,,,1,00:04:39,00:05:03,,,Members who visited:\n1) Adam\n2) Ben\nSeason1:\nEpisode 1: 04:39 - 05:03,
1,Connect 4 Across America,Adam Chase; Ben Doyle,#D32F2F,5,Bison Silhouette Statue,-104.916163,40.976513,,,1,00:05:50,00:05:58,,,Members who visited:\n1) Adam\n2) Ben\nSeason1:\nEpisode 1: 05:50 - 05:58,
1,Connect 4 Across America,Adam Chase; Ben Doyle,#D32F2F,6,Blocked by a Train,-104.8106755454197,41.12891323334086,,,1,00:05:58,00:06:12,,,Members who visited:\n1) Adam\n2) Ben\nSeason1:\nEpisode 1: 05:58 - 06:12,
1,Connect 4 Across America,Adam Chase; Ben Doyle,#D32F2F,7,Underpass under the Train,-104.8229284368308,41.12587034599132,,,1,00:06:12,00:06:15,,,Members who visited:\n1) Adam\n2) Ben\nSeason1:\nEpisode 1: 06:12 - 06:15,
1,Connect 4 Across America,Adam Chase; Ben Doyle,#D32F2F,8,Car Parked Outside State Capital,-104.8207389614499,41.1391106455792,,,1,00:06:15,00:06:40,,,Members who visited:\n1) Adam\n2) Ben\nSeason1:\nEpisode 1: 06:15 - 06:40,
1,Connect 4 Across America,Adam Chase; Ben Doyle,#D32F2F,9,Card Pull,-104.8211436479542,41.13992803484818,,,1,00:06:40,00:07:11,,,Members who visited:\n1) Adam\n2) Ben\nSeason1:\nEpisode 1: 06:40 - 07:11,
1,Connect 4 Across America,Adam Chase; Ben Doyle,#D32F2F,10,Wyoming State Capitol,-104.8201871,41.1402259,,,,,,,,Present in Jet Lag: Connect 4 (Season 1)\nMembers who visited:\n1)Adam\n2) Ben\nChallenge: Catch three different local bugs,
1,Connect 4 Across America,Adam Chase; Ben Doyle,#D32F2F,11,Bug Catching Attempt 1,-104.8209826858611,41.13957230332803,,,1,00:07:11,00:07:25,,,Members who visited:\n1) Adam\n2) Ben\nSeason1:\nEpisode 1: 07:11 - 07:25\nEpisode 1: 08:59 - 10:07,
1,Connect 4 Across America,Adam Chase; Ben Doyle,#D32F2F,12,Adam and Ben Bug Catching Spot,-104.8137222,41.1256111,,,1,00:07:45,00:08:26,,,Present in Jet Lag: Connect 4 (Season 1)\nMembers who visited:\n1)Adam\n2) Ben\nChallenge: Catch three different local bugs\nSeason1:\nEpisode 1: 07:45- 08:26,
1,Connect 4 Across America,Adam Chase; Ben Doyle,#D32F2F,13,Bug Catching Attempt 1,-104.8209826858611,41.13957230332803,,,1,00:08:59,00:10:07,,,Members who visited:\n1) Adam\n2) Ben\nSeason1:\nEpisode 1: 07:11 - 07:25\nEpisode 1: 08:59 - 10:07,
1,Connect 4 Across America,Adam Chase; Ben Doyle,#D32F2F,14,Colorado State Capitol,-104.9848208071553,39.73924357038606,2022-03-03T12:11:00,,1,00:11:44,00:12:31,,,Present in Jet Lag: Connect 4 (Season 1)\nMembers who visited:\n1) Adam\n2) Ben\nChallenge: Get one team member intoxicated\ndatetime:\n3-Mar-2022 12:11 PM MT\nSeason1:\nEpisode 1: 11:44 - 12:31,
1,Connect 4 Across America,Adam Chase; Ben Doyle,#D32F2F,15,Nob Hill Inn,-104.9816791,39.7399151,,,1,00:12:38,00:14:25,,,Present in Jet Lag: Connect 4 (Season 1)\nMembers who visited:\n1) Adam\n2) Ben\nChallenge: Get one team member intoxicated\nEpisode 1: 12:38 - 14:25,
1,Connect 4 Across America,Adam Chase; Ben Doyle,#D32F2F,16,McDonald's Denver International Airport,-104.6738204,39.8539941,,,1,00:17:50,00:18:27,,,Present in Jet Lag: Connect 4 (Season 1)\nMembers who visited:\n1)Adam\n2) Ben\nSeason1:\nEpisode 1: 17:50 - 18:27,
1,Connect 4 Across America,Adam Chase; Ben Doyle,#D32F2F,17,Phoenix Sky Harbor International Airport,-112.010124,33.435249,,,1,00:23:57,00:24:38,,,Present in Jet Lag: Connect 4 (Season 1)\nMembers who visited:\n1) Adam\n2) Ben\n3) Sam\n4) Brian\nBen and Adam:\nFlight:\nWN	03/03/2022	1705	N963WN	PHX	16:00	16:03\nWN	03/03/2022	1705	N963WN	DEN	18:05	18:27\nSeason1:\nEpisode1 23:57 - 24:38\nEpisode2 05:30 - 06:10\nSam and Brian:\nFlight:\nAA	03/04/2022	1741	N125UW	PHX	06:00	05:54\nAA	03/04/2022	1741	N125UW	RNO	08:49	08:42\nSeason1:\nEpisode2 06:15 - 08:00\nEpisode2 09:10 - 10:12,
1,Connect 4 Across America,Adam Chase; Ben Doyle,#D32F2F,18,Arizona State Capitol Executive Tower,-112.0978983,33.4481143,2022-03-03T19:07:00,,1,00:27:36,00:27:42,,,Present in Jet Lag: Connect 4 (Season 1)\nMembers who visited:\n1) Adam\n2) Ben\nChallenge: Buy the local paper and solve one of the puzzles\ndatetime:\n3-Mar-2022 07:07 PM MST\nSeason1:\nEpisode 1: 27:36 - 27:42\nEpisode 2: 00:25 - 01:08,
1,Connect 4 Across America,Adam Chase; Ben Doyle,#D32F2F,19,Arizona State Capitol Executive Tower,-112.0978983,33.4481143,,,2,00:00:25,00:01:08,,,Present in Jet Lag: Connect 4 (Season 1)\nMembers who visited:\n1) Adam\n2) Ben\nChallenge: Buy the local paper and solve one of the puzzles\ndatetime:\n3-Mar-2022 07:07 PM MST\nSeason1:\nEpisode 1: 27:36 - 27:42\nEpisode 2: 00:25 - 01:08,
1,Connect 4 Across America,Adam Chase; Ben Doyle,#D32F2F,20,Howard Johnson by Wyndham,-111.9929381,33.4517908,2022-03-03T21:06:00,,2,00:03:00,00:03:52,,,Present in Jet Lag: Connect 4 (Season 1)\nMembers who visited:\n1) Adam\n2) Ben\ndatetime:\n3-Mar-2022 09:06 PM MST\nSeason1:\nEpisode 2: 03:00 - 03:52 \nChallenge: Buy the local paper and solve one of the puzzles\nNote: First hotel of the first night of Season 1,
1,Connect 4 Across America,Adam Chase; Ben Doyle,#D32F2F,21,Phoenix Sky Harbor International Airport,-112.010124,33.435249,,,2,00:05:30,00:06:10,,,Present in Jet Lag: Connect 4 (Season 1)\nMembers who visited:\n1) Adam\n2) Ben\n3) Sam\n4) Brian\nBen and Adam:\nFlight:\nWN	03/03/2022	1705	N963WN	PHX	16:00	16:03\nWN	03/03/2022	1705	N963WN	DEN	18:05	18:27\nSeason1:\nEpisode1 23:57 - 24:38\nEpisode2 05:30 - 06:10\nSam and Brian:\nFlight:\nAA	03/04/2022	1741	N125UW	PHX	06:00	05:54\nAA	03/04/2022	1741	N125UW	RNO	08:49	08:42\nSeason1:\nEpisode2 06:15 - 08:00\nEpisode2 09:10 - 10:12,
1,Connect 4 Across America,Adam Chase; Ben Doyle,#D32F2F,22,Portland International Airport,-122.5916095,45.58520379999999,2022-03-04T09:47:00,,2,00:08:10,00:09:02,,,Present in Jet Lag: Connect 4 (Season 1)\nMembers who visited:\n1) Adam\n2) Ben\ndatetime:\n4-Mar-2022 09:47 AM PST\n4-Mar-2022 12:45 PM PST\nSeason1:\nEpisode 2: 08:10 - 09:02\nEpisode 2: 18:10 - 18:18\nEpisode 2: 20:58 - 21:36\nFlight:\nWN	03/04/2022	0139	N776WN	PDX	08:10	08:06\nWN	03/04/2022	0139	N776WN	PHX	10:00	09:24,
1,Connect 4 Across America,Adam Chase; Ben Doyle,#D32F2F,23,Oregon State Capitol,-123.0303428,44.9384539,,,2,00:10:40,00:11:55,,,Present in Jet Lag: Connect 4 (Season 1)\nMembers who visited:\n1) Adam\n2) Ben\nChallenge: Bury a treasure\nSeason1:\nEpisode 2: 10:40 - 11:55,
1,Connect 4 Across America,Adam Chase; Ben Doyle,#D32F2F,24,Portland International Airport,-122.5916095,45.58520379999999,,,2,00:18:10,00:18:18,,,Present in Jet Lag: Connect 4 (Season 1)\nMembers who visited:\n1) Adam\n2) Ben\ndatetime:\n4-Mar-2022 09:47 AM PST\n4-Mar-2022 12:45 PM PST\nSeason1:\nEpisode 2: 08:10 - 09:02\nEpisode 2: 18:10 - 18:18\nEpisode 2: 20:58 - 21:36\nFlight:\nWN	03/04/2022	0139	N776WN	PDX	08:10	08:06\nWN	03/04/2022	0139	N776WN	PHX	10:00	09:24,
1,Connect 4 Across America,Adam Chase; Ben Doyle,#D32F2F,25,Portland International Airport,-122.5916095,45.58520379999999,,,2,00:20:58,00:21:36,,,Present in Jet Lag: Connect 4 (Season 1)\nMembers who visited:\n1) Adam\n2) Ben\ndatetime:\n4-Mar-2022 09:47 AM PST\n4-Mar-2022 12:45 PM PST\nSeason1:\nEpisode 2: 08:10 - 09:02\nEpisode 2: 18:10 - 18:18\nEpisode 2: 20:58 - 21:36\nFlight:\nWN	03/04/2022	0139	N776WN	PDX	08:10	08:06\nWN	03/04/2022	0139	N776WN	PHX	10:00	09:24,
1,Connect 4 Across America,Adam Chase; Ben Doyle,#D32F2F,26,Salt Lake City International Airport,-111.9853186,40.7837849,2022-03-04T16:49:00,,2,00:26:00,00:26:20,,,Present in Jet Lag: Connect 4 (Season 1)\nMembers who visited:\n1) Sam\n2) Brian\n3) Adam\n4) Ben\nBen and Adam:\nFlight:\nDL	03/04/2022	1369	N901DN	SLC	13:35	13:34\nDL	03/04/2022	1369	N901DN	PDX	16:21	16:30\ndatetime:\n4-Mar-2022 4:49 PM MST\nSeason1:\nEpisode2 26:00 - 26:20\nEpisode3 00:20 - 01:12\nEpisode3 02:46 - 04:10\nSam and Brian:\nFlight:\nOO	03/04/2022	3743	N242SY	SLC	15:46	15:37\nOO	03/04/2022	3743	N242SY	BOI	16:55	16:50\nSeason1:\nEpisode2 26:24 - 28:12\nEpisode3 00:20 - 01:12\nEpisode3 02:46 - 04:10,
1,Connect 4 Across America,Adam Chase; Ben Doyle,#D32F2F,27,Hilton Salt Lake City,-111.893283,40.763925,2022-03-05T04:17:00,,3,00:04:41,00:04:55,,,Present in Jet Lag: Connect 4 (Season 1)\nMembers who visited:\n1) Adam\n2) Ben\ndatetime:\n5-Mar-2022 4:17 AM MDT\nSeason1:\nEpisode3 04:41 - 04:55\nNote: Second hotel of the second night of Season 1 for this team,
1,Connect 4 Across America,Adam Chase; Ben Doyle,#D32F2F,28,Utah State Capitol Building,-111.8881773,40.7774076,,,3,00:05:15,00:10:15,,,Present in Jet Lag: Connect 4 (Season 1)\nMembers who visited:\n1) Sam\n2) Brian\n3) Adam\n4) Ben\nSeason1:\nEpisode3 05:15 - 10:15\nChallenge:\n-Eat the state desert (Sam and Brian)\n-Busk until you earn one dollar (Adam and Ben),
1,Connect 4 Across America,Adam Chase; Ben Doyle,#D32F2F,29,Salt Lake City International Airport,-111.9853186,40.7837849,,,3,00:00:20,00:01:12,,,Present in Jet Lag: Connect 4 (Season 1)\nMembers who visited:\n1) Sam\n2) Brian\n3) Adam\n4) Ben\nBen and Adam:\nFlight:\nDL	03/04/2022	1369	N901DN	SLC	13:35	13:34\nDL	03/04/2022	1369	N901DN	PDX	16:21	16:30\ndatetime:\n4-Mar-2022 4:49 PM MST\nSeason1:\nEpisode2 26:00 - 26:20\nEpisode3 00:20 - 01:12\nEpisode3 02:46 - 04:10\nSam and Brian:\nFlight:\nOO	03/04/2022	3743	N242SY	SLC	15:46	15:37\nOO	03/04/2022	3743	N242SY	BOI	16:55	16:50\nSeason1:\nEpisode2 26:24 - 28:12\nEpisode3 00:20 - 01:12\nEpisode3 02:46 - 04:10,
1,Connect 4 Across America,Adam Chase; Ben Doyle,#D32F2F,30,Salt Lake City International Airport,-111.9853186,40.7837849,,,3,00:02:46,00:04:10,,,Present in Jet Lag: Connect 4 (Season 1)\nMembers who visited:\n1) Sam\n2) Brian\n3) Adam\n4) Ben\nBen and Adam:\nFlight:\nDL	03/04/2022	1369	N901DN	SLC	13:35	13:34\nDL	03/04/2022	1369	N901DN	PDX	16:21	16:30\ndatetime:\n4-Mar-2022 4:49 PM MST\nSeason1:\nEpisode2 26:00 - 26:20\nEpisode3 00:20 - 01:12\nEpisode3 02:46 - 04:10\nSam and Brian:\nFlight:\nOO	03/04/2022	3743	N242SY	SLC	15:46	15:37\nOO	03/04/2022	3743	N242SY	BOI	16:55	16:50\nSeason1:\nEpisode2 26:24 - 28:12\nEpisode3 00:20 - 01:12\nEpisode3 02:46 - 04:10,
1,Connect 4 Across America,Adam Chase; Ben Doyle,#D32F2F,31,Bert Mooney Airport,-112.5021977,45.95519350000001,2022-03-05T09:21:00,,3,00:10:55,00:11:55,,,Present in Jet Lag: Connect 4 (Season 1)\nMembers who visited:\n1) Sam\n2) Brian\n3) Adam\n4) Ben\nFlight:\nOO	03/04/2022	4270	N506CA	BTM	17:40	17:30\nOO	03/04/2022	4270	N506CA	SLC	18:57	09:09\nFlight was cancelled and reran next morning -> arrival 09:09\ndatetime:\n5-Mar-2022 9:21 AM MDT\nSeason1:\nEpisode3 10:55 - 11:55,
1,Connect 4 Across America,Adam Chase; Ben Doyle,#D32F2F,32,Avis Car Rental,-112.5026272,45.9549516,,,3,00:11:55,00:12:12,,,Present in Jet Lag: Connect 4 (Season 1)\nMembers who visited:\n1) Adam\n2) Ben\nSeason1:\nEpisode3 11:55 - 12:12,
1,Connect 4 Across America,Adam Chase; Ben Doyle,#D32F2F,33,Adam and Ben Broken Car Spot,-112.4607832,46.0181079,,,3,00:14:40,00:15:57,,,Present in Jet Lag: Connect 4 (Season 1)\nMembers who visited:\n1) Adam\n2) Ben\nSeason1:\nEpisode3 14:40 - 15:57\nEpisode3 17:19 - 18:58,
1,Connect 4 Across America,Adam Chase; Ben Doyle,#D32F2F,34,Adam and Ben Broken Car Spot,-112.4607832,46.0181079,,,3,00:17:19,00:18:58,,,Present in Jet Lag: Connect 4 (Season 1)\nMembers who visited:\n1) Adam\n2) Ben\nSeason1:\nEpisode3 14:40 - 15:57\nEpisode3 17:19 - 18:58,
1,Connect 4 Across America,Adam Chase; Ben Doyle,#D32F2F,35,Montana State Capitol Building,-112.0184093726406,46.58576037049772,,,3,00:21:10,00:23:19,,,"Present in Jet Lag: Connect 4 (Season 1)\nMembers who visited:\n1) Sam\n2) Brian\n3) Adam\n4) Ben\nBen and Adam:\nSeason1:\nEpisode3 21:10 - 23:19\nSam and Brian:\ndatetime:\n5-Mar-2022 11:16 UTC−07\nSeason1:\nEpisode3 20:00 - 20:23\nEpisode3 21:57 - 23:19\nThe final location of Season 1 (Sam and Brian are victorious)\nChallenge:\n-Claim the state immediately, but... (Sam and Brian)\n-Eat the state dish (Adam and Ben)",
2,Circumnavigation,Sam Denby; Joseph Pisenti,#F57C00,0,Denver Union Station,-105.0001518,39.7531499,,,,,,,,The starting and ending point of Jet Lag: Circumnavigation (Season 2)\nMembers who visited:\n1) Sam\n2) Joseph\n3) Adam\n4) Ben,
2,Circumnavigation,Sam Denby; Joseph Pisenti,#F57C00,1,Cancun International Airport,-86.8740062,21.0417033,,,,,,,,Present in Jet Lag: Circumnavigation (Season 2) \nMembers who visited:\n1) Sam\n2) Joseph,
2,Circumnavigation,Sam Denby; Joseph Pisenti,#F57C00,2,McCarren Park Track,-73.95172509999999,40.7200368,,,,,,,,Present in Jet Lag: Circumnavigation (Season 2) \nMembers who visited:\n1) Sam\n2) Joseph,
2,Circumnavigation,Sam Denby; Joseph Pisenti,#F57C00,3,Amsterdam Airport Schiphol,4.7682744,52.31053859999999,,,,,,,,Present in Jet Lag: Circumnavigation (Season 2) \nMembers who visited:\n1) Sam\n2) Joseph,
2,Circumnavigation,Sam Denby; Joseph Pisenti,#F57C00,4,Schiphol Airport,4.76228,52.30945999999999,,,,,,,,Present in Jet Lag: Circumnavigation (Season 2) \nMembers who visited:\n1) Sam\n2) Joseph\nChallenge: Take a photo at your city's top 5 landmarks,
2,Circumnavigation,Sam Denby; Joseph Pisenti,#F57C00,5,Anne Frank House,4.8839503,52.3752103,,,,,,,,Present in Jet Lag: Circumnavigation (Season 2) \nMembers who visited:\n1) Sam\n2) Joseph\nChallenge: Take a photo at your city's top 5 landmarks,
2,Circumnavigation,Sam Denby; Joseph Pisenti,#F57C00,6,Jordaan,4.880875899999999,52.3739315,,,,,,,,Present in Jet Lag: Circumnavigation (Season 2) \nMembers who visited:\n1) Sam\n2) Joseph\nChallenge: Take a photo at your city's top 5 landmarks,
2,Circumnavigation,Sam Denby; Joseph Pisenti,#F57C00,7,Rijksmuseum,4.8852188,52.3599976,,,,,,,,Present in Jet Lag: Circumnavigation (Season 2) \nMembers who visited:\n1) Sam\n2) Joseph\nChallenge: Take a photo at your city's top 5 landmarks,
2,Circumnavigation,Sam Denby; Joseph Pisenti,#F57C00,8,Van Gogh Museum,4.8810756,52.3584159,,,,,,,,Present in Jet Lag: Circumnavigation (Season 2) \nMembers who visited:\n1) Sam\n2) Joseph\nChallenge: Take a photo at your city's top 5 landmarks,
2,Circumnavigation,Sam Denby; Joseph Pisenti,#F57C00,9,Vondelpark,4.8686484,52.3579946,,,,,,,,Present in Jet Lag: Circumnavigation (Season 2) \nMembers who visited:\n1) Sam\n2) Joseph\nChallenge: Take a photo at your city's top 5 landmarks,
2,Circumnavigation,Sam Denby; Joseph Pisenti,#F57C00,10,U.S. Consulate General,4.8819864,52.3562223,,,,,,,,Present in Jet Lag: Circumnavigation (Season 2) \nMembers who visited:\n1) Sam\n2) Joseph\nChallenge: Visit the U.S. consulate,
2,Circumnavigation,Sam Denby; Joseph Pisenti,#F57C00,11,Museumplein,4.882327999999999,52.35725600000001,,,,,,,,Present in Jet Lag: Circumnavigation (Season 2) \nMembers who visited:\n1) Sam\n2) Joseph\nChallenge: Visit the U.S. Consulate,
2,Circumnavigation,Sam Denby; Joseph Pisenti,#F57C00,12,Holland Casino,4.8823021,52.3626138,,,,,,,,Present in Jet Lag: Circumnavigation (Season 2) \nMembers who visited:\n1) Sam\n2) Joseph\nChallenge: Gamble at a casino,
2,Circumnavigation,Sam Denby; Joseph Pisenti,#F57C00,13,McDonald's Leidsestraat,4.883794,52.364649,,,,,,,,Present in Jet Lag: Circumnavigation (Season 2) \nMembers who visited:\n1) Sam\n2) Joseph\nChallenge: Eat a McDonald's item you cannot get in the US,
2,Circumnavigation,Sam Denby; Joseph Pisenti,#F57C00,14,Hans Snoekfontein,4.8815266,52.3636815,,,,,,,,Present in Jet Lag: Circumnavigation (Season 2) \nMembers who visited:\n1) Sam\n2) Joseph\nChallenge: Transfer a cup of fountain water from one fountain to another,
2,Circumnavigation,Sam Denby; Joseph Pisenti,#F57C00,15,Canada Goose Amsterdam,4.8827753,52.3607209,,,,,,,,Present in Jet Lag: Circumnavigation (Season 2) \nMembers who visited:\n1) Sam\n2) Joseph\nChallenge: Purchase a hat worth more than $100,
2,Circumnavigation,Sam Denby; Joseph Pisenti,#F57C00,16,Museumplein Hill,4.879979888515738,52.35725976656239,,,,,,,,Present in Jet Lag: Circumnavigation (Season 2) \nMembers who visited:\n1) Sam\n2) Joseph\nChallenge: Ascend 500 feet/152 meters to a high point without touching pavement,
2,Circumnavigation,Sam Denby; Joseph Pisenti,#F57C00,17,Q-Park Europarking,4.8765793,52.369935,,,,,,,,Present in Jet Lag: Circumnavigation (Season 2) \nMembers who visited:\n1) Sam\n2) Joseph\nChallenge: Pick up three pounds of trash,
2,Circumnavigation,Sam Denby; Joseph Pisenti,#F57C00,18,Jewel Changi Airport,103.9897598,1.3602094,,,,,,,,Present in Jet Lag: Circumnavigation (Season 2) \nMembers who visited:\n1) Sam\n2) Joseph,
2,Circumnavigation,Sam Denby; Joseph Pisenti,#F57C00,19,"The Ritz-Carlton, Millenia Singapore",103.8601209,1.2909687,,,,,,,,Present in Jet Lag: Circumnavigation (Season 2)\nMembers who visited:\n1) Sam\n2) Joseph\nNote: The hotel of the rest period of Season 2 for this team,
2,Circumnavigation,Sam Denby; Joseph Pisenti,#F57C00,20,Bay East Garden,103.869858,1.2881607,,,,,,,,Present in Jet Lag: Circumnavigation (Season 2) \nMembers who visited:\n1) Sam\n2) Joseph\nChallenge: Catch a fish,
2,Circumnavigation,Sam Denby; Joseph Pisenti,#F57C00,21,Marina Bay Sands Singapore,103.8591065,1.2837575,,,,,,,,Present in Jet Lag: Circumnavigation (Season 2) \nMembers who visited:\n1) Sam\n2) Joseph\n3) Adam\n4) Ben\nChallenge: \n-Get drunk on a local liquor (Sam and Joseph)\n-Have a good time (Sam and Joseph),
2,Circumnavigation,Sam Denby; Joseph Pisenti,#F57C00,22,MARQUEE Singapore,103.8597334,1.2857015,,,,,,,,Present in Jet Lag: Circumnavigation (Season 2) \nMembers who visited:\n1) Sam\n2) Joseph\nChallenge: Get drunk on a local liquor,
2,Circumnavigation,Sam Denby; Joseph Pisenti,#F57C00,23,Yardbird Southern Table and Bar,103.8580401,1.2830591,,,,,,,,Present in Jet Lag: Circumnavigation (Season 2) \nMembers who visited:\n1) Sam\n2) Joseph\nChallenge: Get drunk on a local liquor,
2,Circumnavigation,Sam Denby; Joseph Pisenti,#F57C00,24,Los Angeles International Airport,-118.4091001,33.9436768,,,,,,,,Present in Jet Lag: Circumnavigation (Season 2) and Jet Lag: Battle for America (Season 4)\nMembers who visited:\n1) Sam\n2) Brian\n3) Adam\n4) Ben\nChallenge: Find a four leaf clover as a leprechaun (S4),
2,Circumnavigation,Adam Chase; Ben Doyle,#D32F2F,0,Denver Union Station,-105.0001518,39.7531499,,,,,,,,The starting and ending point of Jet Lag: Circumnavigation (Season 2)\nMembers who visited:\n1) Sam\n2) Joseph\n3) Adam\n4) Ben,
2,Circumnavigation,Adam Chase; Ben Doyle,#D32F2F,1,John F. Kennedy International Airport,-73.7858007,40.6445878,,,,,,,,Present in Jet Lag: Circumnavigation (Season 2) \nMembers who visited:\n1) Adam\n2) Ben,
2,Circumnavigation,Adam Chase; Ben Doyle,#D32F2F,2,Peter Pan Donut & Pastry Shop,-73.9522534,40.7261083,,,,,,,,Present in Jet Lag: Circumnavigation (Season 2) \nMembers who visited:\n1) Adam\n2) Ben\nChallenge: Local pastry mile,
2,Circumnavigation,Adam Chase; Ben Doyle,#D32F2F,3,Malpensa Airport,8.7255307,45.63006250000001,,,,,,,,Present in Jet Lag: Circumnavigation (Season 2) \nMembers who visited:\n1) Adam\n2) Ben,
2,Circumnavigation,Adam Chase; Ben Doyle,#D32F2F,4,Bricocenter Olgiate,8.8603518,45.6282107,,,,,,,,Present in Jet Lag: Circumnavigation (Season 2) \nMembers who visited:\n1) Adam\n2) Ben\nChallenge: Build and ride a go-kart,
2,Circumnavigation,Adam Chase; Ben Doyle,#D32F2F,5,Olgiate Go Kart Ramp,8.86084916987031,45.62768291608513,,,,,,,,Present in Jet Lag: Circumnavigation (Season 2) \nMembers who visited:\n1) Adam\n2) Ben\nChallenge: Build and ride a go-kart,
2,Circumnavigation,Adam Chase; Ben Doyle,#D32F2F,6,Parco Mameli,8.8585709,45.6146385,,,,,,,,Present in Jet Lag: Circumnavigation (Season 2) \nMembers who visited:\n1) Adam\n2) Ben\nChallenge: Give your teammate a piggyback ride,
2,Circumnavigation,Adam Chase; Ben Doyle,#D32F2F,7,Changi International Airport Terminal 3 Playground,103.983799,1.3503421,,,,,,,,Present in Jet Lag: Circumnavigation (Season 2) \nMembers who visited:\n1) Adam\n2) Ben,
2,Circumnavigation,Adam Chase; Ben Doyle,#D32F2F,8,Changi Airport MRT Station (CG2),103.9878496,1.3557581,,,,,,,,Present in Jet Lag: Circumnavigation (Season 2) \nMembers who visited:\n1) Adam\n2) Ben\nChallenge: Go bungee jumping,
2,Circumnavigation,Adam Chase; Ben Doyle,#D32F2F,9,VivoCity,103.8221267,1.2648859,,,,,,,,Present in Jet Lag: Circumnavigation (Season 2) \nMembers who visited:\n1) Adam\n2) Ben\nChallenge: Go bungee jumping,
2,Circumnavigation,Adam Chase; Ben Doyle,#D32F2F,10,VivoCity Station,103.82342,1.26517,,,,,,,,Present in Jet Lag: Circumnavigation (Season 2) \nMembers who visited:\n1) Adam\n2) Ben\nChallenge: Go bungee jumping,
2,Circumnavigation,Adam Chase; Ben Doyle,#D32F2F,11,Beach Station,103.8178162,1.2513489,,,,,,,,Present in Jet Lag: Circumnavigation (Season 2) \nMembers who visited:\n1) Adam\n2) Ben\nChallenge: Go bungee jumping,
2,Circumnavigation,Adam Chase; Ben Doyle,#D32F2F,12,Skypark Sentosa by AJ Hackett,103.8133212,1.2551584,,,,,,,,Present in Jet Lag: Circumnavigation (Season 2) \nMembers who visited:\n1) Adam\n2) Ben\nChallenge: Go bungee jumping,
2,Circumnavigation,Adam Chase; Ben Doyle,#D32F2F,13,Emerald Pavilion,103.8149643,1.2534881,,,,,,,,Present in Jet Lag: Circumnavigation (Season 2) \nMembers who visited:\n1) Adam\n2) Ben\nChallenge: Go bungee jumping,
2,Circumnavigation,Adam Chase; Ben Doyle,#D32F2F,14,Marina Bay Overpass Viewing Point,103.8617392,1.2824861,,,,,,,,Present in Jet Lag: Circumnavigation (Season 2) \nMembers who visited:\n1) Adam\n2) Ben,
2,Circumnavigation,Adam Chase; Ben Doyle,#D32F2F,15,Hill Street Tai Hwa Pork Noodle,103.8625357,1.3051265,,,,,,,,Present in Jet Lag: Circumnavigation (Season 2) \nMembers who visited:\n1) Adam\n2) Ben\nChallenge: Eat at a Michelin starred restaurant,
2,Circumnavigation,Adam Chase; Ben Doyle,#D32F2F,16,Marina Bay Sands Singapore,103.8591065,1.2837575,,,,,,,,Present in Jet Lag: Circumnavigation (Season 2) \nMembers who visited:\n1) Sam\n2) Joseph\n3) Adam\n4) Ben\nChallenge: \n-Get drunk on a local liquor (Sam and Joseph)\n-Have a good time (Sam and Joseph),
2,Circumnavigation,Adam Chase; Ben Doyle,#D32F2F,17,Sydney Airport,151.1781665,-33.9331348,,,,,,,,Present in Jet Lag: Circumnavigation (Season 2) \nMembers who visited:\n1) Adam\n2) Ben,
2,Circumnavigation,Adam Chase; Ben Doyle,#D32F2F,18,Net & Tackle Sales,151.1918432,-33.8714303,,,,,,,,Present in Jet Lag: Circumnavigation (Season 2) \nMembers who visited:\n1) Adam\n2) Ben\nChallenge: Catch a fish,
2,Circumnavigation,Adam Chase; Ben Doyle,#D32F2F,19,Beulah St Wharf,151.2170226,-33.8517365,,,,,,,,Present in Jet Lag: Circumnavigation (Season 2) \nMembers who visited:\n1) Adam\n2) Ben\nChallenge: Catch a fish,
2,Circumnavigation,Adam Chase; Ben Doyle,#D32F2F,20,Nadi International Airport,177.4509848,-17.7528151,,,,,,,,Present in Jet Lag: Circumnavigation (Season 2) \nMembers who visited:\n1) Adam\n2) Ben,
2,Circumnavigation,Adam Chase; Ben Doyle,#D32F2F,21,Los Angeles International Airport,-118.4091001,33.9436768,,,,,,,,Present in Jet Lag: Circumnavigation (Season 2) and Jet Lag: Battle for America (Season 4)\nMembers who visited:\n1) Sam\n2) Brian\n3) Adam\n4) Ben\nChallenge: Find a four leaf clover as a leprechaun (S4),
2,Circumnavigation,Adam Chase; Ben Doyle,#D32F2F,22,Seaside on the Pier,-118.4965085,34.0099943,,,,,,,,Present in Jet Lag: Circumnavigation (Season 2) \nMembers who visited:\n1) Adam\n2) Ben\nChallenge: Get drunk on a local liquor,
3,Tag Eur It,Adam Chase,#D32F2F,0,Place Ducale,4.720051057430929,49.77347830143792,,,,,,,,The starting point of Jet Lag: Tag (Season 3)\nMembers who visited: \n1) Sam\n2) Adam\n3) Ben,
3,Tag Eur It,Adam Chase,#D32F2F,1,Gare d'Hirson,4.0844155,49.91453019999999,,,,,,,,Present in Jet Lag: Tag (Season 3) \nMembers who visited:\n1) Sam\n2) Adam,
3,Tag Eur It,Adam Chase,#D32F2F,2,Lille-Flandres,3.0699444,50.636579,,,,,,,,Present in Jet Lag: Tag (Season 3) \nMembers who visited:\n1) Sam\n2) Adam\n3) Ben,
3,Tag Eur It,Adam Chase,#D32F2F,3,Calais Ville,1.8507692,50.95345769999999,,,,,,,,Present in Jet Lag: Tag (Season 3) \nMembers who visited:\n1) Sam\n2) Adam\n3) Ben\nChallenge: Commit an American crime (Sam),
3,Tag Eur It,Adam Chase,#D32F2F,4,Dunkerque,2.3689434,51.030461,,,,,,,,Present in Jet Lag: Tag (Season 3) \nMembers who visited:\n1) Adam\n2) Ben,
3,Tag Eur It,Adam Chase,#D32F2F,5,Calais Town Hall,1.854239,50.95257459999999,,,,,,,,Present in Jet Lag: Tag (Season 3) \nMembers who visited:\n1) Sam\n2) Adam\n3) Ben,
3,Tag Eur It,Adam Chase,#D32F2F,6,Gare du Nord,2.3553137,48.8809481,,,,,,,,Present in Jet Lag: Tag (Season 3) \nMembers who visited:\n1) Sam\n2) Adam\n3) Ben,
3,Tag Eur It,Adam Chase,#D32F2F,7,Burger King Gare Du Nord,2.354307374530362,48.87981736762277,,,,,,,,Present in Jet Lag: Tag (Season 3) \nMembers who visited:\n1) Adam\nChallenge: Have a fast 3-course meal,
3,Tag Eur It,Adam Chase,#D32F2F,8,Subway Gare Du Nord,2.3543084,48.8795385,,,,,,,,Present in Jet Lag: Tag (Season 3) \nMembers who visited:\n1) Adam\nChallenge: Have a fast 3-course meal,
3,Tag Eur It,Adam Chase,#D32F2F,9,McDonald's Gare Du Nord,2.3537819,48.8800041,,,,,,,,Present in Jet Lag: Tag (Season 3) \nMembers who visited:\n1) Adam\nChallenge: Have a fast 3-course meal,
3,Tag Eur It,Adam Chase,#D32F2F,10,Albe Hotel,2.3447174,48.8530901,,,,,,,,Present in Jet Lag: Tag (Season 3) \nMembers who visited:\n1)Adam\nChallenge: Use a fancy restroom,
3,Tag Eur It,Adam Chase,#D32F2F,11,Saint-Michel Notre-Dame,2.3449239,48.85357289999999,,,,,,,,Present in Jet Lag: Tag (Season 3) \nMembers who visited:\n1) Sam\n2) Adam\n3) Ben\nChallenge: Use a fancy restroom (Adam),
3,Tag Eur It,Adam Chase,#D32F2F,12,Hôtel Europe Saint-Séverin,2.3443131,48.8527518,,,,,,,,Present in Jet Lag: Tag (Season 3) \nMembers who visited:\n1)Adam\nChallenge: Use a fancy restroom,
3,Tag Eur It,Adam Chase,#D32F2F,13,Bibliothèque François-Mitterrand,2.3767958,48.8298077,,,,,,,,Present in Jet Lag: Tag (Season 3) \nMembers who visited:\n1) Sam\n2) Adam\n3) Ben\nChallenge: Do 100 squats,
3,Tag Eur It,Adam Chase,#D32F2F,14,Adam Paris Squat Spot,2.377265387885492,48.83069452457508,,,,,,,,Present in Jet Lag: Tag (Season 3) \nMembers who visited:\n1)Adam\nChallenge: Do 100 squats,
3,Tag Eur It,Adam Chase,#D32F2F,15,Juvisy Station,2.3837008,48.68924079999999,,,,,,,,Present in Jet Lag: Tag (Season 3) \nMembers who visited:\n1) Adam,
3,Tag Eur It,Adam Chase,#D32F2F,16,Massy Palaiseau,2.2613646,48.7258395,,,,,,,,Present in Jet Lag: Tag (Season 3) \nMembers who visited:\n1) Sam\n2) Adam\n3) Ben,
3,Tag Eur It,Adam Chase,#D32F2F,17,Tergnier Station,3.2972456,49.6592152,,,,,,,,Present in Jet Lag: Tag (Season 3) \nMembers who visited:\n1) Sam\n2) Adam,
3,Tag Eur It,Adam Chase,#D32F2F,18,Amiens Railway Station,2.3081396,49.8905368,,,,,,,,Present in Jet Lag: Tag (Season 3) \nMembers who visited:\n1) Sam\n2) Adam,
3,Tag Eur It,Adam Chase,#D32F2F,19,Brussel-Zuid/Midi Station,4.3354548,50.8360982,,,,,,,,Present in Jet Lag: Tag (Season 3) \nMembers who visited:\n1) Sam\n2) Adam\n3) Ben\nChallenge: Roll a die to take a train ride (Curse for Ben),
3,Tag Eur It,Adam Chase,#D32F2F,20,Brussels Airport,4.482072,50.89646,,,,,,,,Present in Jet Lag: Tag (Season 3) \nMembers who visited:\n1) Sam\n2) Adam\n3) Ben\nChallenge: \n-Find a fancy car (Ben)\n-Eat the national dish (Ben),
3,Tag Eur It,Adam Chase,#D32F2F,21,Strasbourg Station,7.73422,48.58528,,,,,,,,Present in Jet Lag: Tag (Season 3) \nMembers who visited:\n1) Sam\n2) Adam\n3) Ben,
3,Tag Eur It,Adam Chase,#D32F2F,22,Offenburg Station,7.946719999999999,48.47664999999999,,,,,,,,Present in Jet Lag: Tag (Season 3) \nMembers who visited:\n1) Adam\n2) Ben,
3,Tag Eur It,Adam Chase,#D32F2F,23,Baden-Baden,8.1913124,48.79016559999999,,,,,,,,Present in Jet Lag: Tag (Season 3) \nMembers who visited:\n1) Adam\n2) Ben,
3,Tag Eur It,Adam Chase,#D32F2F,24,Mannheim Station,8.469814,49.4796984,,,,,,,,Present in Jet Lag: Tag (Season 3) \nMembers who visited:\n1) Adam\n2) Ben,
3,Tag Eur It,Adam Chase,#D32F2F,25,Stuttgart Hauptbahnhof,9.1823871,48.78306800000001,,,,,,,,Present in Jet Lag: Tag (Season 3) \nMembers who visited:\n1) Sam\n2) Adam\n3) Ben,
3,Tag Eur It,Adam Chase,#D32F2F,26,Karlsruhe Central Station,8.401294,48.993279,,,,,,,,Present in Jet Lag: Tag (Season 3) \nMembers who visited:\n1) Sam\n2) Adam\n3) Ben,
3,Tag Eur It,Adam Chase,#D32F2F,27,Adam Strasbourg Phone Hiding Spot,7.735795376784429,48.58414838252529,,,,,,,,Present in Jet Lag: Tag (Season 3) \nMembers who visited:\n1) Adam\nChallenge: Hide your phone and leave,
3,Tag Eur It,Adam Chase,#D32F2F,28,Champagne-Ardenne Station,3.994624815599765,49.21474043890112,,,,,,,,Present in Jet Lag: Tag (Season 3)\nMembers who visited:\n1) Sam\n2) Adam\n3) Ben,
3,Tag Eur It,Adam Chase,#D32F2F,29,Adam Tag Spot,3.947079102928266,49.2233590711748,,,,,,,,Present in Jet Lag: Tag (Season 3) \nMembers who visited:\n1) Sam\n2) Adam\n3) Ben,
3,Tag Eur It,Adam Chase,#D32F2F,30,Season 3 Ending Spot,3.955827625484756,49.22852961160427,,,,,,,,Present in Jet Lag: Tag (Season 3) \nMembers who visited:\n1) Sam\n2) Adam\n3) Ben\nThe final location for Season 3 (Adam is victorious)\nChallenge: Get on a train immediately (Adam),
3,Tag Eur It,Ben Doyle,#FFEE58,0,Place Ducale,4.720051057430929,49.77347830143792,,,,,,,,The starting point of Jet Lag: Tag (Season 3)\nMembers who visited: \n1) Sam\n2) Adam\n3) Ben,
3,Tag Eur It,Ben Doyle,#FFEE58,1,Charleville Mézières,4.725035176767318,49.76783429886778,,,,,,,,Present in Jet Lag: Tag (Season 3)\nMembers who visited:\n1) Ben,
3,Tag Eur It,Ben Doyle,#FFEE58,2,Lille-Flandres,3.0699444,50.636579,,,,,,,,Present in Jet Lag: Tag (Season 3) \nMembers who visited:\n1) Sam\n2) Adam\n3) Ben,
3,Tag Eur It,Ben Doyle,#FFEE58,3,Le Club Café,3.064026799999999,50.6364756,,,,,,,,Present in Jet Lag: Tag (Season 3) \nMembers who visited:\n1) Ben\nChallenge: Eat at the worst restaurant,
3,Tag Eur It,Ben Doyle,#FFEE58,4,Calais Ville,1.8507692,50.95345769999999,,,,,,,,Present in Jet Lag: Tag (Season 3) \nMembers who visited:\n1) Sam\n2) Adam\n3) Ben\nChallenge: Commit an American crime (Sam),
3,Tag Eur It,Ben Doyle,#FFEE58,5,Dunkerque,2.3689434,51.030461,,,,,,,,Present in Jet Lag: Tag (Season 3) \nMembers who visited:\n1) Adam\n2) Ben,
3,Tag Eur It,Ben Doyle,#FFEE58,6,Calais Town Hall,1.854239,50.95257459999999,,,,,,,,Present in Jet Lag: Tag (Season 3) \nMembers who visited:\n1) Sam\n2) Adam\n3) Ben,
3,Tag Eur It,Ben Doyle,#FFEE58,7,Parc Saint-Pierre,1.851403688978122,50.95235663474764,,,,,,,,Present in Jet Lag: Tag (Season 3) \nMembers who visited:\n1) Sam\n2) Ben,
3,Tag Eur It,Ben Doyle,#FFEE58,8,Gare du Nord,2.3553137,48.8809481,,,,,,,,Present in Jet Lag: Tag (Season 3) \nMembers who visited:\n1) Sam\n2) Adam\n3) Ben,
3,Tag Eur It,Ben Doyle,#FFEE58,9,Saint-Michel Notre-Dame,2.3449239,48.85357289999999,,,,,,,,Present in Jet Lag: Tag (Season 3) \nMembers who visited:\n1) Sam\n2) Adam\n3) Ben\nChallenge: Use a fancy restroom (Adam),
3,Tag Eur It,Ben Doyle,#FFEE58,10,Bibliothèque François-Mitterrand,2.3767958,48.8298077,,,,,,,,Present in Jet Lag: Tag (Season 3) \nMembers who visited:\n1) Sam\n2) Adam\n3) Ben\nChallenge: Do 100 squats,
3,Tag Eur It,Ben Doyle,#FFEE58,11,Paris Gare de Lyon,2.3743773,48.8443038,,,,,,,,Present in Jet Lag: Tag (Season 3) \nMembers who visited:\n1) Sam\n2) Ben,
3,Tag Eur It,Ben Doyle,#FFEE58,12,Cour Saint-Émilion,2.3861091,48.83366909999999,,,,,,,,Present in Jet Lag: Tag (Season 3) \nMembers who visited:\n1) Sam\n2) Ben,
3,Tag Eur It,Ben Doyle,#FFEE58,13,Massy Palaiseau,2.2613646,48.7258395,,,,,,,,Present in Jet Lag: Tag (Season 3) \nMembers who visited:\n1) Sam\n2) Adam\n3) Ben,
3,Tag Eur It,Ben Doyle,#FFEE58,14,Saint-Quentin,3.2970211,49.84001809999999,,,,,,,,Present in Jet Lag: Tag (Season 3) \nMembers who visited:\n1) Ben\nChallenge: Eat the national desert,
3,Tag Eur It,Ben Doyle,#FFEE58,15,BOULANGERIE PATISSERIE DUDEBOUT,3.2952341,49.84176129999999,,,,,,,,Present in Jet Lag: Tag (Season 3) \nMembers who visited:\n1) Ben\nChallenge: Eat the national desert,
3,Tag Eur It,Ben Doyle,#FFEE58,16,Maubeuge Station,3.9664577,50.2729708,,,,,,,,Present in Jet Lag: Tag (Season 3) \nMembers who visited:\n1) Ben,
3,Tag Eur It,Ben Doyle,#FFEE58,17,Westfield Euralille,3.0742948,50.63722130000001,,,,,,,,Present in Jet Lag: Tag (Season 3) \nMembers who visited:\n1) Ben,
3,Tag Eur It,Ben Doyle,#FFEE58,18,The LEGO® Store Westfield Lille,3.0746495,50.6375896,,,,,,,,Present in Jet Lag: Tag (Season 3) \nMembers who visited:\n1) Ben,
3,Tag Eur It,Ben Doyle,#FFEE58,19,Brussel-Zuid/Midi Station,4.3354548,50.8360982,,,,,,,,Present in Jet Lag: Tag (Season 3) \nMembers who visited:\n1) Sam\n2) Adam\n3) Ben\nChallenge: Roll a die to take a train ride (Curse for Ben),
3,Tag Eur It,Ben Doyle,#FFEE58,20,Brussel-Centraal,4.3570964,50.845504,,,,,,,,Present in Jet Lag: Tag (Season 3) \nMembers who visited:\n1) Ben\nChallenge: Find a fancy car,
3,Tag Eur It,Ben Doyle,#FFEE58,21,Brussels Airport,4.482072,50.89646,,,,,,,,Present in Jet Lag: Tag (Season 3) \nMembers who visited:\n1) Sam\n2) Adam\n3) Ben\nChallenge: \n-Find a fancy car (Ben)\n-Eat the national dish (Ben),
3,Tag Eur It,Ben Doyle,#FFEE58,22,Strasbourg Station,7.73422,48.58528,,,,,,,,Present in Jet Lag: Tag (Season 3) \nMembers who visited:\n1) Sam\n2) Adam\n3) Ben,
3,Tag Eur It,Ben Doyle,#FFEE58,23,Offenburg Station,7.946719999999999,48.47664999999999,,,,,,,,Present in Jet Lag: Tag (Season 3) \nMembers who visited:\n1) Adam\n2) Ben,
3,Tag Eur It,Ben Doyle,#FFEE58,24,Baden-Baden,8.1913124,48.79016559999999,,,,,,,,Present in Jet Lag: Tag (Season 3) \nMembers who visited:\n1) Adam\n2) Ben,
3,Tag Eur It,Ben Doyle,#FFEE58,25,Mannheim Station,8.469814,49.4796984,,,,,,,,Present in Jet Lag: Tag (Season 3) \nMembers who visited:\n1) Adam\n2) Ben,
3,Tag Eur It,Ben Doyle,#FFEE58,26,Stuttgart Hauptbahnhof,9.1823871,48.78306800000001,,,,,,,,Present in Jet Lag: Tag (Season 3) \nMembers who visited:\n1) Sam\n2) Adam\n3) Ben,
3,Tag Eur It,Ben Doyle,#FFEE58,27,Karlsruhe Central Station,8.401294,48.993279,,,,,,,,Present in Jet Lag: Tag (Season 3) \nMembers who visited:\n1) Sam\n2) Adam\n3) Ben,
3,Tag Eur It,Ben Doyle,#FFEE58,28,Kehl Station,7.8066597,48.57634329999999,,,,,,,,Present in Jet Lag: Tag (Season 3) \nMembers who visited:\n1) Sam\n2) Ben,
3,Tag Eur It,Ben Doyle,#FFEE58,29,Champagne-Ardenne Station,3.994624815599765,49.21474043890112,,,,,,,,Present in Jet Lag: Tag (Season 3)\nMembers who visited:\n1) Sam\n2) Adam\n3) Ben,
3,Tag Eur It,Ben Doyle,#FFEE58,30,Adam Tag Spot,3.947079102928266,49.2233590711748,,,,,,,,Present in Jet Lag: Tag (Season 3) \nMembers who visited:\n1) Sam\n2) Adam\n3) Ben,
3,Tag Eur It,Ben Doyle,#FFEE58,31,Season 3 Ending Spot,3.955827625484756,49.22852961160427,,,,,,,,Present in Jet Lag: Tag (Season 3) \nMembers who visited:\n1) Sam\n2) Adam\n3) Ben\nThe final location for Season 3 (Adam is victorious)\nChallenge: Get on a train immediately (Adam),
3,Tag Eur It,Sam Denby,#F57C00,0,Place Ducale,4.720051057430929,49.77347830143792,,,,,,,,The starting point of Jet Lag: Tag (Season 3)\nMembers who visited: \n1) Sam\n2) Adam\n3) Ben,
3,Tag Eur It,Sam Denby,#F57C00,1,Gare d'Hirson,4.0844155,49.91453019999999,,,,,,,,Present in Jet Lag: Tag (Season 3) \nMembers who visited:\n1) Sam\n2) Adam,
3,Tag Eur It,Sam Denby,#F57C00,2,Lille-Flandres,3.0699444,50.636579,,,,,,,,Present in Jet Lag: Tag (Season 3) \nMembers who visited:\n1) Sam\n2) Adam\n3) Ben,
3,Tag Eur It,Sam Denby,#F57C00,3,Calais Ville,1.8507692,50.95345769999999,,,,,,,,Present in Jet Lag: Tag (Season 3) \nMembers who visited:\n1) Sam\n2) Adam\n3) Ben\nChallenge: Commit an American crime (Sam),
3,Tag Eur It,Sam Denby,#F57C00,4,Carrefour City Calais Clemenceau,1.8507759,50.95504519999999,,,,,,,,Present in Jet Lag: Tag (Season 3) \nMembers who visited:\n1) Sam\nChallenge: Commit an American crime,
3,Tag Eur It,Sam Denby,#F57C00,5,Calais Beer Staircase,1.850258379657719,50.95461061474201,,,,,,,,Present in Jet Lag: Tag (Season 3) \nMembers who visited:\n1) Sam\nChallenge: Commit an American crime,
3,Tag Eur It,Sam Denby,#F57C00,6,Supermarché Match (Calais Place d'Armes),1.8516441,50.95982039999999,,,,,,,,Present in Jet Lag: Tag (Season 3) \nMembers who visited:\n1) Sam\nChallenge: Swap to a tote,
3,Tag Eur It,Sam Denby,#F57C00,7,Sam Tote Swap Point,1.850011970633014,50.96183788050481,,,,,,,,Present in Jet Lag: Tag (Season 3) \nMembers who visited:\n1) Sam\nChallenge: Swap to a tote,
3,Tag Eur It,Sam Denby,#F57C00,8,Sam Guessing Calais Pop. Spot,1.85124076984126,50.95938873623393,,,,,,,,Present in Jet Lag: Tag (Season 3) \nMembers who visited:\n1) Sam\nChallenge: Estimate your city's population,
3,Tag Eur It,Sam Denby,#F57C00,9,Les Bourgeois de Calais,1.8534089,50.95235819999999,,,,,,,,Present in Jet Lag: Tag (Season 3) \nMembers who visited:\n1) Sam\nChallenge: Visit the top attraction,
3,Tag Eur It,Sam Denby,#F57C00,10,Calais Town Hall,1.854239,50.95257459999999,,,,,,,,Present in Jet Lag: Tag (Season 3) \nMembers who visited:\n1) Sam\n2) Adam\n3) Ben,
3,Tag Eur It,Sam Denby,#F57C00,11,Parc Saint-Pierre,1.851403688978122,50.95235663474764,,,,,,,,Present in Jet Lag: Tag (Season 3) \nMembers who visited:\n1) Sam\n2) Ben,
3,Tag Eur It,Sam Denby,#F57C00,12,Gare du Nord,2.3553137,48.8809481,,,,,,,,Present in Jet Lag: Tag (Season 3) \nMembers who visited:\n1) Sam\n2) Adam\n3) Ben,
3,Tag Eur It,Sam Denby,#F57C00,13,Saint-Michel Notre-Dame,2.3449239,48.85357289999999,,,,,,,,Present in Jet Lag: Tag (Season 3) \nMembers who visited:\n1) Sam\n2) Adam\n3) Ben\nChallenge: Use a fancy restroom (Adam),
3,Tag Eur It,Sam Denby,#F57C00,14,Bibliothèque François-Mitterrand,2.3767958,48.8298077,,,,,,,,Present in Jet Lag: Tag (Season 3) \nMembers who visited:\n1) Sam\n2) Adam\n3) Ben\nChallenge: Do 100 squats,
3,Tag Eur It,Sam Denby,#F57C00,15,Paris Gare de Lyon,2.3743773,48.8443038,,,,,,,,Present in Jet Lag: Tag (Season 3) \nMembers who visited:\n1) Sam\n2) Ben,
3,Tag Eur It,Sam Denby,#F57C00,16,Cour Saint-Émilion,2.3861091,48.83366909999999,,,,,,,,Present in Jet Lag: Tag (Season 3) \nMembers who visited:\n1) Sam\n2) Ben,
3,Tag Eur It,Sam Denby,#F57C00,17,Massy Palaiseau,2.2613646,48.7258395,,,,,,,,Present in Jet Lag: Tag (Season 3) \nMembers who visited:\n1) Sam\n2) Adam\n3) Ben,
3,Tag Eur It,Sam Denby,#F57C00,18,Tergnier Station,3.2972456,49.6592152,,,,,,,,Present in Jet Lag: Tag (Season 3) \nMembers who visited:\n1) Sam\n2) Adam,
3,Tag Eur It,Sam Denby,#F57C00,19,Amiens Railway Station,2.3081396,49.8905368,,,,,,,,Present in Jet Lag: Tag (Season 3) \nMembers who visited:\n1) Sam\n2) Adam,
3,Tag Eur It,Sam Denby,#F57C00,20,Brussel-Zuid/Midi Station,4.3354548,50.8360982,,,,,,,,Present in Jet Lag: Tag (Season 3) \nMembers who visited:\n1) Sam\n2) Adam\n3) Ben\nChallenge: Roll a die to take a train ride (Curse for Ben),
3,Tag Eur It,Sam Denby,#F57C00,21,Brussels Airport,4.482072,50.89646,,,,,,,,Present in Jet Lag: Tag (Season 3) \nMembers who visited:\n1) Sam\n2) Adam\n3) Ben\nChallenge: \n-Find a fancy car (Ben)\n-Eat the national dish (Ben),
3,Tag Eur It,Sam Denby,#F57C00,22,Brussel Noordstation,4.3601396,50.8604558,,,,,,,,Present in Jet Lag: Tag (Season 3) \nMembers who visited:\n1) Sam\nChallenge: Go exactly one mile,
3,Tag Eur It,Sam Denby,#F57C00,23,Cologne Central Station,6.958601699999999,50.94321409999999,,,,,,,,Present in Jet Lag: Tag (Season 3) \nMembers who visited:\n1) Sam\nChallenge: Go exactly one mile,
3,Tag Eur It,Sam Denby,#F57C00,24,Fontanestraße,6.958596485798814,50.95660050134164,,,,,,,,Present in Jet Lag: Tag (Season 3) \nMembers who visited:\n1) Sam\nChallenge: Go exactly one mile,
3,Tag Eur It,Sam Denby,#F57C00,25,Nikolaus August Otto und Eugen Langen Memorial,6.974442647088328,50.94043503205026,,,,,,,,Present in Jet Lag: Tag (Season 3) \nMembers who visited:\n1) Sam,
3,Tag Eur It,Sam Denby,#F57C00,26,Köln Deutz Messe/Deutz Bf,6.9748936,50.9409509,,,,,,,,Present in Jet Lag: Tag (Season 3) \nMembers who visited:\n1) Sam,
3,Tag Eur It,Sam Denby,#F57C00,27,Dunkin' Cologne Central Station,6.958600199999999,50.94321590000001,,,,,,,,Present in Jet Lag: Tag (Season 3) \nMembers who visited:\n1) Sam\nChallenge: Eat the national desert,
3,Tag Eur It,Sam Denby,#F57C00,28,Bakery Merzenich on Wallrafplatz,6.956605799999999,50.9403261,,,,,,,,Present in Jet Lag: Tag (Season 3) \nMembers who visited:\n1) Sam\nChallenge: Eat the national desert,
3,Tag Eur It,Sam Denby,#F57C00,29,GALERIA Karstadt,6.9488777,50.9383917,,,,,,,,Present in Jet Lag: Tag (Season 3) \nMembers who visited:\n1) Sam\nChallenge: Hide and seek,
3,Tag Eur It,Sam Denby,#F57C00,30,Strasbourg Station,7.73422,48.58528,,,,,,,,Present in Jet Lag: Tag (Season 3) \nMembers who visited:\n1) Sam\n2) Adam\n3) Ben,
3,Tag Eur It,Sam Denby,#F57C00,31,Frankfurt Flughafen Fernb Station,8.569946925805969,50.05284098092532,,,,,,,,Present in Jet Lag: Tag (Season 3) \nMembers who visited:\n1) Sam,
3,Tag Eur It,Sam Denby,#F57C00,32,Stuttgart Hauptbahnhof,9.1823871,48.78306800000001,,,,,,,,Present in Jet Lag: Tag (Season 3) \nMembers who visited:\n1) Sam\n2) Adam\n3) Ben,
3,Tag Eur It,Sam Denby,#F57C00,33,Karlsruhe Central Station,8.401294,48.993279,,,,,,,,Present in Jet Lag: Tag (Season 3) \nMembers who visited:\n1) Sam\n2) Adam\n3) Ben,
3,Tag Eur It,Sam Denby,#F57C00,34,Kehl Station,7.8066597,48.57634329999999,,,,,,,,Present in Jet Lag: Tag (Season 3) \nMembers who visited:\n1) Sam\n2) Ben,
3,Tag Eur It,Sam Denby,#F57C00,35,Champagne-Ardenne Station,3.994624815599765,49.21474043890112,,,,,,,,Present in Jet Lag: Tag (Season 3)\nMembers who visited:\n1) Sam\n2) Adam\n3) Ben,
3,Tag Eur It,Sam Denby,#F57C00,36,Adam Tag Spot,3.947079102928266,49.2233590711748,,,,,,,,Present in Jet Lag: Tag (Season 3) \nMembers who visited:\n1) Sam\n2) Adam\n3) Ben,
3,Tag Eur It,Sam Denby,#F57C00,37,Season 3 Ending Spot,3.955827625484756,49.22852961160427,,,,,,,,Present in Jet Lag: Tag (Season 3) \nMembers who visited:\n1) Sam\n2) Adam\n3) Ben\nThe final location for Season 3 (Adam is victorious)\nChallenge: Get on a train immediately (Adam),
4,Battle America,Sam Denby; Brian McManus,#1976D2,0,Times Square,-73.98586262484639,40.75760191692743,,,,,,,,The starting point of Jet Lag: Battle for America (Season 4)\nMembers who visited:\n1) Sam\n2) Brian\n3) Adam\n4) Ben,
4,Battle America,Sam Denby; Brian McManus,#1976D2,1,Moynihan Train Hall,-73.9957489,40.7517137,,,,,,,,Present in Jet Lag: Battle for America (Season 4) \nMembers who visited:\n1) Sam\n2) Brian\n3) Adam\n4) Ben,
4,Battle America,Sam Denby; Brian McManus,#1976D2,2,Newark - Pennsylvania Station,-74.1639867,40.73459889999999,,,,,,,,Present in Jet Lag: Battle for America (Season 4) \nMembers who visited:\n1) Sam\n2) Brian\n3) Adam\n4) Ben,
4,Battle America,Sam Denby; Brian McManus,#1976D2,3,William H. Gray III 30th Street,-75.1822703,39.9567993,,,,,,,,Present in Jet Lag: Battle for America (Season 4) \nMembers who visited:\n1) Sam\n2) Brian\n3) Adam\n4) Ben,
4,Battle America,Sam Denby; Brian McManus,#1976D2,4,Washington Union Station,-77.006795,38.899036,,,,,,,,Present in Jet Lag: Battle for America (Season 4) \nMembers who visited:\n1) Sam\n2) Brian\nChallenge: Visit every Spirit Halloween in the state,
4,Battle America,Sam Denby; Brian McManus,#1976D2,5,Union Station,-77.00707969999999,38.8978452,,,,,,,,Present in Jet Lag: Battle for America (Season 4) \nMembers who visited:\n1) Sam\n2) Brian\nChallenge: Visit every Spirit Halloween in the state,
4,Battle America,Sam Denby; Brian McManus,#1976D2,6,Friendship Heights,-77.08607169999999,38.9609331,,,,,,,,Present in Jet Lag: Battle for America (Season 4) \nMembers who visited:\n1) Sam\n2) Brian\nChallenge: Visit every Spirit Halloween in the state,
4,Battle America,Sam Denby; Brian McManus,#1976D2,7,Spirit Halloween Washington D.C.,-77.0851428,38.9601635,,,,,,,,Present in Jet Lag: Battle for America (Season 4) \nMembers who visited:\n1) Sam\n2) Brian\nChallenge: Visit every Spirit Halloween in the state,
4,Battle America,Sam Denby; Brian McManus,#1976D2,8,Embassy Suites by Hilton Washington DC Chevy Chase Pavilion,-77.0847465,38.960533,,,,,,,,Present in Jet Lag: Battle for America (Season 4) \nMembers who visited:\n1) Sam\n2) Brian\nChallenge: File a geodetic mark recovery form,
4,Battle America,Sam Denby; Brian McManus,#1976D2,9,1st Failed Geodetic Marker Spot,-77.08245197192974,38.96350617520033,,,,,,,,Present in Jet Lag: Battle for America (Season 4) \nMembers who visited:\n1) Sam\n2) Brian\nChallenge: File a geodetic mark recovery form,
4,Battle America,Sam Denby; Brian McManus,#1976D2,10,2nd Failed Geodetic Marker Spot,-77.08859441222376,38.95871253341013,,,,,,,,Present in Jet Lag: Battle for America (Season 4) \nMembers who visited:\n1) Sam\n2) Brian\nChallenge: File a geodetic mark recovery form,
4,Battle America,Sam Denby; Brian McManus,#1976D2,11,Bethesda Station,-77.09408736396986,38.98415041935176,,,,,,,,Present in Jet Lag: Battle for America (Season 4) \nMembers who visited:\n1) Sam\n2) Brian\nChallenge: File a geodetic mark recovery form,
4,Battle America,Sam Denby; Brian McManus,#1976D2,12,Successful Bethesda Geodetic Marker Spot,-77.09412284513992,38.98375276987658,,,,,,,,Present in Jet Lag: Battle for America (Season 4) \nMembers who visited:\n1) Sam\n2) Brian\nChallenge: File a geodetic mark recovery form,
4,Battle America,Sam Denby; Brian McManus,#1976D2,13,Rosslyn Station,-77.0719092,38.8958032,,,,,,,,Present in Jet Lag: Battle for America (Season 4) \nMembers who visited:\n1) Sam\n2) Brian\nChallenge: Photograph your partner from far away,
4,Battle America,Sam Denby; Brian McManus,#1976D2,14,The View of DC,-77.0712076,38.895595,,,,,,,,Present in Jet Lag: Battle for America (Season 4) \nMembers who visited:\n1) Brian\nChallenge: Photograph your partner from far away,
4,Battle America,Sam Denby; Brian McManus,#1976D2,15,Sam Standing Spot,-77.07006094220445,38.88888970384205,,,,,,,,Present in Jet Lag: Battle for America (Season 4) \nMembers who visited:\n1) Sam\nChallenge: Photograph your partner from far away,
4,Battle America,Sam Denby; Brian McManus,#1976D2,16,McDonald's Rosslyn,-77.0713801,38.896312,,,,,,,,Present in Jet Lag: Battle for America (Season 4) \nMembers who visited:\n1) Sam\n2) Brian,
4,Battle America,Sam Denby; Brian McManus,#1976D2,17,Pentagon City Metro Station,-77.0598784861856,38.86266515674385,,,,,,,,Present in Jet Lag: Battle for America (Season 4) \nMembers who visited:\n1) Sam\n2) Brian,
4,Battle America,Sam Denby; Brian McManus,#1976D2,18,Sam and Brian Battle Challenge Waiting Bench,-77.05928109722906,38.86237425138945,,,,,,,,Present in Jet Lag: Battle for America (Season 4) \nMembers who visited:\n1) Sam\n2) Brian\nThe bench where Sam and Brian await the imminent battle challenge from Adam and Ben,
4,Battle America,Sam Denby; Brian McManus,#1976D2,19,Pentagon Centre,-77.0585454,38.8610967,,,,,,,,Present in Jet Lag: Battle for America (Season 4) \nMembers who visited:\n1) Sam\n2) Brian\nBattle Challenge: Find the most foreign license plate,
4,Battle America,Sam Denby; Brian McManus,#1976D2,20,Ronald Reagan Washington National Airport Station,-77.0439868,38.8533825,,,,,,,,Present in Jet Lag: Battle for America (Season 4) \nMembers who visited:\n1) Sam\n2) Brian,
4,Battle America,Sam Denby; Brian McManus,#1976D2,21,BWI Thurgood Marshall,-76.6943881,39.1924679,,,,,,,,Present in Jet Lag: Battle for America (Season 4) \nMembers who visited:\n1) Sam\n2) Brian,
4,Battle America,Sam Denby; Brian McManus,#1976D2,22,Baltimore/Washington International Thurgood Marshall Airport,-76.6683889,39.1775715,,,,,,,,Present in Jet Lag: Battle for America (Season 4) \nMembers who visited:\n1) Sam\n2) Brian,
4,Battle America,Sam Denby; Brian McManus,#1976D2,23,Hartford–Brainard Airport,-72.6510162,41.7427978,,,,,,,,Present in Jet Lag: Battle for America (Season 4) \nMembers who visited:\n1) Sam\n2) Brian,
4,Battle America,Sam Denby; Brian McManus,#1976D2,24,Hartford Union Station,-72.6815714,41.76881909999999,,,,,,,,Present in Jet Lag: Battle for America (Season 4)\nMembers who visited:\n1) Sam\n2) Brian,
4,Battle America,Sam Denby; Brian McManus,#1976D2,25,Springfield Union Station,-72.593643,42.1065267,,,,,,,,Present in Jet Lag: Battle for America (Season 4)\nMembers who visited:\n1) Sam\n2) Brian,
4,Battle America,Sam Denby; Brian McManus,#1976D2,26,Holyoke Mall,-72.6412903,42.1675334,,,,,,,,Present in Jet Lag: Battle for America (Season 4) \nMembers who visited:\n1) Sam\n2) Brian\nChallenge: Win a prize from a claw machine,
4,Battle America,Sam Denby; Brian McManus,#1976D2,27,Round1,-72.64135689999999,42.1676302,,,,,,,,Present in Jet Lag: Battle for America (Season 4) \nMembers who visited:\n1) Sam\n2) Brian\nChallenge: Win a prize from a claw machine,
4,Battle America,Sam Denby; Brian McManus,#1976D2,28,Windsor Locks,-72.6260298,41.9139542,,,,,,,,Present in Jet Lag: Battle for America (Season 4) \nMembers who visited:\n1) Sam\n2) Brian,
4,Battle America,Sam Denby; Brian McManus,#1976D2,29,Sam and Brian 2nd Battle Challenge Waiting Spot,-72.62617332153602,41.91454458187211,,,,,,,,Present in Jet Lag: Battle for America (Season 4) \nMembers who visited:\n1) Sam\n2) Brian\nThe spot where Sam and Brian await the imminent 2nd battle challenge from Adam and Ben\nBattle Challenge: Photograph the most birds,
4,Battle America,Sam Denby; Brian McManus,#1976D2,30,Sam and Brian Bird Spot #2,-72.62531987549602,41.9108698659679,,,,,,,,Present in Jet Lag: Battle for America (Season 4) \nMembers who visited:\n1) Sam\n2) Brian\nBattle Challenge: Photograph the most birds\nBirds Found: 1\nTotal Bird Count: 2,
4,Battle America,Sam Denby; Brian McManus,#1976D2,31,Sam and Brian Bird Spot #3,-72.625428901365,41.91044931407903,,,,,,,,Present in Jet Lag: Battle for America (Season 4) \nMembers who visited:\n1) Sam\n2) Brian\nBattle Challenge: Photograph the most birds\nBirds Found: 1\nTotal Bird Count: 3,
4,Battle America,Sam Denby; Brian McManus,#1976D2,32,Sam and Brian Bird Spot #4,-72.6252017874092,41.90820319220517,,,,,,,,Present in Jet Lag: Battle for America (Season 4) \nMembers who visited:\n1) Sam\n2) Brian\nBattle Challenge: Photograph the most birds\nBirds Found: 147-197\nTotal Bird Count: 150-200 (According to Sam),
4,Battle America,Sam Denby; Brian McManus,#1976D2,33,Bradley International Airport,-72.68603139999999,41.9388735,,,,,,,,Present in Jet Lag: Battle for America (Season 4) \nMembers who visited:\n1) Sam\n2) Brian,
4,Battle America,Sam Denby; Brian McManus,#1976D2,34,Nashville International Airport,-86.6762176,36.1248851,,,,,,,,Present in Jet Lag: Battle for America (Season 4) \nMembers who visited:\n1) Sam\n2) Brian\nChallenge: Spend $100 at Buc-ee's,
4,Battle America,Sam Denby; Brian McManus,#1976D2,35,Buc-ee's,-85.0150056,35.9801198,,,,,,,,Present in Jet Lag: Battle for America (Season 4) \nMembers who visited:\n1) Sam\n2) Brian\nChallenge: Spend $100 at Buc-ee's,
4,Battle America,Sam Denby; Brian McManus,#1976D2,36,Septic Solutions,-85.14675609999999,36.0506317,,,,,,,,Present in Jet Lag: Battle for America (Season 4) \nMembers who visited:\n1) Sam\n2) Brian\nThe ending spot for Ben and Adam for Day 2 of Season 4,
4,Battle America,Sam Denby; Brian McManus,#1976D2,37,Austin-Bergstrom International Airport,-97.66635289999998,30.1974711,,,,,,,,Present in Jet Lag: Battle for America (Season 4) \nMembers who visited:\n1) Sam\n2) Brian\nChallenge: Eat at In-N-Out,
4,Battle America,Sam Denby; Brian McManus,#1976D2,38,In-N-Out Burger,-97.78883176550592,30.23864698878215,,,,,,,,Present in Jet Lag: Battle for America (Season 4) \nMembers who visited:\n1) Sam\n2) Brian\nChallenge: Eat at In-N-Out,
4,Battle America,Sam Denby; Brian McManus,#1976D2,39,Sam and Brian Scooter Pick Up Spot,-118.3958921895893,33.94589074450597,,,,,,,,Present in Jet Lag: Battle for America (Season 4)\nMembers who visited:\n1) Sam\n2) Brian\nChallenge: Find a four leaf clover as a leprechaun,
4,Battle America,Sam Denby; Brian McManus,#1976D2,40,Spirit Halloween,-118.3957717,33.9562202,,,,,,,,Present in Jet Lag: Battle for America (Season 4)\nMembers who visited:\n1) Sam\nChallenge: Find a four leaf clover as a leprechaun,
4,Battle America,Sam Denby; Brian McManus,#1976D2,41,Sam Leprechaun Changing Spot,-118.3960099061612,33.95642133232231,,,,,,,,Present in Jet Lag: Battle for America (Season 4)\nMembers who visited:\n1) Sam\n2) Brian\nChallenge: Find a four leaf clover as a leprechaun,
4,Battle America,Sam Denby; Brian McManus,#1976D2,42,Sam and Brian Four Leaf Clover Spot,-118.3945455686759,33.95449036984019,,,,,,,,Present in Jet Lag: Battle for America (Season 4)\nMembers who visited:\n1) Sam\n2) Brian\nChallenge: Find a four leaf clover as a leprechaun,
4,Battle America,Sam Denby; Brian McManus,#1976D2,43,Harry Reid International Airport,-115.1537389,36.0839998,,,,,,,,Present in Jet Lag: Battle for America (Season 4) \nMembers who visited:\n1) Sam\n2) Brian\n3) Adam\n4) Ben\nBattle Challenge: Draw George Washington (S4),
4,Battle America,Sam Denby; Brian McManus,#1976D2,44,Concourse D Station,-115.1376752694295,36.08206188480702,,,,,,,,Present in Jet Lag: Battle for America (Season 4) \nMembers who visited:\n1) Sam\n2) Brian\n3) Adam\n4) Ben\nChallenge: Forge great American art,
4,Battle America,Sam Denby; Brian McManus,#1976D2,45,LAS Terminal 3 Station,-115.1370896815608,36.08597601958552,,,,,,,,Present in Jet Lag: Battle for America (Season 4) \nMembers who visited:\n1) Sam\n2) Brian\n3) Adam\n4) Ben\nChallenge: Forge great American art,
4,Battle America,Sam Denby; Brian McManus,#1976D2,46,Las Vegas International Airport Terminal 3,-115.1369489,36.086125,,,,,,,,Present in Jet Lag: Battle for America (Season 4) \nMembers who visited:\n1) Sam\n2) Brian\n3) Adam\n4) Ben\nChallenge: Forge great American art,
4,Battle America,Sam Denby; Brian McManus,#1976D2,47,Jay's Market On Flamingo,-115.164549,36.114974,,,,,,,,Present in Jet Lag: Battle for America (Season 4)\nMembers who visited:\n1) Sam\n2) Brian\nChallenge: Eat soup in a helicopter,
4,Battle America,Sam Denby; Brian McManus,#1976D2,48,Papillon Helicopters,-115.1627526,36.0973288,,,,,,,,Present in Jet Lag: Battle for America (Season 4) \nMembers who visited:\n1) Sam\n2) Brian\nChallenge: Eat soup in a helicopter,
4,Battle America,Sam Denby; Brian McManus,#1976D2,49,Papillon Grand Canyon Helicopters,-114.8557745,35.9486579,,,,,,,,Present in Jet Lag: Battle for America (Season 4) \nMembers who visited:\n1) Sam\n2) Brian\nChallenge: Eat soup in a helicopter,
4,Battle America,Sam Denby; Brian McManus,#1976D2,50,Papillon Helicopters Picnic Area,-113.7554181,35.9643342,,,,,,,,Present in Jet Lag: Battle for America (Season 4) \nMembers who visited:\n1) Sam\n2) Brian\nChallenge: Eat soup in a helicopter,
4,Battle America,Sam Denby; Brian McManus,#1976D2,51,3rd Battle Challenge Initiation Spot,-114.8362198201184,35.97821617255564,,,,,,,,Present in Jet Lag: Battle for America (Season 4) \nMembers who visited:\n1) Sam\n2) Brian\nThe spot where Sam and Brian triggers the 3rd battle challenge of S4\nBattle Challenge: Draw George Washington,
4,Battle America,Sam Denby; Brian McManus,#1976D2,52,Ace Shopper Stopper,-114.8379079,35.9770427,,,,,,,,Present in Jet Lag: Battle for America (Season 4) \nMembers who visited:\n1) Sam\n2) Brian\nBattle Challenge: Draw George Washington,
4,Battle America,Sam Denby; Brian McManus,#1976D2,53,Brian Drawing Spot,-114.8362128359042,35.97806497338912,,,,,,,,Present in Jet Lag: Battle for America (Season 4) \nMembers who visited:\n1) Sam\n2) Brian\nBattle Challenge: Draw George Washington,
4,Battle America,Sam Denby; Brian McManus,#1976D2,54,Denver International Airport Terminal B Station,-104.6737551815026,39.85870800617957,,,,,,,,Present in Jet Lag: Battle for America (Season 4) \nMembers who visited:\n1) Sam\n2) Brian,
4,Battle America,Sam Denby; Brian McManus,#1976D2,55,Hertz Car Rental - Denver International Airport,-104.6983169,39.8368069,,,,,,,,Present in Jet Lag: Battle for America (Season 4) \nMembers who visited:\n1) Sam\n2) Brian,
4,Battle America,Sam Denby; Brian McManus,#1976D2,56,GlowGolf,-104.9892488,40.4192949,,,,,,,,Present in Jet Lag: Battle for America (Season 4) \nMembers who visited:\n1) Sam\n2) Brian\nChallenge: Make a hole in one at mini golf,
4,Battle America,Sam Denby; Brian McManus,#1976D2,57,Sam and Brian Advertising Pole,-105.3049698044756,41.12529316276158,,,,,,,,Present in Jet Lag: Battle for America (Season 4) \nMembers who visited:\n1) Sam\n2) Brian\nThe final location of Season 4 for Sam and Brian (Adam and Ben are victorious) \nChallenge: Ineffectively advertise Jet Lag: The Game,
4,Battle America,Adam Chase; Ben Doyle,#D32F2F,0,Times Square,-73.98586262484639,40.75760191692743,,,,,,,,The starting point of Jet Lag: Battle for America (Season 4)\nMembers who visited:\n1) Sam\n2) Brian\n3) Adam\n4) Ben,
4,Battle America,Adam Chase; Ben Doyle,#D32F2F,1,432 Park Avenue,-73.9719035,40.7617561,,,,,,,,Present in Jet Lag: Battle for America (Season 4) \nMembers who visited:\n1) Adam\n2) Ben\nChallenge: Praise the ugliest building,
4,Battle America,Adam Chase; Ben Doyle,#D32F2F,2,5 Avenue-53 St Station,-73.9754177,40.7602633,,,,,,,,Present in Jet Lag: Battle for America (Season 4) \nMembers who visited:\n1) Adam\n2) Ben,
4,Battle America,Adam Chase; Ben Doyle,#D32F2F,3,Moynihan Train Hall,-73.9957489,40.7517137,,,,,,,,Present in Jet Lag: Battle for America (Season 4) \nMembers who visited:\n1) Sam\n2) Brian\n3) Adam\n4) Ben,
4,Battle America,Adam Chase; Ben Doyle,#D32F2F,4,34 St - Penn Station,-73.993393,40.752289,,,,,,,,Present in Jet Lag: Battle for America (Season 4) \nMembers who visited:\n1) Adam\n2) Ben,
4,Battle America,Adam Chase; Ben Doyle,#D32F2F,5,Newark - Pennsylvania Station,-74.1639867,40.73459889999999,,,,,,,,Present in Jet Lag: Battle for America (Season 4) \nMembers who visited:\n1) Sam\n2) Brian\n3) Adam\n4) Ben,
4,Battle America,Adam Chase; Ben Doyle,#D32F2F,6,William H. Gray III 30th Street,-75.1822703,39.9567993,,,,,,,,Present in Jet Lag: Battle for America (Season 4) \nMembers who visited:\n1) Sam\n2) Brian\n3) Adam\n4) Ben,
4,Battle America,Adam Chase; Ben Doyle,#D32F2F,7,Cash Express Pawn Shop,-75.1535294,39.949664,,,,,,,,Present in Jet Lag: Battle for America (Season 4) \nMembers who visited:\n1) Adam\n2) Ben\nChallenge: Sell something from a pawn shop at a pawn shop,
4,Battle America,Adam Chase; Ben Doyle,#D32F2F,8,Philadelphia Bike Pick-Up Zone,-75.18328917581559,39.95469485705024,,,,,,,,Present in Jet Lag: Battle for America (Season 4) \nMembers who visited:\n1) Adam\n2) Ben\nChallenge: Sell something from a pawn shop at a pawn shop,
4,Battle America,Adam Chase; Ben Doyle,#D32F2F,9,Philadelphia Bike Drop-Off Zone,-75.15628129884881,39.95002393653817,,,,,,,,Present in Jet Lag: Battle for America (Season 4) \nMembers who visited:\n1) Adam\n2) Ben\nChallenge: Sell something from a pawn shop at a pawn shop,
4,Battle America,Adam Chase; Ben Doyle,#D32F2F,10,8th & Market Street Station,-75.153494,39.9509652,,,,,,,,Present in Jet Lag: Battle for America (Season 4) \nMembers who visited:\n1) Adam\n2) Ben\nChallenge: Sell something from a pawn shop at a pawn shop,
4,Battle America,Adam Chase; Ben Doyle,#D32F2F,11,Ferry Avenue,-75.09178419999999,39.9225682,,,,,,,,Present in Jet Lag: Battle for America (Season 4) \nMembers who visited:\n1) Adam\n2) Ben\nChallenge: Sell something from a pawn shop at a pawn shop,
4,Battle America,Adam Chase; Ben Doyle,#D32F2F,12,E and B Pawnbroker,-74.980924,39.9571799,,,,,,,,Present in Jet Lag: Battle for America (Season 4) \nMembers who visited:\n1) Adam\n2) Ben\nChallenge: Sell something from a pawn shop at a pawn shop,
4,Battle America,Adam Chase; Ben Doyle,#D32F2F,13,Wilmington Station,-75.5508874,39.7370826,,,,,,,,Present in Jet Lag: Battle for America (Season 4) \nMembers who visited:\n1) Adam\n2) Ben,
4,Battle America,Adam Chase; Ben Doyle,#D32F2F,14,Ebright Azimuth Marker,-75.519103,39.8360424,,,,,,,,Present in Jet Lag: Battle for America (Season 4) \nMembers who visited:\n1) Adam\n2) Ben\nChallenge: High five at the highest point,
4,Battle America,Adam Chase; Ben Doyle,#D32F2F,15,Baltimore Penn Station,-76.61569519999999,39.3073174,,,,,,,,Present in Jet Lag: Battle for America (Season 4) \nMembers who visited:\n1) Adam\n2) Ben,
4,Battle America,Adam Chase; Ben Doyle,#D32F2F,16,Penn Station Garage,-76.614507,39.3066904,,,,,,,,Present in Jet Lag: Battle for America (Season 4) \nMembers who visited:\n1) Adam\n2) Ben\nBattle Challenge: Find the most foreign license plate,
4,Battle America,Adam Chase; Ben Doyle,#D32F2F,17,Grand Central - 42 St Station,-73.9774869,40.7524688,,,,,,,,Present in Jet Lag: Battle for America (Season 4) \nMembers who visited:\n1) Adam\n2) Ben,
4,Battle America,Adam Chase; Ben Doyle,#D32F2F,18,Grand Central Terminal,-73.9772294,40.7527262,,,,,,,,Present in Jet Lag: Battle for America (Season 4) \nMembers who visited:\n1) Adam\n2) Ben,
4,Battle America,Adam Chase; Ben Doyle,#D32F2F,19,New Haven Union Station,-72.92670389999999,41.2976508,,,,,,,,Present in Jet Lag: Battle for America (Season 4) \nMembers who visited:\n1) Adam\n2) Ben\nChallenge: Respect the weirdest roadside attraction,
4,Battle America,Adam Chase; Ben Doyle,#D32F2F,20,PEZ Visitor Center,-72.99703149999999,41.2636461,,,,,,,,Present in Jet Lag: Battle for America (Season 4) \nMembers who visited:\n1) Adam\n2) Ben,
4,Battle America,Adam Chase; Ben Doyle,#D32F2F,21,Providence Station,-71.4132827,41.8292499,,,,,,,,Present in Jet Lag: Battle for America (Season 4) \nMembers who visited:\n1) Adam\n2) Ben\nChallenge: Get one team member intoxicated,
4,Battle America,Adam Chase; Ben Doyle,#D32F2F,22,Harry's Bar & Burger,-71.4093895,41.8283046,,,,,,,,Present in Jet Lag: Battle for America (Season 4) \nMembers who visited:\n1) Adam\n2) Ben\nChallenge: Get one team member intoxicated,
4,Battle America,Adam Chase; Ben Doyle,#D32F2F,23,South Station (Train Terminal),-71.05522859999999,42.3522322,,,,,,,,Present in Jet Lag: Battle for America (Season 4) \nMembers who visited:\n1) Adam\n2) Ben,
4,Battle America,Adam Chase; Ben Doyle,#D32F2F,24,2nd Battle Challenge Initiation Spot,-71.05636902223317,42.35278256110585,,,,,,,,Present in Jet Lag: Battle for America (Season 4) \nMembers who visited:\n1) Adam\n2) Ben\nThe spot where Adam and Ben triggers the 2nd battle challenge of S4\nBattle Challenge: Photograph the most birds,
4,Battle America,Adam Chase; Ben Doyle,#D32F2F,25,Adam and Ben Bird Spot #1,-71.05578904981994,42.35261059565362,,,,,,,,Present in Jet Lag: Battle for America (Season 4) \nMembers who visited:\n1) Adam\n2) Ben\nBattle Challenge: Photograph the most birds\nBirds Found: 1\nTotal Bird Counter: 1,
4,Battle America,Adam Chase; Ben Doyle,#D32F2F,26,Adam and Ben Bird Spot #2,-71.05718081779645,42.3521648618856,,,,,,,,Present in Jet Lag: Battle for America (Season 4) \nMembers who visited:\n1) Adam\n2) Ben\nBattle Challenge: Photograph the most birds\nBirds Found: 1\nTotal Bird Count: 2,
4,Battle America,Adam Chase; Ben Doyle,#D32F2F,27,Adam and Ben Bird Spot #3,-71.0576240208956,42.35235043259429,,,,,,,,Present in Jet Lag: Battle for America (Season 4) \nMembers who visited:\n1) Adam\n2) Ben\nBattle Challenge: Photograph the most birds\nBirds Found: 1\nTotal Bird Count: 4,
4,Battle America,Adam Chase; Ben Doyle,#D32F2F,28,Sam and Brian Bird Spot #1,-72.62552206522167,41.91208016258047,,,,,,,,Present in Jet Lag: Battle for America (Season 4) \nMembers who visited:\n1) Adam\n2) Ben\nBattle Challenge: Photograph the most birds\nBirds Found: 1\nTotal Bird Count: 1,
4,Battle America,Adam Chase; Ben Doyle,#D32F2F,29,Adam and Ben Bird Spot #4,-71.05745073761811,42.35223436713127,,,,,,,,Present in Jet Lag: Battle for America (Season 4) \nMembers who visited:\n1) Adam\n2) Ben\nBattle Challenge: Photograph the most birds\nBirds Found: 1\nTotal Bird Count: 10,
4,Battle America,Adam Chase; Ben Doyle,#D32F2F,30,Adam and Ben Bird Spot #5,-71.05634894573645,42.35268272671671,,,,,,,,Present in Jet Lag: Battle for America (Season 4) \nMembers who visited:\n1) Adam\n2) Ben\nBattle Challenge: Photograph the most birds\nBirds Found: 1\nTotal Bird Count: 16,
4,Battle America,Adam Chase; Ben Doyle,#D32F2F,31,Adam and Ben Bird Spot #6,-71.05623679998924,42.35281611859583,,,,,,,,Present in Jet Lag: Battle for America (Season 4) \nMembers who visited:\n1) Adam\n2) Ben\nBattle Challenge: Photograph the most birds\nBirds Found: 9\nTotal Bird Count: 26,
4,Battle America,Adam Chase; Ben Doyle,#D32F2F,32,Adam and Ben Bird Spot #7,-71.05561124274823,42.35252371593992,,,,,,,,Present in Jet Lag: Battle for America (Season 4) \nMembers who visited:\n1) Adam\n2) Ben\nBattle Challenge: Photograph the most birds\nBirds Found: 2\nTotal Bird Counter: 29,
4,Battle America,Adam Chase; Ben Doyle,#D32F2F,33,Boston Logan Internation Airport Terminal C,-71.0164437,42.3666337,,,,,,,,Present in Jet Lag: Battle for America (Season 4) \nMembers who visited:\n1) Adam\n2) Ben,
4,Battle America,Adam Chase; Ben Doyle,#D32F2F,34,Legal Sea Foods - Logan Airport Terminal C,-71.0156196,42.3668021,,,,,,,,Present in Jet Lag: Battle for America (Season 4) \nMembers who visited:\n1) Adam\n2) Ben\nChallenge: Drive a Chevy to a levee and eat pie,
4,Battle America,Adam Chase; Ben Doyle,#D32F2F,35,Terminal 1 Station,-87.90558999999999,41.97925,,,,,,,,Present in Jet Lag: Battle for America (Season 4) \nMembers who visited:\n1) Adam\n2) Ben\nChallenge: Drive a Chevy to a levee and eat pie,
4,Battle America,Adam Chase; Ben Doyle,#D32F2F,36,MMF,-87.88226,41.99283,,,,,,,,Present in Jet Lag: Battle for America (Season 4) \nMembers who visited:\n1) Adam\n2) Ben\nChallenge: Drive a Chevy to a levee and eat pie,
4,Battle America,Adam Chase; Ben Doyle,#D32F2F,37,Avis Car Rental,-87.8822809,41.9928947,,,,,,,,Present in Jet Lag: Battle for America (Season 4) \nMembers who visited:\n1) Adam\n2) Ben\nChallenge: Drive a Chevy to a levee and eat pie,
4,Battle America,Adam Chase; Ben Doyle,#D32F2F,38,O’Hare Multi Modal Facility (MMF),-87.88119139999999,41.9931662,,,,,,,,Present in Jet Lag: Battle for America (Season 4) \nMembers who visited:\n1) Adam\n2) Ben\nChallenge: Drive a Chevy to a levee and eat pie,
4,Battle America,Adam Chase; Ben Doyle,#D32F2F,39,Adam and Ben Day 2 Ending Spot,-87.8843663578933,41.99794309271205,,,,,,,,Present in Jet Lag: Battle for America (Season 4) \nMembers who visited:\n1) Adam\n2) Ben\nChallenge: Drive a Chevy to a levee and eat pie\nThe ending spot for Ben and Adam for Day 2 of Season 4,2
4,Battle America,Adam Chase; Ben Doyle,#D32F2F,40,Adam and Ben Levee Challenge Spot,-87.88805697508063,42.10843558849319,,,,,,,,Present in Jet Lag: Battle for America (Season 4) \nMembers who visited:\n1) Adam\n2) Ben\nChallenge: Drive a Chevy to a levee and eat pie,
4,Battle America,Adam Chase; Ben Doyle,#D32F2F,41,Indiana Dunes Visitor Center,-87.054429,41.6337924,,,,,,,,Present in Jet Lag: Battle for America (Season 4) \nMembers who visited:\n1) Adam\n2) Ben\nChallenge: Criticize the most beautiful place,
4,Battle America,Adam Chase; Ben Doyle,#D32F2F,42,Adam and Ben Criticizing Spot,-86.93324464743327,41.70881373066463,,,,,,,,Present in Jet Lag: Battle for America (Season 4) \nMembers who visited:\n1) Adam\n2) Ben\nChallenge: Criticize the most beautiful place,
4,Battle America,Adam Chase; Ben Doyle,#D32F2F,43,Jackie's Cafe,-86.75207549999999,41.7901505,,,,,,,,Present in Jet Lag: Battle for America (Season 4) \nMembers who visited:\n1) Adam\n2) Ben\nChallenge: Seduce and debauch an unmarried woman,
4,Battle America,Adam Chase; Ben Doyle,#D32F2F,44,Adam and Ben S&D Spot,-86.75207763511543,41.79005782432365,,,,,,,,Present in Jet Lag: Battle for America (Season 4) \nMembers who visited:\n1) Adam\n2) Ben\nChallenge: Seduce and debauch an unmarried woman,
4,Battle America,Adam Chase; Ben Doyle,#D32F2F,45,Harry Reid International Airport,-115.1537389,36.0839998,,,,,,,,Present in Jet Lag: Battle for America (Season 4) \nMembers who visited:\n1) Sam\n2) Brian\n3) Adam\n4) Ben\nBattle Challenge: Draw George Washington (S4),
4,Battle America,Adam Chase; Ben Doyle,#D32F2F,46,Hudson News,-115.1388748178236,36.08245730580929,,,,,,,,Present in Jet Lag: Battle for America (Season 4) \nMembers who visited:\n1) Adam\n2) Ben\nChallenge: Forge great American art,
4,Battle America,Adam Chase; Ben Doyle,#D32F2F,47,The BLVD,-115.138861338324,36.08215357383732,,,,,,,,Present in Jet Lag: Battle for America (Season 4) \nMembers who visited:\n1) Adam\n2) Ben\nChallenge: Forge great American art,
4,Battle America,Adam Chase; Ben Doyle,#D32F2F,48,Hudson News,-115.1385731977477,36.08176009039262,,,,,,,,Present in Jet Lag: Battle for America (Season 4) \nMembers who visited:\n1) Adam\n2) Ben\nChallenge: Forge great American art\nNote: This is a separate Hudson News store compared to the one near Gate D51,
4,Battle America,Adam Chase; Ben Doyle,#D32F2F,49,Concourse D Station,-115.1376752694295,36.08206188480702,,,,,,,,Present in Jet Lag: Battle for America (Season 4) \nMembers who visited:\n1) Sam\n2) Brian\n3) Adam\n4) Ben\nChallenge: Forge great American art,
4,Battle America,Adam Chase; Ben Doyle,#D32F2F,50,LAS Terminal 3 Station,-115.1370896815608,36.08597601958552,,,,,,,,Present in Jet Lag: Battle for America (Season 4) \nMembers who visited:\n1) Sam\n2) Brian\n3) Adam\n4) Ben\nChallenge: Forge great American art,
4,Battle America,Adam Chase; Ben Doyle,#D32F2F,51,Las Vegas International Airport Terminal 3,-115.1369489,36.086125,,,,,,,,Present in Jet Lag: Battle for America (Season 4) \nMembers who visited:\n1) Sam\n2) Brian\n3) Adam\n4) Ben\nChallenge: Forge great American art,
4,Battle America,Adam Chase; Ben Doyle,#D32F2F,52,Reid Terminal 3 Uber/Lyft Pick-Up Area,-115.1385644,36.087508,,,,,,,,Present in Jet Lag: Battle for America (Season 4) \nMembers who visited:\n1) Adam\n2) Ben\nChallenge: Forge great American art,
4,Battle America,Adam Chase; Ben Doyle,#D32F2F,53,Caesars Palace,-115.174499,36.1161685,,,,,,,,Present in Jet Lag: Battle for America (Season 4) \nMembers who visited:\n1) Adam\n2) Ben\nChallenge: Forge great American art,
4,Battle America,Adam Chase; Ben Doyle,#D32F2F,54,Martin Lawrence Galleries,-115.1780187,36.1195579,,,,,,,,Present in Jet Lag: Battle for America (Season 4) \nMembers who visited:\n1) Adam\n2) Ben\nChallenge: Forge great American art,
4,Battle America,Adam Chase; Ben Doyle,#D32F2F,55,Adam and Ben Parking Spot,-113.8206714282924,35.98726459360927,,,,,,,,Present in Jet Lag: Battle for America (Season 4) \nMembers who visited:\n1) Adam\n2) Ben\nChallenge: Forge great American art,
4,Battle America,Adam Chase; Ben Doyle,#D32F2F,56,Adam and Ben Drawing Spot #1,-115.1375409825361,36.08586789326114,,,,,,,,Present in Jet Lag: Battle for America (Season 4) \nMembers who visited:\n1) Adam\n2) Ben\nBattle Challenge: Draw George Washington,
4,Battle America,Adam Chase; Ben Doyle,#D32F2F,57,Hudson News Terminal 3,-115.1378531512702,36.08586482348694,,,,,,,,Present in Jet Lag: Battle for America (Season 4) \nMembers who visited:\n1) Adam\n2) Ben\nBattle Challenge: Draw George Washington,
4,Battle America,Adam Chase; Ben Doyle,#D32F2F,58,Seattle-Tacoma International Airport,-122.3086127,47.4483943,,,,,,,,Present in Jet Lag: Battle for America (Season 4) \nMembers who visited:\n1) Adam\n2) Ben,
4,Battle America,Adam Chase; Ben Doyle,#D32F2F,59,Ketchikan International Airport,-131.7105604,55.3554106,,,,,,,,Present in Jet Lag: Battle for America (Season 4) \nMembers who visited:\n1) Adam\n2) Ben,
4,Battle America,Adam Chase; Ben Doyle,#D32F2F,60,Adam and Ben Help Spot,-131.7098017296827,55.35751877744555,,,,,,,,Present in Jet Lag: Battle for America (Season 4) \nMembers who visited:\n1) Adam\n2) Ben\nThe final location of Season 4 for Adam and Ben (Adam and Ben are victorious)\nChallenge: Spell help in rocks on an island,
5,Race to the End of the World,Sam Denby; Toby Hendy,#7B1FA2,0,Season 5 Cape Reinga Starting Spot,172.677479176482,-34.42665960278735,,,,,,,,The starting point of Jet Lag: New Zealand (Season 5)\nMembers who visited:\n1) Sam\n2) Toby\n3) Adam\n4) Ben,
5,Race to the End of the World,Sam Denby; Toby Hendy,#7B1FA2,1,Cape Reinga Parking Area,172.6822688,-34.4300349,,,,,,,,Present in Jet Lag: New Zealand (Season 5)\nMembers who visited:\n1) Sam\n2) Toby\n3) Adam\n4) Ben,
5,Race to the End of the World,Sam Denby; Toby Hendy,#7B1FA2,2,Parking Sand Dunes,172.7734991295079,-34.52428476889317,,,,,,,,Present in Jet Lag: New Zealand (Season 5) \nMembers who visited:\n1) Sam\n2) Toby\n3) Adam\n4) Ben\nChallenge: Sandboard at Te Paki Sand Dunes,
5,Race to the End of the World,Sam Denby; Toby Hendy,#7B1FA2,3,Giant Sand Dunes,172.77394,-34.5248998,,,,,,,,Present in Jet Lag: New Zealand (Season 5) \nMembers who visited:\n1) Sam\n2) Toby\n3) Adam\n4) Ben\nChallenge: Sandboard at Te Paki Sand Dunes,
5,Race to the End of the World,Sam Denby; Toby Hendy,#7B1FA2,4,Coopers Beach Playground,173.511223,-34.99077,,,,,,,,Present in Jet Lag: New Zealand (Season 5) \nMembers who visited:\n1) Sam\n2) Toby\nChallenge: Dig a lucky hole at Coopers Beach,
5,Race to the End of the World,Sam Denby; Toby Hendy,#7B1FA2,5,Coopers Beach,173.5118516,-34.9900031,,,,,,,,Present in Jet Lag: New Zealand (Season 5) \nMembers who visited:\n1) Sam\n2) Toby\nChallenge: Dig a lucky hole at Coopers Beach,
5,Race to the End of the World,Sam Denby; Toby Hendy,#7B1FA2,6,Four Square Kaeo,173.7806157,-35.1005271,,,,,,,,Present in Jet Lag: New Zealand (Season 5) \nMembers who visited:\n1) Sam\n2) Toby\nChallenge: Win the lottery in Kaeo,
5,Race to the End of the World,Sam Denby; Toby Hendy,#7B1FA2,7,Rainbow Falls NZMCA Park,173.9428643,-35.2131573,,,,,,,,Present in Jet Lag: New Zealand (Season 5) \nMembers who visited:\n1) Sam\n2) Toby\nChallenge: Take a lucky swim at Rainbow Falls,
5,Race to the End of the World,Sam Denby; Toby Hendy,#7B1FA2,8,Sam and Toby Tane Mahuta Car Park Spot,173.5282665103031,-35.60053698913031,,,,,,,,Present in Jet Lag: New Zealand (Season 5) \nMembers who visited:\n1) Sam\n2) Toby\nChallenge: Admire Tāne Mahuta,
5,Race to the End of the World,Sam Denby; Toby Hendy,#7B1FA2,9,Tane Mahuta,173.5272196,-35.6008767,,,,,,,,Present in Jet Lag: New Zealand (Season 5) \nMembers who visited:\n1) Sam\n2) Toby\nChallenge: Admire Tāne Mahuta,
5,Race to the End of the World,Sam Denby; Toby Hendy,#7B1FA2,10,Sam and Toby Kai Iwi Lakes Car Park Spot,173.6625214462651,-35.80923802185293,,,,,,,,Present in Jet Lag: New Zealand (Season 5) \nMembers who visited:\n1) Sam\n2) Toby\nChallenge: Make a new friend at Kai Iwi Lakes,
5,Race to the End of the World,Sam Denby; Toby Hendy,#7B1FA2,11,Lake Taharoa,173.6494727,-35.8062587,,,,,,,,Present in Jet Lag: New Zealand (Season 5) \nMembers who visited:\n1) Sam\n2) Toby\nChallenge: Make a new friend at Kai Iwi Lakes,
5,Race to the End of the World,Sam Denby; Toby Hendy,#7B1FA2,12,Sam and Toby Tokatoka Parking Spot,173.977232402937,-36.05841447931346,,,,,,,,Present in Jet Lag: New Zealand (Season 5) \nMembers who visited:\n1) Sam\n2) Toby\nChallenge: Give your partner a genuine compliment at Tokatoka Peak,
5,Race to the End of the World,Sam Denby; Toby Hendy,#7B1FA2,13,Tokatoka Lookout Track,173.9772556,-36.0586177,,,,,,,,Present in Jet Lag: New Zealand (Season 5) \nMembers who visited:\n1) Sam\n2) Toby\nChallenge: Give your partner a genuine compliment at Tokatoka Peak,
5,Race to the End of the World,Sam Denby; Toby Hendy,#7B1FA2,14,Tokatoka Peak Lookout,173.975138,-36.057161,,,,,,,,Present in Jet Lag: New Zealand (Season 5) \nMembers who visited:\n1) Sam\n2) Toby\nChallenge: Give your partner a genuine compliment at Tokatoka Peak,
5,Race to the End of the World,Sam Denby; Toby Hendy,#7B1FA2,15,Sam and Toby Closing Door Spot,174.2682756642442,-36.11008734889045,,,,,,,,Present in Jet Lag: New Zealand (Season 5) \nMembers who visited:\n1) Sam\n2) Toby\nThe spot where Toby pulls over to close her car door,
5,Race to the End of the World,Sam Denby; Toby Hendy,#7B1FA2,16,Roadblock #1 Spot,174.513021,-36.27412899999999,,,,,,,,Present in Jet Lag: New Zealand (Season 5) \nMembers who visited:\n1) Sam\n2) Toby\n3) Adam\n4) Ben\nThe spot where Toby deployed the first roadblock of Season 5\nRoadblock: Destroy one ring,
5,Race to the End of the World,Sam Denby; Toby Hendy,#7B1FA2,17,Sam and Toby Centennial Park Parking Lot,174.5308066148155,-36.30146142152621,,,,,,,,Present in Jet Lag: New Zealand (Season 5) \nMembers who visited:\n1) Sam\n2) Toby\nChallenge: Score a drop goal at Centennial Park,
5,Race to the End of the World,Sam Denby; Toby Hendy,#7B1FA2,18,Centennial Park,174.5320567,-36.3013679,,,,,,,,Present in Jet Lag: New Zealand (Season 5) \nMembers who visited:\n1) Sam\n2) Toby\nChallenge: Score a drop goal at Centennial Park,
5,Race to the End of the World,Sam Denby; Toby Hendy,#7B1FA2,19,Roadblock #2 Spot,174.671204,-36.510617,,,,,,,,Present in Jet Lag: New Zealand (Season 5) \nMembers who visited:\n1) Sam\n2) Toby\n3) Adam\n4) Ben\nThe spot where Toby deployed the second roadblock of Season 5\nRoadblock: Handstand for 60 seconds,
5,Race to the End of the World,Sam Denby; Toby Hendy,#7B1FA2,20,Sam and Toby Ending Spot Day 1,174.6638611,-36.6266389,,,,,,,,Present in Jet Lag: New Zealand (Season 5) \nMembers who visited:\n1) Sam\n2) Toby\nThe point where Sam and Toby end for Day #1,1
5,Race to the End of the World,Sam Denby; Toby Hendy,#7B1FA2,21,Sam and Toby Megazone Car Park,174.6642591484621,-36.6353367190706,,,,,,,,Present in Jet Lag: New Zealand (Season 5) \nMembers who visited:\n1) Sam\n2) Toby\nChallenge: Have 30 minutes of fun at the Megazone,
5,Race to the End of the World,Sam Denby; Toby Hendy,#7B1FA2,22,Megazone Laser Tag,174.6643218,-36.6349563,,,,,,,,Present in Jet Lag: New Zealand (Season 5) \nMembers who visited:\n1) Sam\n2) Toby\nChallenge: Have 30 minutes of fun at the Megazone,
5,Race to the End of the World,Sam Denby; Toby Hendy,#7B1FA2,23,Sam and Toby Megazone Bench,174.6647642924761,-36.63509436403459,,,,,,,,Present in Jet Lag: New Zealand (Season 5) \nMembers who visited:\n1) Sam\n2) Toby\nChallenge: Have 30 minutes of fun at the Megazone\nNote: The bench in the video has been moved in Google Earth,
5,Race to the End of the World,Sam Denby; Toby Hendy,#7B1FA2,24,McDonald's Wairau Road,174.7402419,-36.7721119,,,,,,,,Present in Jet Lag: New Zealand (Season 5) \nMembers who visited:\n1) Sam\n2) Toby\nCurse: Eat at the next visible McDonald's (Sam and Toby),
5,Race to the End of the World,Sam Denby; Toby Hendy,#7B1FA2,25,Skycity Parking,174.7618127,-36.8497689,,,,,,,,Present in Jet Lag: New Zealand (Season 5) \nMembers who visited:\n1) Sam\n2) Toby\nCurse: Eat at the next visible McDonald's (Sam and Toby),
5,Race to the End of the World,Sam Denby; Toby Hendy,#7B1FA2,26,Sky Tower,174.762191,-36.848448,,,,,,,,Present in Jet Lag: New Zealand (Season 5) \nMembers who visited:\n1) Sam\n2) Toby\n3) Adam\n4) Ben\nThe location of the first successful Nerf shot by Adam on Sam\nChallenge: Destroy 5 rings at 5 volcanoes \nCurse: Only walk forward after rolling a die (Adam and Ben)\nCurse: Eat at the next visible McDonald's (Sam and Toby),
5,Race to the End of the World,Sam Denby; Toby Hendy,#7B1FA2,27,Albert Park,174.7678881,-36.8506426,,,,,,,,Present in Jet Lag: New Zealand (Season 5) \nMembers who visited:\n1) Sam\n2) Toby\n3) Adam\n4) Ben\nChallenge: Destroy 5 rings at 5 volcanoes\nCurse: Only walk forward after rolling a die (Adam and Ben)\nCurse: Eat at the next visible McDonald's (Sam and Toby),
5,Race to the End of the World,Sam Denby; Toby Hendy,#7B1FA2,28,McDonald's Queen Street,174.7649872,-36.8502279,,,,,,,,Present in Jet Lag: New Zealand (Season 5) \nMembers who visited:\n1) Sam\n2) Toby\nChallenge: Destroy 5 rings at 5 volcanoes\nCurse: Eat at the next visible McDonald's (Sam and Toby),
5,Race to the End of the World,Sam Denby; Toby Hendy,#7B1FA2,29,Auckland Domain,174.7754857,-36.858931,,,,,,,,Present in Jet Lag: New Zealand (Season 5) \nMembers who visited:\n1) Sam\n2) Toby\n3) Adam\n4) Ben\nChallenge: Destroy 5 rings at 5 volcanoes\nCurse: Only walk forward after rolling a die (Adam and Ben)\nCurse: Eat at the next visible McDonald's (Sam and Toby),
5,Race to the End of the World,Sam Denby; Toby Hendy,#7B1FA2,30,Nerf Spot #2,174.7620247207327,-36.84988818266861,,,,,,,,Present in Jet Lag: New Zealand (Season 5) \nMembers who visited:\n1) Sam\n2) Toby\n3) Adam\n4) Ben\nThe location of the second successful Nerf shot by Sam on Adam\nChallenge: Destroy 5 rings at 5 volcanoes\nCurse: Only walk forward after rolling a die (Adam and Ben)\nCurse: Eat at the next visible McDonald's (Sam and Toby),
5,Race to the End of the World,Sam Denby; Toby Hendy,#7B1FA2,31,Secure Parking - 67 Symonds Street Car Park,174.7648330258476,-36.85694613613793,,,,,,,,Present in Jet Lag: New Zealand (Season 5) \nMembers who visited:\n1) Sam\n2) Toby\nChallenge: Destroy 5 rings at 5 volcanoes\nCurse: Eat at the next visible McDonald's (Sam and Toby),
5,Race to the End of the World,Sam Denby; Toby Hendy,#7B1FA2,32,Sam and Toby Grafton Spot,174.7644026051888,-36.85742317163984,,,,,,,,Present in Jet Lag: New Zealand (Season 5) \nMembers who visited:\n1) Sam\n2) Toby\nChallenge: Destroy 5 rings at 5 volcanoes\nCurse: Eat at the next visible McDonald's (Sam and Toby),
5,Race to the End of the World,Sam Denby; Toby Hendy,#7B1FA2,33,Little Rangitoto Reserve,174.8095355,-36.87561549999999,,,,,,,,Present in Jet Lag: New Zealand (Season 5) \nMembers who visited:\n1) Sam\n2) Toby\n3) Adam\n4) Ben\nChallenge: Destroy 5 rings at 5 volcanoes\nCurse: Only walk forward after rolling a die (Adam and Ben)\nCurse: Eat at the next visible McDonald's (Sam and Toby),
5,Race to the End of the World,Sam Denby; Toby Hendy,#7B1FA2,34,Sam and Toby Mount Hobson Parking Spot,174.7857753082731,-36.87606640384015,,,,,,,,Present in Jet Lag: New Zealand (Season 5) \nMembers who visited:\n1) Sam\n2) Toby\nChallenge: Destroy 5 rings at 5 volcanoes\nCurse: Eat at the next visible McDonald's (Sam and Toby),
5,Race to the End of the World,Sam Denby; Toby Hendy,#7B1FA2,35,Ōhinerau / Mount Hobson,174.7870336,-36.8783204,,,,,,,,Present in Jet Lag: New Zealand (Season 5) \nMembers who visited:\n1) Sam\n2) Toby\nChallenge: Destroy 5 rings at 5 volcanoes\nCurse: Eat at the next visible McDonald's (Sam and Toby),
5,Race to the End of the World,Sam Denby; Toby Hendy,#7B1FA2,36,McDonald's Greenlane,174.7943601,-36.890154,,,,,,,,Present in Jet Lag: New Zealand (Season 5) \nMembers who visited:\n1) Sam\n2) Toby\nCurse: Eat at the next visible McDonald's (Sam and Toby),
5,Race to the End of the World,Sam Denby; Toby Hendy,#7B1FA2,37,Knit World Hamilton,175.2794713,-37.7836222,,,,,,,,Present in Jet Lag: New Zealand (Season 5) \nMembers who visited:\n1) Sam\n2) Toby,
5,Race to the End of the World,Sam Denby; Toby Hendy,#7B1FA2,38,Toby Knitting Spot,175.7566003805414,-37.97714974303521,,,,,,,,Present in Jet Lag: New Zealand (Season 5) \nMembers who visited:\n1) Toby\nChallenge: Complete a ZORB track,
5,Race to the End of the World,Sam Denby; Toby Hendy,#7B1FA2,39,BP,175.8719386,-38.215909,,,,,,,,Present in Jet Lag: New Zealand (Season 5) \nMembers who visited:\n1) Sam\n2) Toby\nChallenge: Make cheese in front of the largest cheese factory,
5,Race to the End of the World,Sam Denby; Toby Hendy,#7B1FA2,40,Sam and Toby Cheesemaking Spot,175.8255875963411,-38.13673588158197,,,,,,,,Present in Jet Lag: New Zealand (Season 5) \nMembers who visited:\n1) Sam\n2) Toby\nChallenge: Make cheese in front of the largest cheese factory,
5,Race to the End of the World,Sam Denby; Toby Hendy,#7B1FA2,41,Huka Falls Car Park,176.088863192139,-38.64955744080557,,,,,,,,Present in Jet Lag: New Zealand (Season 5) \nMembers who visited:\n1) Sam\n2) Toby\nChallenge: Waterfall at Huka Falls,
5,Race to the End of the World,Sam Denby; Toby Hendy,#7B1FA2,42,Huka Falls Bridge,176.0894419,-38.6496786,,,,,,,,Present in Jet Lag: New Zealand (Season 5) \nMembers who visited:\n1) Sam\n2) Toby\nChallenge: Waterfall at Huka Falls,
5,Race to the End of the World,Sam Denby; Toby Hendy,#7B1FA2,43,Sam and Toby Waterfall Bench,176.0890847573816,-38.64940437554347,,,,,,,,Present in Jet Lag: New Zealand (Season 5) \nMembers who visited:\n1) Sam\n2) Toby\nChallenge: Waterfall at Huka Falls,
5,Race to the End of the World,Sam Denby; Toby Hendy,#7B1FA2,44,Roadblock #3 Spot,175.4932665768407,-39.16029521042768,,,,,,,,Present in Jet Lag: New Zealand (Season 5) \nMembers who visited:\n1) Sam\n2) Toby\n3) Adam\n4) Ben\nThe spot where Toby deployed the third roadblock of Season 5\nRoadblock: Wear a new hat,
5,Race to the End of the World,Sam Denby; Toby Hendy,#7B1FA2,45,New World Supermarket Ohakune,175.399076,-39.4177431,,,,,,,,Present in Jet Lag: New Zealand (Season 5) \nMembers who visited:\n1) Sam\n2) Toby\nChallenge: Eat a carrot at the Ohakune Adventure Park,
5,Race to the End of the World,Sam Denby; Toby Hendy,#7B1FA2,46,Ohakune Carrot Adventure Park Parking Lot,175.4034207808935,-39.42031273557817,,,,,,,,Present in Jet Lag: New Zealand (Season 5) \nMembers who visited:\n1) Sam\n2) Toby\nChallenge: Eat a carrot at the Ohakune Adventure Park,
5,Race to the End of the World,Sam Denby; Toby Hendy,#7B1FA2,47,Ohakune Carrot Adventure Park,175.4034257,-39.4200811,,,,,,,,Present in Jet Lag: New Zealand (Season 5) \nMembers who visited:\n1) Sam\n2) Toby\nChallenge: Eat a carrot at the Ohakune Adventure Park,
5,Race to the End of the World,Sam Denby; Toby Hendy,#7B1FA2,48,Ohakune Carrot,175.4038002,-39.4200183,,,,,,,,Present in Jet Lag: New Zealand (Season 5) \nMembers who visited:\n1) Sam\n2) Toby\nChallenge: Eat a carrot at the Ohakune Adventure Park,
5,Race to the End of the World,Sam Denby; Toby Hendy,#7B1FA2,49,Taihape Gumboot Throwing Lane,175.7973255858932,-39.67765953331855,,,,,,,,Present in Jet Lag: New Zealand (Season 5) \nMembers who visited:\n1) Sam\n2) Toby\nChallenge: Throw a gumboot at the Taihape Gumboot Throwing Lane,
5,Race to the End of the World,Sam Denby; Toby Hendy,#7B1FA2,50,Sam and Toby Ending Spot Day 2,175.5776172717238,-40.22098545558795,,,,,,,,Present in Jet Lag: New Zealand (Season 5) \nMembers who visited:\n1) Sam\n2) Toby\nThe point where Sam and Toby end for Day #2,2
5,Race to the End of the World,Sam Denby; Toby Hendy,#7B1FA2,51,Mount Cleese Parking Lot,175.5785556,-40.3900833,,,,,,,,Present in Jet Lag: New Zealand (Season 5) \nMembers who visited:\n1) Sam\n2) Toby\nChallenge: Summit Mount Cleese,
5,Race to the End of the World,Sam Denby; Toby Hendy,#7B1FA2,52,Mt. Cleese,175.578019,-40.3899743,,,,,,,,Present in Jet Lag: New Zealand (Season 5) \nMembers who visited:\n1) Sam\n2) Toby\nChallenge: Summit Mount Cleese,
5,Race to the End of the World,Sam Denby; Toby Hendy,#7B1FA2,53,Roadblock #4 Spot,175.4412967335633,-40.52633304135919,,,,,,,,Present in Jet Lag: New Zealand (Season 5) \nMembers who visited:\n1) Sam\n2) Toby\n3) Adam\n4) Ben\nThe spot where Sam and Toby deployed the fourth roadblock of Season 5\nRoadblock: Eat something grape flavored,
5,Race to the End of the World,Sam Denby; Toby Hendy,#7B1FA2,54,Roadblock #5 Spot,175.3149722,-40.6221667,,,,,,,,"Present in Jet Lag: New Zealand (Season 5) \nMembers who visited:\n1) Sam\n2) Toby\n3) Adam\n4) Ben\nThe spot where Sam and Toby deployed the fifth roadblock of Season 5 as well as where Toby violated the No E curse\nChallenge: Lead your teammate through the jungle blindfolded\nRoadblock: Play catch\nCurse: You may not say any words with the letter ""E"" (Sam and Toby)",
5,Race to the End of the World,Sam Denby; Toby Hendy,#7B1FA2,55,Mangaone Walkway South Car Park,175.1322868,-40.8774249,,,,,,,,"Present in Jet Lag: New Zealand (Season 5) \nMembers who visited:\n1) Sam\n2) Toby\nChallenge: Lead your teammate through the jungle blindfolded\nCurse: You may not say any words with the letter ""E"" (Sam and Toby)",
5,Race to the End of the World,Sam Denby; Toby Hendy,#7B1FA2,56,Mangaone Walkway Bridge,175.134993599549,-40.87296840652839,,,,,,,,"Present in Jet Lag: New Zealand (Season 5) \nMembers who visited:\n1) Sam\n2) Toby\nChallenge: Lead your teammate through the jungle blindfolded\nCurse: You may not say any words with the letter ""E"" (Sam and Toby)",
5,Race to the End of the World,Sam Denby; Toby Hendy,#7B1FA2,57,Toby Campaign Spot #1 (Beehive),174.7758056,-41.2785833,,,,,,,,"Present in Jet Lag: New Zealand (Season 5) \nMembers who visited:\n1)  Toby\nChallenge: Run for Prime Minister\nCurse: You may not say any words with the letter ""E"" (Sam and Toby)",
5,Race to the End of the World,Sam Denby; Toby Hendy,#7B1FA2,58,Parking lot,174.7818553,-41.2910514,,,,,,,,"Present in Jet Lag: New Zealand (Season 5) \nMembers who visited:\n1) Sam\n2) Toby\nChallenge: Run for Prime Minister\nCurse: You may not say any words with the letter ""E"" (Sam and Toby)",
5,Race to the End of the World,Sam Denby; Toby Hendy,#7B1FA2,59,Toby Campaign Spot #2 (Te Papa),174.7811389,-41.2905,,,,,,,,"Present in Jet Lag: New Zealand (Season 5) \nMembers who visited:\n1) Sam\n2) Toby\nChallenge: Run for Prime Minister\nCurse: You may not say any words with the letter ""E"" (Sam and Toby)",
5,Race to the End of the World,Sam Denby; Toby Hendy,#7B1FA2,60,Toby Campaign Spot #3 (Waterfront Walk),174.7830796892432,-41.28938287213257,,,,,,,,"Present in Jet Lag: New Zealand (Season 5) \nMembers who visited:\n1) Sam\n2) Toby\nChallenge: Run for Prime Minister\nCurse: You may not say any words with the letter ""E"" (Sam and Toby)",
5,Race to the End of the World,Sam Denby; Toby Hendy,#7B1FA2,61,Toby Campaign Spot #4,174.7844167,-41.291,,,,,,,,"Present in Jet Lag: New Zealand (Season 5) \nMembers who visited:\n1) Sam\n2) Toby\nChallenge: Run for Prime Minister\nCurse: You may not say any words with the letter ""E"" (Sam and Toby)",
5,Race to the End of the World,Sam Denby; Toby Hendy,#7B1FA2,62,Waitangi Park,174.7852526,-41.2914566,,,,,,,,"Present in Jet Lag: New Zealand (Season 5) \nMembers who visited:\n1) Toby\nChallenge: Run for Prime Minister\nCurse: You may not say any words with the letter ""E"" (Sam and Toby)",
5,Race to the End of the World,Sam Denby; Toby Hendy,#7B1FA2,63,Wellington Interislander Vehicle Check-in,174.7901923,-41.2620703,,,,,,,,Present in Jet Lag: New Zealand (Season 5) \nMembers who visited:\n1) Sam\n2) Toby\n3) Adam\n4) Ben,
5,Race to the End of the World,Sam Denby; Toby Hendy,#7B1FA2,64,Interislander Ferry,174.7885483,-41.26357369999999,,,,,,,,Present in Jet Lag: New Zealand (Season 5) \nMembers who visited:\n1) Sam\n2) Toby\n3) Adam\n4) Ben,
5,Race to the End of the World,Sam Denby; Toby Hendy,#7B1FA2,65,Picton Port,174.0049603146314,-41.28401182250992,,,,,,,,Present in Jet Lag: New Zealand (Season 5) \nMembers who visited:\n1) Sam\n2) Toby\n3) Adam\n4) Ben,
5,Race to the End of the World,Sam Denby; Toby Hendy,#7B1FA2,66,Hammer Hardware Picton,174.006548,-41.2904783,,,,,,,,"Present in Jet Lag: New Zealand (Season 5) \nMembers who visited:\n1) Sam\n2) Toby\nChallenge: Dock a boat in Picton Memorial Park\nCurse: You may not say any words with the letter ""E"" (Sam and Toby)",
5,Race to the End of the World,Sam Denby; Toby Hendy,#7B1FA2,67,Picton Memorial Park,174.0064799,-41.2881972,,,,,,,,"Present in Jet Lag: New Zealand (Season 5) \nMembers who visited:\n1) Sam\n2) Toby\nChallenge: Dock a boat in Picton Memorial Park\nCurse: You may not say any words with the letter ""E"" (Sam and Toby)",
5,Race to the End of the World,Sam Denby; Toby Hendy,#7B1FA2,68,Sam Picton Boat Building Spot,174.0065622252967,-41.28850529829226,,,,,,,,"Present in Jet Lag: New Zealand (Season 5) \nMembers who visited:\n1) Sam\nChallenge: Dock a boat in Picton Memorial Park\nCurse: You may not say any words with the letter ""E"" (Sam and Toby)",
5,Race to the End of the World,Sam Denby; Toby Hendy,#7B1FA2,69,Waitohi bay and swimming area,174.0069389,-41.2877284,,,,,,,,"Present in Jet Lag: New Zealand (Season 5) \nMembers who visited:\n1) Toby\nChallenge: Dock a boat in Picton Memorial Park\nCurse: You may not say any words with the letter ""E"" (Sam and Toby)",
5,Race to the End of the World,Sam Denby; Toby Hendy,#7B1FA2,70,Sam Cake Eating Spot,174.1311463211538,-41.72866083326231,,,,,,,,Present in Jet Lag: New Zealand (Season 5) \nMembers who visited:\n1) Sam\nChallenge: Drink cake at a pink lake,
5,Race to the End of the World,Sam Denby; Toby Hendy,#7B1FA2,71,Sam and Toby Ending Spot Day 3,173.5863333,-42.4424722,,,,,,,,Present in Jet Lag: New Zealand (Season 5) \nMembers who visited:\n1) Sam\n2) Toby\nThe point where Sam and Toby end for Day #3\nCurse: Listen to Tom Lehrer's The Element Song on repeat until you reach your next challenge,3
5,Race to the End of the World,Sam Denby; Toby Hendy,#7B1FA2,72,Bunnings Warehouse Parking lot,172.6073374,-43.5386681,,,,,,,,Present in Jet Lag: New Zealand (Season 5) \nMembers who visited:\n1) Sam\n2) Toby\nChallenge: Show a plant the Garden City,
5,Race to the End of the World,Sam Denby; Toby Hendy,#7B1FA2,73,Bunnings Warehouse Riccarton,172.6078605,-43.53830869999999,,,,,,,,Present in Jet Lag: New Zealand (Season 5) \nMembers who visited:\n1) Sam\n2) Toby\nChallenge: Show a plant the Garden City,
5,Race to the End of the World,Sam Denby; Toby Hendy,#7B1FA2,74,Intenrnation Antarctic Center Parking Lot,172.5468008118137,-43.48887287463086,,,,,,,,Present in Jet Lag: New Zealand (Season 5) \nMembers who visited:\n1) Sam\n2) Toby\nChallenge: Show a plant the Garden City,
5,Race to the End of the World,Sam Denby; Toby Hendy,#7B1FA2,75,International Antarctic Centre,172.547093,-43.4884068,,,,,,,,Present in Jet Lag: New Zealand (Season 5) \nMembers who visited:\n1) Sam\n2) Toby\nChallenge: Show a plant the Garden City,
5,Race to the End of the World,Sam Denby; Toby Hendy,#7B1FA2,76,Botanic Gardens Parking lot,172.6208245,-43.5281877,,,,,,,,Present in Jet Lag: New Zealand (Season 5) \nMembers who visited:\n1) Sam\n2) Toby\nChallenge: Show a plant the Garden City,
5,Race to the End of the World,Sam Denby; Toby Hendy,#7B1FA2,77,Christchurch Botanic Gardens,172.6232211,-43.5306989,,,,,,,,Present in Jet Lag: New Zealand (Season 5) \nMembers who visited:\n1) Sam\n2) Toby\nChallenge: Show a plant the Garden City,
5,Race to the End of the World,Sam Denby; Toby Hendy,#7B1FA2,78,Foot Bridge to Christchurch Botanic Garden,172.6205977,-43.5285383,,,,,,,,Present in Jet Lag: New Zealand (Season 5) \nMembers who visited:\n1) Sam\n2) Toby\nChallenge: Show a plant the Garden City,
5,Race to the End of the World,Sam Denby; Toby Hendy,#7B1FA2,79,"Cuningham, Townend and Garrick House",172.6211214,-43.5298811,,,,,,,,Present in Jet Lag: New Zealand (Season 5) \nMembers who visited:\n1) Sam\n2) Toby\nChallenge: Show a plant the Garden City,
5,Race to the End of the World,Sam Denby; Toby Hendy,#7B1FA2,80,Botanic Gardens Tree Stump,172.6213115861232,-43.52936851847241,,,,,,,,Present in Jet Lag: New Zealand (Season 5) \nMembers who visited:\n1) Sam\n2) Toby\nChallenge: Show a plant the Garden City,
5,Race to the End of the World,Sam Denby; Toby Hendy,#7B1FA2,81,Sam and Toby Plant Selfie Spot,172.6205193324789,-43.52904572924945,,,,,,,,Present in Jet Lag: New Zealand (Season 5) \nMembers who visited:\n1) Sam\n2) Toby\nChallenge: Show a plant the Garden City,
5,Race to the End of the World,Sam Denby; Toby Hendy,#7B1FA2,82,NZ Musuem of Toys & Collectibles Parking Lot,172.63992804434,-43.53800103724823,,,,,,,,Present in Jet Lag: New Zealand (Season 5) \nMembers who visited:\n1) Sam\n2) Toby\nChallenge: Show a plant the Garden City,
5,Race to the End of the World,Sam Denby; Toby Hendy,#7B1FA2,83,NZ Museum of Toys & Collectibles,172.6400227,-43.5382559,,,,,,,,Present in Jet Lag: New Zealand (Season 5) \nMembers who visited:\n1) Sam\n2) Toby\nChallenge: Show a plant the Garden City,
5,Race to the End of the World,Sam Denby; Toby Hendy,#7B1FA2,84,Air Force Museum Parking Lot,172.5478351,-43.5455653,,,,,,,,Present in Jet Lag: New Zealand (Season 5) \nMembers who visited:\n1) Sam\n2) Toby\nChallenge: Show a plant the Garden City,
5,Race to the End of the World,Sam Denby; Toby Hendy,#7B1FA2,85,Air Force Museum of New Zealand,172.5478733,-43.5463065,,,,,,,,Present in Jet Lag: New Zealand (Season 5) \nMembers who visited:\n1) Sam\n2) Toby\nChallenge: Show a plant the Garden City,
5,Race to the End of the World,Sam Denby; Toby Hendy,#7B1FA2,86,Mitre 10 MEGA Hornby Parking lot,172.5287933100332,-43.54223462192574,,,,,,,,Present in Jet Lag: New Zealand (Season 5) \nMembers who visited:\n1) Sam\n2) Toby\nChallenge: Ride your snowboard at Timaru Skate Park,
5,Race to the End of the World,Sam Denby; Toby Hendy,#7B1FA2,87,Mitre 10 MEGA Hornby,172.5277279,-43.541857,,,,,,,,Present in Jet Lag: New Zealand (Season 5) \nMembers who visited:\n1) Sam\n2) Toby\nChallenge: Ride your snowboard at Timaru Skate Park,
5,Race to the End of the World,Sam Denby; Toby Hendy,#7B1FA2,88,Community Skateboard Park,171.2474852,-44.3891096,,,,,,,,Present in Jet Lag: New Zealand (Season 5) \nMembers who visited:\n1) Sam\n2) Toby\nChallenge: Ride your snowboard at Timaru Skate Park,
5,Race to the End of the World,Sam Denby; Toby Hendy,#7B1FA2,89,Elephant Rocks Car Park,170.6585671,-44.8934643,,,,,,,,Present in Jet Lag: New Zealand (Season 5) \nMembers who visited:\n1) Sam\n2) Toby\nChallenge: Remember at the Elephant Rocks,
5,Race to the End of the World,Sam Denby; Toby Hendy,#7B1FA2,90,Elephant Rocks,170.6560906,-44.8935508,,,,,,,,Present in Jet Lag: New Zealand (Season 5) \nMembers who visited:\n1) Toby\nChallenge: Remember at the Elephant Rocks,
5,Race to the End of the World,Sam Denby; Toby Hendy,#7B1FA2,91,Elephant Rock #5,170.6557690169023,-44.89322210778779,,,,,,,,Present in Jet Lag: New Zealand (Season 5) \nMembers who visited:\n1) Toby\nChallenge: Remember at the Elephant Rocks,
5,Race to the End of the World,Sam Denby; Toby Hendy,#7B1FA2,92,Elephant Rock #2,170.6559335634613,-44.89300226850242,,,,,,,,Present in Jet Lag: New Zealand (Season 5) \nMembers who visited:\n1) Toby\nChallenge: Remember at the Elephant Rocks,
5,Race to the End of the World,Sam Denby; Toby Hendy,#7B1FA2,93,Elephant Rock #4,170.6562303069769,-44.89313634996638,,,,,,,,Present in Jet Lag: New Zealand (Season 5) \nMembers who visited:\n1) Toby\nChallenge: Remember at the Elephant Rocks,
5,Race to the End of the World,Sam Denby; Toby Hendy,#7B1FA2,94,Elephant Rock #6,170.6556267114803,-44.89330946952067,,,,,,,,Present in Jet Lag: New Zealand (Season 5) \nMembers who visited:\n1) Toby\nChallenge: Remember at the Elephant Rocks,
5,Race to the End of the World,Sam Denby; Toby Hendy,#7B1FA2,95,Elephant Rock #0,170.6564705310316,-44.89287862709359,,,,,,,,Present in Jet Lag: New Zealand (Season 5) \nMembers who visited:\n1) Toby\nChallenge: Remember at the Elephant Rocks,
5,Race to the End of the World,Sam Denby; Toby Hendy,#7B1FA2,96,Elephant Rock #3,170.6564045806223,-44.8930763477957,,,,,,,,Present in Jet Lag: New Zealand (Season 5) \nMembers who visited:\n1) Toby\nChallenge: Remember at the Elephant Rocks,
5,Race to the End of the World,Sam Denby; Toby Hendy,#7B1FA2,97,Elephant Rock #8,170.6556451058851,-44.89348100974924,,,,,,,,Present in Jet Lag: New Zealand (Season 5) \nMembers who visited:\n1) Toby\nChallenge: Remember at the Elephant Rocks,
5,Race to the End of the World,Sam Denby; Toby Hendy,#7B1FA2,98,Wanaka Tree Parking Lot,169.1195696007297,-44.69990497658915,,,,,,,,Present in Jet Lag: New Zealand (Season 5) \nMembers who visited:\n1) Sam\n2) Toby\nChallenge: Create content at That Wanaka Tree,
5,Race to the End of the World,Sam Denby; Toby Hendy,#7B1FA2,99,#ThatWanakaTree,169.1174237,-44.6985828,,,,,,,,Present in Jet Lag: New Zealand (Season 5) \nMembers who visited:\n1) Sam\n2) Toby\nChallenge: Create content at That Wanaka Tree,
5,Race to the End of the World,Sam Denby; Toby Hendy,#7B1FA2,100,Cardrona Bra Fence Parking Lot,169.0189610283838,-44.86344681357455,,,,,,,,Present in Jet Lag: New Zealand (Season 5) \nMembers who visited:\n1) Sam\n2) Toby\nChallenge: Find ten green bras on the Cardrona Bra Fence,
5,Race to the End of the World,Sam Denby; Toby Hendy,#7B1FA2,101,Cardrona Bra Fence,169.0187828,-44.8635902,,,,,,,,Present in Jet Lag: New Zealand (Season 5) \nMembers who visited:\n1) Sam\n2) Toby\nChallenge: Find ten green bras on the Cardrona Bra Fence,
5,Race to the End of the World,Sam Denby; Toby Hendy,#7B1FA2,102,Sam and Toby Ending Spot Day 4,168.9454365970802,-44.97685814571964,,,,,,,,Present in Jet Lag: New Zealand (Season 5) \nMembers who visited:\n1) Sam\n2) Toby\nThe point where Sam and Toby end for Day #4,4
5,Race to the End of the World,Sam Denby; Toby Hendy,#7B1FA2,103,Kawarau Parking Lot,168.9007713,-45.0096136,,,,,,,,Present in Jet Lag: New Zealand (Season 5) \nMembers who visited:\n1) Sam\n2) Toby\nChallenge: Go extreme in Queestown\nCurse: You get no reward for your next challenge (Sam and Toby),
5,Race to the End of the World,Sam Denby; Toby Hendy,#7B1FA2,104,AJ Hackett Kawarau Bungy Centre,168.900145,-45.009472,,,,,,,,Present in Jet Lag: New Zealand (Season 5) \nMembers who visited:\n1) Sam\n2) Toby\nChallenge: Go extreme in Queestown\nCurse: You get no reward for your next challenge (Sam and Toby),
5,Race to the End of the World,Sam Denby; Toby Hendy,#7B1FA2,105,Kawarau Gorge Suspension Bridge,168.8998691,-45.0088448,,,,,,,,Present in Jet Lag: New Zealand (Season 5) \nMembers who visited:\n1) Sam\nChallenge: Go extreme in Queestown\nCurse: You get no reward for your next challenge (Sam and Toby),
5,Race to the End of the World,Sam Denby; Toby Hendy,#7B1FA2,106,Countdown Queestown Parking Lot,168.7416221376729,-45.01322565770707,,,,,,,,Present in Jet Lag: New Zealand (Season 5) \nMembers who visited:\n1) Sam\n2) Toby\nChallenge: Devil an egg at the Devil's Staircase,
5,Race to the End of the World,Sam Denby; Toby Hendy,#7B1FA2,107,Countdown Queenstown,168.741984,-45.013503,,,,,,,,Present in Jet Lag: New Zealand (Season 5) \nMembers who visited:\n1) Sam\n2) Toby\nChallenge: Devil an egg at the Devil's Staircase,
5,Race to the End of the World,Sam Denby; Toby Hendy,#7B1FA2,108,Sam and Toby Devil Eggs Spot,168.7429069,-45.2458091,,,,,,,,Present in Jet Lag: New Zealand (Season 5) \nMembers who visited:\n1) Sam\n2) Toby\nChallenge: Devil an egg at the Devil's Staircase,
5,Race to the End of the World,Sam Denby; Toby Hendy,#7B1FA2,109,Stirling Point Parking Lot,168.3571111,-46.6133611,,,,,,,,Present in Jet Lag: New Zealand (Season 5) \nMembers who visited:\n1) Sam\n2) Toby\n3) Adam\n4) Ben,
5,Race to the End of the World,Sam Denby; Toby Hendy,#7B1FA2,110,Lookout Point,168.3283531,-46.6238337,,,,,,,,Present in Jet Lag: New Zealand (Season 5) \nMembers who visited:\n1) Sam\n2) Toby\n3) Adam\n4) Ben,
5,Race to the End of the World,Sam Denby; Toby Hendy,#7B1FA2,111,Beautiful Lookout - edge of the Bluff - invercargill,168.3276065,-46.62399970000001,,,,,,,,Present in Jet Lag: Battle for America (Season 4) \nMembers who visited:\n1) Sam\n2) Toby\n3) Adam \n4) Ben\nThe final location of Season 5 (Sam and Toby are victorious),
5,Race to the End of the World,Adam Chase; Ben Doyle,#D32F2F,0,Season 5 Cape Reinga Starting Spot,172.677479176482,-34.42665960278735,,,,,,,,The starting point of Jet Lag: New Zealand (Season 5)\nMembers who visited:\n1) Sam\n2) Toby\n3) Adam\n4) Ben,
5,Race to the End of the World,Adam Chase; Ben Doyle,#D32F2F,1,Cape Reinga Parking Area,172.6822688,-34.4300349,,,,,,,,Present in Jet Lag: New Zealand (Season 5)\nMembers who visited:\n1) Sam\n2) Toby\n3) Adam\n4) Ben,
5,Race to the End of the World,Adam Chase; Ben Doyle,#D32F2F,2,Parking Sand Dunes,172.7734991295079,-34.52428476889317,,,,,,,,Present in Jet Lag: New Zealand (Season 5) \nMembers who visited:\n1) Sam\n2) Toby\n3) Adam\n4) Ben\nChallenge: Sandboard at Te Paki Sand Dunes,
5,Race to the End of the World,Adam Chase; Ben Doyle,#D32F2F,3,Giant Sand Dunes,172.77394,-34.5248998,,,,,,,,Present in Jet Lag: New Zealand (Season 5) \nMembers who visited:\n1) Sam\n2) Toby\n3) Adam\n4) Ben\nChallenge: Sandboard at Te Paki Sand Dunes,
5,Race to the End of the World,Adam Chase; Ben Doyle,#D32F2F,4,PAK'nSAVE Kaitaia,173.2586007058295,-35.09936683005135,,,,,,,,Present in Jet Lag: New Zealand (Season 5) \nMembers who visited:\n1) Adam\n2) Ben\nChallenge: Make a plentiful sandwich at Kaitaia,
5,Race to the End of the World,Adam Chase; Ben Doyle,#D32F2F,5,Bells Produce,173.2592101,-35.1010485,,,,,,,,Present in Jet Lag: New Zealand (Season 5) \nMembers who visited:\n1) Adam\n2) Ben\nChallenge: Make a plentiful sandwich at Kaitaia,
5,Race to the End of the World,Adam Chase; Ben Doyle,#D32F2F,6,Kaitaia Food Market,173.2645824,-35.114815,,,,,,,,Present in Jet Lag: New Zealand (Season 5) \nMembers who visited:\n1) Adam\n2) Ben\nChallenge: Make a plentiful sandwich at Kaitaia,
5,Race to the End of the World,Adam Chase; Ben Doyle,#D32F2F,7,Turkish Kebabs & Pizzas,173.264888,-35.1156844,,,,,,,,Present in Jet Lag: New Zealand (Season 5) \nMembers who visited:\n1) Adam\n2) Ben\nChallenge: Make a plentiful sandwich at Kaitaia,
5,Race to the End of the World,Adam Chase; Ben Doyle,#D32F2F,8,Kaitaia Welcome Sign,173.2700016,-35.121054,,,,,,,,Present in Jet Lag: New Zealand (Season 5) \nMembers who visited:\n1) Adam\n2) Ben\nChallenge: Make a plentiful sandwich at Kaitaia,
5,Race to the End of the World,Adam Chase; Ben Doyle,#D32F2F,9,Okaihau Fire Station Parking Spot,173.7713584878085,-35.32081616868557,,,,,,,,Present in Jet Lag: New Zealand (Season 5) \nMembers who visited:\n1) Adam\n2) Ben\nChallenge: Sing the Ōkaihau Express in Ōkaihau Rail Tunnel,
5,Race to the End of the World,Adam Chase; Ben Doyle,#D32F2F,10,Okaihau Rail Tunnel,173.7704168452125,-35.32061184792749,,,,,,,,Present in Jet Lag: New Zealand (Season 5) \nMembers who visited:\n1) Adam\n2) Ben\nChallenge: Sing the Ōkaihau Express in Ōkaihau Rail Tunnel,
5,Race to the End of the World,Adam Chase; Ben Doyle,#D32F2F,11,Adam and Ben Paihia Parking Spot,174.0907621040839,-35.28247589245978,,,,,,,,Present in Jet Lag: New Zealand (Season 5) \nMembers who visited:\n1) Adam\n2) Ben\nChallenge: Complete a cream trip at the Bay of Islands,
5,Race to the End of the World,Adam Chase; Ben Doyle,#D32F2F,12,Countdown Paihia Central,174.0911481,-35.2822583,,,,,,,,Present in Jet Lag: New Zealand (Season 5) \nMembers who visited:\n1) Adam\n2) Ben\nChallenge: Complete a cream trip at the Bay of Islands,
5,Race to the End of the World,Adam Chase; Ben Doyle,#D32F2F,13,Bay Beach Hire,174.0963249893803,-35.28479452289755,,,,,,,,Present in Jet Lag: New Zealand (Season 5) \nMembers who visited:\n1) Adam\n2) Ben\nChallenge: Complete a cream trip at the Bay of Islands,
5,Race to the End of the World,Adam Chase; Ben Doyle,#D32F2F,14,Adam and Ben Kayak Spot,174.0963449720739,-35.28468171814079,,,,,,,,Present in Jet Lag: New Zealand (Season 5) \nMembers who visited:\n1) Adam\n2) Ben\nChallenge: Complete a cream trip at the Bay of Islands,
5,Race to the End of the World,Adam Chase; Ben Doyle,#D32F2F,15,Adam and Ben Cream Island #1,174.1004819734409,-35.28342653993916,,,,,,,,Present in Jet Lag: New Zealand (Season 5) \nMembers who visited:\n1) Adam\n2) Ben\nChallenge: Complete a cream trip at the Bay of Islands,
5,Race to the End of the World,Adam Chase; Ben Doyle,#D32F2F,16,Adam and Ben Cream Island #2,174.0975625387467,-35.27803795396172,,,,,,,,Present in Jet Lag: New Zealand (Season 5) \nMembers who visited:\n1) Adam\n2) Ben\nChallenge: Complete a cream trip at the Bay of Islands,
5,Race to the End of the World,Adam Chase; Ben Doyle,#D32F2F,17,Adam and Ben Cream Island #3,174.0944584347295,-35.27640741646499,,,,,,,,Present in Jet Lag: New Zealand (Season 5) \nMembers who visited:\n1) Adam\n2) Ben\nChallenge: Complete a cream trip at the Bay of Islands,
5,Race to the End of the World,Adam Chase; Ben Doyle,#D32F2F,18,Adam and Ben Hundertwasser Parking Spot,174.0675385160644,-35.38018284649692,,,,,,,,Present in Jet Lag: New Zealand (Season 5) \nMembers who visited:\n1) Adam\n2) Ben\nChallenge: Use the Hundertwasser Public Toilets,
5,Race to the End of the World,Adam Chase; Ben Doyle,#D32F2F,19,Hundertwasser Public Toilets,174.0669235,-35.3799433,,,,,,,,Present in Jet Lag: New Zealand (Season 5) \nMembers who visited:\n1) Adam\n2) Ben\nChallenge: Use the Hundertwasser Public Toilets,
5,Race to the End of the World,Adam Chase; Ben Doyle,#D32F2F,20,Adrenalin Adventure Park,174.2197426283345,-35.59221017959845,,,,,,,,Present in Jet Lag: New Zealand (Season 5) \nMembers who visited:\n1) Adam\n2) Ben\nChallenge: Go extreme at Adrenalin Adventure Park,
5,Race to the End of the World,Adam Chase; Ben Doyle,#D32F2F,21,McDonald's Whangarei,174.321501,-35.718649,,,,,,,,Present in Jet Lag: New Zealand (Season 5) \nMembers who visited:\n1) Adam\n2) Ben,
5,Race to the End of the World,Adam Chase; Ben Doyle,#D32F2F,22,Adam and Ben Claphams Parking Lot,174.3261685336935,-35.72546578349861,,,,,,,,Present in Jet Lag: New Zealand (Season 5) \nMembers who visited:\n1) Adam\n2) Ben\nChallenge: Find the time at Clapham's National Clock Museum,
5,Race to the End of the World,Adam Chase; Ben Doyle,#D32F2F,23,Claphams National Clock Museum,174.3264949,-35.7251359,,,,,,,,Present in Jet Lag: New Zealand (Season 5) \nMembers who visited:\n1) Adam\n2) Ben\nChallenge: Find the time at Clapham's National Clock Museum,
5,Race to the End of the World,Adam Chase; Ben Doyle,#D32F2F,24,Adam and Ben Waipu Cave Parking Lot,174.3483201185818,-35.93408453213588,,,,,,,,Present in Jet Lag: New Zealand (Season 5) \nMembers who visited:\n1) Adam\n2) Ben\nChallenge: Find glowworms at Waipu Caves,
5,Race to the End of the World,Adam Chase; Ben Doyle,#D32F2F,25,Waipu Caves,174.3495241247138,-35.93355937952389,,,,,,,,Present in Jet Lag: New Zealand (Season 5) \nMembers who visited:\n1) Adam\n2) Ben\nChallenge: Find glowworms at Waipu Caves,
5,Race to the End of the World,Adam Chase; Ben Doyle,#D32F2F,26,Roadblock #1 Spot,174.513021,-36.27412899999999,,,,,,,,Present in Jet Lag: New Zealand (Season 5) \nMembers who visited:\n1) Sam\n2) Toby\n3) Adam\n4) Ben\nThe spot where Toby deployed the first roadblock of Season 5\nRoadblock: Destroy one ring,
5,Race to the End of the World,Adam Chase; Ben Doyle,#D32F2F,27,GAS Te Hana,174.5090831,-36.2553267,,,,,,,,Present in Jet Lag: New Zealand (Season 5) \nMembers who visited:\n1) Adam\n2) Ben\nRoadblock: Destroy one ring,
5,Race to the End of the World,Adam Chase; Ben Doyle,#D32F2F,28,Roadblock #2 Spot,174.671204,-36.510617,,,,,,,,Present in Jet Lag: New Zealand (Season 5) \nMembers who visited:\n1) Sam\n2) Toby\n3) Adam\n4) Ben\nThe spot where Toby deployed the second roadblock of Season 5\nRoadblock: Handstand for 60 seconds,
5,Race to the End of the World,Adam Chase; Ben Doyle,#D32F2F,29,Adam and Ben Ending Spot Day 1,174.6481944,-36.4300556,,,,,,,,Present in Jet Lag: New Zealand (Season 5) \nMembers who visited:\n1) Adam\n2) Ben\nThe point where Adam and Ben end for Day #1,1
5,Race to the End of the World,Adam Chase; Ben Doyle,#D32F2F,30,Adam Handstand Spot,174.6726259165452,-36.51065599296669,,,,,,,,Present in Jet Lag: New Zealand (Season 5) \nMembers who visited:\n1) Adam\nRoadblock: Handstand for 60 seconds,
5,Race to the End of the World,Adam Chase; Ben Doyle,#D32F2F,31,17 Vogel Ln Parking,174.76111,-36.84725,,,,,,,,Present in Jet Lag: New Zealand (Season 5) \nMembers who visited:\n1) Adam\n2) Ben\nCurse: Only walk forward after rolling a die (Adam and Ben),
5,Race to the End of the World,Adam Chase; Ben Doyle,#D32F2F,32,77 convenience store,174.7619077,-36.8479106,,,,,,,,Present in Jet Lag: New Zealand (Season 5) \nMembers who visited:\n1) Adam\n2) Ben\nCurse: Only walk forward after rolling a die (Adam and Ben),
5,Race to the End of the World,Adam Chase; Ben Doyle,#D32F2F,33,Sky Tower,174.762191,-36.848448,,,,,,,,Present in Jet Lag: New Zealand (Season 5) \nMembers who visited:\n1) Sam\n2) Toby\n3) Adam\n4) Ben\nThe location of the first successful Nerf shot by Adam on Sam\nChallenge: Destroy 5 rings at 5 volcanoes \nCurse: Only walk forward after rolling a die (Adam and Ben)\nCurse: Eat at the next visible McDonald's (Sam and Toby),
5,Race to the End of the World,Adam Chase; Ben Doyle,#D32F2F,34,Adam and Ben Bike/Scooter Pick-Up Spot,174.7617265108615,-36.84814082741705,,,,,,,,Present in Jet Lag: New Zealand (Season 5) \nMembers who visited:\n1) Adam\n2) Ben\nChallenge: Destroy 5 rings at 5 volcanoes\nCurse: Only walk forward after rolling a die (Adam and Ben),
5,Race to the End of the World,Adam Chase; Ben Doyle,#D32F2F,35,Albert Park,174.7678881,-36.8506426,,,,,,,,Present in Jet Lag: New Zealand (Season 5) \nMembers who visited:\n1) Sam\n2) Toby\n3) Adam\n4) Ben\nChallenge: Destroy 5 rings at 5 volcanoes\nCurse: Only walk forward after rolling a die (Adam and Ben)\nCurse: Eat at the next visible McDonald's (Sam and Toby),
5,Race to the End of the World,Adam Chase; Ben Doyle,#D32F2F,36,Adam and Ben Grafton Spot,174.7671264974496,-36.86037184010147,,,,,,,,Present in Jet Lag: New Zealand (Season 5) \nMembers who visited:\n1) Adam\n2) Ben\nChallenge: Destroy 5 rings at 5 volcanoes\nCurse: Only walk forward after rolling a die (Adam and Ben),
5,Race to the End of the World,Adam Chase; Ben Doyle,#D32F2F,37,Auckland Domain,174.7754857,-36.858931,,,,,,,,Present in Jet Lag: New Zealand (Season 5) \nMembers who visited:\n1) Sam\n2) Toby\n3) Adam\n4) Ben\nChallenge: Destroy 5 rings at 5 volcanoes\nCurse: Only walk forward after rolling a die (Adam and Ben)\nCurse: Eat at the next visible McDonald's (Sam and Toby),
5,Race to the End of the World,Adam Chase; Ben Doyle,#D32F2F,38,Nerf Spot #2,174.7620247207327,-36.84988818266861,,,,,,,,Present in Jet Lag: New Zealand (Season 5) \nMembers who visited:\n1) Sam\n2) Toby\n3) Adam\n4) Ben\nThe location of the second successful Nerf shot by Sam on Adam\nChallenge: Destroy 5 rings at 5 volcanoes\nCurse: Only walk forward after rolling a die (Adam and Ben)\nCurse: Eat at the next visible McDonald's (Sam and Toby),
5,Race to the End of the World,Adam Chase; Ben Doyle,#D32F2F,39,Adam and Ben Nerf Waiting Spot,174.7618816587658,-36.84978238256659,,,,,,,,Present in Jet Lag: New Zealand (Season 5) \nMembers who visited:\n1) Adam\n2) Ben\nChallenge: Destroy 5 rings at 5 volcanoes\nCurse: Only walk forward after rolling a die (Adam and Ben),
5,Race to the End of the World,Adam Chase; Ben Doyle,#D32F2F,40,Te Pou Haiwiki,174.7664896033503,-36.88191832538237,,,,,,,,Present in Jet Lag: New Zealand (Season 5) \nMembers who visited:\n1) Adam\n2) Ben\nChallenge: Destroy 5 rings at 5 volcanoes\nCurse: Only walk forward after rolling a die (Adam and Ben),
5,Race to the End of the World,Adam Chase; Ben Doyle,#D32F2F,41,Little Rangitoto Reserve,174.8095355,-36.87561549999999,,,,,,,,Present in Jet Lag: New Zealand (Season 5) \nMembers who visited:\n1) Sam\n2) Toby\n3) Adam\n4) Ben\nChallenge: Destroy 5 rings at 5 volcanoes\nCurse: Only walk forward after rolling a die (Adam and Ben)\nCurse: Eat at the next visible McDonald's (Sam and Toby),
5,Race to the End of the World,Adam Chase; Ben Doyle,#D32F2F,42,Adam and Ben ZORB Car Park,176.2214570097871,-38.1036835576226,,,,,,,,Present in Jet Lag: New Zealand (Season 5) \nMembers who visited:\n1) Adam\n2) Ben\nChallenge: Complete a ZORB track,
5,Race to the End of the World,Adam Chase; Ben Doyle,#D32F2F,43,ZORB™ Rotorua,176.2179567578233,-38.10516656869251,,,,,,,,Present in Jet Lag: New Zealand (Season 5) \nMembers who visited:\n1) Adam\n2) Ben\nChallenge: Complete a ZORB track,
5,Race to the End of the World,Adam Chase; Ben Doyle,#D32F2F,44,Countdown Fairy Springs,176.2284031,-38.1204139,,,,,,,,Present in Jet Lag: New Zealand (Season 5) \nMembers who visited:\n1) Adam\n2) Ben\nChallenge: Eat cheese at a relaxing hot spring,
5,Race to the End of the World,Adam Chase; Ben Doyle,#D32F2F,45,Kerosene Creek Car Park,176.3861844850391,-38.33403739493104,,,,,,,,Present in Jet Lag: New Zealand (Season 5) \nMembers who visited:\n1) Adam\n2) Ben\nChallenge: Eat cheese at a relaxing hot spring,
5,Race to the End of the World,Adam Chase; Ben Doyle,#D32F2F,46,Kerosene Creek,176.3863009,-38.3345422,,,,,,,,Present in Jet Lag: New Zealand (Season 5) \nMembers who visited:\n1) Adam\n2) Ben\nChallenge: Eat cheese at a relaxing hot spring,
5,Race to the End of the World,Adam Chase; Ben Doyle,#D32F2F,47,Roadblock #3 Spot,175.4932665768407,-39.16029521042768,,,,,,,,Present in Jet Lag: New Zealand (Season 5) \nMembers who visited:\n1) Sam\n2) Toby\n3) Adam\n4) Ben\nThe spot where Toby deployed the third roadblock of Season 5\nRoadblock: Wear a new hat,
5,Race to the End of the World,Adam Chase; Ben Doyle,#D32F2F,48,Adam and Ben Ending Spot Day 2,175.1539992062847,-39.84328030599124,,,,,,,,Present in Jet Lag: New Zealand (Season 5) \nMembers who visited:\n1) Adam\n2) Ben\nThe point where Adam and Ben end for Day #2,2
5,Race to the End of the World,Adam Chase; Ben Doyle,#D32F2F,49,Adam and Ben Wanganui Parking Spot,175.0504459,-39.9309011,,,,,,,,Present in Jet Lag: New Zealand (Season 5) \nMembers who visited:\n1) Adam\n2) Ben\nChallenge: Find Whanganui/Wanganui,
5,Race to the End of the World,Adam Chase; Ben Doyle,#D32F2F,50,Wanganui Money Lenders (Wanganui #1),175.0502353,-39.9309022,,,,,,,,Present in Jet Lag: New Zealand (Season 5) \nMembers who visited:\n1) Adam\n2) Ben\nChallenge: Find Whanganui/Wanganui,
5,Race to the End of the World,Adam Chase; Ben Doyle,#D32F2F,51,Noodle Canteen (Wanganui #2),175.0506971,-39.9319896,,,,,,,,Present in Jet Lag: New Zealand (Season 5) \nMembers who visited:\n1) Adam\n2) Ben\nChallenge: Find Whanganui/Wanganui,
5,Race to the End of the World,Adam Chase; Ben Doyle,#D32F2F,52,The Co-operative Bank (Wanganui #3),175.0506396,-39.9322778,,,,,,,,Present in Jet Lag: New Zealand (Season 5) \nMembers who visited:\n1) Adam\n2) Ben\nChallenge: Find Whanganui/Wanganui,
5,Race to the End of the World,Adam Chase; Ben Doyle,#D32F2F,53,The Mainstreet Caboodle Banner (Whanganui #1),175.0509553,-39.932295,,,,,,,,Present in Jet Lag: New Zealand (Season 5) \nMembers who visited:\n1) Adam\n2) Ben\nChallenge: Find Whanganui/Wanganui,
5,Race to the End of the World,Adam Chase; Ben Doyle,#D32F2F,54,BNZ Whanganui (Whanganui #2),175.0509375,-39.932096,,,,,,,,Present in Jet Lag: New Zealand (Season 5) \nMembers who visited:\n1) Adam\n2) Ben\nChallenge: Find Whanganui/Wanganui,
5,Race to the End of the World,Adam Chase; Ben Doyle,#D32F2F,55,Whanganui Kiwibank (Whanganui #3),175.0509694,-39.9324738,,,,,,,,Present in Jet Lag: New Zealand (Season 5) \nMembers who visited:\n1) Adam\n2) Ben\nChallenge: Find Whanganui/Wanganui,
5,Race to the End of the World,Adam Chase; Ben Doyle,#D32F2F,56,Roadblock #4 Spot,175.4412967335633,-40.52633304135919,,,,,,,,Present in Jet Lag: New Zealand (Season 5) \nMembers who visited:\n1) Sam\n2) Toby\n3) Adam\n4) Ben\nThe spot where Sam and Toby deployed the fourth roadblock of Season 5\nRoadblock: Eat something grape flavored,
5,Race to the End of the World,Adam Chase; Ben Doyle,#D32F2F,57,Roadblock #5 Spot,175.3149722,-40.6221667,,,,,,,,"Present in Jet Lag: New Zealand (Season 5) \nMembers who visited:\n1) Sam\n2) Toby\n3) Adam\n4) Ben\nThe spot where Sam and Toby deployed the fifth roadblock of Season 5 as well as where Toby violated the No E curse\nChallenge: Lead your teammate through the jungle blindfolded\nRoadblock: Play catch\nCurse: You may not say any words with the letter ""E"" (Sam and Toby)",
5,Race to the End of the World,Adam Chase; Ben Doyle,#D32F2F,58,Wellington Interislander Vehicle Check-in,174.7901923,-41.2620703,,,,,,,,Present in Jet Lag: New Zealand (Season 5) \nMembers who visited:\n1) Sam\n2) Toby\n3) Adam\n4) Ben,
5,Race to the End of the World,Adam Chase; Ben Doyle,#D32F2F,59,Interislander Ferry,174.7885483,-41.26357369999999,,,,,,,,Present in Jet Lag: New Zealand (Season 5) \nMembers who visited:\n1) Sam\n2) Toby\n3) Adam\n4) Ben,
5,Race to the End of the World,Adam Chase; Ben Doyle,#D32F2F,60,Adam and Ben 3:45 pm Ferry Waiting Spot,174.78275,-41.2893889,,,,,,,,Present in Jet Lag: New Zealand (Season 5) \nMembers who visited:\n1) Adam\n2) Ben\nThe spot where Adam and Ben await for their ferry at 3:45 pm,
5,Race to the End of the World,Adam Chase; Ben Doyle,#D32F2F,61,Picton Port,174.0049603146314,-41.28401182250992,,,,,,,,Present in Jet Lag: New Zealand (Season 5) \nMembers who visited:\n1) Sam\n2) Toby\n3) Adam\n4) Ben,
5,Race to the End of the World,Adam Chase; Ben Doyle,#D32F2F,62,Furniture Galley Blenheim Parking Lot,173.9602478980587,-41.50525313350649,,,,,,,,Present in Jet Lag: New Zealand (Season 5) \nMembers who visited:\n1) Adam\n2) Ben\nChallenge: Get drunk on local wine at the Wairau River,
5,Race to the End of the World,Adam Chase; Ben Doyle,#D32F2F,63,Thirsty Liquor Grove Road,173.9598286,-41.5052782,,,,,,,,Present in Jet Lag: New Zealand (Season 5) \nMembers who visited:\n1) Adam\n2) Ben\nChallenge: Get drunk on local wine at the Wairau River,
5,Race to the End of the World,Adam Chase; Ben Doyle,#D32F2F,64,Adam and Ben Ending Spot Day 3,173.1936111,-41.6680278,,,,,,,,Present in Jet Lag: New Zealand (Season 5) \nMembers who visited:\n1) Adam\n2) Ben\nThe point where Adam and Ben end for Day #3\nChallenge: Get drunk on local wine at the Wairau River,3
5,Race to the End of the World,Adam Chase; Ben Doyle,#D32F2F,65,Wairau river view point,173.0943568,-41.71626639999999,,,,,,,,Present in Jet Lag: New Zealand (Season 5) \nMembers who visited:\n1) Adam\n2) Ben\nChallenge: Get drunk on local wine at the Wairau River,
5,Race to the End of the World,Adam Chase; Ben Doyle,#D32F2F,66,Adam and Ben Math Minute Spot,172.8519489,-41.80096109999999,,,,,,,,Present in Jet Lag: New Zealand (Season 5) \nMembers who visited:\n1) Adam\n2) Ben\nChallenge: Complete a math minute in Saint Arnaud,
5,Race to the End of the World,Adam Chase; Ben Doyle,#D32F2F,67,Constant and Joyce Bays,171.4350719,-41.9040774,,,,,,,,Present in Jet Lag: New Zealand (Season 5) \nMembers who visited:\n1) Adam\n2) Ben\nChallenge: Skip a rock 6 times in the Constant and Joyce Bays,
5,Race to the End of the World,Adam Chase; Ben Doyle,#D32F2F,68,Adam and Ben Constant Bay Parking Spot,171.4356905527654,-41.90394856470921,,,,,,,,Present in Jet Lag: New Zealand (Season 5) \nMembers who visited:\n1) Adam\n2) Ben\nChallenge: Skip a rock 6 times in the Constant and Joyce Bays,
5,Race to the End of the World,Adam Chase; Ben Doyle,#D32F2F,69,Mt George Track Car Park,171.2648215,-42.32962149999999,,,,,,,,Present in Jet Lag: New Zealand (Season 5) \nMembers who visited:\n1) Adam\n2) Ben\nChallenge: Find a starfish on the Motukiekie Beach Walk,
5,Race to the End of the World,Adam Chase; Ben Doyle,#D32F2F,70,Adam and Ben Starfish Parking Spot,171.2666389,-42.3273611,,,,,,,,Present in Jet Lag: New Zealand (Season 5) \nMembers who visited:\n1) Adam\n2) Ben\nChallenge: Find a starfish on the Motukiekie Beach Walk,
5,Race to the End of the World,Adam Chase; Ben Doyle,#D32F2F,71,Adam and Ben Starfish Spot,171.2655712085227,-42.32763213166078,,,,,,,,Present in Jet Lag: New Zealand (Season 5) \nMembers who visited:\n1) Adam\n2) Ben\nChallenge: Find a starfish on the Motukiekie Beach Walk,
5,Race to the End of the World,Adam Chase; Ben Doyle,#D32F2F,72,Adam and Ben Stick Stick Gathering Trail,171.2664395652796,-42.32733251700684,,,,,,,,"Present in Jet Lag: New Zealand (Season 5) \nMembers who visited:\n1) Adam\n2) Ben\nChallenge: Make your own ""Hokitika"" beach sign",
5,Race to the End of the World,Adam Chase; Ben Doyle,#D32F2F,73,Adam and Ben Hokitika Car Park Spot,170.9621332566015,-42.71739146877461,,,,,,,,"Present in Jet Lag: New Zealand (Season 5) \nMembers who visited:\n1) Adam\n2) Ben\nChallenge: Make your own ""Hokitika"" beach sign",
5,Race to the End of the World,Adam Chase; Ben Doyle,#D32F2F,74,Hokitika discounter,170.9634105,-42.7178397,,,,,,,,"Present in Jet Lag: New Zealand (Season 5) \nMembers who visited:\n1) Adam\n2) Ben\nChallenge: Make your own ""Hokitika"" beach sign",
5,Race to the End of the World,Adam Chase; Ben Doyle,#D32F2F,75,Adam and Ben Hokitika Sign,170.9604722,-42.7166944,,,,,,,,"Present in Jet Lag: New Zealand (Season 5) \nMembers who visited:\n1) Adam\n2) Ben\nChallenge: Make your own ""Hokitika"" beach sign",
5,Race to the End of the World,Adam Chase; Ben Doyle,#D32F2F,76,New World,170.963112,-42.716206,,,,,,,,Present in Jet Lag: New Zealand (Season 5) \nMembers who visited:\n1) Adam\n2) Ben\nChallenge: Egg drop at the landing site of Guy Menzies,
5,Race to the End of the World,Adam Chase; Ben Doyle,#D32F2F,77,Adam and Ben Egg Drop Spot,170.5313757355051,-43.07675966606436,,,,,,,,Present in Jet Lag: New Zealand (Season 5) \nMembers who visited:\n1) Adam\n2) Ben\nChallenge: Egg drop at the landing site of Guy Menzies,
5,Race to the End of the World,Adam Chase; Ben Doyle,#D32F2F,78,Knights Point Lookout Parking Lot,169.2255419419421,-43.71528536641791,,,,,,,,Present in Jet Lag: New Zealand (Season 5) \nMembers who visited:\n1) Adam\n2) Ben\nChallenge: Identify 10 plants at Knights Point Lookout,
5,Race to the End of the World,Adam Chase; Ben Doyle,#D32F2F,79,Knights Point Lookout,169.2256393219775,-43.71457354294939,,,,,,,,Present in Jet Lag: New Zealand (Season 5) \nMembers who visited:\n1) Adam\n2) Ben\nChallenge: Identify 10 plants at Knights Point Lookout,
5,Race to the End of the World,Adam Chase; Ben Doyle,#D32F2F,80,Adam and Ben Plant Reception Spot,169.2690231211214,-43.7171729257513,,,,,,,,Present in Jet Lag: New Zealand (Season 5) \nMembers who visited:\n1) Adam\n2) Ben\nChallenge: Identify 10 plants at Knights Point Lookout,
5,Race to the End of the World,Adam Chase; Ben Doyle,#D32F2F,81,Haast River Bridge,169.0506049,-43.8556287,,,,,,,,Present in Jet Lag: New Zealand (Season 5) \nMembers who visited:\n1) Adam\n2) Ben\nChallenge: Complete a Haast Pass,
5,Race to the End of the World,Adam Chase; Ben Doyle,#D32F2F,82,Adam and Ben Haast River Parking Spot,169.0460833,-43.8558056,,,,,,,,Present in Jet Lag: New Zealand (Season 5) \nMembers who visited:\n1) Adam\n2) Ben\nChallenge: Complete a Haast Pass\nThe point where Adam and Ben end for Day #4,
5,Race to the End of the World,Adam Chase; Ben Doyle,#D32F2F,83,Adam and Ben Haast Practice Throw Spot,169.0514444,-43.8563889,,,,,,,,Present in Jet Lag: New Zealand (Season 5) \nMembers who visited:\n1) Adam\n2) Ben\nChallenge: Complete a Haast Pass,
5,Race to the End of the World,Adam Chase; Ben Doyle,#D32F2F,84,Adam and Ben Haast Real Throw Spot #1,169.0524167,-43.8607778,,,,,,,,Present in Jet Lag: New Zealand (Season 5) \nMembers who visited:\n1) Adam\n2) Ben\nChallenge: Complete a Haast Pass,
5,Race to the End of the World,Adam Chase; Ben Doyle,#D32F2F,85,Adam and Ben Haast Real Throw Spot #2,169.0531390301934,-43.86097118401111,,,,,,,,Present in Jet Lag: New Zealand (Season 5) \nMembers who visited:\n1) Adam\n2) Ben\nChallenge: Complete a Haast Pass,
5,Race to the End of the World,Adam Chase; Ben Doyle,#D32F2F,86,Four Square Parking,168.4416111,-45.7389167,,,,,,,,Present in Jet Lag: New Zealand (Season 5) \nMembers who visited:\n1) Adam\n2) Ben\nChallenge: Transport a box of macaroni down Elbow Lane with your elbows,
5,Race to the End of the World,Adam Chase; Ben Doyle,#D32F2F,87,Four Square Lumsden,168.4414425,-45.7389009,,,,,,,,Present in Jet Lag: New Zealand (Season 5) \nMembers who visited:\n1) Adam\n2) Ben\nChallenge: Transport a box of macaroni down Elbow Lane with your elbows,
5,Race to the End of the World,Adam Chase; Ben Doyle,#D32F2F,88,Elbow Lane,168.4423163797226,-45.74038669026908,,,,,,,,Present in Jet Lag: New Zealand (Season 5) \nMembers who visited:\n1) Adam\n2) Ben\nChallenge: Transport a box of macaroni down Elbow Lane with your elbows,
5,Race to the End of the World,Adam Chase; Ben Doyle,#D32F2F,89,Elbow Lane Parking Spot,168.4423611,-45.74033329999999,,,,,,,,Present in Jet Lag: New Zealand (Season 5) \nMembers who visited:\n1) Adam\n2) Ben\nChallenge: Transport a box of macaroni down Elbow Lane with your elbows,
5,Race to the End of the World,Adam Chase; Ben Doyle,#D32F2F,90,Macaroni Drop Spot,168.4424453998693,-45.74041944846021,,,,,,,,Present in Jet Lag: New Zealand (Season 5) \nMembers who visited:\n1) Adam\n2) Ben\nChallenge: Transport a box of macaroni down Elbow Lane with your elbows\nThe spot where the fateful macaroni dropped and knocked Adam and Ben out from winning Season 5,
5,Race to the End of the World,Adam Chase; Ben Doyle,#D32F2F,91,Stirling Point Parking Lot,168.3571111,-46.6133611,,,,,,,,Present in Jet Lag: New Zealand (Season 5) \nMembers who visited:\n1) Sam\n2) Toby\n3) Adam\n4) Ben,
5,Race to the End of the World,Adam Chase; Ben Doyle,#D32F2F,92,Lookout Point,168.3283531,-46.6238337,,,,,,,,Present in Jet Lag: New Zealand (Season 5) \nMembers who visited:\n1) Sam\n2) Toby\n3) Adam\n4) Ben,
5,Race to the End of the World,Adam Chase; Ben Doyle,#D32F2F,93,Beautiful Lookout - edge of the Bluff - invercargill,168.3276065,-46.62399970000001,,,,,,,,Present in Jet Lag: Battle for America (Season 4) \nMembers who visited:\n1) Sam\n2) Toby\n3) Adam \n4) Ben\nThe final location of Season 5 (Sam and Toby are victorious),
6,Jet Lag Japan,Sam Denby; Scotty Allen,#42A5F5,0,Marunouchi Square,139.7654768,35.6815604,,,,,,,,The starting point of Jet Lag: Japan (Season 6)\nMembers who visited: \n1) Sam\n2) Scott\n3) Adam\n4) Ben,
6,Jet Lag Japan,Sam Denby; Scotty Allen,#42A5F5,1,Tokyo Station,139.7671248,35.6812362,,,,,,,,Present in Jet Lag: Japan (Season 6) \nMembers who visited:\n1) Sam\n2) Scott\n3) Adam\n4) Ben\nChallenge: Paint or draw a local landscape (Sam and Scotty)\nChallenge: Find 3 Mario Kart Items (Ben)\nChallenge: Meet your local Yuru-Chara (Scotty),
6,Jet Lag Japan,Sam Denby; Scotty Allen,#42A5F5,2,Shinagawa Station,139.7387597,35.6284713,,,,,,,,Present in Jet Lag: Japan (Season 6) \nMembers who visited:\n1) Sam\n2) Scotty\n3) Adam\n4) Ben\nChallenge: Play Sake Pong (Sam and Scotty)\nChallenge: Find 3 new friends (Sam and Scotty)\nChallenge: Paint or draw a local landscape (Sam and Scotty)\nChallenge: Spend 15 minutes in a museum (Ben and Adam)\nThe spot of the second capture of Season 6 (Adam catches Sam and Scotty),
6,Jet Lag Japan,Sam Denby; Scotty Allen,#42A5F5,3,NewDays Shinagawa Central,139.7390416,35.6287457,,,,,,,,Present in Jet Lag: Japan (Season 6) \nMembers who visited:\n1) Sam\n2) Scott\nChallenge: Play Sake Pong,
6,Jet Lag Japan,Sam Denby; Scotty Allen,#42A5F5,4,Sam and Scotty Sake Pong Spot,139.7380278,35.6287778,,,,,,,,Present in Jet Lag: Japan (Season 6) \nMembers who visited:\n1) Sam\n2) Scott\nChallenge: Play Sake Pong,
6,Jet Lag Japan,Sam Denby; Scotty Allen,#42A5F5,5,Chiba Station,140.1133591,35.6131339,,,,,,,,Present in Jet Lag: Japan (Season 6) \nMembers who visited:\n1) Sam\n2) Scotty\n3) Adam\n4) Ben\nChallenge: Translate this card (Adam and Ben)\nChallenge: Go Super Saiyan (Adam and Ben),
6,Jet Lag Japan,Sam Denby; Scotty Allen,#42A5F5,6,Chiba Monorail Station,140.1141717348975,35.61208367362701,,,,,,Scotty Allen,,Present in Jet Lag: Japan (Season 6) \nMembers who visited:\n1) Scotty,
6,Jet Lag Japan,Sam Denby; Scotty Allen,#42A5F5,7,Kencho-Mae Station,140.122211,35.6036441,,,,,,Scotty Allen,,Present in Jet Lag: Japan (Season 6) \nMembers who visited:\n1) Scotty,
6,Jet Lag Japan,Sam Denby; Scotty Allen,#42A5F5,8,Hon-Chiba Station,140.1207196,35.6018503,,,,,,Scotty Allen,,Present in Jet Lag: Japan (Season 6) \nMembers who visited:\n1) Scotty,
6,Jet Lag Japan,Sam Denby; Scotty Allen,#42A5F5,9,Phototag Spot,140.1157381906692,35.60913788172684,,,,,,Sam Denby,,Present in Jet Lag: Japan (Season 6) \nMembers who visited:\n1) Sam\n2) Ben (Tagged)\nThe spot of the first capture of Season 6,
6,Jet Lag Japan,Sam Denby; Scotty Allen,#42A5F5,10,Maxell Aqua Park Shinagawa,139.7352393,35.6282839,,,,,,,,Present in Jet Lag: Japan (Season 6) \nMembers who visited:\n1) Sam\n2) Scotty\nChallenge: Find 3 new friends,
6,Jet Lag Japan,Sam Denby; Scotty Allen,#42A5F5,11,Yūrakuchō Station,139.7630204,35.6750133,,,,,,,,Present in Jet Lag: Japan (Season 6) \nMembers who visited:\n1) Sam\n2) Scotty\n3) Adam\n4) Ben\nChallenge: Paint or draw a local landscape (Sam and Scotty)\nChallenge: Get a half mile from nearest 7-11 (Adam),
6,Jet Lag Japan,Sam Denby; Scotty Allen,#42A5F5,12,NewDays ecute Edition Yurakucho Kyobashiguchi,139.7638647,35.6753725,,,,,,,,Present in Jet Lag: Japan (Season 6) \nMembers who visited:\n1) Sam\n2) Scotty\nChallenge: Paint or draw a local landscape,
6,Jet Lag Japan,Sam Denby; Scotty Allen,#42A5F5,13,Tokyo Kokusai Forum mae,139.764093,35.677725,,,,,,,,Present in Jet Lag: Japan (Season 6) \nMembers who visited:\n1) Sam\n2) Scotty\nChallenge: Paint or draw a local landscape,
6,Jet Lag Japan,Sam Denby; Scotty Allen,#42A5F5,14,Lawson,139.7629866,35.6787659,,,,,,,,Present in Jet Lag: Japan (Season 6) \nMembers who visited:\n1) Sam\n2) Scotty\nChallenge: Paint or draw a local landscape\nChallenge: Play Pocky Hockey,
6,Jet Lag Japan,Sam Denby; Scotty Allen,#42A5F5,15,Scotty Drawing Spot,139.7603015568961,35.67900689880784,,,,,,Scotty Allen,,Present in Jet Lag: Japan (Season 6) \nMembers who visited:\n1) Scotty\nChallenge: Paint or draw a local landscape\nChallenge: Kawaii-fy your belongings,
6,Jet Lag Japan,Sam Denby; Scotty Allen,#42A5F5,16,Sam and Scotty Kawaii Bench,139.7623936838603,35.67884795193113,,,,,,,,Present in Jet Lag: Japan (Season 6) \nMembers who visited:\n1) Sam\n2) Scotty\nChallenge: Kawaii-fy your belongings\nChallenge: Play Pocky Hockey,
6,Jet Lag Japan,Sam Denby; Scotty Allen,#42A5F5,17,Sam and Scotty Pocky Hockey Spot,139.7621058124017,35.67884890515685,,,,,,,,Present in Jet Lag: Japan (Season 6) \nMembers who visited:\n1) Sam\n2) Scotty\nChallenge: Play Pocky Hockey,
6,Jet Lag Japan,Sam Denby; Scotty Allen,#42A5F5,18,Sendai Station (Shinkansen),140.8818889,38.2593333,,,,,,,,Present in Jet Lag: Japan (Season 6) \nMembers who visited:\n1) Sam\n2) Scotty,
6,Jet Lag Japan,Sam Denby; Scotty Allen,#42A5F5,19,Round 2 Yellow Flag Vending Machine,140.8793611,38.2628889,,,,,,,,Present in Jet Lag: Japan (Season 6) \nMembers who visited:\n1) Sam\n2) Scotty,
6,Jet Lag Japan,Sam Denby; Scotty Allen,#42A5F5,20,Sam walking with flag,140.8781119295778,38.26331406615908,,,,,,,,Present in Jet Lag: Japan (Season 6) \nMembers who visited:\n1) Sam\n2) Scotty,
6,Jet Lag Japan,Sam Denby; Scotty Allen,#42A5F5,21,Omiya Station,139.6240087776324,35.90643008207654,,,,,,,,Present in Jet Lag: Japan (Season 6) \nMembers who visited:\n1) Sam\n2) Scotty\n3) Adam\n4) Ben,
6,Jet Lag Japan,Sam Denby; Scotty Allen,#42A5F5,22,Utsunomiya Station,139.8984595180704,36.55918276428743,,,,,,,,Present in Jet Lag: Japan (Season 6) \nMembers who visited:\n1) Sam\n2) Scotty,
6,Jet Lag Japan,Sam Denby; Scotty Allen,#42A5F5,23,Tobu Utsunomiya Station,139.880633351056,36.55931719043333,,,,,,Scotty Allen,,Present in Jet Lag: Japan (Season 6) \nMembers who visited:\n1) Scotty,
6,Jet Lag Japan,Sam Denby; Scotty Allen,#42A5F5,24,Tochigi Station,139.7313164538831,36.37165922790199,,,,,,Scotty Allen,,Present in Jet Lag: Japan (Season 6) \nMembers who visited:\n1) Scotty,
6,Jet Lag Japan,Sam Denby; Scotty Allen,#42A5F5,25,Scotty Noodle Newdays,139.731187430492,36.37166005220551,,,,,,Scotty Allen,,Present in Jet Lag: Japan (Season 6) \nMembers who visited:\n1) Scotty,
6,Jet Lag Japan,Sam Denby; Scotty Allen,#42A5F5,26,Pizza Tower,139.6231826559228,35.90628602566514,,,,,,,,Present in Jet Lag: Japan (Season 6) \nMembers who visited:\n1) Sam (Victim)\n2) Scotty (Victim)\n3) Ben (Placer),
6,Jet Lag Japan,Sam Denby; Scotty Allen,#42A5F5,27,Trap Tower,139.623327228382,35.90631896402311,,,,,,Sam Denby,,Present in Jet Lag: Japan (Season 6) \nMembers who visited:\n1) Sam (Victim)\n2) Ben (Placer),
6,Jet Lag Japan,Sam Denby; Scotty Allen,#42A5F5,28,Shimbashi Station,139.758172618751,35.6666909393895,,,,,,,,Present in Jet Lag: Japan (Season 6) \nMembers who visited:\n1) Sam\n2) Scotty\n3) Adam\n4) Ben\nChallenge: Break copyright law (Ben)\nChallenge: Catch a Pokemon (Adam)\nChallenge: Spend 15 minutes in a museum (Ben and Adam),
6,Jet Lag Japan,Sam Denby; Scotty Allen,#42A5F5,29,Takasaki Station,139.0127780219444,36.3224888622544,,,,,,Scotty Allen,,Present in Jet Lag: Japan (Season 6) \nMembers who visited:\n1) Scotty,
6,Jet Lag Japan,Sam Denby; Scotty Allen,#42A5F5,30,Phototag Spot,139.7579756138032,35.66583654605434,,,,,,Sam Denby,,Present in Jet Lag: Japan (Season 6) \nMembers who visited:\n1) Sam \n2) Ben (Tagged),
6,Jet Lag Japan,Sam Denby; Scotty Allen,#42A5F5,31,Onarimon Station,139.7512448057718,35.66056989498001,,,,,,,,Present in Jet Lag: Japan (Season 6) \nMembers who visited:\n1) Sam\n2) Scotty\n3) Adam\n4) Ben\nChallenge: Collect 3 Mario Kart items (Ben),
6,Jet Lag Japan,Sam Denby; Scotty Allen,#42A5F5,32,Phototag Spot,139.7513194228582,35.66069554402843,,,,,,Scotty Allen,,Present in Jet Lag: Japan (Season 6) \nMembers who visited:\n1) Ben (Tagged)\n2) Scotty\nChallenge: Collect 3 Mario Kart items (Ben),
6,Jet Lag Japan,Sam Denby; Scotty Allen,#42A5F5,33,Round 3 Yellow Flag Vending Machine,139.9079984,35.8389264,,,,,,Scotty Allen,,Present in Jet Lag: Japan (Season 6) \nMembers who visited:\n1) Scotty,
6,Jet Lag Japan,Sam Denby; Scotty Allen,#42A5F5,34,Minami Nagareyama Station,139.9041397788033,35.83792422771724,,,,,,Scotty Allen,,Present in Jet Lag: Japan (Season 6) \nMembers who visited:\n1) Scotty,
6,Jet Lag Japan,Sam Denby; Scotty Allen,#42A5F5,35,Nishi-Funabashi Station,139.9589531464844,35.70742401248011,,,,,,Scotty Allen,,Present in Jet Lag: Japan (Season 6) \nMembers who visited:\n1) Scotty,
6,Jet Lag Japan,Sam Denby; Scotty Allen,#42A5F5,36,Toyocho Station,139.8173142431093,35.66959750039032,,,,,,Scotty Allen,,Present in Jet Lag: Japan (Season 6) \nMembers who visited:\n1) Scotty,
6,Jet Lag Japan,Sam Denby; Scotty Allen,#42A5F5,37,Shiomi Station,139.8172983471907,35.65882031374605,,,,,,Scotty Allen,,Present in Jet Lag: Japan (Season 6) \nMembers who visited:\n1) Scotty,
6,Jet Lag Japan,Sam Denby; Scotty Allen,#42A5F5,38,Niigata Station,139.0614525773255,37.91201431335053,,,,,,Sam Denby,,Present in Jet Lag: Japan (Season 6) \nMembers who visited:\n1) Sam,
6,Jet Lag Japan,Sam Denby; Scotty Allen,#42A5F5,39,Higashi Niigata Station,139.1088044596231,37.90872336275352,,,,,,Sam Denby,,Present in Jet Lag: Japan (Season 6) \nMembers who visited:\n1) Sam,
6,Jet Lag Japan,Sam Denby; Scotty Allen,#42A5F5,40,Round 3 Yellow Vending Machine,139.1092063,37.9068796,,,,,,Sam Denby,,Present in Jet Lag: Japan (Season 6) \nMembers who visited:\n1) Sam,
6,Jet Lag Japan,Sam Denby; Scotty Allen,#42A5F5,41,Sam walking with flag,139.1110312,37.9051177,,,,,,Sam Denby,,Present in Jet Lag: Japan (Season 6) \nMembers who visited:\n1) Sam,
6,Jet Lag Japan,Sam Denby; Scotty Allen,#42A5F5,42,Urasa Station,138.9228357073569,37.16764905412104,,,,,,Sam Denby,,Present in Jet Lag: Japan (Season 6) \nMembers who visited:\n1) Sam\n2) Adam,
6,Jet Lag Japan,Sam Denby; Scotty Allen,#42A5F5,43,Lightning Tower,138.922828513229,37.16751009997988,,,,,,Sam Denby,,Present in Jet Lag: Japan (Season 6) \nMembers who visited:\n1) Sam (Victim)\n2) Adam (Placer),
6,Jet Lag Japan,Sam Denby; Scotty Allen,#42A5F5,44,Trap Tower,138.9228307269431,37.16750359962077,,,,,,Sam Denby,,Present in Jet Lag: Japan (Season 6) \nMembers who visited:\n1) Sam (Victim)\n2) Adam (Placer),
6,Jet Lag Japan,Sam Denby; Scotty Allen,#42A5F5,45,Akihabara Station,139.7731692049207,35.69835467875529,,,,,,,,Present in Jet Lag: Japan (Season 6) \nMembers who visited:\n1) Sam\n2) Scotty\n3) Adam\nChallenge: Meet your local Yuru-Chara (Scotty),
6,Jet Lag Japan,Sam Denby; Scotty Allen,#42A5F5,46,Yairo Station,138.9350453360557,37.19180671963453,,,,,,Sam Denby,,Present in Jet Lag: Japan (Season 6) \nMembers who visited:\n1) Sam\n2) Adam,
6,Jet Lag Japan,Sam Denby; Scotty Allen,#42A5F5,47,Jail Tower,138.9350355,37.1922989,,,,,,Sam Denby,,Present in Jet Lag: Japan (Season 6) \nMembers who visited:\n1) Sam (Placer)\n2) Adam (Victim),
6,Jet Lag Japan,Sam Denby; Scotty Allen,#42A5F5,48,Phototag Spot,138.9359816262092,37.19264922984872,,,,,,Sam Denby,,Present in Jet Lag: Japan (Season 6) \nMembers who visited:\n1) Sam (Tagged)\n2) Adam,
6,Jet Lag Japan,Sam Denby; Scotty Allen,#42A5F5,49,Shinjuku Station,139.7010527004626,35.68860566483347,,,,,,Scotty Allen,,Present in Jet Lag: Japan (Season 6) \nMembers who visited:\n1) Scotty\n2) Ben\nChallenge: Clean up 3 pieces of litter (Ben),
6,Jet Lag Japan,Sam Denby; Scotty Allen,#42A5F5,50,Kofu Station,138.5690320192994,35.66722603469459,,,,,,Scotty Allen,,Present in Jet Lag: Japan (Season 6) \nMembers who visited:\n1) Scotty\n2) Ben\nChallenge: Clean up 3 pieces of litter (Ben)\nChallenge: Spend exactly 940 yen (Ben),
6,Jet Lag Japan,Sam Denby; Scotty Allen,#42A5F5,51,Mud Tower,138.5692413907929,35.66720452856953,,,,,,Scotty Allen,,Present in Jet Lag: Japan (Season 6) \nMembers who visited:\n1) Scotty (Victim)\n2) Ben (Placer),
6,Jet Lag Japan,Sam Denby; Scotty Allen,#42A5F5,52,Pizza Tower,138.5693319231909,35.6672227469594,,,,,,Scotty Allen,,Present in Jet Lag: Japan (Season 6) \nMembers who visited:\n1) Scotty (Placer)\n2) Ben (Victim),
6,Jet Lag Japan,Sam Denby; Scotty Allen,#42A5F5,53,Jail Tower,138.5693084309393,35.6672091594922,,,,,,Scotty Allen,,Present in Jet Lag: Japan (Season 6) \nMembers who visited:\n1) Scotty (Placer)\n2) Ben (Victim),
6,Jet Lag Japan,Sam Denby; Scotty Allen,#42A5F5,54,Phototag Spot,138.5662767484128,35.67111118938712,,,,,,Scotty Allen,,Present in Jet Lag: Japan (Season 6) \nMembers who visited:\n1) Scotty\n2) Ben (Tagged),
6,Jet Lag Japan,Sam Denby; Scotty Allen,#42A5F5,55,Vampire Tower,139.7566892180072,35.66634099335241,,,,,,Sam Denby,,Present in Jet Lag: Japan (Season 6) \nMembers who visited:\n1) Sam (Victim)\n2) Adam (Placer),
6,Jet Lag Japan,Sam Denby; Scotty Allen,#42A5F5,56,Phototag Spot,139.7535196,35.6618674,,,,,,Sam Denby,,Present in Jet Lag: Japan (Season 6) \nMembers who visited:\n1) Sam \n2) Adam (Tagged)\nChallenge: Eat wagyu (Adam),
6,Jet Lag Japan,Sam Denby; Scotty Allen,#42A5F5,57,Phototag Spot,139.7556332,35.6778493,,,,,,Sam Denby,,Present in Jet Lag: Japan (Season 6) \nMembers who visited:\n1) Sam \n2) Adam (Tagged)\nChallenge: Get a half mile from nearest 7-11 (Adam),
6,Jet Lag Japan,Sam Denby; Scotty Allen,#42A5F5,58,Odawara Station,139.1553932,35.2564449,,,,,,,,Present in Jet Lag: Japan (Season 6) \nMembers who visited:\n1) Sam\n2) Scotty\n3) Adam\n4) Ben\nChallenge: Spend 15 minutes in a museum (Ben and Adam)\nChallenge: Do 100 squats (Ben and Adam),
6,Jet Lag Japan,Sam Denby; Scotty Allen,#42A5F5,59,Tokiwa Kimon Samurai Centre,139.1545956,35.2505602,,,,,,Sam Denby,,Present in Jet Lag: Japan (Season 6) \nMembers who visited:\n1) Sam\n2) Adam\n3) Ben \nChallenge: Spend 15 minutes in a museum (Ben and Adam),
6,Jet Lag Japan,Sam Denby; Scotty Allen,#42A5F5,60,Ice Tower,139.1547385169059,35.25064257712651,,,,,,,,Present in Jet Lag: Japan (Season 6) \nMembers who visited:\n1) Sam (Victim)\n2) Scotty (Victim)\n3) Adam (Placer)\n4) Ben (Placer),
6,Jet Lag Japan,Sam Denby; Scotty Allen,#42A5F5,61,Castle,139.1534209592911,35.25110645321137,,,,,,Sam Denby,,Present in Jet Lag: Japan (Season 6) \nMembers who visited:\n1) Sam,
6,Jet Lag Japan,Sam Denby; Scotty Allen,#42A5F5,62,Phototag Spot,139.1548055934446,35.25064676796121,,,,,,Sam Denby,,Present in Jet Lag: Japan (Season 6) \nMembers who visited:\n1) Sam\n2) Adam (Tagged)\n3) Ben (Tagged),
6,Jet Lag Japan,Sam Denby; Scotty Allen,#42A5F5,63,Shin Yokohama Station,139.6177262290807,35.50748154296164,,,,,,,,Present in Jet Lag: Japan (Season 6) \nMembers who visited:\n1) Sam\n2) Scotty,
6,Jet Lag Japan,Sam Denby; Scotty Allen,#42A5F5,64,Gravity Tower,139.1548354321285,35.25624254318172,,,,,,,,Present in Jet Lag: Japan (Season 6) \nMembers who visited:\n1) Sam (Victim)\n2) Scotty (Victim)\n3) Adam (Placer)\n4) Ben (Placer),
6,Jet Lag Japan,Sam Denby; Scotty Allen,#42A5F5,65,Vampire Tower,139.1548130448286,35.25616405963451,,,,,,,,Present in Jet Lag: Japan (Season 6) \nMembers who visited:\n1) Sam (Placer)\n2) Scotty (Placer)\n3) Adam (Victim)\n4) Ben (Victim),
6,Jet Lag Japan,Sam Denby; Scotty Allen,#42A5F5,66,Jail Tower,139.1548093831907,35.25617566521269,,,,,,,,Present in Jet Lag: Japan (Season 6) \nMembers who visited:\n1) Sam (Placer)\n2) Scotty (Placer)\n3) Adam (Victim)\n4) Ben (Victim),
6,Jet Lag Japan,Sam Denby; Scotty Allen,#42A5F5,67,Mishima Station,138.9101551384619,35.1266594398869,,,,,,Scotty Allen,,Present in Jet Lag: Japan (Season 6) \nMembers who visited:\n1) Scotty\n2) Adam \n3) Ben,
6,Jet Lag Japan,Sam Denby; Scotty Allen,#42A5F5,68,Hamamatsu Station,137.7352298964205,34.70387874019868,,,,,,Scotty Allen,,Present in Jet Lag: Japan (Season 6) \nMembers who visited:\n1) Scotty\n2) Adam \n3) Ben\nCurse: Get on a late train (Ben and Adam),
6,Jet Lag Japan,Sam Denby; Scotty Allen,#42A5F5,69,Mud Tower,137.7349383632585,34.70347786231753,,,,,,Scotty Allen,,Present in Jet Lag: Japan (Season 6) \nMembers who visited:\n1) Scotty (Victim)\n2) Adam (Placer)\n3) Ben (Placer),
6,Jet Lag Japan,Sam Denby; Scotty Allen,#42A5F5,70,Phototag Spot,137.734875421144,34.70341910068586,,,,,,Scotty Allen,,Present in Jet Lag: Japan (Season 6) \nMembers who visited:\n1) Scotty\n2) Adam (Tagged)\n3) Ben (Tagged),
6,Jet Lag Japan,Sam Denby; Scotty Allen,#42A5F5,71,Tameike-sannō Sta.,139.7414004,35.6721312,,,,,,Scotty Allen,,Present in Jet Lag: Japan (Season 6) \nMembers who visited:\n1) Scotty\n2) Ben,
6,Jet Lag Japan,Sam Denby; Scotty Allen,#42A5F5,72,Phototag Spot,139.7717881172849,35.69585755585052,,,,,,Sam Denby,,Present in Jet Lag: Japan (Season 6) \nMembers who visited:\n1) Sam (Tagged)\n2) Adam,
6,Jet Lag Japan,Sam Denby; Scotty Allen,#42A5F5,73,Akasaka-Mitsuke Station,139.7372686,35.6767946,,,,,,Scotty Allen,,Present in Jet Lag: Japan (Season 6) \nMembers who visited:\n1) Scotty\n2) Ben,
6,Jet Lag Japan,Sam Denby; Scotty Allen,#42A5F5,74,Awajichō Sta.,139.7674597,35.69496,,,,,,Sam Denby,,Present in Jet Lag: Japan (Season 6) \nMembers who visited:\n1) Sam,
6,Jet Lag Japan,Sam Denby; Scotty Allen,#42A5F5,75,Korakuen Sta.,139.7518216,35.7084859,,,,,,Sam Denby,,Present in Jet Lag: Japan (Season 6) \nMembers who visited:\n1) Sam,
6,Jet Lag Japan,Sam Denby; Scotty Allen,#42A5F5,76,Kokkai-gijidōmae Sta.,139.7449634,35.6738959,,,,,,Scotty Allen,,Present in Jet Lag: Japan (Season 6) \nMembers who visited:\n1) Scotty,
6,Jet Lag Japan,Sam Denby; Scotty Allen,#42A5F5,77,Tiebreaker Flag,139.7546418,35.7057886,,,,,,Sam Denby,,Present in Jet Lag: Japan (Season 6) \nMembers who visited:\n1) Sam,
6,Jet Lag Japan,Sam Denby; Scotty Allen,#42A5F5,78,Suidōbashi Station,139.7535016,35.7020484,,,,,,Sam Denby,,Present in Jet Lag: Japan (Season 6) \nMembers who visited:\n1) Sam,
6,Jet Lag Japan,Sam Denby; Scotty Allen,#42A5F5,79,Ochanomizu Station,139.7644404,35.6997175,,,,,,Sam Denby,,Present in Jet Lag: Japan (Season 6) \nMembers who visited:\n1) Sam\n2) Ben,
6,Jet Lag Japan,Sam Denby; Scotty Allen,#42A5F5,80,Tiebreaker Flag,139.7456842,35.65830529999999,,,,,,Scotty Allen,,Present in Jet Lag: Japan (Season 6) \nMembers who visited:\n1) Scotty,
6,Jet Lag Japan,Sam Denby; Scotty Allen,#42A5F5,81,Kanda Station,139.7709318,35.6918216,,,,,,Sam Denby,,Present in Jet Lag: Japan (Season 6) \nMembers who visited:\n1) Sam\n2) Ben,
6,Jet Lag Japan,Adam Chase; Ben Doyle,#D32F2F,0,Marunouchi Square,139.7654768,35.6815604,,,,,,,,The starting point of Jet Lag: Japan (Season 6)\nMembers who visited: \n1) Sam\n2) Scott\n3) Adam\n4) Ben,
6,Jet Lag Japan,Adam Chase; Ben Doyle,#D32F2F,1,Tokyo Station,139.7671248,35.6812362,,,,,,,,Present in Jet Lag: Japan (Season 6) \nMembers who visited:\n1) Sam\n2) Scott\n3) Adam\n4) Ben\nChallenge: Paint or draw a local landscape (Sam and Scotty)\nChallenge: Find 3 Mario Kart Items (Ben)\nChallenge: Meet your local Yuru-Chara (Scotty),
6,Jet Lag Japan,Adam Chase; Ben Doyle,#D32F2F,2,Shinagawa Station,139.7387597,35.6284713,,,,,,,,Present in Jet Lag: Japan (Season 6) \nMembers who visited:\n1) Sam\n2) Scotty\n3) Adam\n4) Ben\nChallenge: Play Sake Pong (Sam and Scotty)\nChallenge: Find 3 new friends (Sam and Scotty)\nChallenge: Paint or draw a local landscape (Sam and Scotty)\nChallenge: Spend 15 minutes in a museum (Ben and Adam)\nThe spot of the second capture of Season 6 (Adam catches Sam and Scotty),
6,Jet Lag Japan,Adam Chase; Ben Doyle,#D32F2F,3,Ueno Station,139.7774091,35.7141672,,,,,,,,Present in Jet Lag: Japan (Season 6) \nMembers who visited:\n1) Adam\n2) Ben,
6,Jet Lag Japan,Adam Chase; Ben Doyle,#D32F2F,4,Kinshichō Station,139.8139718,35.696779,,,,,,Ben Doyle,,Present in Jet Lag: Japan (Season 6) \nMembers who visited:\n1) Ben\nChallenge: Stalk a bird,
6,Jet Lag Japan,Adam Chase; Ben Doyle,#D32F2F,5,錦糸町駅南口広場,139.8140039,35.696102,,,,,,Ben Doyle,,Present in Jet Lag: Japan (Season 6) \nMembers who visited:\n1) Ben\nChallenge: Stalk a bird,
6,Jet Lag Japan,Adam Chase; Ben Doyle,#D32F2F,6,Ben Bird Stalking Spot,139.8142077,35.6961198,,,,,,Ben Doyle,,Present in Jet Lag: Japan (Season 6) \nMembers who visited:\n1) Ben\nChallenge: Stalk a bird,
6,Jet Lag Japan,Adam Chase; Ben Doyle,#D32F2F,7,TERMINA 2,139.8138754683714,35.69640430435776,,,,,,Ben Doyle,,Present in Jet Lag: Japan (Season 6) \nMembers who visited:\n1) Ben\nChallenge: Become Totoro,
6,Jet Lag Japan,Adam Chase; Ben Doyle,#D32F2F,8,NewDays Kinshicho 2,139.8142541,35.6963376,,,,,,Ben Doyle,,Present in Jet Lag: Japan (Season 6) \nMembers who visited:\n1) Ben\nChallenge: Become Totoro,
6,Jet Lag Japan,Adam Chase; Ben Doyle,#D32F2F,9,Kinshichō Sta.,139.8141259,35.69599669999999,,,,,,Ben Doyle,,Present in Jet Lag: Japan (Season 6) \nMembers who visited:\n1) Ben\nChallenge: Become Totoro,
6,Jet Lag Japan,Adam Chase; Ben Doyle,#D32F2F,10,Chiba Station,140.1133591,35.6131339,,,,,,,,Present in Jet Lag: Japan (Season 6) \nMembers who visited:\n1) Sam\n2) Scotty\n3) Adam\n4) Ben\nChallenge: Translate this card (Adam and Ben)\nChallenge: Go Super Saiyan (Adam and Ben),
6,Jet Lag Japan,Adam Chase; Ben Doyle,#D32F2F,11,Adam Phone Call Spot,139.6277222,35.4450556,,,,,,Adam Chase,,Present in Jet Lag: Japan (Season 6) \nMembers who visited:\n1) Adam,
6,Jet Lag Japan,Adam Chase; Ben Doyle,#D32F2F,12,Round 1 Yellow Flag Vending Machine,140.1195865303525,35.61010664444289,,,,,,Adam Chase,,Present in Jet Lag: Japan (Season 6) \nMembers who visited:\n1) Adam\nChallenge: Translate this card,
6,Jet Lag Japan,Adam Chase; Ben Doyle,#D32F2F,13,Yoshikawakoen Station,140.1201432,35.6088834,,,,,,Ben Doyle,,Present in Jet Lag: Japan (Season 6) \nMembers who visited:\n1) Ben\nChallenge: Translate this card,
6,Jet Lag Japan,Adam Chase; Ben Doyle,#D32F2F,14,Phototag Spot,140.1157381906692,35.60913788172684,,,,,,Ben Doyle,,Present in Jet Lag: Japan (Season 6) \nMembers who visited:\n1) Sam\n2) Ben (Tagged)\nThe spot of the first capture of Season 6,
6,Jet Lag Japan,Adam Chase; Ben Doyle,#D32F2F,15,Adam Noodle Eating Spot,139.6279027326528,35.44476828720086,,,,,,Adam Chase,,Present in Jet Lag: Japan (Season 6) \nMembers who visited:\n1) Adam,
6,Jet Lag Japan,Adam Chase; Ben Doyle,#D32F2F,16,Sakuragichō Station,139.6310595,35.4509136,,,,,,Adam Chase,,Present in Jet Lag: Japan (Season 6) \nMembers who visited:\n1) Adam,
6,Jet Lag Japan,Adam Chase; Ben Doyle,#D32F2F,17,Bashamichi Station,139.636271,35.4501774,,,,,,Adam Chase,,Present in Jet Lag: Japan (Season 6) \nMembers who visited:\n1) Adam,
6,Jet Lag Japan,Adam Chase; Ben Doyle,#D32F2F,18,Tamachi Station,139.7475624,35.6457361,,,,,,Ben Doyle,,Present in Jet Lag: Japan (Season 6) \nMembers who visited:\n1) Ben,
6,Jet Lag Japan,Adam Chase; Ben Doyle,#D32F2F,19,Yokohama Station,139.622062,35.4659811,,,,,,Adam Chase,,Present in Jet Lag: Japan (Season 6) \nMembers who visited:\n1) Adam,
6,Jet Lag Japan,Adam Chase; Ben Doyle,#D32F2F,20,Yūrakuchō Station,139.7630204,35.6750133,,,,,,,,Present in Jet Lag: Japan (Season 6) \nMembers who visited:\n1) Sam\n2) Scotty\n3) Adam\n4) Ben\nChallenge: Paint or draw a local landscape (Sam and Scotty)\nChallenge: Get a half mile from nearest 7-11 (Adam),
6,Jet Lag Japan,Adam Chase; Ben Doyle,#D32F2F,21,Shin-Nihombashi Station,139.774265,35.6890164,,,,,,Ben Doyle,,Present in Jet Lag: Japan (Season 6) \nMembers who visited:\n1) Ben\nChallenge: Get a snack on a stick,
6,Jet Lag Japan,Adam Chase; Ben Doyle,#D32F2F,22,Kawasaki Station,139.6974630101938,35.53167410377898,,,,,,Ben Doyle,,Present in Jet Lag: Japan (Season 6) \nMembers who visited:\n1) Ben,
6,Jet Lag Japan,Adam Chase; Ben Doyle,#D32F2F,23,Round 2 Red Flag Vending Machine,139.6987130216566,35.52723761669384,,,,,,Ben Doyle,,Present in Jet Lag: Japan (Season 6) \nMembers who visited:\n1) Ben,
6,Jet Lag Japan,Adam Chase; Ben Doyle,#D32F2F,24,Omiya Station,139.6240087776324,35.90643008207654,,,,,,,,Present in Jet Lag: Japan (Season 6) \nMembers who visited:\n1) Sam\n2) Scotty\n3) Adam\n4) Ben,
6,Jet Lag Japan,Adam Chase; Ben Doyle,#D32F2F,25,Toyohashi Station,137.3818192937414,34.76282673084975,,,,,,Adam Chase,,Present in Jet Lag: Japan (Season 6) \nMembers who visited:\n1) Adam,
6,Jet Lag Japan,Adam Chase; Ben Doyle,#D32F2F,26,Shin-Anjo Station,137.0850471594737,34.98715846656231,,,,,,Adam Chase,,Present in Jet Lag: Japan (Season 6) \nMembers who visited:\n1) Adam,
6,Jet Lag Japan,Adam Chase; Ben Doyle,#D32F2F,27,Nishio Station,137.0577256675954,34.8638022285479,,,,,,Adam Chase,,Present in Jet Lag: Japan (Season 6) \nMembers who visited:\n1) Adam,
6,Jet Lag Japan,Adam Chase; Ben Doyle,#D32F2F,28,Round 2 Red Flag Vending Machine,137.0587712924581,34.86318938724817,,,,,,Adam Chase,,Present in Jet Lag: Japan (Season 6) \nMembers who visited:\n1) Adam,
6,Jet Lag Japan,Adam Chase; Ben Doyle,#D32F2F,29,Eat an Egg Card Pull,137.0924591147479,34.95240488062401,,,,,,Adam Chase,,Present in Jet Lag: Japan (Season 6) \nMembers who visited:\n1) Adam\nChallenge: Eat an Egg,
6,Jet Lag Japan,Adam Chase; Ben Doyle,#D32F2F,30,Eat an Egg Daiso and Drugstore,137.0917389507559,34.95453442470768,,,,,,Adam Chase,,Present in Jet Lag: Japan (Season 6) \nMembers who visited:\n1) Adam\nChallenge: Eat an Egg,
6,Jet Lag Japan,Adam Chase; Ben Doyle,#D32F2F,31,Japanese Curse Pull,137.088218880486,34.95723517186744,,,,,,Adam Chase,,Present in Jet Lag: Japan (Season 6) \nMembers who visited:\n1) Adam\nCurse: Set your phone to Japanese,
6,Jet Lag Japan,Adam Chase; Ben Doyle,#D32F2F,32,Anjo Station,137.087233028098,34.96017804005412,,,,,,Adam Chase,,Present in Jet Lag: Japan (Season 6) \nMembers who visited:\n1) Adam\nCurse: Set your phone to Japanese,
6,Jet Lag Japan,Adam Chase; Ben Doyle,#D32F2F,33,Mikawa Anjo Station,137.0615725907848,34.96962622402053,,,,,,Adam Chase,,Present in Jet Lag: Japan (Season 6) \nMembers who visited:\n1) Adam\nCurse: Set your phone to Japanese,
6,Jet Lag Japan,Adam Chase; Ben Doyle,#D32F2F,34,Pizza Tower,139.6231826559228,35.90628602566514,,,,,,Ben Doyle,,Present in Jet Lag: Japan (Season 6) \nMembers who visited:\n1) Sam (Victim)\n2) Scotty (Victim)\n3) Ben (Placer),
6,Jet Lag Japan,Adam Chase; Ben Doyle,#D32F2F,35,Trap Tower,139.623327228382,35.90631896402311,,,,,,Ben Doyle,,Present in Jet Lag: Japan (Season 6) \nMembers who visited:\n1) Sam (Victim)\n2) Ben (Placer),
6,Jet Lag Japan,Adam Chase; Ben Doyle,#D32F2F,36,Ben Music Starbucks,139.7584122956957,35.66697702468272,,,,,,Ben Doyle,,Present in Jet Lag: Japan (Season 6) \nMembers who visited:\n1) Ben\nChallenge: Break Copyright Law,
6,Jet Lag Japan,Adam Chase; Ben Doyle,#D32F2F,37,Ben Music Bridge,139.7582302815832,35.6682233251741,,,,,,Ben Doyle,,Present in Jet Lag: Japan (Season 6) \nMembers who visited:\n1) Ben\nChallenge: Break Copyright Law,
6,Jet Lag Japan,Adam Chase; Ben Doyle,#D32F2F,38,Ben Music Building,139.7575340212465,35.66721965010145,,,,,,Ben Doyle,,Present in Jet Lag: Japan (Season 6) \nMembers who visited:\n1) Ben\nChellenge: Break Copyright Law,
6,Jet Lag Japan,Adam Chase; Ben Doyle,#D32F2F,39,Ben Music Pachinko,139.756466120667,35.66602217236496,,,,,,Ben Doyle,,Present in Jet Lag: Japan (Season 6) \nMembers who visited:\n1) Ben\nChallenge: Break Copyright Law,
6,Jet Lag Japan,Adam Chase; Ben Doyle,#D32F2F,40,Shimbashi Station,139.758172618751,35.6666909393895,,,,,,,,Present in Jet Lag: Japan (Season 6) \nMembers who visited:\n1) Sam\n2) Scotty\n3) Adam\n4) Ben\nChallenge: Break copyright law (Ben)\nChallenge: Catch a Pokemon (Adam)\nChallenge: Spend 15 minutes in a museum (Ben and Adam),
6,Jet Lag Japan,Adam Chase; Ben Doyle,#D32F2F,41,Phototag Spot,139.7579756138032,35.66583654605434,,,,,,Ben Doyle,,Present in Jet Lag: Japan (Season 6) \nMembers who visited:\n1) Sam \n2) Ben (Tagged),
6,Jet Lag Japan,Adam Chase; Ben Doyle,#D32F2F,42,Maneki Neko,139.7557727963303,35.66769600740604,,,,,,Ben Doyle,,Present in Jet Lag: Japan (Season 6) \nMembers who visited:\n1) Ben\nChallenge: Find a maneki neko,
6,Jet Lag Japan,Adam Chase; Ben Doyle,#D32F2F,43,Ben Card Pull,139.7540396217889,35.66615252648129,,,,,,Ben Doyle,,Present in Jet Lag: Japan (Season 6) \nMembers who visited:\n1) Ben\nChallenge: Collect 3 Mario Kart items,
6,Jet Lag Japan,Adam Chase; Ben Doyle,#D32F2F,44,Onarimon Station,139.7512448057718,35.66056989498001,,,,,,,,Present in Jet Lag: Japan (Season 6) \nMembers who visited:\n1) Sam\n2) Scotty\n3) Adam\n4) Ben\nChallenge: Collect 3 Mario Kart items (Ben),
6,Jet Lag Japan,Adam Chase; Ben Doyle,#D32F2F,45,Phototag Spot,139.7513194228582,35.66069554402843,,,,,,Ben Doyle,,Present in Jet Lag: Japan (Season 6) \nMembers who visited:\n1) Ben (Tagged)\n2) Scotty\nChallenge: Collect 3 Mario Kart items (Ben),
6,Jet Lag Japan,Adam Chase; Ben Doyle,#D32F2F,46,Musashi-Sakai Station,139.5440534,35.702047,,,,,,Adam Chase,,Present in Jet Lag: Japan (Season 6) \nMembers who visited:\n1) Adam,
6,Jet Lag Japan,Adam Chase; Ben Doyle,#D32F2F,47,Koremasa Station,139.4890711962112,35.65632941189584,,,,,,Adam Chase,,Present in Jet Lag: Japan (Season 6) \nMembers who visited:\n1) Adam,
6,Jet Lag Japan,Adam Chase; Ben Doyle,#D32F2F,48,Round 3 Red Flag Vending Machine,139.4880822,35.6598991,,,,,,Adam Chase,,Present in Jet Lag: Japan (Season 6) \nMembers who visited:\n1) Adam,
6,Jet Lag Japan,Adam Chase; Ben Doyle,#D32F2F,49,Adam Card Pull,139.4829371,35.6599367,,,,,,Adam Chase,,Present in Jet Lag: Japan (Season 6) \nMembers who visited:\n1) Adam\nChallenge: See a great wave,
6,Jet Lag Japan,Adam Chase; Ben Doyle,#D32F2F,50,Adam Great Wave,139.4831853,35.6599404,,,,,,Adam Chase,,Present in Jet Lag: Japan (Season 6) \nMembers who visited:\n1) Adam\nChallenge: See a great wave,
6,Jet Lag Japan,Adam Chase; Ben Doyle,#D32F2F,51,Adam Curse Pull,139.4825483,35.6600232,,,,,,Adam Chase,,Present in Jet Lag: Japan (Season 6) \nMembers who visited:\n1) Adam\nCurse: Become Hello Kitty (Adam),
6,Jet Lag Japan,Adam Chase; Ben Doyle,#D32F2F,52,Hatchobori Station,139.7769789787339,35.67463451530852,,,,,,Ben Doyle,,Present in Jet Lag: Japan (Season 6) \nMembers who visited:\n1) Ben,
6,Jet Lag Japan,Adam Chase; Ben Doyle,#D32F2F,53,Kayabacho Station,139.7801827878116,35.67993453906711,,,,,,Ben Doyle,,Present in Jet Lag: Japan (Season 6) \nMembers who visited:\n1) Ben,
6,Jet Lag Japan,Adam Chase; Ben Doyle,#D32F2F,54,Monzen Nakacho Station,139.7948626756068,35.67240600326512,,,,,,Ben Doyle,,Present in Jet Lag: Japan (Season 6) \nMembers who visited:\n1) Ben,
6,Jet Lag Japan,Adam Chase; Ben Doyle,#D32F2F,55,Tsukishima Station,139.7848458273662,35.66443461589972,,,,,,Ben Doyle,,Present in Jet Lag: Japan (Season 6) \nMembers who visited:\n1) Ben,
6,Jet Lag Japan,Adam Chase; Ben Doyle,#D32F2F,56,Shin-Kiba Station,139.8270077724637,35.64616742911839,,,,,,Ben Doyle,,Present in Jet Lag: Japan (Season 6) \nMembers who visited:\n1) Ben,
6,Jet Lag Japan,Adam Chase; Ben Doyle,#D32F2F,57,Hello Kitty Lawson,139.4791156855743,35.66540872863524,,,,,,Adam Chase,,Present in Jet Lag: Japan (Season 6) \nMembers who visited:\n1) Adam\nCurse: Become Hello Kitty (Adam),
6,Jet Lag Japan,Adam Chase; Ben Doyle,#D32F2F,58,Fuchu Honmachi Station,139.4770927636207,35.66630117904,,,,,,Adam Chase,,Present in Jet Lag: Japan (Season 6) \nMembers who visited:\n1) Adam\nCurse: Become Hello Kitty,
6,Jet Lag Japan,Adam Chase; Ben Doyle,#D32F2F,59,Musashi Uwara Station,139.6469201097184,35.84598739843526,,,,,,Adam Chase,,Present in Jet Lag: Japan (Season 6) \nMembers who visited:\n1) Adam,
6,Jet Lag Japan,Adam Chase; Ben Doyle,#D32F2F,60,Urasa Station,138.9228357073569,37.16764905412104,,,,,,Adam Chase,,Present in Jet Lag: Japan (Season 6) \nMembers who visited:\n1) Sam\n2) Adam,
6,Jet Lag Japan,Adam Chase; Ben Doyle,#D32F2F,61,Lightning Tower,138.922828513229,37.16751009997988,,,,,,Adam Chase,,Present in Jet Lag: Japan (Season 6) \nMembers who visited:\n1) Sam (Victim)\n2) Adam (Placer),
6,Jet Lag Japan,Adam Chase; Ben Doyle,#D32F2F,62,Trap Tower,138.9228307269431,37.16750359962077,,,,,,Adam Chase,,Present in Jet Lag: Japan (Season 6) \nMembers who visited:\n1) Sam (Victim)\n2) Adam (Placer),
6,Jet Lag Japan,Adam Chase; Ben Doyle,#D32F2F,63,Akihabara Station,139.7731692049207,35.69835467875529,,,,,,Adam Chase,,Present in Jet Lag: Japan (Season 6) \nMembers who visited:\n1) Sam\n2) Scotty\n3) Adam\nChallenge: Meet your local Yuru-Chara (Scotty),
6,Jet Lag Japan,Adam Chase; Ben Doyle,#D32F2F,64,Mario Kart Grocery Store,139.7589162,35.6657591,,,,,,Ben Doyle,,Present in Jet Lag: Japan (Season 6) \nMembers who visited:\n1) Ben\nChallenge: Find 3 Mario Kart Items,
6,Jet Lag Japan,Adam Chase; Ben Doyle,#D32F2F,65,Nagaoka Station,138.8538308145184,37.44778112516327,,,,,,Adam Chase,,Present in Jet Lag: Japan (Season 6) \nMembers who visited:\n1) Adam,
6,Jet Lag Japan,Adam Chase; Ben Doyle,#D32F2F,66,Yairo Station,138.9350453360557,37.19180671963453,,,,,,Adam Chase,,Present in Jet Lag: Japan (Season 6) \nMembers who visited:\n1) Sam\n2) Adam,
6,Jet Lag Japan,Adam Chase; Ben Doyle,#D32F2F,67,Jail Tower,138.9350355,37.1922989,,,,,,Adam Chase,,Present in Jet Lag: Japan (Season 6) \nMembers who visited:\n1) Sam (Placer)\n2) Adam (Victim),
6,Jet Lag Japan,Adam Chase; Ben Doyle,#D32F2F,68,Phototag Spot,138.9359816262092,37.19264922984872,,,,,,Adam Chase,,Present in Jet Lag: Japan (Season 6) \nMembers who visited:\n1) Sam (Tagged)\n2) Adam,
6,Jet Lag Japan,Adam Chase; Ben Doyle,#D32F2F,69,Shinjuku Station,139.7010527004626,35.68860566483347,,,,,,Ben Doyle,,Present in Jet Lag: Japan (Season 6) \nMembers who visited:\n1) Scotty\n2) Ben\nChallenge: Clean up 3 pieces of litter (Ben),
6,Jet Lag Japan,Adam Chase; Ben Doyle,#D32F2F,70,Kofu Station,138.5690320192994,35.66722603469459,,,,,,Ben Doyle,,Present in Jet Lag: Japan (Season 6) \nMembers who visited:\n1) Scotty\n2) Ben\nChallenge: Clean up 3 pieces of litter (Ben)\nChallenge: Spend exactly 940 yen (Ben),
6,Jet Lag Japan,Adam Chase; Ben Doyle,#D32F2F,71,Mud Tower,138.5692413907929,35.66720452856953,,,,,,Ben Doyle,,Present in Jet Lag: Japan (Season 6) \nMembers who visited:\n1) Scotty (Victim)\n2) Ben (Placer),
6,Jet Lag Japan,Adam Chase; Ben Doyle,#D32F2F,72,Ben looking for stuff,138.5730982312436,35.66366903835227,,,,,,Ben Doyle,,Present in Jet Lag: Japan (Season 6) \nMembers who visited:\n1) Ben\nChallenge: Spend exactly 940 yen,
6,Jet Lag Japan,Adam Chase; Ben Doyle,#D32F2F,73,940 yen vending machine,138.5723850470139,35.66604577269639,,,,,,Ben Doyle,,Present in Jet Lag: Japan (Season 6) \nMembers who visited:\n1) Ben\nChallenge: Spend exactly 940 yen,
6,Jet Lag Japan,Adam Chase; Ben Doyle,#D32F2F,74,Ben spinning around,138.5743894740176,35.66163065160283,,,,,,Ben Doyle,,Present in Jet Lag: Japan (Season 6) \nMembers who visited:\n1) Ben,
6,Jet Lag Japan,Adam Chase; Ben Doyle,#D32F2F,75,Pizza Tower,138.5693319231909,35.6672227469594,,,,,,Ben Doyle,,Present in Jet Lag: Japan (Season 6) \nMembers who visited:\n1) Scotty (Placer)\n2) Ben (Victim),
6,Jet Lag Japan,Adam Chase; Ben Doyle,#D32F2F,76,Jail Tower,138.5693084309393,35.6672091594922,,,,,,Ben Doyle,,Present in Jet Lag: Japan (Season 6) \nMembers who visited:\n1) Scotty (Placer)\n2) Ben (Victim),
6,Jet Lag Japan,Adam Chase; Ben Doyle,#D32F2F,77,Phototag Spot,138.5662767484128,35.67111118938712,,,,,,Ben Doyle,,Present in Jet Lag: Japan (Season 6) \nMembers who visited:\n1) Scotty\n2) Ben (Tagged),
6,Jet Lag Japan,Adam Chase; Ben Doyle,#D32F2F,78,Pokemon 7-11,139.7582784506983,35.66773250137084,,,,,,Adam Chase,,Present in Jet Lag: Japan (Season 6) \nMembers who visited:\n1) Adam\nChallenge: Catch a pokemon\nChallenge: Show off your chopstick skills,
6,Jet Lag Japan,Adam Chase; Ben Doyle,#D32F2F,79,Chopsticks Spot,139.758336811206,35.6676553664557,,,,,,Adam Chase,,Present in Jet Lag: Japan (Season 6) \nMembers who visited:\n1) Adam\nChallenge: Show off your chopstick skills\nChallenge: Eat wagyu,
6,Jet Lag Japan,Adam Chase; Ben Doyle,#D32F2F,80,Yakiniku restaurant,139.7567143,35.6663216,,,,,,Adam Chase,,Present in Jet Lag: Japan (Season 6) \nMembers who visited:\n1) Adam\nChallenge: Eat wagyu,
6,Jet Lag Japan,Adam Chase; Ben Doyle,#D32F2F,81,Vampire Tower,139.7566892180072,35.66634099335241,,,,,,Adam Chase,,Present in Jet Lag: Japan (Season 6) \nMembers who visited:\n1) Sam (Victim)\n2) Adam (Placer),
6,Jet Lag Japan,Adam Chase; Ben Doyle,#D32F2F,82,Phototag Spot,139.7535196,35.6618674,,,,,,Adam Chase,,Present in Jet Lag: Japan (Season 6) \nMembers who visited:\n1) Sam \n2) Adam (Tagged)\nChallenge: Eat wagyu (Adam),
6,Jet Lag Japan,Adam Chase; Ben Doyle,#D32F2F,83,Adam Jaywalk Spot,139.7634597,35.6778103,,,,,,Adam Chase,,Present in Jet Lag: Japan (Season 6) \nMembers who visited:\n1) Adam\nChallenge: Get a half mile from nearest 7-11,
6,Jet Lag Japan,Adam Chase; Ben Doyle,#D32F2F,84,Phototag Spot,139.7556332,35.6778493,,,,,,Adam Chase,,Present in Jet Lag: Japan (Season 6) \nMembers who visited:\n1) Sam \n2) Adam (Tagged)\nChallenge: Get a half mile from nearest 7-11 (Adam),
6,Jet Lag Japan,Adam Chase; Ben Doyle,#D32F2F,85,Odawara Station,139.1553932,35.2564449,,,,,,,,Present in Jet Lag: Japan (Season 6) \nMembers who visited:\n1) Sam\n2) Scotty\n3) Adam\n4) Ben\nChallenge: Spend 15 minutes in a museum (Ben and Adam)\nChallenge: Do 100 squats (Ben and Adam),
6,Jet Lag Japan,Adam Chase; Ben Doyle,#D32F2F,86,Tokiwa Kimon Samurai Centre,139.1545956,35.2505602,,,,,,,,Present in Jet Lag: Japan (Season 6) \nMembers who visited:\n1) Sam\n2) Adam\n3) Ben \nChallenge: Spend 15 minutes in a museum (Ben and Adam),
6,Jet Lag Japan,Adam Chase; Ben Doyle,#D32F2F,87,Ice Tower,139.1547385169059,35.25064257712651,,,,,,,,Present in Jet Lag: Japan (Season 6) \nMembers who visited:\n1) Sam (Victim)\n2) Scotty (Victim)\n3) Adam (Placer)\n4) Ben (Placer),
6,Jet Lag Japan,Adam Chase; Ben Doyle,#D32F2F,88,Phototag Spot,139.1548055934446,35.25064676796121,,,,,,,,Present in Jet Lag: Japan (Season 6) \nMembers who visited:\n1) Sam\n2) Adam (Tagged)\n3) Ben (Tagged),
6,Jet Lag Japan,Adam Chase; Ben Doyle,#D32F2F,89,Curse Pull,139.1535807,35.2517131,,,,,,,,Present in Jet Lag: Japan (Season 6) \nMembers who visited:\n1) Adam\n2) Ben \n \nCurse: Melon (Ben and Adam),
6,Jet Lag Japan,Adam Chase; Ben Doyle,#D32F2F,90,Odd Tower Pull,139.1544339,35.2532192,,,,,,,,Present in Jet Lag: Japan (Season 6) \nMembers who visited:\n1) Adam\n2) Ben \n \nCurse: Melon (Ben and Adam),
6,Jet Lag Japan,Adam Chase; Ben Doyle,#D32F2F,91,Lusca Odawara,139.1559269,35.2556598,,,,,,,,Present in Jet Lag: Japan (Season 6) \nMembers who visited:\n1) Adam\n2) Ben \n \nCurse: Melon (Ben and Adam),
6,Jet Lag Japan,Adam Chase; Ben Doyle,#D32F2F,92,Gravity Tower,139.1548354321285,35.25624254318172,,,,,,,,Present in Jet Lag: Japan (Season 6) \nMembers who visited:\n1) Sam (Victim)\n2) Scotty (Victim)\n3) Adam (Placer)\n4) Ben (Placer),
6,Jet Lag Japan,Adam Chase; Ben Doyle,#D32F2F,93,Vampire Tower,139.1548130448286,35.25616405963451,,,,,,,,Present in Jet Lag: Japan (Season 6) \nMembers who visited:\n1) Sam (Placer)\n2) Scotty (Placer)\n3) Adam (Victim)\n4) Ben (Victim),
6,Jet Lag Japan,Adam Chase; Ben Doyle,#D32F2F,94,Jail Tower,139.1548093831907,35.25617566521269,,,,,,,,Present in Jet Lag: Japan (Season 6) \nMembers who visited:\n1) Sam (Placer)\n2) Scotty (Placer)\n3) Adam (Victim)\n4) Ben (Victim),
6,Jet Lag Japan,Adam Chase; Ben Doyle,#D32F2F,95,Mishima Station,138.9101551384619,35.1266594398869,,,,,,,,Present in Jet Lag: Japan (Season 6) \nMembers who visited:\n1) Scotty\n2) Adam \n3) Ben,
6,Jet Lag Japan,Adam Chase; Ben Doyle,#D32F2F,96,Hamamatsu Station,137.7352298964205,34.70387874019868,,,,,,,,Present in Jet Lag: Japan (Season 6) \nMembers who visited:\n1) Scotty\n2) Adam \n3) Ben\nCurse: Get on a late train (Ben and Adam),
6,Jet Lag Japan,Adam Chase; Ben Doyle,#D32F2F,97,Mud Tower,137.7349383632585,34.70347786231753,,,,,,,,Present in Jet Lag: Japan (Season 6) \nMembers who visited:\n1) Scotty (Victim)\n2) Adam (Placer)\n3) Ben (Placer),
6,Jet Lag Japan,Adam Chase; Ben Doyle,#D32F2F,98,Phototag Spot,137.734875421144,34.70341910068586,,,,,,,,Present in Jet Lag: Japan (Season 6) \nMembers who visited:\n1) Scotty\n2) Adam (Tagged)\n3) Ben (Tagged),
6,Jet Lag Japan,Adam Chase; Ben Doyle,#D32F2F,99,Tameike-sannō Sta.,139.7414004,35.6721312,,,,,,Ben Doyle,,Present in Jet Lag: Japan (Season 6) \nMembers who visited:\n1) Scotty\n2) Ben,
6,Jet Lag Japan,Adam Chase; Ben Doyle,#D32F2F,100,Tiebreaker Flag,139.7713654,35.6966524,,,,,,Adam Chase,,Present in Jet Lag: Japan (Season 6) \nMembers who visited:\n1) Adam,
6,Jet Lag Japan,Adam Chase; Ben Doyle,#D32F2F,101,Phototag Spot,139.7717881172849,35.69585755585052,,,,,,Adam Chase,,Present in Jet Lag: Japan (Season 6) \nMembers who visited:\n1) Sam (Tagged)\n2) Adam,
6,Jet Lag Japan,Adam Chase; Ben Doyle,#D32F2F,102,Tiebreaker Flag,139.7390462,35.6739291,,,,,,Ben Doyle,,Present in Jet Lag: Japan (Season 6) \nMembers who visited:\n1)  Ben,
6,Jet Lag Japan,Adam Chase; Ben Doyle,#D32F2F,103,Akasaka-Mitsuke Station,139.7372686,35.6767946,,,,,,Ben Doyle,,Present in Jet Lag: Japan (Season 6) \nMembers who visited:\n1) Scotty\n2) Ben,
6,Jet Lag Japan,Adam Chase; Ben Doyle,#D32F2F,104,Mitsukoshimae Station,139.7735707,35.6871555,,,,,,Adam Chase,,Present in Jet Lag: Japan (Season 6) \nMembers who visited:\n1) Adam,
6,Jet Lag Japan,Adam Chase; Ben Doyle,#D32F2F,105,Tiebreaker Flag,139.7705088,35.7121932,,,,,,Adam Chase,,Present in Jet Lag: Japan (Season 6) \nMembers who visited:\n1) Adam,
6,Jet Lag Japan,Adam Chase; Ben Doyle,#D32F2F,106,Ochanomizu Station,139.7644404,35.6997175,,,,,,Ben Doyle,,Present in Jet Lag: Japan (Season 6) \nMembers who visited:\n1) Sam\n2) Ben,
6,Jet Lag Japan,Adam Chase; Ben Doyle,#D32F2F,107,Asakusa Sta.,139.7977621,35.7107924,,,,,,Adam Chase,,Present in Jet Lag: Japan (Season 6) \nMembers who visited:\n1) Adam,
6,Jet Lag Japan,Adam Chase; Ben Doyle,#D32F2F,108,Tiebreaker Flag,139.7965305,35.7110098,,,,,,Adam Chase,,Present in Jet Lag: Japan (Season 6) \nMembers who visited:\n1) Adam,
6,Jet Lag Japan,Adam Chase; Ben Doyle,#D32F2F,109,Kanda Station,139.7709318,35.6918216,,,,,,Ben Doyle,,Present in Jet Lag: Japan (Season 6) \nMembers who visited:\n1) Sam\n2) Ben,
7,Tag Eur It 2,Adam Chase,#D32F2F,0,Place Ducale,4.720068572865392,49.77353025804793,,,,,,,,The starting point of Jet Lag: Tag 2 (Season 7)\nMembers who visited: \n1) Sam\n2) Adam\n3) Ben,
7,Tag Eur It 2,Adam Chase,#D32F2F,1,Charleville-Mézières,4.724986276875763,49.76783813820218,,,,,,,,Present in Jet Lag: Tag 2 (Season 7)\nMembers who visited: \n1) Sam\n2) Adam\n3) Ben,
7,Tag Eur It 2,Adam Chase,#D32F2F,2,Sam and Adam discuss,4.724228,49.7682253,,,,,,,,Present in Jet Lag: Tag 2 (Season 7)\nMembers who visited: \n1) Sam\n2) Adam,
7,Tag Eur It 2,Adam Chase,#D32F2F,3,Champagne-Ardenne TGV,3.9946139,49.2147266,,,,,,,,Present in Jet Lag: Tag 2 (Season 7)\nMembers who visited: \n1) Sam\n2) Adam\n3) Ben\nChallenge: Do a taste test (Ben),
7,Tag Eur It 2,Adam Chase,#D32F2F,4,Sacrée Pizza,3.993898227805215,49.21510180409656,,,,,,,,Present in Jet Lag: Tag 2 (Season 7)\nMembers who visited: \n1) Sam\n2) Adam\n3) Ben,
7,Tag Eur It 2,Adam Chase,#D32F2F,5,Meuse TGV,5.270868,48.9785309,,,,,,,,Present in Jet Lag: Tag 2 (Season 7)\nMembers who visited: \n1) Sam\n2) Adam\n3) Ben,
7,Tag Eur It 2,Adam Chase,#D32F2F,6,Ben Tag Spot,5.270564067948542,48.97857729041672,,,,,,,,Present in Jet Lag: Tag 2 (Season 7)\nMembers who visited: \n1) Adam\n2) Ben (Tagged),
7,Tag Eur It 2,Adam Chase,#D32F2F,7,Strasbourg,7.734067,48.585339,,,,,,,,Present in Jet Lag: Tag 2 (Season 7)\nMembers who visited: \n1) Sam\n2) Adam\n3) Ben\nChallenge: Make a putt (Adam),
7,Tag Eur It 2,Adam Chase,#D32F2F,8,Trivia Corner Spot,7.735275378705973,48.58473474330049,,,,,,,,Present in Jet Lag: Tag 2 (Season 7)\nMembers who visited: \n1) Adam\nChallenge: Amy's Trivia Corner,
7,Tag Eur It 2,Adam Chase,#D32F2F,9,Card Pull,7.735276515311941,48.58428194631242,,,,,,,,Present in Jet Lag: Tag 2 (Season 7)\nMembers who visited: \n1) Adam\nChallenge: Cut an orange in half,
7,Tag Eur It 2,Adam Chase,#D32F2F,10,Cut Orange Spot,7.736478944103737,48.58426534195925,,,,,,,,Present in Jet Lag: Tag 2 (Season 7)\nMembers who visited: \n1) Adam\nChallenge: Cut an orange in half,
7,Tag Eur It 2,Adam Chase,#D32F2F,11,Fight on streets,7.73646166111166,48.58424738404798,,,,,,,,Present in Jet Lag: Tag 2 (Season 7)\nMembers who visited: \n1) Adam\nChallenge: Fight them on the beaches,
7,Tag Eur It 2,Adam Chase,#D32F2F,12,Fight on beaches,7.738555422852045,48.58308474555744,,,,,,,,Present in Jet Lag: Tag 2 (Season 7)\nMembers who visited: \n1) Adam\nChallenge: Fight them on the beaches,
7,Tag Eur It 2,Adam Chase,#D32F2F,13,Fight on fields,7.7415373,48.58538429999999,,,,,,,,Present in Jet Lag: Tag 2 (Season 7)\nMembers who visited: \n1) Adam\nChallenge: Fight them on the beaches\nChallenge: Answer a riddle under a bridge,
7,Tag Eur It 2,Adam Chase,#D32F2F,14,Riddle Spot,7.741005304181467,48.58451459087609,,,,,,,,Present in Jet Lag: Tag 2 (Season 7)\nMembers who visited: \n1) Adam\nChallenge: Answer a riddle under a bridge,
7,Tag Eur It 2,Adam Chase,#D32F2F,15,Card Pull,7.734431000999377,48.58441993372154,,,,,,,,Present in Jet Lag: Tag 2 (Season 7)\nMembers who visited: \n1) Adam\nChallenge: Make a putt,
7,Tag Eur It 2,Adam Chase,#D32F2F,16,Offenburg,7.946719999999999,48.47664999999999,,,,,,,,Present in Jet Lag: Tag 2 (Season 7)\nMembers who visited: \n1) Sam\n2) Adam\n3) Ben,
7,Tag Eur It 2,Adam Chase,#D32F2F,17,Karlsruhe,8.4009743,48.9939401,,,,,,,,Present in Jet Lag: Tag 2 (Season 7)\nMembers who visited: \n1) Sam\n2) Adam\n3) Ben,
7,Tag Eur It 2,Adam Chase,#D32F2F,18,Adam view of castle,7.7195397,50.1487348,,,,,,,,Present in Jet Lag: Tag 2 (Season 7)\nMembers who visited: \n1) Adam,
7,Tag Eur It 2,Adam Chase,#D32F2F,19,Münster,7.634642999999999,51.9566768,,,,,,,,Present in Jet Lag: Tag 2 (Season 7)\nMembers who visited: \n1) Sam\n2) Adam\n3) Ben,
7,Tag Eur It 2,Adam Chase,#D32F2F,20,Adam disguise spot,7.6388291,51.957228,,,,,,,,Present in Jet Lag: Tag 2 (Season 7)\nMembers who visited: \n1) Adam,
7,Tag Eur It 2,Adam Chase,#D32F2F,21,Day 1 rest spot,7.6255506,51.9652889,,,,,,,,Present in Jet Lag: Tag 2 (Season 7)\nMembers who visited: \n1) Adam,
7,Tag Eur It 2,Adam Chase,#D32F2F,22,Emden,7.195206199999999,53.3691237,,,,,,,,Present in Jet Lag: Tag 2 (Season 7)\nMembers who visited: \n1) Sam\n2) Adam\n3) Ben,
7,Tag Eur It 2,Adam Chase,#D32F2F,23,Pissoir,7.195630636958928,53.36875293237955,,,,,,,,Present in Jet Lag: Tag 2 (Season 7)\nMembers who visited: \n1) Adam,
7,Tag Eur It 2,Adam Chase,#D32F2F,24,Knight curse spot,7.196318699999999,53.3689325,,,,,,,,Present in Jet Lag: Tag 2 (Season 7)\nMembers who visited: \n1) Adam\nCurse: Go to a castle (Adam),
7,Tag Eur It 2,Adam Chase,#D32F2F,25,Card Pull Spot,7.1887975,53.3558044,,,,,,,,Present in Jet Lag: Tag 2 (Season 7)\nMembers who visited: \n1) Adam\nChallenge: Find an american flag,
7,Tag Eur It 2,Adam Chase,#D32F2F,26,Pizza shop,7.197305699999999,53.3642871,,,,,,,,Present in Jet Lag: Tag 2 (Season 7)\nMembers who visited: \n1) Adam\nChallenge: Find an american flag,
7,Tag Eur It 2,Adam Chase,#D32F2F,27,Wine shop,7.2007704,53.3668255,,,,,,,,Present in Jet Lag: Tag 2 (Season 7)\nMembers who visited: \n1) Adam\nChallenge: Find an american flag,
7,Tag Eur It 2,Adam Chase,#D32F2F,28,Domino's,7.201021555091924,53.36680726081288,,,,,,,,Present in Jet Lag: Tag 2 (Season 7)\nMembers who visited: \n1) Adam\nChallenge: Find an american flag,
7,Tag Eur It 2,Adam Chase,#D32F2F,29,American shop,7.203715699999999,53.36665649999999,,,,,,,,Present in Jet Lag: Tag 2 (Season 7)\nMembers who visited: \n1) Adam\nChallenge: Find an american flag\nCurse: Wet hat syndrome (Adam),
7,Tag Eur It 2,Adam Chase,#D32F2F,30,Cafe Sikken,7.2032,53.36667,,,,,,,,Present in Jet Lag: Tag 2 (Season 7)\nMembers who visited: \n1) Adam\nCurse: Wet hat syndrome (Adam),
7,Tag Eur It 2,Adam Chase,#D32F2F,31,Ben chase start,7.208744730878605,53.36584121612388,,,,,,,,Present in Jet Lag: Tag 2 (Season 7)\nMembers who visited: \n1) Adam\n2) Ben\nCurse: Wet hat syndrome (Adam),
7,Tag Eur It 2,Adam Chase,#D32F2F,32,Adam Tag Spot,7.208774140054239,53.36449193542796,,,,,,,,Present in Jet Lag: Tag 2 (Season 7)\nMembers who visited: \n1) Adam\n2) Ben\nCurse: Wet hat syndrome (Adam),
7,Tag Eur It 2,Adam Chase,#D32F2F,33,Card handover,7.209602460763682,53.36513100959817,,,,,,,,Present in Jet Lag: Tag 2 (Season 7)\nMembers who visited: \n1) Sam\n2) Adam\n3) Ben,
7,Tag Eur It 2,Adam Chase,#D32F2F,34,Glowworm vending machine,7.1957583,53.3689824,,,,,,,,Present in Jet Lag: Tag 2 (Season 7)\nMembers who visited: \n1) Adam\n2) Ben,
7,Tag Eur It 2,Adam Chase,#D32F2F,35,Salzbergen,7.3503052,52.3229209,,,,,,,,Present in Jet Lag: Tag 2 (Season 7)\nMembers who visited: \n1) Sam\n2) Adam\n3) Ben\nCurse: Ratatouille (Sam),
7,Tag Eur It 2,Adam Chase,#D32F2F,36,Glitch in the Matrix,7.30538,52.3982812,,,,,,,,Present in Jet Lag: Tag 2 (Season 7)\nMembers who visited: \n1) Adam\n2) Ben,
7,Tag Eur It 2,Adam Chase,#D32F2F,37,Hengelo,6.794052506474393,52.26178581353736,,,,,,,,Present in Jet Lag: Tag 2 (Season 7)\nMembers who visited: \n1) Sam\n2) Adam\n3) Ben\nChallenge: Find the town hall (Sam),
7,Tag Eur It 2,Adam Chase,#D32F2F,38,Bing Bong,7.3477787,52.3229066,,,,,,,,Present in Jet Lag: Tag 2 (Season 7)\nMembers who visited: \n1) Adam\n2) Ben,
7,Tag Eur It 2,Adam Chase,#D32F2F,39,Zutphen,6.194119584546096,52.14486618047006,,,,,,,,Present in Jet Lag: Tag 2 (Season 7)\nMembers who visited: \n1) Sam\n2) Adam\n3) Ben,
7,Tag Eur It 2,Adam Chase,#D32F2F,40,'s-Hertogenbosch,5.293695489070577,51.69076453140786,,,,,,,,Present in Jet Lag: Tag 2 (Season 7)\nMembers who visited: \n1) Sam\n2) Adam\n3) Ben,
7,Tag Eur It 2,Adam Chase,#D32F2F,41,Eindhoven Centraal,5.4805389,51.4431348,,,,,,,,"Present in Jet Lag: Tag 2 (Season 7)\nMembers who visited: \n1) Sam\n2) Adam\n3) Ben\nChallenge: Choose your own adventure, 50 burpees (Ben)",
7,Tag Eur It 2,Adam Chase,#D32F2F,42,Breda Centraal,4.779524308784222,51.59553436684932,,,,,,,,"Present in Jet Lag: Tag 2 (Season 7)\nMembers who visited: \n1) Sam\n2) Adam\n3) Ben\nChallenge: Choose your own adventure, 50 burpees (Ben)",
7,Tag Eur It 2,Adam Chase,#D32F2F,43,Noorderkempen (Brecht),4.632696399999999,51.357161,,,,,,,,Present in Jet Lag: Tag 2 (Season 7)\nMembers who visited: \n1) Sam\n2) Adam,
7,Tag Eur It 2,Adam Chase,#D32F2F,44,Antwerp ,4.421241999999999,51.21686,,,,,,,,Present in Jet Lag: Tag 2 (Season 7)\nMembers who visited: \n1) Sam\n2) Adam,
7,Tag Eur It 2,Adam Chase,#D32F2F,45,Charleroi Central,4.438732478418917,50.40465415197521,,,,,,,,Present in Jet Lag: Tag 2 (Season 7)\nMembers who visited: \n1) Sam\n2) Adam\n3) Ben,
7,Tag Eur It 2,Adam Chase,#D32F2F,46,Namur,4.862490102224362,50.46913092651058,,,,,,,,Present in Jet Lag: Tag 2 (Season 7)\nMembers who visited: \n1) Sam\n2) Adam\n2) Ben\nChallenge: Become a French chef (Ben),
7,Tag Eur It 2,Adam Chase,#D32F2F,47,Luxembourg,6.134396323934328,49.59955755059351,,,,,,,,Present in Jet Lag: Tag 2 (Season 7)\nMembers who visited: \n1) Sam\n2) Adam\n3) Ben\nCurse: Ratatouille (Ben),
7,Tag Eur It 2,Adam Chase,#D32F2F,48,Howald,6.132179381684031,49.58067274336568,,,,,,,,Present in Jet Lag: Tag 2 (Season 7)\nMembers who visited: \n1) Sam\n2) Adam\n3) Ben,
7,Tag Eur It 2,Adam Chase,#D32F2F,49,Metz,6.177268385970127,49.10908775292114,,,,,,,,Present in Jet Lag: Tag 2 (Season 7)\nMembers who visited: \n1) Sam\n2) Adam\n3) Ben\nCurse: Triple veto time (Ben),
7,Tag Eur It 2,Adam Chase,#D32F2F,50,Bar-le-Duc,5.167233579229416,48.77369788907227,,,,,,,,Present in Jet Lag: Tag 2 (Season 7)\nMembers who visited: \n1) Sam\n2) Adam\n3) Ben,
7,Tag Eur It 2,Adam Chase,#D32F2F,51,Nancy,6.174036523273925,48.68966314872433,,,,,,,,Present in Jet Lag: Tag 2 (Season 7)\nMembers who visited: \n1) Sam\n2) Adam,
7,Tag Eur It 2,Adam Chase,#D32F2F,52,Look at that,6.1832796,48.693545,,,,,,,,Present in Jet Lag: Tag 2 (Season 7)\nMembers who visited: \n1) Sam\n2) Adam,
7,Tag Eur It 2,Adam Chase,#D32F2F,53,Look at that,6.182269499999999,48.695037,,,,,,,,Present in Jet Lag: Tag 2 (Season 7)\nMembers who visited: \n1) Sam\n2) Adam,
7,Tag Eur It 2,Adam Chase,#D32F2F,54,Look at that,6.1802637,48.69653899999999,,,,,,,,Present in Jet Lag: Tag 2 (Season 7)\nMembers who visited: \n1) Sam\n2) Adam,
7,Tag Eur It 2,Adam Chase,#D32F2F,55,Look at that,6.179247799999999,48.6962131,,,,,,,,Present in Jet Lag: Tag 2 (Season 7)\nMembers who visited: \n1) Sam\n2) Adam,
7,Tag Eur It 2,Adam Chase,#D32F2F,56,Look at that,6.1768757,48.69421029999999,,,,,,,,Present in Jet Lag: Tag 2 (Season 7)\nMembers who visited: \n1) Sam\n2) Adam,
7,Tag Eur It 2,Adam Chase,#D32F2F,57,Look at that,6.176858999999999,48.6929469,,,,,,,,Present in Jet Lag: Tag 2 (Season 7)\nMembers who visited: \n1) Sam\n2) Adam,
7,Tag Eur It 2,Adam Chase,#D32F2F,58,Ben tag spot,5.165405199999999,48.7720432,,,,,,,,Present in Jet Lag: Tag 2 (Season 7)\nMembers who visited: \n1) Sam\n2) Adam\n3) Ben\nThe final location for Season 7 (Ben is victorious),
7,Tag Eur It 2,Ben Doyle,#FFEE58,0,Place Ducale,4.720068572865392,49.77353025804793,,,,,,,,The starting point of Jet Lag: Tag 2 (Season 7)\nMembers who visited: \n1) Sam\n2) Adam\n3) Ben,
7,Tag Eur It 2,Ben Doyle,#FFEE58,1,Charleville-Mézières,4.724986276875763,49.76783813820218,,,,,,,,Present in Jet Lag: Tag 2 (Season 7)\nMembers who visited: \n1) Sam\n2) Adam\n3) Ben,
7,Tag Eur It 2,Ben Doyle,#FFEE58,2,Champagne-Ardenne TGV,3.9946139,49.2147266,,,,,,,,Present in Jet Lag: Tag 2 (Season 7)\nMembers who visited: \n1) Sam\n2) Adam\n3) Ben\nChallenge: Do a taste test (Ben),
7,Tag Eur It 2,Ben Doyle,#FFEE58,3,Sacrée Pizza,3.993898227805215,49.21510180409656,,,,,,,,Present in Jet Lag: Tag 2 (Season 7)\nMembers who visited: \n1) Sam\n2) Adam\n3) Ben,
7,Tag Eur It 2,Ben Doyle,#FFEE58,4,Fake Relay,3.998765399999999,49.2146602,,,,,,,,Present in Jet Lag: Tag 2 (Season 7)\nMembers who visited: \n1) Ben\nChallenge: Do a taste test,
7,Tag Eur It 2,Ben Doyle,#FFEE58,5,Lorraine TGV,6.169785699999999,48.9477507,,,,,,,,Present in Jet Lag: Tag 2 (Season 7)\nMembers who visited: \n1) Ben\nChallenge: Do a taste test,
7,Tag Eur It 2,Ben Doyle,#FFEE58,6,Haribo Spot,6.169562997675825,48.94832217645746,,,,,,,,Present in Jet Lag: Tag 2 (Season 7)\nMembers who visited: \n1) Ben\nChallenge: Do a taste test,
7,Tag Eur It 2,Ben Doyle,#FFEE58,7,Meuse TGV,5.270868,48.9785309,,,,,,,,Present in Jet Lag: Tag 2 (Season 7)\nMembers who visited: \n1) Sam\n2) Adam\n3) Ben,
7,Tag Eur It 2,Ben Doyle,#FFEE58,8,Ben Tag Spot,5.270564067948542,48.97857729041672,,,,,,,,Present in Jet Lag: Tag 2 (Season 7)\nMembers who visited: \n1) Adam\n2) Ben (Tagged),
7,Tag Eur It 2,Ben Doyle,#FFEE58,9,Strasbourg,7.734067,48.585339,,,,,,,,Present in Jet Lag: Tag 2 (Season 7)\nMembers who visited: \n1) Sam\n2) Adam\n3) Ben\nChallenge: Make a putt (Adam),
7,Tag Eur It 2,Ben Doyle,#FFEE58,10,Choo Choo Chew: Derailed,3.994101997504089,49.21491706305684,,,,,,,,Present in Jet Lag: Tag 2 (Season 7)\nMembers who visited: \n1) Sam\n2) Ben,
7,Tag Eur It 2,Ben Doyle,#FFEE58,11,Offenburg,7.946719999999999,48.47664999999999,,,,,,,,Present in Jet Lag: Tag 2 (Season 7)\nMembers who visited: \n1) Sam\n2) Adam\n3) Ben,
7,Tag Eur It 2,Ben Doyle,#FFEE58,12,Karlsruhe,8.4009743,48.9939401,,,,,,,,Present in Jet Lag: Tag 2 (Season 7)\nMembers who visited: \n1) Sam\n2) Adam\n3) Ben,
7,Tag Eur It 2,Ben Doyle,#FFEE58,13,Münster,7.634642999999999,51.9566768,,,,,,,,Present in Jet Lag: Tag 2 (Season 7)\nMembers who visited: \n1) Sam\n2) Adam\n3) Ben,
7,Tag Eur It 2,Ben Doyle,#FFEE58,14,Dortmund,7.459323399999999,51.5176562,,,,,,,,Present in Jet Lag: Tag 2 (Season 7)\nMembers who visited: \n1) Sam\n2) Ben,
7,Tag Eur It 2,Ben Doyle,#FFEE58,15,Day 1 rest spot,7.459554534030939,51.51701301047245,,,,,,,,Present in Jet Lag: Tag 2 (Season 7)\nMembers who visited: \n1) Sam\n2) Ben,
7,Tag Eur It 2,Ben Doyle,#FFEE58,16,Emden,7.195206199999999,53.3691237,,,,,,,,Present in Jet Lag: Tag 2 (Season 7)\nMembers who visited: \n1) Sam\n2) Adam\n3) Ben,
7,Tag Eur It 2,Ben Doyle,#FFEE58,17,Ben chase start,7.208744730878605,53.36584121612388,,,,,,,,Present in Jet Lag: Tag 2 (Season 7)\nMembers who visited: \n1) Adam\n2) Ben\nCurse: Wet hat syndrome (Adam),
7,Tag Eur It 2,Ben Doyle,#FFEE58,18,Adam Tag Spot,7.208774140054239,53.36449193542796,,,,,,,,Present in Jet Lag: Tag 2 (Season 7)\nMembers who visited: \n1) Adam\n2) Ben\nCurse: Wet hat syndrome (Adam),
7,Tag Eur It 2,Ben Doyle,#FFEE58,19,Card handover,7.209602460763682,53.36513100959817,,,,,,,,Present in Jet Lag: Tag 2 (Season 7)\nMembers who visited: \n1) Sam\n2) Adam\n3) Ben,
7,Tag Eur It 2,Ben Doyle,#FFEE58,20,Glowworm vending machine,7.1957583,53.3689824,,,,,,,,Present in Jet Lag: Tag 2 (Season 7)\nMembers who visited: \n1) Adam\n2) Ben,
7,Tag Eur It 2,Ben Doyle,#FFEE58,21,Salzbergen,7.3503052,52.3229209,,,,,,,,Present in Jet Lag: Tag 2 (Season 7)\nMembers who visited: \n1) Sam\n2) Adam\n3) Ben\nCurse: Ratatouille (Sam),
7,Tag Eur It 2,Ben Doyle,#FFEE58,22,Glitch in the Matrix,7.30538,52.3982812,,,,,,,,Present in Jet Lag: Tag 2 (Season 7)\nMembers who visited: \n1) Adam\n2) Ben,
7,Tag Eur It 2,Ben Doyle,#FFEE58,23,Hengelo,6.794052506474393,52.26178581353736,,,,,,,,Present in Jet Lag: Tag 2 (Season 7)\nMembers who visited: \n1) Sam\n2) Adam\n3) Ben\nChallenge: Find the town hall (Sam),
7,Tag Eur It 2,Ben Doyle,#FFEE58,24,Bing Bong,7.3477787,52.3229066,,,,,,,,Present in Jet Lag: Tag 2 (Season 7)\nMembers who visited: \n1) Adam\n2) Ben,
7,Tag Eur It 2,Ben Doyle,#FFEE58,25,Zutphen,6.194119584546096,52.14486618047006,,,,,,,,Present in Jet Lag: Tag 2 (Season 7)\nMembers who visited: \n1) Sam\n2) Adam\n3) Ben,
7,Tag Eur It 2,Ben Doyle,#FFEE58,26,'s-Hertogenbosch,5.293695489070577,51.69076453140786,,,,,,,,Present in Jet Lag: Tag 2 (Season 7)\nMembers who visited: \n1) Sam\n2) Adam\n3) Ben,
7,Tag Eur It 2,Ben Doyle,#FFEE58,27,Eindhoven Centraal,5.4805389,51.4431348,,,,,,,,"Present in Jet Lag: Tag 2 (Season 7)\nMembers who visited: \n1) Sam\n2) Adam\n3) Ben\nChallenge: Choose your own adventure, 50 burpees (Ben)",
7,Tag Eur It 2,Ben Doyle,#FFEE58,28,Breda Centraal,4.779524308784222,51.59553436684932,,,,,,,,"Present in Jet Lag: Tag 2 (Season 7)\nMembers who visited: \n1) Sam\n2) Adam\n3) Ben\nChallenge: Choose your own adventure, 50 burpees (Ben)",
7,Tag Eur It 2,Ben Doyle,#FFEE58,29,Brussels Airport,4.482677955476964,50.89815575059779,,,,,,,,Present in Jet Lag: Tag 2 (Season 7)\nMembers who visited: \n1) Ben,
7,Tag Eur It 2,Ben Doyle,#FFEE58,30,Charleroi Central,4.438732478418917,50.40465415197521,,,,,,,,Present in Jet Lag: Tag 2 (Season 7)\nMembers who visited: \n1) Sam\n2) Adam\n3) Ben,
7,Tag Eur It 2,Ben Doyle,#FFEE58,31,Namur,4.862490102224362,50.46913092651058,,,,,,,,Present in Jet Lag: Tag 2 (Season 7)\nMembers who visited: \n1) Sam\n2) Adam\n2) Ben\nChallenge: Become a French chef (Ben),
7,Tag Eur It 2,Ben Doyle,#FFEE58,32,Shop & Go,4.861599591153118,50.46807914437225,,,,,,,,Present in Jet Lag: Tag 2 (Season 7)\nMembers who visited: \n1) Ben\nChallenge: Become a French chef,
7,Tag Eur It 2,Ben Doyle,#FFEE58,33,Mayonnaise spot,4.861458049866707,50.46850629365137,,,,,,,,Present in Jet Lag: Tag 2 (Season 7)\nMembers who visited: \n1) Ben\nChallenge: Become a French chef,
7,Tag Eur It 2,Ben Doyle,#FFEE58,34,Luxembourg,6.134396323934328,49.59955755059351,,,,,,,,Present in Jet Lag: Tag 2 (Season 7)\nMembers who visited: \n1) Sam\n2) Adam\n3) Ben\nCurse: Ratatouille (Ben),
7,Tag Eur It 2,Ben Doyle,#FFEE58,35,Belval-Université,5.946257620760209,49.49958298060574,,,,,,,,Present in Jet Lag: Tag 2 (Season 7)\nMembers who visited: \n1) Ben\nCurse: Ratatouille (Ben),
7,Tag Eur It 2,Ben Doyle,#FFEE58,36,Howald,6.132179381684031,49.58067274336568,,,,,,,,Present in Jet Lag: Tag 2 (Season 7)\nMembers who visited: \n1) Sam\n2) Adam\n3) Ben,
7,Tag Eur It 2,Ben Doyle,#FFEE58,37,Metz,6.177268385970127,49.10908775292114,,,,,,,,Present in Jet Lag: Tag 2 (Season 7)\nMembers who visited: \n1) Sam\n2) Adam\n3) Ben\nCurse: Triple veto time (Ben),
7,Tag Eur It 2,Ben Doyle,#FFEE58,38,Photo booth,6.176297,49.1089666,,,,,,,,Present in Jet Lag: Tag 2 (Season 7)\nMembers who visited: \n1) Ben,
7,Tag Eur It 2,Ben Doyle,#FFEE58,39,Bar-le-Duc,5.167233579229416,48.77369788907227,,,,,,,,Present in Jet Lag: Tag 2 (Season 7)\nMembers who visited: \n1) Sam\n2) Adam\n3) Ben,
7,Tag Eur It 2,Ben Doyle,#FFEE58,40,Ben's Bench,5.1641256,48.77304659999999,,,,,,,,Present in Jet Lag: Tag 2 (Season 7)\nMembers who visited: \n1) Ben,
7,Tag Eur It 2,Ben Doyle,#FFEE58,41,Look at that,5.1667362,48.7709684,,,,,,,,Present in Jet Lag: Tag 2 (Season 7)\nMembers who visited: \n1) Ben,
7,Tag Eur It 2,Ben Doyle,#FFEE58,42,Ben tag spot,5.165405199999999,48.7720432,,,,,,,,Present in Jet Lag: Tag 2 (Season 7)\nMembers who visited: \n1) Sam\n2) Adam\n3) Ben\nThe final location for Season 7 (Ben is victorious),
7,Tag Eur It 2,Sam Denby,#F57C00,0,Place Ducale,4.720068572865392,49.77353025804793,,,,,,,,The starting point of Jet Lag: Tag 2 (Season 7)\nMembers who visited: \n1) Sam\n2) Adam\n3) Ben,
7,Tag Eur It 2,Sam Denby,#F57C00,1,Charleville-Mézières,4.724986276875763,49.76783813820218,,,,,,,,Present in Jet Lag: Tag 2 (Season 7)\nMembers who visited: \n1) Sam\n2) Adam\n3) Ben,
7,Tag Eur It 2,Sam Denby,#F57C00,2,Sam and Adam discuss,4.724228,49.7682253,,,,,,,,Present in Jet Lag: Tag 2 (Season 7)\nMembers who visited: \n1) Sam\n2) Adam,
7,Tag Eur It 2,Sam Denby,#F57C00,3,Champagne-Ardenne TGV,3.9946139,49.2147266,,,,,,,,Present in Jet Lag: Tag 2 (Season 7)\nMembers who visited: \n1) Sam\n2) Adam\n3) Ben\nChallenge: Do a taste test (Ben),
7,Tag Eur It 2,Sam Denby,#F57C00,4,Sacrée Pizza,3.993898227805215,49.21510180409656,,,,,,,,Present in Jet Lag: Tag 2 (Season 7)\nMembers who visited: \n1) Sam\n2) Adam\n3) Ben,
7,Tag Eur It 2,Sam Denby,#F57C00,5,Meuse TGV,5.270868,48.9785309,,,,,,,,Present in Jet Lag: Tag 2 (Season 7)\nMembers who visited: \n1) Sam\n2) Adam\n3) Ben,
7,Tag Eur It 2,Sam Denby,#F57C00,6,Strasbourg,7.734067,48.585339,,,,,,,,Present in Jet Lag: Tag 2 (Season 7)\nMembers who visited: \n1) Sam\n2) Adam\n3) Ben\nChallenge: Make a putt (Adam),
7,Tag Eur It 2,Sam Denby,#F57C00,7,Choo Choo Chew: Derailed,3.994101997504089,49.21491706305684,,,,,,,,Present in Jet Lag: Tag 2 (Season 7)\nMembers who visited: \n1) Sam\n2) Ben,
7,Tag Eur It 2,Sam Denby,#F57C00,8,Offenburg,7.946719999999999,48.47664999999999,,,,,,,,Present in Jet Lag: Tag 2 (Season 7)\nMembers who visited: \n1) Sam\n2) Adam\n3) Ben,
7,Tag Eur It 2,Sam Denby,#F57C00,9,Karlsruhe,8.4009743,48.9939401,,,,,,,,Present in Jet Lag: Tag 2 (Season 7)\nMembers who visited: \n1) Sam\n2) Adam\n3) Ben,
7,Tag Eur It 2,Sam Denby,#F57C00,10,Münster,7.634642999999999,51.9566768,,,,,,,,Present in Jet Lag: Tag 2 (Season 7)\nMembers who visited: \n1) Sam\n2) Adam\n3) Ben,
7,Tag Eur It 2,Sam Denby,#F57C00,11,Dortmund,7.459323399999999,51.5176562,,,,,,,,Present in Jet Lag: Tag 2 (Season 7)\nMembers who visited: \n1) Sam\n2) Ben,
7,Tag Eur It 2,Sam Denby,#F57C00,12,Day 1 rest spot,7.459554534030939,51.51701301047245,,,,,,,,Present in Jet Lag: Tag 2 (Season 7)\nMembers who visited: \n1) Sam\n2) Ben,
7,Tag Eur It 2,Sam Denby,#F57C00,13,Emden,7.195206199999999,53.3691237,,,,,,,,Present in Jet Lag: Tag 2 (Season 7)\nMembers who visited: \n1) Sam\n2) Adam\n3) Ben,
7,Tag Eur It 2,Sam Denby,#F57C00,14,Card handover,7.209602460763682,53.36513100959817,,,,,,,,Present in Jet Lag: Tag 2 (Season 7)\nMembers who visited: \n1) Sam\n2) Adam\n3) Ben,
7,Tag Eur It 2,Sam Denby,#F57C00,15,Salzbergen,7.3503052,52.3229209,,,,,,,,Present in Jet Lag: Tag 2 (Season 7)\nMembers who visited: \n1) Sam\n2) Adam\n3) Ben\nCurse: Ratatouille (Sam),
7,Tag Eur It 2,Sam Denby,#F57C00,16,Old Train,7.3501582,52.32310809999999,,,,,,,,Present in Jet Lag: Tag 2 (Season 7)\nMembers who visited: \n1) Sam,
7,Tag Eur It 2,Sam Denby,#F57C00,17,Historic Church,7.347816537869949,52.32329094050096,,,,,,,,Present in Jet Lag: Tag 2 (Season 7)\nMembers who visited: \n1) Sam,
7,Tag Eur It 2,Sam Denby,#F57C00,18,Hengelo,6.794052506474393,52.26178581353736,,,,,,,,Present in Jet Lag: Tag 2 (Season 7)\nMembers who visited: \n1) Sam\n2) Adam\n3) Ben\nChallenge: Find the town hall (Sam),
7,Tag Eur It 2,Sam Denby,#F57C00,19,Hengelo Town Hall,6.791860643688641,52.26585069513449,,,,,,,,Present in Jet Lag: Tag 2 (Season 7)\nMembers who visited: \n1) Sam\nChallenge: Find the town hall,
7,Tag Eur It 2,Sam Denby,#F57C00,20,Zutphen,6.194119584546096,52.14486618047006,,,,,,,,Present in Jet Lag: Tag 2 (Season 7)\nMembers who visited: \n1) Sam\n2) Adam\n3) Ben,
7,Tag Eur It 2,Sam Denby,#F57C00,21,Broederenkerk,6.1946353,52.1425741,,,,,,,,Present in Jet Lag: Tag 2 (Season 7)\nMembers who visited: \n1) Sam\nChallenge: See something old,
7,Tag Eur It 2,Sam Denby,#F57C00,22,'s-Hertogenbosch,5.293695489070577,51.69076453140786,,,,,,,,Present in Jet Lag: Tag 2 (Season 7)\nMembers who visited: \n1) Sam\n2) Adam\n3) Ben,
7,Tag Eur It 2,Sam Denby,#F57C00,23,Eindhoven Centraal,5.4805389,51.4431348,,,,,,,,"Present in Jet Lag: Tag 2 (Season 7)\nMembers who visited: \n1) Sam\n2) Adam\n3) Ben\nChallenge: Choose your own adventure, 50 burpees (Ben)",
7,Tag Eur It 2,Sam Denby,#F57C00,24,Breda Centraal,4.779524308784222,51.59553436684932,,,,,,,,"Present in Jet Lag: Tag 2 (Season 7)\nMembers who visited: \n1) Sam\n2) Adam\n3) Ben\nChallenge: Choose your own adventure, 50 burpees (Ben)",
7,Tag Eur It 2,Sam Denby,#F57C00,25,Noorderkempen (Brecht),4.632696399999999,51.357161,,,,,,,,Present in Jet Lag: Tag 2 (Season 7)\nMembers who visited: \n1) Sam\n2) Adam,
7,Tag Eur It 2,Sam Denby,#F57C00,26,Antwerp ,4.421241999999999,51.21686,,,,,,,,Present in Jet Lag: Tag 2 (Season 7)\nMembers who visited: \n1) Sam\n2) Adam,
7,Tag Eur It 2,Sam Denby,#F57C00,27,Charleroi Central,4.438732478418917,50.40465415197521,,,,,,,,Present in Jet Lag: Tag 2 (Season 7)\nMembers who visited: \n1) Sam\n2) Adam\n3) Ben,
7,Tag Eur It 2,Sam Denby,#F57C00,28,Namur,4.862490102224362,50.46913092651058,,,,,,,,Present in Jet Lag: Tag 2 (Season 7)\nMembers who visited: \n1) Sam\n2) Adam\n2) Ben\nChallenge: Become a French chef (Ben),
7,Tag Eur It 2,Sam Denby,#F57C00,29,Luxembourg,6.134396323934328,49.59955755059351,,,,,,,,Present in Jet Lag: Tag 2 (Season 7)\nMembers who visited: \n1) Sam\n2) Adam\n3) Ben\nCurse: Ratatouille (Ben),
7,Tag Eur It 2,Sam Denby,#F57C00,30,Howald,6.132179381684031,49.58067274336568,,,,,,,,Present in Jet Lag: Tag 2 (Season 7)\nMembers who visited: \n1) Sam\n2) Adam\n3) Ben,
7,Tag Eur It 2,Sam Denby,#F57C00,31,Metz,6.177268385970127,49.10908775292114,,,,,,,,Present in Jet Lag: Tag 2 (Season 7)\nMembers who visited: \n1) Sam\n2) Adam\n3) Ben\nCurse: Triple veto time (Ben),
7,Tag Eur It 2,Sam Denby,#F57C00,32,Bar-le-Duc,5.167233579229416,48.77369788907227,,,,,,,,Present in Jet Lag: Tag 2 (Season 7)\nMembers who visited: \n1) Sam\n2) Adam\n3) Ben,
7,Tag Eur It 2,Sam Denby,#F57C00,33,Nancy,6.174036523273925,48.68966314872433,,,,,,,,Present in Jet Lag: Tag 2 (Season 7)\nMembers who visited: \n1) Sam\n2) Adam,
7,Tag Eur It 2,Sam Denby,#F57C00,34,Look at that,6.1832796,48.693545,,,,,,,,Present in Jet Lag: Tag 2 (Season 7)\nMembers who visited: \n1) Sam\n2) Adam,
7,Tag Eur It 2,Sam Denby,#F57C00,35,Look at that,6.182269499999999,48.695037,,,,,,,,Present in Jet Lag: Tag 2 (Season 7)\nMembers who visited: \n1) Sam\n2) Adam,
7,Tag Eur It 2,Sam Denby,#F57C00,36,Look at that,6.1802637,48.69653899999999,,,,,,,,Present in Jet Lag: Tag 2 (Season 7)\nMembers who visited: \n1) Sam\n2) Adam,
7,Tag Eur It 2,Sam Denby,#F57C00,37,Look at that,6.179247799999999,48.6962131,,,,,,,,Present in Jet Lag: Tag 2 (Season 7)\nMembers who visited: \n1) Sam\n2) Adam,
7,Tag Eur It 2,Sam Denby,#F57C00,38,Look at that,6.1768757,48.69421029999999,,,,,,,,Present in Jet Lag: Tag 2 (Season 7)\nMembers who visited: \n1) Sam\n2) Adam,
7,Tag Eur It 2,Sam Denby,#F57C00,39,Look at that,6.176858999999999,48.6929469,,,,,,,,Present in Jet Lag: Tag 2 (Season 7)\nMembers who visited: \n1) Sam\n2) Adam,
7,Tag Eur It 2,Sam Denby,#F57C00,40,Ben tag spot,5.165405199999999,48.7720432,,,,,,,,Present in Jet Lag: Tag 2 (Season 7)\nMembers who visited: \n1) Sam\n2) Adam\n3) Ben\nThe final location for Season 7 (Ben is victorious),
8,Arctic Escape,Sam Denby; Michelle Khare,#1976D2,0,Whale Bone Arch,-156.7739572142164,71.29846551704301,,,,,,,,"The starting point of Jet Lag: Arctic Escape (Season 8)\nMembers who visited: \n1) Sam\n2) Michelle\n3) Adam\n4) Ben\nChallenge: Build a snowman on the beach (Sam, Michelle, Adam, Ben)",
8,Arctic Escape,Sam Denby; Michelle Khare,#1976D2,1,Snowman Beach,-156.7747864855955,71.29851000854346,,,,,,,,"Present in Jet Lag: Arctic Escape (Season 8)\nMembers who visited: \n1) Sam\n2) Michelle\n3) Adam\n4) Ben\nChallenge: Build a snowman on the beach (Sam, Michelle, Adam, Ben)\nChallenge: Dance like nobody's watching (Adam, Ben)",
8,Arctic Escape,Sam Denby; Michelle Khare,#1976D2,2,Stuaqpak,-156.7554146103631,71.29895272175929,,,,,,,,"Present in Jet Lag: Arctic Escape (Season 8)\nMembers who visited: \n1) Sam\n2) Michelle\nChallenge: Build a snowman on the beach (Sam, Michelle)",
8,Arctic Escape,Sam Denby; Michelle Khare,#1976D2,3,Wiley Post-Will Rogers Memorial Airport (BRW),-156.7750277,71.2876213,,,,,,,,Present in Jet Lag: Arctic Escape (Season 8)\nMembers who visited: \n1) Sam\n2) Michelle\n3) Adam\n4) Ben,
8,Arctic Escape,Adam Chase; Ben Doyle,#D32F2F,0,Whale Bone Arch,-156.7739572142164,71.29846551704301,,,,,,,,"The starting point of Jet Lag: Arctic Escape (Season 8)\nMembers who visited: \n1) Sam\n2) Michelle\n3) Adam\n4) Ben\nChallenge: Build a snowman on the beach (Sam, Michelle, Adam, Ben)",
8,Arctic Escape,Adam Chase; Ben Doyle,#D32F2F,1,Snowman Beach,-156.7747864855955,71.29851000854346,,,,,,,,"Present in Jet Lag: Arctic Escape (Season 8)\nMembers who visited: \n1) Sam\n2) Michelle\n3) Adam\n4) Ben\nChallenge: Build a snowman on the beach (Sam, Michelle, Adam, Ben)\nChallenge: Dance like nobody's watching (Adam, Ben)",
8,Arctic Escape,Adam Chase; Ben Doyle,#D32F2F,2,Wiley Post-Will Rogers Memorial Airport (BRW),-156.7750277,71.2876213,,,,,,,,Present in Jet Lag: Arctic Escape (Season 8)\nMembers who visited: \n1) Sam\n2) Michelle\n3) Adam\n4) Ben,
8,Arctic Escape,Adam Chase; Ben Doyle,#D32F2F,3,Dance spot,-156.7221098552755,71.30512783275968,,,,,,,,"Present in Jet Lag: Arctic Escape (Season 8)\nMembers who visited: \n1) Adam\n2) Ben\nChallenge: Dance like nobody's watching (Adam, Ben)",
9,Hide + Seek,Adam Chase,#D32F2F,0,Adam Starting Location,8.569644998957386,46.61769560725016,,,,,,,,Present in Jet Lag: Hide + Seek (Season 9)\nMembers who visited: \n1) Adam,
9,Hide + Seek,Adam Chase,#D32F2F,1,Question Spot,8.567810099999999,46.6188677,,,,,,,,Present in Jet Lag: Hide + Seek (Season 9)\nMembers who visited: \n1) Adam\nQuestion: Longitude (Adam)\nQuestion: 5 buildings (Adam),
9,Hide + Seek,Adam Chase,#D32F2F,2,Snowplow,8.567632,46.617708,,,,,,,,Present in Jet Lag: Hide + Seek (Season 9)\nMembers who visited: \n1) Adam,
9,Hide + Seek,Adam Chase,#D32F2F,3,Question Spot,8.568640499999999,46.6193347,,,,,,,,Present in Jet Lag: Hide + Seek (Season 9)\nMembers who visited: \n1) Adam\nQuestion: Latitude (Adam),
9,Hide + Seek,Adam Chase,#D32F2F,4,Gasthaus Pizzeria zum Turm,8.5675254,46.61866209999999,,,,,,,,Present in Jet Lag: Hide + Seek (Season 9)\nMembers who visited: \n1) Adam\nQuestion: 25 mile radar (Adam),
9,Hide + Seek,Adam Chase,#D32F2F,5,Pfarrkirche Hospental,8.567946899999999,46.6194623,,,,,,,,Present in Jet Lag: Hide + Seek (Season 9)\nMembers who visited: \n1) Adam\nCurse: William Tell Curse (Sam and Ben),
9,Hide + Seek,Adam Chase,#D32F2F,6,Adam Hiding Spot,8.5668828,46.6186591,,,,,,,,Present in Jet Lag: Hide + Seek (Season 9)\nMembers who visited: \n1) Sam\n2) Adam\n3) Ben,
9,Hide + Seek,Adam Chase,#D32F2F,7,Hotel,8.5672646,46.618339,,,,,,,,Present in Jet Lag: Hide + Seek (Season 9)\nMembers who visited: \n1) Adam\nQuestion: Hotel Price,
9,Hide + Seek,Adam Chase,#D32F2F,8,Hospental,8.570959,46.62108,,,,,,,,Present in Jet Lag: Hide + Seek (Season 9)\nMembers who visited: \n1) Sam\n2) Adam\n3) Ben,
9,Hide + Seek,Sam Denby,#F57C00,0,Seekers Starting Location,8.3115959,47.0513784,,,,,,,,The starting point of Jet Lag: Hide + Seek (Season 9)\nMembers who visited: \n1) Sam\n2)  Ben,
9,Hide + Seek,Sam Denby,#F57C00,1,Question Spot,8.3116746,47.0508378,,,,,,,,Present in Jet Lag: Hide + Seek (Season 9)\nMembers who visited: \n1) Sam\n2) Ben\nQuestion: Longitude (Adam),
9,Hide + Seek,Sam Denby,#F57C00,2,Luzern,8.3103841,47.0494887,,,,,,,,Present in Jet Lag: Hide + Seek (Season 9)\nMembers who visited: \n1) Sam\n2) Ben\nQuestion: Latitude (Adam),
9,Hide + Seek,Sam Denby,#F57C00,3,Göschenen,8.588762599999999,46.6658534,,,,,,,,Present in Jet Lag: Hide + Seek (Season 9)\nMembers who visited: \n1) Sam\n2) Ben\nCurse: William Tell Curse (Sam and Ben),
9,Hide + Seek,Sam Denby,#F57C00,4,Andermatt,8.5933055,46.6368392,,,,,,,,Present in Jet Lag: Hide + Seek (Season 9)\nMembers who visited: \n1) Sam\n2) Ben\nCurse: William Tell Curse (Sam and Ben)\nQuestion: Hotel price (Adam),
9,Hide + Seek,Sam Denby,#F57C00,5,"avec (inside train station, lower level)",8.5939687,46.63739590000001,,,,,,,,Present in Jet Lag: Hide + Seek (Season 9)\nMembers who visited: \n1) Sam\n2) Ben\nCurse: William Tell Curse (Sam and Ben),
9,Hide + Seek,Sam Denby,#F57C00,6,Adam Hiding Spot,8.5668828,46.6186591,,,,,,,,Present in Jet Lag: Hide + Seek (Season 9)\nMembers who visited: \n1) Sam\n2) Adam\n3) Ben,
9,Hide + Seek,Sam Denby,#F57C00,7,Apple Curse,8.593443599999999,46.6342994,,,,,,,,Present in Jet Lag: Hide + Seek (Season 9)\nMembers who visited: \n1) Sam\n2) Ben\nCurse: William Tell Curse (Sam and Ben),
9,Hide + Seek,Sam Denby,#F57C00,8,Apple Curse,8.589746,46.635215,,,,,,,,Present in Jet Lag: Hide + Seek (Season 9)\nMembers who visited: \n1) Sam\n2) Ben\nCurse: William Tell Curse (Sam and Ben)\nQuestion: 10 mile radar (Adam),
9,Hide + Seek,Sam Denby,#F57C00,9,Hospental,8.570959,46.62108,,,,,,,,Present in Jet Lag: Hide + Seek (Season 9)\nMembers who visited: \n1) Sam\n2) Adam\n3) Ben,
9,Hide + Seek,Ben Doyle,#FFEE58,0,Seekers Starting Location,8.3115959,47.0513784,,,,,,,,The starting point of Jet Lag: Hide + Seek (Season 9)\nMembers who visited: \n1) Sam\n2)  Ben,
9,Hide + Seek,Ben Doyle,#FFEE58,1,Question Spot,8.3116746,47.0508378,,,,,,,,Present in Jet Lag: Hide + Seek (Season 9)\nMembers who visited: \n1) Sam\n2) Ben\nQuestion: Longitude (Adam),
9,Hide + Seek,Ben Doyle,#FFEE58,2,Luzern,8.3103841,47.0494887,,,,,,,,Present in Jet Lag: Hide + Seek (Season 9)\nMembers who visited: \n1) Sam\n2) Ben\nQuestion: Latitude (Adam),
9,Hide + Seek,Ben Doyle,#FFEE58,3,Göschenen,8.588762599999999,46.6658534,,,,,,,,Present in Jet Lag: Hide + Seek (Season 9)\nMembers who visited: \n1) Sam\n2) Ben\nCurse: William Tell Curse (Sam and Ben),
9,Hide + Seek,Ben Doyle,#FFEE58,4,Andermatt,8.5933055,46.6368392,,,,,,,,Present in Jet Lag: Hide + Seek (Season 9)\nMembers who visited: \n1) Sam\n2) Ben\nCurse: William Tell Curse (Sam and Ben)\nQuestion: Hotel price (Adam),
9,Hide + Seek,Ben Doyle,#FFEE58,5,"avec (inside train station, lower level)",8.5939687,46.63739590000001,,,,,,,,Present in Jet Lag: Hide + Seek (Season 9)\nMembers who visited: \n1) Sam\n2) Ben\nCurse: William Tell Curse (Sam and Ben),
9,Hide + Seek,Ben Doyle,#FFEE58,6,Adam Hiding Spot,8.5668828,46.6186591,,,,,,,,Present in Jet Lag: Hide + Seek (Season 9)\nMembers who visited: \n1) Sam\n2) Adam\n3) Ben,
9,Hide + Seek,Ben Doyle,#FFEE58,7,Apple Curse,8.593443599999999,46.6342994,,,,,,,,Present in Jet Lag: Hide + Seek (Season 9)\nMembers who visited: \n1) Sam\n2) Ben\nCurse: William Tell Curse (Sam and Ben),
9,Hide + Seek,Ben Doyle,#FFEE58,8,Apple Curse,8.589746,46.635215,,,,,,,,Present in Jet Lag: Hide + Seek (Season 9)\nMembers who visited: \n1) Sam\n2) Ben\nCurse: William Tell Curse (Sam and Ben)\nQuestion: 10 mile radar (Adam),
9,Hide + Seek,Ben Doyle,#FFEE58,9,Hospental,8.570959,46.62108,,,,,,,,Present in Jet Lag: Hide + Seek (Season 9)\nMembers who visited: \n1) Sam\n2) Adam\n3) Ben,
10,Au$tralia,Sam Denby; Toby Hendy,#7B1FA2,0,Placeholder,0.0,0.0,,,,,,,,,
10,Au$tralia,Adam Chase; Ben Doyle,#D32F2F,0,Placeholder,0.0,0.0,,,,,,,,,
11,Tag Eur It 3,Adam Chase,#D32F2F,0,Placeholder,0.0,0.0,,,,,,,,,
11,Tag Eur It 3,Ben Doyle,#FFEE58,0,Placeholder,0.0,0.0,,,,,,,,,
11,Tag Eur It 3,Sam Denby,#F57C00,0,Placeholder,0.0,0.0,,,,,,,,,
12,Hide + Seek Japan,Adam Chase,#D32F2F,0,Placeholder,0.0,0.0,,,,,,,,,
12,Hide + Seek Japan,Ben Doyle,#FFEE58,0,Placeholder,0.0,0.0,,,,,,,,,
12,Hide + Seek Japan,Sam Denby,#F57C00,0,Placeholder,0.0,0.0,,,,,,,,,
13,Schengen Showdown,Sam Denby; Tom Scott,#00796B,0,Placeholder,0.0,0.0,,,,,,,,,
13,Schengen Showdown,Adam Chase; Ben Doyle,#D32F2F,0,Placeholder,0.0,0.0,,,,,,,,,
14,Snake,Adam Chase,#D32F2F,0,Placeholder,0.0,0.0,,,,,,,,,
14,Snake,Ben Doyle,#FFEE58,0,Placeholder,0.0,0.0,,,,,,,,,
14,Snake,Sam Denby,#F57C00,0,Placeholder,0.0,0.0,,,,,,,,,
15,Tag Eur It: All Stars,Sam Denby; Toby Hendy,#7B1FA2,0,Placeholder,0.0,0.0,,,,,,,,,
15,Tag Eur It: All Stars,Adam Chase; Michelle Khare,#1976D2,0,Placeholder,0.0,0.0,,,,,,,,,
15,Tag Eur It: All Stars,Ben Doyle; Brian McManus,#42A5F5,0,Placeholder,0.0,0.0,,,,,,,,,
16,Hide + Seek UK,Adam Chase,#D32F2F,0,Placeholder,0.0,0.0,,,,,,,,,
16,Hide + Seek UK,Ben Doyle,#FFEE58,0,Placeholder,0.0,0.0,,,,,,,,,
16,Hide + Seek UK,Sam Denby,#F57C00,0,Placeholder,0.0,0.0,,,,,,,,,
17,Taiwan: Rail Rush,Sam Denby; Michael Downie,#388E3C,0,Placeholder,0.0,0.0,,,,,,,,,
17,Taiwan: Rail Rush,Adam Chase; Ben Doyle,#D32F2F,0,Placeholder,0.0,0.0,,,,,,,,,
18,Stateside Scramble,Sam Denby; Amy Muller,#EA50EF,0,Placeholder,0.0,0.0,,,,,,,,,
18,Stateside Scramble,Adam Chase; Ben Doyle,#D32F2F,0,Placeholder,0.0,0.0,,,,,,,,,
19,Japanorama,Sam Denby; Ben Doyle,#F57C00,0,Placeholder,0.0,0.0,,,,,,,,,
19,Japanorama,Adam Chase; Tom Scott,#00796B,0,Placeholder,0.0,0.0,,,,,,,,,
20,Hide + Seek Italy,Adam Chase,#D32F2F,0,Placeholder,0.0,0.0,,,,,,,,,
20,Hide + Seek Italy,Ben Doyle,#FFEE58,0,Placeholder,0.0,0.0,,,,,,,,,
20,Hide + Seek Italy,Sam Denby,#F57C00,0,Placeholder,0.0,0.0,,,,,,,,,
