<?xml version='1.0' encoding='utf-8'?>
<kml xmlns="http://www.opengis.net/kml/2.2">
  <Document>
    <name>Season 2: Circumnavigation</name>
    <Folder>
      <name>Sam Denby &amp; Joseph Pisenti</name>
      <Placemark>
        <name>Denver Union Station</name>
        <description>&lt;b&gt;Team:&lt;/b&gt; Sam Denby &amp; Joseph Pisenti&lt;br&gt;&lt;b&gt;Notes:&lt;/b&gt;&lt;ul&gt;&lt;li&gt;The starting and ending point of Jet Lag: Circumnavigation (Season 2)
Members who visited:
1) Sam
2) Joseph
3) Adam
4) Ben&lt;/li&gt;&lt;/ul&gt;</description>
        <TimeSpan>
          <begin>2022-05-12T05:00:00</begin>
        </TimeSpan>
        <Style>
          <IconStyle>
            <color>ff007cf5</color>
            <scale>1.2</scale>
            <Icon>
              <href>https://maps.google.com/mapfiles/kml/pushpin/wht-blank.png</href>
            </Icon>
          </IconStyle>
        </Style>
        <Point>
          <coordinates>-105.0001518,39.7531499</coordinates>
        </Point>
      </Placemark>
      <Placemark>
        <name>Denver International Airport</name>
        <description>&lt;b&gt;Team:&lt;/b&gt; Sam Denby &amp; Joseph Pisenti</description>
        <Style>
          <IconStyle>
            <color>ff007cf5</color>
            <scale>1.2</scale>
            <Icon>
              <href>https://maps.google.com/mapfiles/kml/pushpin/wht-blank.png</href>
            </Icon>
          </IconStyle>
        </Style>
        <Point>
          <coordinates>-104.6737,39.8561</coordinates>
        </Point>
      </Placemark>
      <Placemark>
        <name>Cancun International Airport</name>
        <description>&lt;b&gt;Team:&lt;/b&gt; Sam Denby &amp; Joseph Pisenti&lt;br&gt;&lt;b&gt;Notes:&lt;/b&gt;&lt;ul&gt;&lt;li&gt;Present in Jet Lag: Circumnavigation (Season 2) 
Members who visited:
1) Sam
2) Joseph&lt;/li&gt;&lt;/ul&gt;</description>
        <Style>
          <IconStyle>
            <color>ff007cf5</color>
            <scale>1.2</scale>
            <Icon>
              <href>https://maps.google.com/mapfiles/kml/pushpin/wht-blank.png</href>
            </Icon>
          </IconStyle>
        </Style>
        <Point>
          <coordinates>-86.8740062,21.0417033</coordinates>
        </Point>
      </Placemark>
      <Placemark>
        <name>Amsterdam Airport Schiphol</name>
        <description>&lt;b&gt;Team:&lt;/b&gt; Sam Denby &amp; Joseph Pisenti&lt;br&gt;&lt;b&gt;Notes:&lt;/b&gt;&lt;ul&gt;&lt;li&gt;Present in Jet Lag: Circumnavigation (Season 2) 
Members who visited:
1) Sam
2) Joseph&lt;/li&gt;&lt;/ul&gt;</description>
        <Style>
          <IconStyle>
            <color>ff007cf5</color>
            <scale>1.2</scale>
            <Icon>
              <href>https://maps.google.com/mapfiles/kml/pushpin/wht-blank.png</href>
            </Icon>
          </IconStyle>
        </Style>
        <Point>
          <coordinates>4.7682744,52.31053859999999</coordinates>
        </Point>
      </Placemark>
      <Placemark>
        <name>Anne Frank House</name>
        <description>&lt;b&gt;Team:&lt;/b&gt; Sam Denby &amp; Joseph Pisenti&lt;br&gt;&lt;b&gt;Notes:&lt;/b&gt;&lt;ul&gt;&lt;li&gt;Present in Jet Lag: Circumnavigation (Season 2) 
Members who visited:
1) Sam
2) Joseph
Challenge: Take a photo at your city&amp;#x27;s top 5 landmarks&lt;/li&gt;&lt;/ul&gt;</description>
        <Style>
          <IconStyle>
            <color>ff007cf5</color>
            <scale>1.2</scale>
            <Icon>
              <href>https://maps.google.com/mapfiles/kml/pushpin/wht-blank.png</href>
            </Icon>
          </IconStyle>
        </Style>
        <Point>
          <coordinates>4.8839503,52.3752103</coordinates>
        </Point>
      </Placemark>
      <Placemark>
        <name>Jordaan</name>
        <description>&lt;b&gt;Team:&lt;/b&gt; Sam Denby &amp; Joseph Pisenti&lt;br&gt;&lt;b&gt;Notes:&lt;/b&gt;&lt;ul&gt;&lt;li&gt;Present in Jet Lag: Circumnavigation (Season 2) 
Members who visited:
1) Sam
2) Joseph
Challenge: Take a photo at your city&amp;#x27;s top 5 landmarks&lt;/li&gt;&lt;/ul&gt;</description>
        <Style>
          <IconStyle>
            <color>ff007cf5</color>
            <scale>1.2</scale>
            <Icon>
              <href>https://maps.google.com/mapfiles/kml/pushpin/wht-blank.png</href>
            </Icon>
          </IconStyle>
        </Style>
        <Point>
          <coordinates>4.880875899999999,52.3739315</coordinates>
        </Point>
      </Placemark>
      <Placemark>
        <name>Rijksmuseum</name>
        <description>&lt;b&gt;Team:&lt;/b&gt; Sam Denby &amp; Joseph Pisenti&lt;br&gt;&lt;b&gt;Notes:&lt;/b&gt;&lt;ul&gt;&lt;li&gt;Present in Jet Lag: Circumnavigation (Season 2) 
Members who visited:
1) Sam
2) Joseph
Challenge: Take a photo at your city&amp;#x27;s top 5 landmarks&lt;/li&gt;&lt;/ul&gt;</description>
        <Style>
          <IconStyle>
            <color>ff007cf5</color>
            <scale>1.2</scale>
            <Icon>
              <href>https://maps.google.com/mapfiles/kml/pushpin/wht-blank.png</href>
            </Icon>
          </IconStyle>
        </Style>
        <Point>
          <coordinates>4.8852188,52.3599976</coordinates>
        </Point>
      </Placemark>
      <Placemark>
        <name>Van Gogh Museum</name>
        <description>&lt;b&gt;Team:&lt;/b&gt; Sam Denby &amp; Joseph Pisenti&lt;br&gt;&lt;b&gt;Notes:&lt;/b&gt;&lt;ul&gt;&lt;li&gt;Present in Jet Lag: Circumnavigation (Season 2) 
Members who visited:
1) Sam
2) Joseph
Challenge: Take a photo at your city&amp;#x27;s top 5 landmarks&lt;/li&gt;&lt;/ul&gt;</description>
        <Style>
          <IconStyle>
            <color>ff007cf5</color>
            <scale>1.2</scale>
            <Icon>
              <href>https://maps.google.com/mapfiles/kml/pushpin/wht-blank.png</href>
            </Icon>
          </IconStyle>
        </Style>
        <Point>
          <coordinates>4.8810756,52.3584159</coordinates>
        </Point>
      </Placemark>
      <Placemark>
        <name>Vondelpark</name>
        <description>&lt;b&gt;Team:&lt;/b&gt; Sam Denby &amp; Joseph Pisenti&lt;br&gt;&lt;b&gt;Notes:&lt;/b&gt;&lt;ul&gt;&lt;li&gt;Present in Jet Lag: Circumnavigation (Season 2) 
Members who visited:
1) Sam
2) Joseph
Challenge: Take a photo at your city&amp;#x27;s top 5 landmarks&lt;/li&gt;&lt;/ul&gt;</description>
        <Style>
          <IconStyle>
            <color>ff007cf5</color>
            <scale>1.2</scale>
            <Icon>
              <href>https://maps.google.com/mapfiles/kml/pushpin/wht-blank.png</href>
            </Icon>
          </IconStyle>
        </Style>
        <Point>
          <coordinates>4.8686484,52.3579946</coordinates>
        </Point>
      </Placemark>
      <Placemark>
        <name>U.S. Consulate General</name>
        <description>&lt;b&gt;Team:&lt;/b&gt; Sam Denby &amp; Joseph Pisenti&lt;br&gt;&lt;b&gt;Notes:&lt;/b&gt;&lt;ul&gt;&lt;li&gt;Present in Jet Lag: Circumnavigation (Season 2) 
Members who visited:
1) Sam
2) Joseph
Challenge: Visit the U.S. consulate&lt;/li&gt;&lt;/ul&gt;</description>
        <Style>
          <IconStyle>
            <color>ff007cf5</color>
            <scale>1.2</scale>
            <Icon>
              <href>https://maps.google.com/mapfiles/kml/pushpin/wht-blank.png</href>
            </Icon>
          </IconStyle>
        </Style>
        <Point>
          <coordinates>4.8819864,52.3562223</coordinates>
        </Point>
      </Placemark>
      <Placemark>
        <name>Museumplein</name>
        <description>&lt;b&gt;Team:&lt;/b&gt; Sam Denby &amp; Joseph Pisenti&lt;br&gt;&lt;b&gt;Notes:&lt;/b&gt;&lt;ul&gt;&lt;li&gt;Present in Jet Lag: Circumnavigation (Season 2) 
Members who visited:
1) Sam
2) Joseph
Challenge: Visit the U.S. Consulate&lt;/li&gt;&lt;/ul&gt;</description>
        <Style>
          <IconStyle>
            <color>ff007cf5</color>
            <scale>1.2</scale>
            <Icon>
              <href>https://maps.google.com/mapfiles/kml/pushpin/wht-blank.png</href>
            </Icon>
          </IconStyle>
        </Style>
        <Point>
          <coordinates>4.882327999999999,52.35725600000001</coordinates>
        </Point>
      </Placemark>
      <Placemark>
        <name>Holland Casino</name>
        <description>&lt;b&gt;Team:&lt;/b&gt; Sam Denby &amp; Joseph Pisenti&lt;br&gt;&lt;b&gt;Notes:&lt;/b&gt;&lt;ul&gt;&lt;li&gt;Present in Jet Lag: Circumnavigation (Season 2) 
Members who visited:
1) Sam
2) Joseph
Challenge: Gamble at a casino&lt;/li&gt;&lt;/ul&gt;</description>
        <Style>
          <IconStyle>
            <color>ff007cf5</color>
            <scale>1.2</scale>
            <Icon>
              <href>https://maps.google.com/mapfiles/kml/pushpin/wht-blank.png</href>
            </Icon>
          </IconStyle>
        </Style>
        <Point>
          <coordinates>4.8823021,52.3626138</coordinates>
        </Point>
      </Placemark>
      <Placemark>
        <name>McDonald's Leidsestraat</name>
        <description>&lt;b&gt;Team:&lt;/b&gt; Sam Denby &amp; Joseph Pisenti&lt;br&gt;&lt;b&gt;Notes:&lt;/b&gt;&lt;ul&gt;&lt;li&gt;Present in Jet Lag: Circumnavigation (Season 2) 
Members who visited:
1) Sam
2) Joseph
Challenge: Eat a McDonald&amp;#x27;s item you cannot get in the US&lt;/li&gt;&lt;/ul&gt;</description>
        <Style>
          <IconStyle>
            <color>ff007cf5</color>
            <scale>1.2</scale>
            <Icon>
              <href>https://maps.google.com/mapfiles/kml/pushpin/wht-blank.png</href>
            </Icon>
          </IconStyle>
        </Style>
        <Point>
          <coordinates>4.883794,52.364649</coordinates>
        </Point>
      </Placemark>
      <Placemark>
        <name>Hans Snoekfontein</name>
        <description>&lt;b&gt;Team:&lt;/b&gt; Sam Denby &amp; Joseph Pisenti&lt;br&gt;&lt;b&gt;Notes:&lt;/b&gt;&lt;ul&gt;&lt;li&gt;Present in Jet Lag: Circumnavigation (Season 2) 
Members who visited:
1) Sam
2) Joseph
Challenge: Transfer a cup of fountain water from one fountain to another&lt;/li&gt;&lt;/ul&gt;</description>
        <Style>
          <IconStyle>
            <color>ff007cf5</color>
            <scale>1.2</scale>
            <Icon>
              <href>https://maps.google.com/mapfiles/kml/pushpin/wht-blank.png</href>
            </Icon>
          </IconStyle>
        </Style>
        <Point>
          <coordinates>4.8815266,52.3636815</coordinates>
        </Point>
      </Placemark>
      <Placemark>
        <name>Canada Goose Amsterdam</name>
        <description>&lt;b&gt;Team:&lt;/b&gt; Sam Denby &amp; Joseph Pisenti&lt;br&gt;&lt;b&gt;Notes:&lt;/b&gt;&lt;ul&gt;&lt;li&gt;Present in Jet Lag: Circumnavigation (Season 2) 
Members who visited:
1) Sam
2) Joseph
Challenge: Purchase a hat worth more than $100&lt;/li&gt;&lt;/ul&gt;</description>
        <Style>
          <IconStyle>
            <color>ff007cf5</color>
            <scale>1.2</scale>
            <Icon>
              <href>https://maps.google.com/mapfiles/kml/pushpin/wht-blank.png</href>
            </Icon>
          </IconStyle>
        </Style>
        <Point>
          <coordinates>4.8827753,52.3607209</coordinates>
        </Point>
      </Placemark>
      <Placemark>
        <name>Museumplein Hill</name>
        <description>&lt;b&gt;Team:&lt;/b&gt; Sam Denby &amp; Joseph Pisenti&lt;br&gt;&lt;b&gt;Notes:&lt;/b&gt;&lt;ul&gt;&lt;li&gt;Present in Jet Lag: Circumnavigation (Season 2) 
Members who visited:
1) Sam
2) Joseph
Challenge: Ascend 500 feet/152 meters to a high point without touching pavement&lt;/li&gt;&lt;/ul&gt;</description>
        <Style>
          <IconStyle>
            <color>ff007cf5</color>
            <scale>1.2</scale>
            <Icon>
              <href>https://maps.google.com/mapfiles/kml/pushpin/wht-blank.png</href>
            </Icon>
          </IconStyle>
        </Style>
        <Point>
          <coordinates>4.879979888515738,52.35725976656239</coordinates>
        </Point>
      </Placemark>
      <Placemark>
        <name>Q-Park Europarking</name>
        <description>&lt;b&gt;Team:&lt;/b&gt; Sam Denby &amp; Joseph Pisenti&lt;br&gt;&lt;b&gt;Notes:&lt;/b&gt;&lt;ul&gt;&lt;li&gt;Present in Jet Lag: Circumnavigation (Season 2) 
Members who visited:
1) Sam
2) Joseph
Challenge: Pick up three pounds of trash&lt;/li&gt;&lt;/ul&gt;</description>
        <Style>
          <IconStyle>
            <color>ff007cf5</color>
            <scale>1.2</scale>
            <Icon>
              <href>https://maps.google.com/mapfiles/kml/pushpin/wht-blank.png</href>
            </Icon>
          </IconStyle>
        </Style>
        <Point>
          <coordinates>4.8765793,52.369935</coordinates>
        </Point>
      </Placemark>
      <Placemark>
        <name>Schiphol Airport</name>
        <description>&lt;b&gt;Team:&lt;/b&gt; Sam Denby &amp; Joseph Pisenti&lt;br&gt;&lt;b&gt;Notes:&lt;/b&gt;&lt;ul&gt;&lt;li&gt;Present in Jet Lag: Circumnavigation (Season 2) 
Members who visited:
1) Sam
2) Joseph
Challenge: Take a photo at your city&amp;#x27;s top 5 landmarks&lt;/li&gt;&lt;/ul&gt;</description>
        <Style>
          <IconStyle>
            <color>ff007cf5</color>
            <scale>1.2</scale>
            <Icon>
              <href>https://maps.google.com/mapfiles/kml/pushpin/wht-blank.png</href>
            </Icon>
          </IconStyle>
        </Style>
        <Point>
          <coordinates>4.76228,52.30945999999999</coordinates>
        </Point>
      </Placemark>
      <Placemark>
        <name>Jewel Changi Airport</name>
        <description>&lt;b&gt;Team:&lt;/b&gt; Sam Denby &amp; Joseph Pisenti&lt;br&gt;&lt;b&gt;Notes:&lt;/b&gt;&lt;ul&gt;&lt;li&gt;Present in Jet Lag: Circumnavigation (Season 2) 
Members who visited:
1) Sam
2) Joseph&lt;/li&gt;&lt;/ul&gt;</description>
        <Style>
          <IconStyle>
            <color>ff007cf5</color>
            <scale>1.2</scale>
            <Icon>
              <href>https://maps.google.com/mapfiles/kml/pushpin/wht-blank.png</href>
            </Icon>
          </IconStyle>
        </Style>
        <Point>
          <coordinates>103.9897598,1.3602094</coordinates>
        </Point>
      </Placemark>
      <Placemark>
        <name>The Ritz-Carlton, Millenia Singapore</name>
        <description>&lt;b&gt;Team:&lt;/b&gt; Sam Denby &amp; Joseph Pisenti&lt;br&gt;&lt;b&gt;Notes:&lt;/b&gt;&lt;ul&gt;&lt;li&gt;Present in Jet Lag: Circumnavigation (Season 2)
Members who visited:
1) Sam
2) Joseph
Note: The hotel of the rest period of Season 2 for this team&lt;/li&gt;&lt;/ul&gt;</description>
        <Style>
          <IconStyle>
            <color>ff007cf5</color>
            <scale>1.2</scale>
            <Icon>
              <href>https://maps.google.com/mapfiles/kml/pushpin/wht-blank.png</href>
            </Icon>
          </IconStyle>
        </Style>
        <Point>
          <coordinates>103.8601209,1.2909687</coordinates>
        </Point>
      </Placemark>
      <Placemark>
        <name>Bay East Garden</name>
        <description>&lt;b&gt;Team:&lt;/b&gt; Sam Denby &amp; Joseph Pisenti&lt;br&gt;&lt;b&gt;Notes:&lt;/b&gt;&lt;ul&gt;&lt;li&gt;Present in Jet Lag: Circumnavigation (Season 2) 
Members who visited:
1) Sam
2) Joseph
Challenge: Catch a fish&lt;/li&gt;&lt;/ul&gt;</description>
        <Style>
          <IconStyle>
            <color>ff007cf5</color>
            <scale>1.2</scale>
            <Icon>
              <href>https://maps.google.com/mapfiles/kml/pushpin/wht-blank.png</href>
            </Icon>
          </IconStyle>
        </Style>
        <Point>
          <coordinates>103.869858,1.2881607</coordinates>
        </Point>
      </Placemark>
      <Placemark>
        <name>Hill Street Tai Hwa Pork Noodle</name>
        <description>&lt;b&gt;Team:&lt;/b&gt; Sam Denby &amp; Joseph Pisenti</description>
        <Style>
          <IconStyle>
            <color>ff007cf5</color>
            <scale>1.2</scale>
            <Icon>
              <href>https://maps.google.com/mapfiles/kml/pushpin/wht-blank.png</href>
            </Icon>
          </IconStyle>
        </Style>
        <Point>
          <coordinates>103.8625357,1.3051265</coordinates>
        </Point>
      </Placemark>
      <Placemark>
        <name>Marina Bay Sands Singapore</name>
        <description>&lt;b&gt;Team:&lt;/b&gt; Sam Denby &amp; Joseph Pisenti&lt;br&gt;&lt;b&gt;Notes:&lt;/b&gt;&lt;ul&gt;&lt;li&gt;Present in Jet Lag: Circumnavigation (Season 2) 
Members who visited:
1) Sam
2) Joseph
3) Adam
4) Ben
Challenge: 
-Get drunk on a local liquor (Sam and Joseph)
-Have a good time (Sam and Joseph)&lt;/li&gt;&lt;/ul&gt;</description>
        <Style>
          <IconStyle>
            <color>ff007cf5</color>
            <scale>1.2</scale>
            <Icon>
              <href>https://maps.google.com/mapfiles/kml/pushpin/wht-blank.png</href>
            </Icon>
          </IconStyle>
        </Style>
        <Point>
          <coordinates>103.8591065,1.2837575</coordinates>
        </Point>
      </Placemark>
      <Placemark>
        <name>MARQUEE Singapore</name>
        <description>&lt;b&gt;Team:&lt;/b&gt; Sam Denby &amp; Joseph Pisenti&lt;br&gt;&lt;b&gt;Notes:&lt;/b&gt;&lt;ul&gt;&lt;li&gt;Present in Jet Lag: Circumnavigation (Season 2) 
Members who visited:
1) Sam
2) Joseph
Challenge: Get drunk on a local liquor&lt;/li&gt;&lt;/ul&gt;</description>
        <Style>
          <IconStyle>
            <color>ff007cf5</color>
            <scale>1.2</scale>
            <Icon>
              <href>https://maps.google.com/mapfiles/kml/pushpin/wht-blank.png</href>
            </Icon>
          </IconStyle>
        </Style>
        <Point>
          <coordinates>103.8597334,1.2857015</coordinates>
        </Point>
      </Placemark>
      <Placemark>
        <name>Yardbird Southern Table and Bar</name>
        <description>&lt;b&gt;Team:&lt;/b&gt; Sam Denby &amp; Joseph Pisenti&lt;br&gt;&lt;b&gt;Notes:&lt;/b&gt;&lt;ul&gt;&lt;li&gt;Present in Jet Lag: Circumnavigation (Season 2) 
Members who visited:
1) Sam
2) Joseph
Challenge: Get drunk on a local liquor&lt;/li&gt;&lt;/ul&gt;</description>
        <Style>
          <IconStyle>
            <color>ff007cf5</color>
            <scale>1.2</scale>
            <Icon>
              <href>https://maps.google.com/mapfiles/kml/pushpin/wht-blank.png</href>
            </Icon>
          </IconStyle>
        </Style>
        <Point>
          <coordinates>103.8580401,1.2830591</coordinates>
        </Point>
      </Placemark>
      <Placemark>
        <name>Denver Union Station to Denver International Airport (train)</name>
        <description>&lt;b&gt;Mode:&lt;/b&gt; train&lt;br&gt;RTD A Line</description>
        <Style>
          <LineStyle>
            <color>ff007cf5</color>
            <width>3</width>
          </LineStyle>
        </Style>
        <LineString>
          <coordinates>-105.00024,39.753080000000004 -105.0005,39.75327 -105.00038,39.75336 -105.00029,39.753420000000006 -104.99995000000001,39.75368 -104.99978000000002,39.75381 -104.99973000000001,39.753840000000004 -104.99969000000002,39.75381 -104.99967000000001,39.75383 -105.0002,39.7537 -105.00028,39.75376 -105.00023,39.753800000000005 -105.00007000000001,39.753930000000004 -104.99992,39.75404 -104.99990000000001,39.75406 -104.99974,39.754180000000005 -104.99957,39.754310000000004 -104.99956,39.75432 -104.99941000000001,39.75444 -104.99883000000001,39.75488 -104.99858,39.75508000000001 -104.99827,39.755320000000005 -104.99811000000001,39.75542 -104.99791,39.75556 -104.99774000000001,39.755680000000005 -104.99746,39.755880000000005 -104.99726000000001,39.75602000000001 -104.99712000000001,39.756130000000006 -104.99703000000001,39.7562 -104.99678000000002,39.75639 -104.99668000000001,39.75647 -104.99623000000001,39.756820000000005 -104.99588000000001,39.75708 -104.99510000000001,39.757690000000004 -104.99490000000002,39.75782 -104.99488000000001,39.757830000000006 -104.99478,39.757920000000006 -104.99465000000001,39.758030000000005 -104.99454000000001,39.75811 -104.99442,39.7582 -104.99434000000001,39.75826 -104.99426000000001,39.75831 -104.99409000000001,39.7584 -104.99396000000002,39.75846000000001 -104.99384,39.75851 -104.99349000000001,39.758630000000004 -104.99335,39.758680000000005 -104.99279000000001,39.758860000000006 -104.99253,39.758950000000006 -104.99213,39.75912 -104.99172000000002,39.7593 -104.99144000000001,39.75943 -104.99126000000001,39.75952 -104.99098000000001,39.75968 -104.99075,39.75983 -104.99051000000001,39.760000000000005 -104.98997000000001,39.76037 -104.98955000000001,39.76066 -104.98942000000001,39.76075 -104.98897000000001,39.76106 -104.98865,39.761280000000006 -104.98836000000001,39.761480000000006 -104.98833,39.76149 -104.98811,39.76165 -104.98781000000001,39.761860000000006 -104.98752,39.76207 -104.98712,39.76234 -104.98682000000001,39.762530000000005 -104.98664000000001,39.76263 -104.98646000000001,39.762730000000005 -104.98619000000001,39.76294 -104.98602000000001,39.76306 -104.98458000000001,39.76418 -104.98408,39.764570000000006 -104.98304,39.76538 -104.98282,39.76554 -104.98262000000001,39.765690000000006 -104.98239000000001,39.765840000000004 -104.98221000000001,39.765950000000004 -104.98204000000001,39.76605 -104.98125,39.766470000000005 -104.97984000000001,39.767230000000005 -104.97874,39.767830000000004 -104.9779,39.768280000000004 -104.97763,39.768420000000006 -104.97708000000002,39.768710000000006 -104.97687,39.768840000000004 -104.97668,39.768950000000004 -104.97625000000001,39.76921 -104.97595000000001,39.769400000000005 -104.97572000000001,39.769540000000006 -104.97553,39.769670000000005 -104.97525,39.76988 -104.97497000000001,39.770100000000006 -104.97463,39.770360000000004 -104.97428000000001,39.77058 -104.97404,39.77076 -104.97381000000001,39.77094 -104.97371000000001,39.771010000000004 -104.97358000000001,39.77111 -104.97337,39.770950000000006 -104.97331000000001,39.771 -104.97328,39.77102 -104.97313000000001,39.77113000000001 -104.97309000000001,39.77116 -104.97306,39.77118 -104.97297,39.771260000000005 -104.97277000000001,39.771420000000006 -104.97211000000001,39.77194 -104.97201000000001,39.77201 -104.97194,39.77206 -104.97161000000001,39.77232 -104.9715,39.772400000000005 -104.97144000000002,39.77244 -104.97138000000001,39.77248 -104.97125000000001,39.772560000000006 -104.97109,39.77264 -104.97083,39.77275 -104.97057000000001,39.77284 -104.97027000000001,39.77291 -104.96997,39.77295 -104.96973000000001,39.772960000000005 -104.9697,39.77297 -104.96950000000001,39.77297 -104.96752000000001,39.77297 -104.9654,39.772960000000005 -104.96482,39.772960000000005 -104.96303,39.772960000000005 -104.96248000000001,39.772960000000005 -104.96189000000001,39.772960000000005 -104.96101,39.772960000000005 -104.96061,39.772960000000005 -104.95945,39.77295 -104.95928,39.77295 -104.95922,39.77295 -104.95896,39.772960000000005 -104.95886000000002,39.772960000000005 -104.95873,39.772960000000005 -104.9586,39.77297 -104.95846,39.773 -104.95837,39.77302 -104.95830000000001,39.77304 -104.95822000000001,39.77306 -104.95812000000001,39.77309 -104.95808000000001,39.77311 -104.95803000000001,39.77313 -104.95792000000002,39.77318 -104.95781000000001,39.773250000000004 -104.95768000000001,39.77333 -104.95761,39.773390000000006 -104.95753,39.77347 -104.95746000000001,39.773540000000004 -104.9574,39.7736 -104.95732000000001,39.77373 -104.95728000000001,39.7738 -104.95717,39.774080000000005 -104.95716,39.77411 -104.95702000000001,39.77449 -104.95698,39.77459 -104.95692000000001,39.774680000000004 -104.95686,39.774770000000004 -104.95686,39.77478 -104.95679000000001,39.774860000000004 -104.95673000000001,39.77492 -104.95668,39.77496 -104.95660000000001,39.77503 -104.95653000000001,39.77508 -104.95646,39.77512 -104.95639000000001,39.77516000000001 -104.95630000000001,39.77521 -104.95615000000001,39.775270000000006 -104.95608000000001,39.775290000000005 -104.95601,39.77532 -104.95596,39.775330000000004 -104.95589000000001,39.77535 -104.95578,39.77537 -104.95574,39.77537 -104.95567000000001,39.775380000000006 -104.95552,39.77539 -104.95551,39.77539 -104.95496000000001,39.775420000000004 -104.95416,39.775470000000006 -104.95349,39.7755 -104.95294000000001,39.77553 -104.95177000000001,39.77559 -104.94981000000001,39.7757 -104.94929,39.77572 -104.94778000000001,39.775800000000004 -104.94690000000001,39.77584 -104.94614000000001,39.77588 -104.94576,39.7759 -104.94571,39.7759 -104.94554000000001,39.77591 -104.94511000000001,39.775920000000006 -104.94479000000001,39.775920000000006 -104.94438000000001,39.77593 -104.94413000000002,39.775940000000006 -104.94228000000001,39.77604 -104.94204,39.776050000000005 -104.94101,39.77611 -104.94000000000001,39.776160000000004 -104.93949,39.77619 -104.93871000000001,39.776230000000005 -104.93817000000001,39.77626 -104.93753000000001,39.77629 -104.93738,39.776300000000006 -104.93710000000002,39.776320000000005 -104.93675,39.77633 -104.9364,39.776340000000005 -104.93597000000001,39.776340000000005 -104.93559,39.776340000000005 -104.93517000000001,39.77633 -104.93484000000001,39.77631 -104.93466000000001,39.776300000000006 -104.93446000000002,39.77629 -104.93422000000001,39.77628 -104.93390000000001,39.776250000000005 -104.9337,39.77624 -104.93349,39.77622 -104.93344,39.776210000000006 -104.93334000000002,39.7762 -104.93312,39.776180000000004 -104.93291,39.77615 -104.93274000000001,39.77613 -104.93254,39.77611 -104.93206,39.77604 -104.93181000000001,39.77601000000001 -104.93173,39.77599 -104.93104000000001,39.7759 -104.92924000000001,39.775650000000006 -104.92557000000001,39.77514 -104.92534,39.775110000000005 -104.92488,39.77505 -104.92477000000001,39.77503 -104.92465000000001,39.77501 -104.92419000000001,39.774950000000004 -104.92340000000002,39.774840000000005 -104.92325000000001,39.774820000000005 -104.92264000000002,39.77474 -104.92232000000001,39.77469000000001 -104.92151000000001,39.77458 -104.92138000000001,39.77456 -104.92113,39.774530000000006 -104.92086,39.77449 -104.92027,39.77441 -104.91964000000002,39.77432 -104.91932000000001,39.77427 -104.9188,39.77418 -104.91835,39.77411 -104.91766000000001,39.774 -104.91705,39.77391 -104.91377000000001,39.77346 -104.91194000000002,39.773210000000006 -104.91079,39.773050000000005 -104.90524,39.77228 -104.90501,39.77225000000001 -104.90363,39.77206 -104.90339,39.77203 -104.90316000000001,39.772000000000006 -104.90303000000002,39.771980000000006 -104.90247000000001,39.7719 -104.90154000000001,39.771770000000004 -104.90108000000001,39.771710000000006 -104.90017,39.77158 -104.89949000000001,39.77149 -104.89877000000001,39.771390000000004 -104.89836000000001,39.771330000000006 -104.89651,39.77107 -104.89593,39.77098 -104.8957,39.770950000000006 -104.89547,39.770920000000004 -104.89531000000001,39.770900000000005 -104.89516,39.77089 -104.89439000000002,39.77082 -104.89423000000001,39.770810000000004 -104.89412000000002,39.7708 -104.89333,39.77074 -104.89110000000001,39.77058 -104.88867,39.770390000000006 -104.88704000000001,39.770270000000004 -104.88611,39.7702 -104.88564000000001,39.77017 -104.88471000000001,39.770100000000006 -104.88424,39.77006 -104.88354000000001,39.770010000000006 -104.88237000000001,39.769920000000006 -104.87981,39.76973 -104.87794000000001,39.76959 -104.87678000000001,39.7695 -104.87398,39.769290000000005 -104.87235000000001,39.76917 -104.86723,39.76879 -104.86582000000001,39.76868 -104.86566,39.76867 -104.86416000000001,39.76856 -104.86341,39.768510000000006 -104.86278000000001,39.76847 -104.8615,39.768370000000004 -104.86092000000001,39.768330000000006 -104.85953,39.76822000000001 -104.85857000000001,39.768150000000006 -104.85771000000001,39.76809 -104.85358000000001,39.76778 -104.85357,39.76778 -104.85304000000001,39.76773 -104.85242000000001,39.767680000000006 -104.85062,39.76755 -104.84997000000001,39.767500000000005 -104.84922,39.76744 -104.84691000000001,39.76727 -104.84550000000002,39.76717 -104.84413,39.767070000000004 -104.84410000000001,39.767070000000004 -104.84327,39.767010000000006 -104.84296,39.766980000000004 -104.83798,39.76661 -104.83756000000001,39.76657 -104.83728,39.76655 -104.837,39.76652 -104.83699000000001,39.76652 -104.83691,39.766510000000004 -104.83672000000001,39.766490000000005 -104.83641000000001,39.766450000000006 -104.83621000000001,39.766420000000004 -104.83581000000001,39.76637 -104.83551000000001,39.76632 -104.83531,39.76628 -104.83516,39.76626 -104.83488000000001,39.76621 -104.83464000000001,39.766160000000006 -104.83434000000001,39.7661 -104.83393000000001,39.766000000000005 -104.83354000000001,39.765910000000005 -104.83344000000001,39.765890000000006 -104.83233000000001,39.76559 -104.83186,39.765460000000004 -104.83017000000001,39.765 -104.82961,39.76485 -104.82952,39.76483 -104.82886,39.76465 -104.82864000000001,39.764590000000005 -104.82775000000001,39.76435 -104.82753000000001,39.76429 -104.82687000000001,39.76411 -104.8268,39.76409 -104.82665000000001,39.764050000000005 -104.82624000000001,39.763940000000005 -104.82621,39.76393 -104.82599,39.763870000000004 -104.82564,39.763780000000004 -104.82524000000001,39.763670000000005 -104.82495000000002,39.76359 -104.82400000000001,39.76333 -104.82303,39.763070000000006 -104.82247000000001,39.76292 -104.82128,39.76263 -104.82062,39.76247 -104.82017,39.76236 -104.81948000000001,39.762170000000005 -104.81862000000001,39.76194 -104.81818000000001,39.76182 -104.81679000000001,39.76146000000001 -104.81603000000001,39.761250000000004 -104.81211,39.760200000000005 -104.81071000000001,39.75983 -104.80932000000001,39.759460000000004 -104.80818000000001,39.75916 -104.80741,39.758950000000006 -104.80707000000001,39.758860000000006 -104.80543000000002,39.75842 -104.80474000000001,39.75824 -104.80383,39.75799000000001 -104.80244,39.75762 -104.79989,39.75694 -104.7998,39.75692 -104.79967,39.756890000000006 -104.79944,39.75683 -104.79909,39.756750000000004 -104.79866000000001,39.75665 -104.79833,39.75658000000001 -104.7981,39.75654 -104.79787,39.7565 -104.79767000000001,39.75647 -104.79723000000001,39.75641 -104.79697,39.75638 -104.79661000000002,39.75634 -104.79573,39.756240000000005 -104.79545,39.75621 -104.79532,39.7562 -104.79524,39.7562 -104.79509,39.756190000000004 -104.79492,39.756190000000004 -104.79486000000001,39.756190000000004 -104.79481000000001,39.756190000000004 -104.79469,39.756190000000004 -104.79459000000001,39.7562 -104.79447,39.75621 -104.79434,39.756220000000006 -104.79424,39.756240000000005 -104.79400000000001,39.756280000000004 -104.79393,39.7563 -104.79387000000001,39.756310000000006 -104.79377000000001,39.75634 -104.79371,39.75636 -104.79361000000002,39.75639 -104.79349,39.75643 -104.79325000000001,39.756530000000005 -104.79315000000001,39.75658000000001 -104.79305000000001,39.75663 -104.79296000000001,39.75668 -104.79294,39.756690000000006 -104.79288000000001,39.75672 -104.79279000000001,39.756780000000006 -104.79273,39.756820000000005 -104.79270000000001,39.756840000000004 -104.79266000000001,39.756870000000006 -104.79255,39.75695 -104.79247000000001,39.757020000000004 -104.79235000000001,39.757130000000004 -104.79223,39.757250000000006 -104.79215,39.75735 -104.79208000000001,39.75743000000001 -104.79203000000001,39.757490000000004 -104.79197,39.757580000000004 -104.79192,39.75766 -104.79190000000001,39.757690000000004 -104.79183,39.7578 -104.79176000000001,39.757920000000006 -104.79172000000001,39.75799000000001 -104.79163000000001,39.75815 -104.79154000000001,39.758300000000006 -104.79153000000001,39.758320000000005 -104.79137000000001,39.758590000000005 -104.79134,39.75865 -104.79126000000001,39.758790000000005 -104.79116,39.758950000000006 -104.79109000000001,39.759080000000004 -104.79107,39.75911 -104.79097,39.759280000000004 -104.7908,39.759570000000004 -104.79077000000001,39.759620000000005 -104.79070000000002,39.75974 -104.79060000000001,39.7599 -104.79051000000001,39.760070000000006 -104.79041000000001,39.76023 -104.79012,39.760720000000006 -104.79002000000001,39.76089 -104.78999,39.760940000000005 -104.78993000000001,39.761050000000004 -104.78983000000001,39.761210000000005 -104.78974000000001,39.76138 -104.78972,39.7614 -104.78964,39.761540000000004 -104.78956000000001,39.76169 -104.78955,39.76171 -104.78951,39.761770000000006 -104.78947000000001,39.76184000000001 -104.78934000000001,39.762060000000005 -104.78931000000001,39.762100000000004 -104.78925000000001,39.76221 -104.78922000000001,39.76227 -104.78920000000001,39.7623 -104.78902000000001,39.762600000000006 -104.78899000000001,39.76265 -104.78893000000001,39.76276 -104.78884000000001,39.762930000000004 -104.78874,39.763090000000005 -104.78868000000001,39.763200000000005 -104.78858000000001,39.763380000000005 -104.78856,39.76342 -104.78840000000001,39.763760000000005 -104.78832000000001,39.76393 -104.78825,39.76409 -104.78819000000001,39.764250000000004 -104.78818000000001,39.76427 -104.78809000000001,39.76453 -104.78808000000001,39.76456 -104.78806,39.76462 -104.78802,39.76473 -104.78800000000001,39.764790000000005 -104.78797000000002,39.76487 -104.78790000000001,39.76514 -104.78787000000001,39.76523 -104.78785,39.76532 -104.78781000000001,39.7655 -104.7878,39.765530000000005 -104.78777000000001,39.76567 -104.78774000000001,39.76581 -104.78771,39.76603 -104.78768000000001,39.76623 -104.78766,39.76639 -104.78765000000001,39.76648 -104.78765000000001,39.766540000000006 -104.78764000000001,39.76664 -104.78763000000001,39.766830000000006 -104.78761000000002,39.767140000000005 -104.78762,39.76735 -104.78762,39.76765 -104.78764000000001,39.76803 -104.78768000000001,39.76885 -104.78768000000001,39.76944 -104.78768000000001,39.76972000000001 -104.78769000000001,39.770320000000005 -104.78769000000001,39.7704 -104.78769000000001,39.770900000000005 -104.78769000000001,39.77158 -104.78769000000001,39.77160000000001 -104.78769000000001,39.77214 -104.78770000000002,39.77268 -104.78770000000002,39.772780000000004 -104.78771,39.772920000000006 -104.78770000000002,39.772960000000005 -104.78771,39.773360000000004 -104.78771,39.773520000000005 -104.78771,39.773700000000005 -104.78771,39.773860000000006 -104.78771,39.773880000000005 -104.78772000000001,39.774210000000004 -104.78773000000001,39.774980000000006 -104.78774000000001,39.77525 -104.78775,39.775690000000004 -104.78776,39.77597 -104.78777000000001,39.77637 -104.78779000000002,39.776920000000004 -104.78779000000002,39.777120000000004 -104.78779000000002,39.77714 -104.7878,39.7775 -104.78782000000001,39.7781 -104.78782000000001,39.77819 -104.78783000000001,39.77873 -104.78784,39.778850000000006 -104.78784,39.779270000000004 -104.78784,39.77944 -104.78785,39.780170000000005 -104.78785,39.78089000000001 -104.78785,39.781020000000005 -104.78785,39.78119 -104.78786000000001,39.781690000000005 -104.78786000000001,39.78197 -104.78786000000001,39.78287 -104.78786000000001,39.78295000000001 -104.78786000000001,39.78305 -104.78786000000001,39.78307 -104.78787000000001,39.7832 -104.78787000000001,39.78323 -104.78787000000001,39.783590000000004 -104.78787000000001,39.783730000000006 -104.78787000000001,39.783750000000005 -104.78787000000001,39.783910000000006 -104.78787000000001,39.78398000000001 -104.78787000000001,39.784040000000005 -104.78787000000001,39.7841 -104.78787000000001,39.784310000000005 -104.78787000000001,39.78446 -104.78787000000001,39.784580000000005 -104.78786000000001,39.78479 -104.78785,39.784940000000006 -104.78785,39.785000000000004 -104.78784,39.78517 -104.78782000000001,39.78530000000001 -104.78782000000001,39.78535 -104.78779000000002,39.785540000000005 -104.78775,39.78584 -104.78770000000002,39.786120000000004 -104.78764000000001,39.786370000000005 -104.78758,39.78663 -104.78752000000001,39.78681 -104.78739,39.787240000000004 -104.78726,39.78766 -104.78722,39.78777 -104.78711000000001,39.7881 -104.78694000000002,39.78864 -104.78684000000001,39.788940000000004 -104.78648000000001,39.790040000000005 -104.78643000000001,39.79021 -104.78631000000001,39.790580000000006 -104.78612000000001,39.79117 -104.78599000000001,39.79157 -104.78582000000002,39.792100000000005 -104.78581000000001,39.79213 -104.78554000000001,39.79296 -104.78536000000001,39.7935 -104.78532000000001,39.793620000000004 -104.78528000000001,39.79377 -104.78521,39.793980000000005 -104.78508000000001,39.794380000000004 -104.78507,39.7944 -104.78491000000001,39.794900000000005 -104.78467,39.79562000000001 -104.78464000000001,39.79572 -104.78450000000001,39.796150000000004 -104.78445,39.796310000000005 -104.78442000000001,39.79643 -104.78438000000001,39.796530000000004 -104.78427,39.796940000000006 -104.78424000000001,39.79702 -104.78418,39.797290000000004 -104.78416000000001,39.797380000000004 -104.78412,39.79753 -104.78408,39.797740000000005 -104.78405000000001,39.79789 -104.78405000000001,39.79791 -104.78399,39.79827 -104.78398000000001,39.79829 -104.78396000000001,39.79844000000001 -104.78395,39.798500000000004 -104.78392000000001,39.79876 -104.78389000000001,39.79903 -104.78388000000001,39.79916 -104.78387000000001,39.79932 -104.78385000000002,39.79963 -104.78385000000002,39.799640000000004 -104.78384000000001,39.80003000000001 -104.78384000000001,39.800340000000006 -104.78384000000001,39.80042 -104.78384000000001,39.80046 -104.78385000000002,39.80059000000001 -104.78386,39.80096 -104.78386,39.80102 -104.78386,39.801080000000006 -104.78387000000001,39.801480000000005 -104.78387000000001,39.801520000000004 -104.78388000000001,39.80158 -104.78388000000001,39.80163 -104.78388000000001,39.801790000000004 -104.78389000000001,39.801860000000005 -104.78389000000001,39.802040000000005 -104.7839,39.802220000000005 -104.7839,39.80237 -104.78391,39.802580000000006 -104.78391,39.802710000000005 -104.78392000000001,39.80283 -104.78392000000001,39.80312 -104.78393000000001,39.80321 -104.78393000000001,39.80348 -104.78394000000002,39.803740000000005 -104.78397000000001,39.80463 -104.78397000000001,39.80474 -104.78398000000001,39.80528 -104.78399,39.805460000000004 -104.78401000000001,39.80621 -104.78404,39.807030000000005 -104.78405000000001,39.80731 -104.784,39.80731 -104.78398000000001,39.80895 -104.78371000000001,39.8181 -104.78254000000001,39.82276 -104.78045,39.82584000000001 -104.77807000000001,39.82732 -104.77457000000001,39.828120000000006 -104.76102,39.828660000000006 -104.74526,39.828610000000005 -104.74141,39.829600000000006 -104.73882,39.83126 -104.73808000000001,39.83234 -104.73722000000001,39.834610000000005 -104.73686000000001,39.8357 -104.73631,39.83662 -104.73517000000001,39.837740000000004 -104.73344,39.838480000000004 -104.73141000000001,39.838950000000004 -104.72486,39.83899 -104.69585000000001,39.83854 -104.68364000000001,39.83858 -104.67940000000002,39.838620000000006 -104.6761,39.83906 -104.67489,39.840360000000004 -104.67413,39.8414 -104.67369000000001,39.843500000000006 -104.67391,39.84657 -104.67392000000001,39.846720000000005 -104.67399,39.846720000000005 -104.67403,39.84935 -104.67468000000001,39.849740000000004 -104.67472000000001,39.84975 -104.67487000000001,39.84973 -104.67487000000001,39.8498 -104.67487000000001,39.84982 -104.67487000000001,39.849880000000006 -104.67487000000001,39.84989 -104.67487000000001,39.84996 -104.67487000000001,39.85002 -104.67487000000001,39.85009 -104.67487000000001,39.850150000000006 -104.67487000000001,39.850190000000005 -104.67487000000001,39.85023 -104.67486000000001,39.85034 -104.67485,39.850370000000005 -104.67491000000001,39.850570000000005 -104.67491000000001,39.850590000000004 -104.67491000000001,39.850640000000006 -104.67491000000001,39.8507 -104.67491000000001,39.850750000000005 -104.67491000000001,39.85080000000001 -104.67491000000001,39.85083 -104.67492000000001,39.850860000000004 -104.67492000000001,39.85089000000001 -104.67493,39.85092 -104.67493,39.850950000000005 -104.67494,39.850970000000004 -104.67494,39.85099 -104.67495000000001,39.85101 -104.67496000000001,39.85103 -104.67497,39.85107 -104.67499000000001,39.8511 -104.67500000000001,39.851130000000005 -104.67502,39.851150000000004 -104.67504000000001,39.85119 -104.67505000000001,39.85121 -104.67507,39.85123 -104.67508000000001,39.85125 -104.67510000000001,39.85128 -104.67512,39.8513 -104.67515,39.851330000000004 -104.67518000000001,39.85136000000001 -104.6752,39.851380000000006 -104.67523000000001,39.85141 -104.67526000000001,39.85143 -104.67528000000001,39.851440000000004 -104.67530000000001,39.85146 -104.67533,39.85148 -104.67536000000001,39.8515 -104.67538,39.851510000000005 -104.67540000000001,39.85152 -104.67542,39.85154 -104.67544000000001,39.85155 -104.67546000000002,39.851560000000006 -104.67548000000001,39.85157 -104.67549000000001,39.851580000000006 -104.67552,39.85159 -104.67555000000002,39.851600000000005 -104.67558000000001,39.85161 -104.67561,39.851620000000004 -104.67564000000002,39.85164 -104.67568000000001,39.85165000000001 -104.67572000000001,39.85166 -104.67576000000001,39.851670000000006 -104.67580000000001,39.85168 -104.67583,39.851690000000005 -104.67588,39.8517 -104.67593000000001,39.8517 -104.67598000000001,39.851710000000004 -104.67604000000001,39.851710000000004 -104.67608000000001,39.851710000000004 -104.67611000000001,39.85172 -104.67615,39.85172 -104.67618,39.85172 -104.67622000000001,39.85172 -104.67627,39.85172 -104.67644000000001,39.85172 -104.67656000000001,39.85172 -104.67668,39.85172 -104.67683000000001,39.85172 -104.67689000000001,39.85172 -104.67699,39.85172 -104.67708,39.85172 -104.67715000000001,39.85172 -104.67726,39.85172 -104.67769000000001,39.8517 -104.67783000000001,39.8517 -104.67826000000001,39.85168 -104.67841000000001,39.85168 -104.67867000000001,39.851670000000006 -104.67876000000001,39.851670000000006 -104.67895000000001,39.85166 -104.679,39.85166 -104.67905,39.85166 -104.67911000000001,39.85165000000001 -104.67916000000001,39.85165000000001 -104.67922000000002,39.85165000000001 -104.67928,39.85164 -104.67932,39.85163 -104.67938000000001,39.85163 -104.6795,39.85161 -104.67957000000001,39.851600000000005 -104.67971000000001,39.85154 -104.67979000000001,39.85152 -104.67986,39.851510000000005 -104.67993000000001,39.851490000000005 -104.68001000000001,39.851470000000006 -104.68009,39.851440000000004 -104.68021,39.851400000000005 -104.68028000000001,39.851380000000006 -104.68034000000002,39.851350000000004 -104.6804,39.851330000000004 -104.68046000000001,39.8513 -104.68054000000001,39.85127000000001 -104.68060000000001,39.851240000000004 -104.68068000000001,39.851200000000006 -104.68073000000001,39.85118000000001 -104.68079,39.85114 -104.68086000000001,39.8511 -104.68099000000001,39.851060000000004 -104.68108000000001,39.851000000000006 -104.68112,39.850970000000004 -104.68116,39.85094 -104.6812,39.850910000000006 -104.68125,39.850880000000004 -104.68128000000002,39.85085 -104.68132000000001,39.850820000000006 -104.68135000000001,39.85079 -104.68139000000001,39.85076 -104.68142,39.850730000000006 -104.68145000000001,39.8507 -104.68149000000001,39.85067 -104.68149000000001,39.850660000000005 -104.68153000000001,39.85063 -104.68158000000001,39.85058 -104.68161,39.85054 -104.68164,39.85051 -104.68169,39.85045 -104.68175000000001,39.85038 -104.68178,39.85034 -104.68180000000001,39.85031 -104.68183,39.85027 -104.68185000000001,39.85025 -104.68187,39.85022 -104.68189000000001,39.85018 -104.68192,39.85014 -104.68194000000001,39.85011 -104.68196,39.85007 -104.68198000000001,39.850030000000004 -104.682,39.849990000000005 -104.68202000000001,39.84995 -104.68205,39.849900000000005 -104.68207000000001,39.84985 -104.68208000000001,39.84982 -104.6821,39.84978 -104.68211000000001,39.84975 -104.68212000000001,39.849720000000005 -104.68214,39.84967 -104.68213000000002,39.849540000000005 -104.68214,39.849520000000005 -104.68215000000001,39.84948 -104.68216000000001,39.84944 -104.68217000000001,39.84939000000001 -104.68218,39.84935 -104.68218,39.849320000000006 -104.68219,39.84929 -104.68219,39.849250000000005 -104.68220000000001,39.84921000000001 -104.68220000000001,39.84917 -104.68220000000001,39.849120000000006 -104.68221000000001,39.848980000000005 -104.68221000000001,39.84873 -104.68221000000001,39.848650000000006 -104.68221000000001,39.84839 -104.68246,39.84839 -104.68246,39.848600000000005 -104.68246,39.848780000000005 -104.68245,39.849030000000006 -104.68244000000001,39.84911 -104.68243000000001,39.849230000000006 -104.68241,39.849360000000004 -104.68238000000001,39.849500000000006 -104.68233000000001,39.84967 -104.68226000000001,39.84985 -104.68206,39.85025 -104.68191,39.850480000000005 -104.68180000000001,39.850640000000006 -104.68164,39.85083 -104.68142,39.85107 -104.68129,39.851150000000004 -104.68105000000001,39.85134 -104.68094,39.851400000000005 -104.68073000000001,39.851490000000005 -104.68053,39.851580000000006 -104.68034000000002,39.851670000000006 -104.68007000000001,39.85177 -104.67991,39.851820000000004 -104.67982,39.851850000000006 -104.67970000000001,39.851890000000004 -104.67969000000001,39.851890000000004 -104.67966000000001,39.8519 -104.67946,39.851940000000006 -104.67943000000001,39.85195 -104.67924000000001,39.85199 -104.67903000000001,39.85202 -104.67902000000001,39.852030000000006 -104.67901,39.852030000000006 -104.67878,39.852050000000006 -104.67877000000001,39.852050000000006 -104.67854000000001,39.85206 -104.67834,39.852070000000005 -104.67831000000001,39.852070000000005 -104.67779,39.85206 -104.67676,39.852050000000006 -104.67511,39.85204 -104.67490000000001,39.852030000000006 -104.67462,39.85201 -104.67394,39.85204 -104.67368,39.852050000000006</coordinates>
        </LineString>
      </Placemark>
      <Placemark>
        <name>Denver International Airport to Cancun International Airport (plane)</name>
        <description>&lt;b&gt;Mode:&lt;/b&gt; plane&lt;br&gt;Representative flight UAL1119 (KDEN-MMUN)</description>
        <Style>
          <LineStyle>
            <color>ff007cf5</color>
            <width>3</width>
          </LineStyle>
        </Style>
        <LineString>
          <coordinates>-104.6416,39.8428 -104.6416,39.8286 -104.6416,39.8145 -104.6419,39.8003 -104.6424,39.7783 -104.6427,39.7461 -104.6432,39.708 -104.6433,39.6839 -104.6429,39.6661 -104.6421,39.6545 -104.638,39.6413 -104.6277,39.6184 -104.6112,39.5859 -104.5864,39.5409 -104.5605,39.4948 -104.5342,39.4477 -104.5077,39.4 -104.481,39.3518 -104.4531,39.3009 -104.4247,39.2496 -104.3962,39.1984 -104.3792,39.1686 -104.365,39.141 -104.3538,39.1158 -104.3366,39.0616 -104.318,39.0041 -104.2992,38.9453 -104.2809,38.8879 -104.2617,38.8278 -104.2426,38.7678 -104.2234,38.7072 -104.2147,38.6814 -104.2068,38.6608 -104.1998,38.6453 -104.1911,38.6308 -104.1781,38.6133 -104.1608,38.5929 -104.1099,38.5441 -104.06,38.4958 -104.0097,38.4475 -103.9578,38.3977 -103.903,38.3448 -103.8523,38.2961 -103.802,38.2475 -103.7509,38.198 -103.6999,38.1486 -103.6509,38.1011 -103.6005,38.0521 -103.5497,38.0026 -103.4987,37.9528 -103.4485,37.9036 -103.3989,37.855 -103.347,37.8042 -103.297,37.7551 -103.2462,37.7051 -103.1932,37.6528 -103.1445,37.6048 -103.0944,37.5552 -103.0452,37.5063 -102.9965,37.4579 -102.9469,37.4087 -102.897,37.359 -102.847,37.3091 -102.799,37.261 -102.749,37.211 -102.6982,37.1599 -102.6476,37.1091 -102.5976,37.0587 -102.5442,37.0048 -102.4952,36.9554 -102.4463,36.9058 -102.3989,36.8577 -102.35,36.8079 -102.3015,36.7587 -102.2538,36.7101 -102.2023,36.6576 -102.1549,36.6091 -102.105,36.5579 -102.0593,36.511 -102.0106,36.4609 -101.9599,36.4088 -101.9139,36.3614 -101.8639,36.3097 -101.8169,36.261 -101.7705,36.2129 -101.7218,36.1623 -101.6749,36.1134 -101.6272,36.064 -101.5803,36.015 -101.5327,35.9653 -101.488,35.9184 -101.4414,35.8697 -101.3913,35.817 -101.3624,35.7887 -101.3135,35.7427 -101.2615,35.6935 -101.2134,35.6479 -101.163,35.6 -101.1131,35.5525 -101.0633,35.5052 -101.014,35.4582 -100.9636,35.4102 -100.9153,35.3638 -100.8658,35.3163 -100.8162,35.2686 -100.7673,35.2217 -100.7178,35.174 -100.6681,35.1261 -100.6185,35.0783 -100.5695,35.0308 -100.5204,34.9831 -100.4716,34.9357 -100.4212,34.8869 -100.3732,34.8402 -100.3233,34.7914 -100.2747,34.744 -100.2244,34.6948 -100.1735,34.6451 -100.1242,34.5967 -100.0734,34.5468 -100.0232,34.4973 -99.9739,34.4487 -99.922,34.3971 -99.8735,34.349 -99.8208,34.2969 -99.773,34.2495 -99.7189,34.1957 -99.6728,34.1498 -99.6225,34.0995 -99.5743,34.0517 -99.5264,34.0038 -99.4744,33.9515 -99.4266,33.9035 -99.3786,33.8552 -99.3284,33.8047 -99.279,33.7549 -99.2302,33.7057 -99.1802,33.6553 -99.1322,33.6067 -99.0822,33.5558 -99.0345,33.5073 -98.986,33.4581 -98.9347,33.4059 -98.8833,33.3534 -98.8356,33.3046 -98.7854,33.2531 -98.7356,33.2021 -98.6849,33.1501 -98.6377,33.1013 -98.5889,33.0514 -98.5412,33.0022 -98.4926,32.9517 -98.4456,32.9031 -98.3973,32.8532 -98.3486,32.8024 -98.3012,32.7534 -98.2527,32.7027 -98.2054,32.6535 -98.1566,32.6028 -98.1075,32.5514 -98.0579,32.4995 -98.009,32.4482 -97.9605,32.397 -97.9117,32.3456 -97.8647,32.2961 -97.8141,32.2427 -97.7654,32.1912 -97.7179,32.1406 -97.6688,32.0888 -97.6196,32.0368 -97.5729,31.987 -97.5234,31.9344 -97.4747,31.8823 -97.4259,31.8304 -97.3791,31.7801 -97.3318,31.7296 -97.2839,31.6783 -97.2352,31.6252 -97.1876,31.5717 -97.141,31.5194 -97.0944,31.4674 -97.0469,31.414 -97.0001,31.3616 -96.951,31.3064 -96.9061,31.256 -96.8586,31.2027 -96.8101,31.1479 -96.7627,31.0942 -96.7167,31.0419 -96.6681,30.9869 -96.6224,30.935 -96.5742,30.8804 -96.5267,30.8262 -96.4793,30.7722 -96.4327,30.7187 -96.3868,30.6662 -96.3392,30.612 -96.2924,30.5582 -96.2456,30.5045 -96.1976,30.4492 -96.1513,30.3958 -96.1038,30.3413 -96.0793,30.3151 -96.0502,30.286 -96.0165,30.2538 -95.9401,30.1891 -95.8855,30.1428 -95.8273,30.0935 -95.7707,30.0453 -95.7113,29.9948 -95.6548,29.9465 -95.5987,29.8986 -95.5406,29.849 -95.4839,29.8007 -95.4259,29.7512 -95.3655,29.6994 -95.3086,29.6506 -95.2497,29.5999 -95.1872,29.5459 -95.1303,29.4968 -95.072,29.4463 -95.0163,29.3983 -94.9613,29.3504 -94.9079,29.3026 -94.8698,29.2627 -94.8271,29.2089 -94.8068,29.1793 -94.7665,29.1202 -94.7287,29.0645 -94.69,29.0051 -94.6641,28.9558 -94.6354,28.8983 -94.603,28.8337 -94.5722,28.7719 -94.5422,28.7117 -94.5116,28.65 -94.482,28.5907 -94.4514,28.5289 -94.4214,28.4682 -94.3922,28.4091 -94.3611,28.346 -94.3311,28.2849 -94.3013,28.2244 -94.2701,28.161 -94.2405,28.1007 -94.2107,28.04 -94.1812,27.9797 -94.1507,27.9174 -94.121,27.8567 -94.0915,27.7964 -94.0605,27.7326 -94.0315,27.673 -94.0015,27.6113 -93.9714,27.5494 -93.9419,27.4885 -93.9114,27.4255 -93.8798,27.3602 -93.8513,27.3011 -93.8202,27.2367 -93.7906,27.1753 -93.7607,27.1133 -93.7305,27.0505 -93.7009,26.9887 -93.6719,26.9283 -93.638,26.8576 -93.6074,26.7938 -93.5711,26.7179 -93.5349,26.6421 -93.5052,26.5797 -93.4682,26.5019 -93.432,26.4256 -93.3965,26.3505 -93.3667,26.2878 -93.3309,26.2121 -93.2984,26.1436 -93.2426,26.0252 -93.2129,25.9621 -93.1834,25.8994 -93.154,25.837 -93.1255,25.7763 -93.0947,25.7106 -92.9878,25.4819 -92.9583,25.4185 -92.9289,25.355 -92.8711,25.2311 -92.8133,25.1067 -92.7553,24.9811 -92.6978,24.8567 -92.6408,24.7333 -92.5833,24.6083 -92.5264,24.4839 -92.3379,24.065 -92.3039,23.989 -92.2633,23.8982 -92.2113,23.7817 -92.1782,23.7075 -92.1231,23.5832 -92.0945,23.5188 -92.0668,23.4587 -92.0467,23.4174 -92.0341,23.395 -92.0247,23.3824 -92.0145,23.3705 -92.0033,23.3593 -91.9895,23.3481 -91.9712,23.3362 -91.9485,23.3238 -91.918,23.3104 -91.8763,23.2957 -91.8233,23.2798 -91.7433,23.257 -91.6023,23.2172 -91.5314,23.1971 -91.4568,23.1759 -91.3712,23.1516 -91.3009,23.1316 -91.2213,23.1089 -91.148,23.088 -91.0775,23.0678 -91.0025,23.0463 -90.9288,23.0252 -90.8563,23.0044 -90.7827,22.9832 -90.7111,22.9625 -90.6241,22.9373 -90.5333,22.911 -90.4504,22.8869 -90.366,22.8624 -90.2934,22.8411 -90.2235,22.8208 -90.1437,22.7974 -90.0731,22.7767 -89.9978,22.7546 -89.9258,22.7334 -89.8524,22.7117 -89.7688,22.687 -89.6866,22.6627 -89.608,22.6394 -89.5248,22.6146 -89.4548,22.5937 -89.3778,22.5707 -89.3074,22.5498 -89.2339,22.5278 -89.1624,22.5063 -89.0911,22.4849 -89.0216,22.4639 -88.9493,22.442 -88.8802,22.4212 -88.7929,22.3947 -88.7227,22.3733 -88.6503,22.3513 -88.5793,22.3297 -88.5084,22.3081 -88.4382,22.2867 -88.3662,22.2646 -88.2954,22.2429 -88.2252,22.2213 -88.1623,22.2019 -88.1023,22.1835 -88.0453,22.1659 -87.9911,22.1492 -87.9717,22.1421 -87.9561,22.1351 -87.9443,22.1283 -87.9321,22.1186 -87.9153,22.1032 -87.8938,22.082 -87.8585,22.047 -87.8231,22.0113 -87.7889,21.9765 -87.7559,21.9431 -87.7231,21.9099 -87.6884,21.8747 -87.6554,21.8413 -87.6238,21.8091 -87.5932,21.7781 -87.563,21.7474 -87.5318,21.7156 -87.5023,21.6855 -87.4718,21.6545 -87.4451,21.6249 -87.4186,21.5939 -87.3948,21.5663 -87.3698,21.537 -87.346,21.5091 -87.3229,21.4816 -87.2994,21.4547 -87.2772,21.4287 -87.263,21.4121 -87.2513,21.3984 -87.2413,21.3852 -87.2317,21.3708 -87.2224,21.355 -87.212,21.336 -87.2023,21.3183 -87.1932,21.3013 -87.1774,21.2722 -87.1626,21.245 -87.1545,21.2334 -87.1435,21.2217 -87.1296,21.2101 -87.0999,21.1913 -87.0846,21.1818 -87.0686,21.1716 -87.0522,21.1614 -87.0242,21.1441 -86.9981,21.1276 -86.9744,21.1129 -86.952,21.0988 -86.9326,21.0868 -86.9223,21.0802 -86.913,21.0745 -86.9026,21.068 -86.8931,21.0621 -86.8839,21.0563 -86.8752,21.0508</coordinates>
        </LineString>
      </Placemark>
      <Placemark>
        <name>Cancun International Airport to Amsterdam Airport Schiphol (plane)</name>
        <description>&lt;b&gt;Mode:&lt;/b&gt; plane&lt;br&gt;Representative flight TFL511 (MMUN-EHAM)</description>
        <Style>
          <LineStyle>
            <color>ff007cf5</color>
            <width>3</width>
          </LineStyle>
        </Style>
        <LineString>
          <coordinates>-86.856,21.0234 -86.8437,21.016 -86.8295,21.0073 -86.816,20.9991 -86.806,20.9932 -86.7978,20.9887 -86.7915,20.9858 -86.7856,20.984 -86.7789,20.9834 -86.7713,20.9838 -86.7639,20.9851 -86.7575,20.9871 -86.7522,20.9899 -86.7475,20.9938 -86.743,20.999 -86.7387,21.0056 -86.735,21.0127 -86.7325,21.0194 -86.7312,21.0258 -86.7311,21.0351 -86.7319,21.0507 -86.7338,21.0727 -86.7357,21.0944 -86.7392,21.1341 -86.7428,21.1755 -86.7481,21.2355 -86.7519,21.2783 -86.7562,21.3277 -86.7605,21.3766 -86.7619,21.3995 -86.7624,21.4187 -86.762,21.434 -86.7594,21.4533 -86.7536,21.4841 -86.7444,21.5266 -86.7325,21.5787 -86.7197,21.634 -86.7073,21.6884 -86.6947,21.7431 -86.6819,21.7985 -86.6676,21.8612 -86.6548,21.9163 -86.6419,21.9726 -86.6245,22.0477 -86.6112,22.1061 -86.5974,22.1656 -86.5833,22.2263 -86.5699,22.2843 -86.5559,22.3446 -86.5417,22.4064 -86.5279,22.4659 -86.5135,22.528 -86.4992,22.5893 -86.4848,22.6516 -86.4696,22.7164 -86.4553,22.7785 -86.4401,22.8432 -86.4253,22.9066 -86.4104,22.9709 -86.3949,23.037 -86.3796,23.1028 -86.3643,23.1678 -86.3483,23.2359 -86.3325,23.3026 -86.316,23.3731 -86.3002,23.4403 -86.2798,23.527 -86.264,23.5941 -86.2468,23.667 -86.2291,23.742 -86.2117,23.8155 -86.1929,23.8944 -86.178,23.9576 -86.1696,23.9851 -86.16,24.0098 -86.1494,24.0316 -86.1352,24.0545 -86.1151,24.0823 -86.0891,24.1151 -86.0622,24.1553 -86.0427,24.1876 -86.0305,24.212 -86.0216,24.2378 -86.0117,24.2745 -86.0007,24.3222 -85.9874,24.386 -85.9693,24.4734 -85.9562,24.5367 -85.9361,24.6336 -85.9227,24.6983 -85.9029,24.794 -85.8841,24.8847 -85.8637,24.9817 -85.8445,25.0741 -85.83,25.1432 -85.8216,25.1863 -85.8164,25.2177 -85.8141,25.2375 -85.8141,25.2521 -85.8154,25.2681 -85.8181,25.2855 -85.8242,25.31 -85.8361,25.3477 -85.8537,25.3985 -85.8777,25.4612 -85.9058,25.5244 -85.962,25.6396 -85.9964,25.7093 -86.0475,25.8127 -86.0917,25.9029 -86.1221,25.9634 -86.1562,26.0214 -86.1899,26.0777 -86.2219,26.1272 -86.27,26.194 -86.3099,26.2483 -86.373,26.3339 -86.4364,26.4214 -86.4743,26.4742 -86.488,26.4963 -86.4982,26.5149 -86.505,26.5298 -86.5095,26.5434 -86.5129,26.5576 -86.5152,26.5726 -86.516,26.5888 -86.5149,26.6069 -86.5117,26.6269 -86.5068,26.647 -86.5003,26.6656 -86.4921,26.6827 -86.4791,26.7035 -86.4583,26.7336 -86.4296,26.7729 -86.3789,26.8428 -86.3354,26.898 -86.2923,26.9515 -86.2465,27.0065 -86.2025,27.0589 -86.154,27.1161 -86.105,27.1742 -86.0561,27.2322 -86.0099,27.2872 -85.9653,27.34 -85.919,27.3951 -85.8727,27.45 -85.8263,27.505 -85.7797,27.5601 -85.734,27.6142 -85.6865,27.6703 -85.6388,27.7266 -85.5921,27.7815 -85.5426,27.8397 -85.4974,27.8929 -85.4467,27.9523 -85.3993,28.0079 -85.354,28.061 -85.3046,28.1185 -85.2587,28.1722 -85.211,28.2276 -85.1637,28.2826 -85.1156,28.3385 -85.0676,28.3942 -85.0201,28.4493 -84.9695,28.5077 -84.921,28.5637 -84.8723,28.62 -84.8218,28.6783 -84.7732,28.7343 -84.7235,28.7914 -84.6731,28.8491 -84.6255,28.9037 -84.5777,28.9585 -84.5305,29.0123 -84.4779,29.0725 -84.4306,29.1264 -84.3836,29.1798 -84.3349,29.2352 -84.2866,29.29 -84.238,29.3451 -84.1889,29.4006 -84.1397,29.4561 -84.0887,29.5136 -84.0391,29.5697 -83.9898,29.6252 -83.9407,29.6802 -83.8902,29.7369 -83.8395,29.7938 -83.7912,29.8478 -83.737,29.9082 -83.6836,29.9677 -83.6336,30.0235 -83.5846,30.078 -83.532,30.1364 -83.4817,30.1922 -83.4312,30.2481 -83.3801,30.3045 -83.3286,30.3614 -83.2785,30.4165 -83.2289,30.471 -83.1767,30.5284 -83.1263,30.5838 -83.0754,30.6395 -83.025,30.6947 -82.9737,30.7507 -82.9204,30.8088 -82.8678,30.866 -82.8179,30.9204 -82.7655,30.9773 -82.714,31.033 -82.6609,31.0904 -82.6065,31.1491 -82.5555,31.2041 -82.5092,31.2475 -82.4423,31.3016 -82.3799,31.3513 -82.3151,31.403 -82.2485,31.4564 -82.1872,31.5059 -82.1314,31.5521 -82.075,31.6052 -82.0043,31.681 -81.9525,31.7369 -81.8987,31.7946 -81.8461,31.8512 -81.7924,31.9087 -81.74,31.9649 -81.6865,32.0221 -81.6356,32.0764 -81.5822,32.1333 -81.5313,32.1873 -81.4782,32.2437 -81.4236,32.3016 -81.3695,32.3589 -81.3156,32.4158 -81.2613,32.4731 -81.203,32.5344 -81.1511,32.589 -81.0981,32.6447 -81.0423,32.7031 -80.9894,32.7584 -80.9338,32.8165 -80.8799,32.8728 -80.8271,32.9277 -80.7721,32.9849 -80.7136,33.0457 -80.6615,33.0997 -80.6054,33.1578 -80.5514,33.2135 -80.4946,33.272 -80.4404,33.3278 -80.3859,33.3839 -80.3307,33.4406 -80.2743,33.4984 -80.2179,33.556 -80.1624,33.6127 -80.1076,33.6685 -80.0496,33.7275 -79.9935,33.7844 -79.9366,33.8419 -79.88,33.8992 -79.8232,33.9565 -79.7663,34.014 -79.7094,34.0712 -79.6518,34.1289 -79.5931,34.1878 -79.5359,34.245 -79.4798,34.301 -79.4202,34.3605 -79.3631,34.4173 -79.3055,34.4746 -79.2469,34.5326 -79.1893,34.5895 -79.1315,34.6466 -79.0726,34.7047 -79.0146,34.7617 -78.9567,34.8186 -78.8994,34.8748 -78.8397,34.9332 -78.7818,34.9897 -78.7246,35.0455 -78.665,35.1034 -78.6077,35.159 -78.5485,35.2165 -78.4874,35.2755 -78.4313,35.3297 -78.3724,35.3865 -78.3131,35.4436 -78.2521,35.5022 -78.1934,35.5583 -78.1356,35.6135 -78.0767,35.6698 -78.0164,35.7272 -77.9553,35.7854 -77.8974,35.8403 -77.837,35.8974 -77.7758,35.9552 -77.7162,36.0114 -77.6567,36.0675 -77.5978,36.1228 -77.5367,36.18 -77.4763,36.2367 -77.4137,36.2951 -77.3538,36.351 -77.2921,36.4084 -77.2321,36.464 -77.1702,36.5213 -77.1091,36.578 -77.0472,36.6352 -76.9871,36.6915 -76.9267,36.7501 -76.8653,36.8096 -76.8086,36.8642 -76.7464,36.9239 -76.6878,36.9798 -76.6264,37.0381 -76.5645,37.0968 -76.5055,37.1527 -76.4472,37.2078 -76.3872,37.2642 -76.3464,37.3015 -76.3076,37.3351 -76.2423,37.3881 -76.1749,37.4404 -76.1061,37.494 -76.0393,37.5459 -75.9699,37.5995 -75.9008,37.6527 -75.835,37.703 -75.7647,37.7565 -75.6979,37.8074 -75.6287,37.86 -75.5617,37.9107 -75.4925,37.9631 -75.4218,38.0165 -75.3551,38.0667 -75.2878,38.1172 -75.2182,38.1694 -75.148,38.2219 -75.0799,38.2728 -75.0134,38.3223 -74.945,38.3731 -74.8744,38.4255 -74.8039,38.4777 -74.7339,38.5293 -74.6647,38.5803 -74.5953,38.6314 -74.5249,38.6829 -74.4566,38.7329 -74.3871,38.7836 -74.318,38.834 -74.2457,38.8865 -74.1777,38.9359 -74.1094,38.9852 -74.0409,39.0347 -73.9711,39.085 -73.9022,39.1345 -73.8344,39.183 -73.7656,39.2323 -73.6954,39.2824 -73.6262,39.3317 -73.5579,39.3802 -73.4875,39.4302 -73.4172,39.4799 -73.346,39.5302 -73.2763,39.5793 -73.206,39.6286 -73.1357,39.6779 -73.0655,39.7269 -72.994,39.7769 -72.9222,39.8268 -72.8776,39.8578 -72.8063,39.9073 -72.7339,39.9574 -72.6621,40.007 -72.5903,40.0564 -72.5201,40.1047 -72.4467,40.1549 -72.3725,40.2057 -72.3002,40.255 -72.2303,40.3026 -72.1557,40.3533 -72.0819,40.4034 -72.0086,40.4528 -71.9373,40.5009 -71.8633,40.5505 -71.7901,40.5996 -71.715,40.6498 -71.6413,40.6991 -71.5694,40.747 -71.4966,40.7954 -71.421,40.8455 -71.348,40.8936 -71.2747,40.942 -71.2017,40.9901 -71.1252,41.0402 -71.0527,41.0878 -70.9766,41.1374 -70.9047,41.1842 -70.8284,41.2339 -70.7548,41.2815 -70.6809,41.3294 -70.6091,41.3756 -70.5306,41.4261 -70.4558,41.4741 -70.3814,41.5218 -70.3023,41.5724 -70.2299,41.6184 -70.154,41.6665 -70.0758,41.7161 -70.0034,41.7618 -69.9271,41.8098 -69.8527,41.8567 -69.7761,41.9048 -69.6966,41.9545 -69.6186,42.0033 -69.5429,42.0504 -69.4599,42.1018 -69.3828,42.1497 -69.3061,42.197 -69.2322,42.2424 -69.1553,42.2898 -69.0764,42.3381 -69.0003,42.3847 -68.9234,42.4317 -68.8473,42.4778 -68.7711,42.5241 -68.6905,42.5727 -68.6122,42.6199 -68.533,42.6675 -68.4475,42.7189 -68.3689,42.7658 -68.2812,42.8182 -68.1968,42.8683 -68.1191,42.9144 -68.0353,42.964 -67.9553,43.0112 -67.8616,43.0664 -67.7826,43.1128 -67.7042,43.1587 -67.6297,43.2021 -67.5486,43.2493 -67.4717,43.2939 -67.3933,43.3391 -67.3163,43.3837 -67.2368,43.4295 -67.159,43.474 -67.0782,43.5203 -66.9949,43.5671 -66.9479,43.5924 -66.8656,43.6344 -66.7809,43.677 -66.697,43.7192 -66.6173,43.7594 -66.5353,43.8006 -66.4504,43.8433 -66.3639,43.8867 -66.2813,43.9281 -66.1924,43.9726 -66.1009,44.0182 -66.0169,44.0597 -65.9315,44.1019 -65.8464,44.1439 -65.7608,44.1859 -65.6689,44.2309 -65.583,44.2729 -65.4971,44.3147 -65.4076,44.3581 -65.3202,44.4004 -65.2329,44.4424 -65.133,44.4905 -65.0446,44.5329 -64.9563,44.575 -64.8681,44.617 -64.7798,44.6591 -64.6874,44.7028 -64.5905,44.7485 -64.5011,44.7905 -64.4106,44.8329 -64.3118,44.8791 -64.2209,44.9214 -64.1162,44.97 -64.0224,45.0134 -63.935,45.0537 -63.8389,45.0979 -63.7508,45.1382 -63.6553,45.1818 -63.5643,45.2231 -63.4732,45.2645 -63.376,45.3084 -63.2633,45.3592 -63.1597,45.4057 -63.0703,45.4456 -62.9824,45.4849 -62.8926,45.5248 -62.7972,45.567 -62.7085,45.6062 -62.6171,45.6463 -62.5221,45.6881 -62.4265,45.7298 -62.341,45.767 -62.2487,45.8071 -62.1529,45.8487 -62.0487,45.8935 -61.959,45.932 -61.8613,45.974 -61.7556,46.0191 -61.6597,46.06 -61.5677,46.0989 -61.4757,46.1377 -61.3839,46.1763 -61.2928,46.2144 -61.1747,46.2638 -61.0833,46.302 -60.9896,46.341 -60.8972,46.3792 -60.8007,46.4189 -60.6955,46.462 -60.5995,46.5013 -60.4813,46.5496 -60.3852,46.5886 -60.2876,46.6282 -60.19,46.6674 -60.0873,46.7086 -59.9825,46.7505 -59.8849,46.7896 -59.7863,46.8285 -59.6838,46.8692 -59.5871,46.9073 -59.4897,46.9456 -59.3419,47.0035 -59.2441,47.0415 -59.1481,47.0787 -59.0421,47.1198 -58.934,47.1613 -58.7979,47.2134 -58.7009,47.2505 -58.6026,47.288 -58.4979,47.3275 -58.3978,47.3653 -58.2871,47.407 -58.1823,47.4462 -58.0853,47.4823 -57.9811,47.521 -57.8807,47.5582 -57.7589,47.603 -57.615,47.6545 -57.5147,47.6901 -57.4145,47.7256 -57.3089,47.7628 -57.2088,47.7981 -57.1075,47.8336 -56.996,47.8724 -56.8785,47.9135 -56.7775,47.9484 -56.6705,47.9853 -56.5516,48.0262 -56.4419,48.0638 -56.3389,48.0988 -56.2209,48.1388 -56.1192,48.1731 -56.0139,48.2085 -55.9092,48.2437 -55.805,48.2786 -55.666,48.3245 -55.5269,48.3704 -55.421,48.405 -55.3173,48.4391 -55.2094,48.4743 -55.1055,48.508 -55.0012,48.5417 -54.894,48.5762 -54.784,48.6115 -54.68,48.6447 -54.5723,48.6788 -54.4651,48.7127 -54.3613,48.7454 -54.2512,48.7799 -54.1412,48.8143 -54.0339,48.8477 -53.9263,48.8809 -53.8153,48.9153 -53.7048,48.9491 -53.5995,48.9813 -53.4845,49.0162 -53.3772,49.0486 -53.2612,49.0836 -53.1503,49.1168 -53.0276,49.1534 -52.9093,49.1886 -52.7991,49.2212 -52.6878,49.2538 -52.5617,49.2908 -52.4504,49.3233 -52.3393,49.3555 -52.226,49.3883 -52.1076,49.4223 -51.9932,49.4549 -51.869,49.4903 -51.7443,49.5255 -51.6294,49.558 -51.487,49.5978 -51.3701,49.6303 -51.259,49.6612 -51.1333,49.6958 -51.0047,49.731 -50.8746,49.7665 -50.7275,49.8064 -50.5993,49.8409 -50.4641,49.8772 -50.3496,49.9077 -50.2126,49.944 -50.0968,49.9742 -49.9697,50.0019 -49.8508,50.0324 -49.7512,50.0639 -49.5903,50.1218 -49.4714,50.1643 -49.3579,50.2048 -49.2449,50.2449 -49.112,50.292 -49.003,50.3305 -48.8912,50.3697 -48.7258,50.4273 -48.613,50.4664 -48.4431,50.525 -48.2975,50.575 -48.1428,50.6276 -47.7295,50.7502 -47.3139,50.8713 -46.8963,50.991 -46.4764,51.1091 -46.0545,51.2257 -45.6304,51.3408 -45.2042,51.4544 -44.7758,51.5664 -44.3454,51.6768 -43.9129,51.7857 -43.4783,51.893 -43.0416,51.9986 -42.6029,52.1027 -42.1622,52.2051 -41.7194,52.3058 -41.2747,52.4049 -40.8279,52.5023 -40.3792,52.5981 -39.9285,52.6921 -39.476,52.7844 -39.0215,52.875 -38.5651,52.9638 -38.1068,53.0509 -37.6467,53.1362 -37.1849,53.2197 -36.7212,53.3015 -36.2557,53.3814 -35.7886,53.4595 -35.3197,53.5358 -34.8492,53.6102 -34.377,53.6828 -33.9032,53.7536 -33.4278,53.8224 -32.9509,53.8894 -32.4725,53.9545 -31.9926,54.0177 -31.5113,54.0789 -31.0285,54.1382 -30.5444,54.1956 -30.059,54.2511 -29.5723,54.3046 -29.0844,54.3561 -28.5952,54.4056 -28.1049,54.4532 -27.6135,54.4988 -27.121,54.5424 -26.6275,54.5839 -26.133,54.6235 -25.6375,54.6611 -25.1412,54.6966 -24.644,54.7301 -24.146,54.7615 -23.6473,54.7909 -23.1478,54.8183 -22.6478,54.8436 -22.1471,54.8669 -21.6458,54.8881 -21.1441,54.9072 -20.6419,54.9243 -20.1393,54.9392 -19.6364,54.9522 -19.1331,54.963 -18.6296,54.9718 -18.126,54.9784 -17.6221,54.983 -17.1182,54.9855 -16.6143,54.986 -16.1104,54.9843 -15.6065,54.9806 -15.1027,54.9748 -14.73,54.9691 -14.6079,54.9554 -14.2689,54.9169 -14.1341,54.9013 -13.9574,54.8804 -13.8291,54.8651 -13.7051,54.8501 -13.578,54.8346 -13.4533,54.8191 -13.325,54.803 -13.1699,54.7835 -13.043,54.7673 -12.9141,54.7508 -12.7878,54.7345 -12.6671,54.7188 -12.5436,54.7027 -12.4217,54.6864 -12.2845,54.6681 -12.1622,54.6516 -12.0422,54.6352 -11.9178,54.6181 -11.7939,54.6009 -11.6668,54.5832 -11.5448,54.566 -11.4176,54.5481 -11.2973,54.5308 -11.1683,54.5121 -11.0441,54.494 -10.9226,54.4762 -10.8034,54.4586 -10.6725,54.4391 -10.5575,54.4219 -10.4321,54.4029 -10.3125,54.3847 -10.1902,54.366 -10.0726,54.3478 -9.9499,54.3288 -9.8269,54.3095 -9.7133,54.2915 -9.5932,54.2724 -9.4743,54.2534 -9.3554,54.2341 -9.237,54.215 -9.1178,54.1955 -9.0009,54.1762 -8.8813,54.1563 -8.7658,54.137 -8.6491,54.1174 -8.5306,54.0974 -8.4127,54.0772 -8.2922,54.0566 -8.1771,54.0367 -8.0597,54.0162 -7.9378,53.9949 -7.8224,53.9746 -7.7036,53.9534 -7.5908,53.9335 -7.4731,53.9123 -7.3644,53.8927 -7.2473,53.8714 -7.1291,53.8497 -7.0197,53.8296 -6.9057,53.8084 -6.7935,53.7874 -6.6853,53.7673 -6.571,53.7456 -6.4606,53.7247 -6.3469,53.703 -6.2363,53.6818 -6.125,53.6603 -6.0077,53.6375 -5.9027,53.617 -5.7843,53.5936 -5.6945,53.5767 -5.6212,53.5667 -5.5519,53.5605 -5.47,53.5556 -5.3506,53.5481 -5.2359,53.5409 -5.0801,53.5309 -5.0171,53.5268 -4.9007,53.5192 -4.7862,53.5117 -4.6682,53.5038 -4.5488,53.4956 -4.4309,53.4874 -4.3127,53.4791 -4.1967,53.4708 -4.0838,53.4626 -3.9661,53.4539 -3.8527,53.4455 -3.7337,53.4365 -3.622,53.428 -3.5036,53.4188 -3.3849,53.4095 -3.2744,53.4006 -3.1529,53.3909 -3.0459,53.3822 -2.9273,53.3725 -2.8136,53.3629 -2.6976,53.3531 -2.6044,53.3452 -2.4889,53.3352 -2.3786,53.3256 -2.2654,53.3156 -2.1511,53.3054 -2.0333,53.2948 -1.9281,53.2852 -1.8132,53.2746 -1.7001,53.264 -1.5853,53.2532 -1.4713,53.2424 -1.3605,53.2317 -1.2491,53.2209 -1.1379,53.2099 -1.0242,53.1987 -0.9127,53.1875 -0.7995,53.1761 -0.6905,53.1649 -0.5789,53.1534 -0.4635,53.1415 -0.3504,53.1296 -0.2417,53.1181 -0.1267,53.1057 -0.0524,53.0976 0.0561,53.0858 0.1711,53.0732 0.2847,53.0606 0.3992,53.0478 0.5065,53.0357 0.6202,53.0228 0.7282,53.0104 0.8175,53.0001 0.9283,52.9872 1.0415,52.9742 1.1524,52.9615 1.2705,52.9477 1.366,52.9353 1.529,52.9107 1.6468,52.8928 1.7572,52.8765 1.868,52.8601 1.975,52.8442 2.0858,52.8277 2.2424,52.8038 2.3479,52.7875 2.4501,52.7718 2.5501,52.7563 2.6486,52.7408 2.747,52.7254 2.8476,52.7095 2.9388,52.6949 3.036,52.6794 3.13,52.6641 3.2176,52.6499 3.3075,52.6354 3.4013,52.62 3.4865,52.6059 3.5747,52.5914 3.6588,52.5774 3.743,52.5633 3.8251,52.5496 3.9016,52.5367 3.9507,52.5274 3.9947,52.5183 4.0337,52.5093 4.0976,52.4938 4.1541,52.4788 4.2123,52.4632 4.2665,52.4487 4.296,52.4409 4.3178,52.4353 4.3319,52.432 4.3422,52.4305 4.3525,52.4301 4.3628,52.4308 4.3724,52.4326 4.3808,52.4354 4.3879,52.4391 4.3951,52.4446 4.4038,52.4529 4.4139,52.4639 4.4364,52.4911 4.4604,52.5208 4.4837,52.5494 4.5076,52.5783 4.5218,52.5947 4.5327,52.6061 4.5404,52.6124 4.5476,52.6158 4.5573,52.6181 4.5695,52.6195 4.5852,52.6201 4.6053,52.6203 4.63,52.6199 4.6452,52.6191 4.657,52.6179 4.6655,52.6161 4.6719,52.6135 4.6774,52.6098 4.6821,52.6051 4.6867,52.599 4.6917,52.5914 4.6973,52.5822 4.7113,52.5588 4.7186,52.5463 4.7234,52.5368 4.7257,52.5305 4.7263,52.5242 4.7261,52.515 4.7251,52.5029 4.7223,52.4763 4.7202,52.4516 4.7179,52.4281 4.716,52.4071 4.7141,52.3863 4.713,52.3736 4.7121,52.3643 4.7111,52.3533</coordinates>
        </LineString>
      </Placemark>
      <Placemark>
        <name>Amsterdam Airport Schiphol to Anne Frank House (car)</name>
        <description>&lt;b&gt;Mode:&lt;/b&gt; car</description>
        <Style>
          <LineStyle>
            <color>ff007cf5</color>
            <width>3</width>
          </LineStyle>
        </Style>
        <LineString>
          <coordinates>4.766586,52.311467 4.766586,52.311467 4.765464,52.310407 4.765329,52.310224 4.765286,52.310176 4.765428,52.310121 4.765528,52.310038 4.765621,52.308805 4.765642,52.308522 4.765649,52.308438 4.76567,52.308221 4.765677,52.30806 4.765493,52.307511 4.765457,52.307414 4.765392,52.307197 4.765342,52.307012 4.765239,52.306945 4.765142,52.306899 4.765081,52.306866 4.765002,52.306837 4.764755,52.306767 4.764599,52.306733 4.76193,52.305723 4.761483,52.305545 4.760975,52.305305 4.760848,52.305226 4.76069,52.30513 4.76065,52.305104 4.760594,52.305066 4.760525,52.305023 4.760461,52.304981 4.760196,52.304813 4.760069,52.304939 4.759884,52.305124 4.759379,52.305627 4.759337,52.305652 4.759261,52.30567 4.759172,52.305674 4.759052,52.305657 4.758942,52.305614 4.758815,52.305564 4.758464,52.305431 4.757808,52.305181 4.757655,52.305153 4.757541,52.30514 4.757416,52.305157 4.757333,52.305188 4.757276,52.30523 4.757219,52.305284 4.756918,52.305574 4.756861,52.305627 4.756847,52.305641 4.75672,52.305721 4.756705,52.305731 4.756625,52.305659 4.756526,52.305568 4.756411,52.305482 4.756351,52.305448 4.756299,52.305433 4.756077,52.305342 4.756004,52.305317 4.755947,52.30529 4.75583,52.30524 4.755489,52.305112 4.75496,52.304913 4.754703,52.304814 4.75458,52.304937 4.754543,52.304973 4.754233,52.305283 4.754057,52.305458 4.753866,52.305649 4.753584,52.305931 4.753251,52.306264 4.753207,52.306307 4.753146,52.306365 4.753075,52.306438 4.753061,52.306452 4.75305,52.306464 4.753016,52.306498 4.752998,52.306517 4.752721,52.306398 4.752273,52.306229 4.752102,52.306159 4.751947,52.306106 4.751754,52.30605 4.751583,52.306028 4.751453,52.306025 4.751239,52.306053 4.750918,52.306148 4.75048,52.306252 4.750018,52.306363 4.749962,52.30641 4.749928,52.306439 4.749876,52.306511 4.749823,52.306584 4.749884,52.306684 4.750853,52.308202 4.750969,52.308392 4.751036,52.308504 4.751064,52.308574 4.750856,52.308605 4.75053,52.308658 4.750327,52.308702 4.750267,52.308719 4.750199,52.308741 4.750026,52.308808 4.749846,52.308918 4.749725,52.309025 4.749627,52.309126 4.749497,52.309272 4.749408,52.309493 4.749395,52.309624 4.749407,52.30975 4.749399,52.309975 4.749874,52.311021 4.750114,52.311481 4.750445,52.312056 4.751044,52.313022 4.751613,52.313873 4.752236,52.31486 4.752843,52.31573 4.753422,52.316489 4.754187,52.317315 4.75503,52.318112 4.755936,52.318883 4.756046,52.318967 4.75691,52.319576 4.757997,52.320249 4.759246,52.320935 4.760042,52.321313 4.760861,52.321676 4.761763,52.322039 4.76247,52.322314 4.763039,52.322524 4.763877,52.322916 4.765063,52.323242 4.765929,52.323447 4.76659,52.323591 4.767225,52.323714 4.768107,52.323869 4.769143,52.324021 4.770176,52.324156 4.772419,52.324426 4.774797,52.32471 4.777683,52.325055 4.78271,52.32566 4.784042,52.325803 4.785519,52.325989 4.786574,52.326149 4.787571,52.326322 4.788224,52.326446 4.789061,52.326622 4.790109,52.326845 4.791039,52.327085 4.792229,52.32743 4.793424,52.327809 4.794168,52.328075 4.794868,52.328335 4.795941,52.328766 4.796793,52.329149 4.797746,52.329609 4.798465,52.329968 4.799158,52.330353 4.799333,52.330449 4.800067,52.330881 4.802092,52.332133 4.803352,52.332911 4.804213,52.333434 4.805302,52.334104 4.806399,52.334775 4.807439,52.335405 4.808444,52.335979 4.80919,52.336376 4.809553,52.336548 4.809928,52.336717 4.810144,52.336805 4.810457,52.336932 4.810886,52.337088 4.811335,52.337241 4.81196,52.337435 4.812429,52.337566 4.813028,52.337718 4.81327,52.337774 4.813563,52.337838 4.813775,52.337879 4.814065,52.337934 4.814621,52.338026 4.815251,52.338114 4.816026,52.338195 4.816482,52.338232 4.816853,52.338257 4.817199,52.338273 4.817667,52.338288 4.818278,52.338301 4.818983,52.338308 4.819844,52.338302 4.821272,52.338297 4.821501,52.338295 4.821684,52.338294 4.825096,52.338266 4.827332,52.338251 4.828587,52.338241 4.829384,52.338233 4.832386,52.338209 4.832813,52.338114 4.833185,52.338079 4.833564,52.33803 4.833988,52.33797 4.834373,52.337904 4.834726,52.337833 4.835042,52.337766 4.835405,52.337683 4.835972,52.337542 4.836213,52.337482 4.836663,52.337381 4.83701,52.337311 4.83722,52.337275 4.837515,52.337236 4.837698,52.337217 4.837907,52.3372 4.838158,52.337188 4.838393,52.337188 4.838577,52.337194 4.838783,52.337209 4.839088,52.337246 4.839296,52.33728 4.8395,52.33732 4.839789,52.337396 4.840229,52.337551 4.84043,52.337637 4.840819,52.337839 4.841111,52.338057 4.841337,52.33828 4.841414,52.338373 4.841491,52.338472 4.841622,52.338678 4.841687,52.338809 4.841717,52.338896 4.841757,52.339027 4.84178,52.339188 4.841786,52.339364 4.841779,52.339586 4.841761,52.339726 4.841718,52.340136 4.841548,52.341108 4.841478,52.341587 4.841418,52.342032 4.841335,52.342746 4.841279,52.343244 4.841252,52.343446 4.84116,52.344516 4.841113,52.345447 4.841095,52.346092 4.841103,52.346752 4.841127,52.34707 4.841177,52.347418 4.841269,52.347855 4.841341,52.348113 4.841439,52.348396 4.841495,52.348547 4.841556,52.3487 4.841799,52.349217 4.842141,52.349924 4.842273,52.350229 4.842417,52.350596 4.842509,52.350865 4.84262,52.351307 4.842701,52.351787 4.842725,52.351998 4.84274,52.352257 4.842749,52.3525 4.842718,52.353845 4.842701,52.354485 4.842835,52.355029 4.842866,52.355258 4.842898,52.355534 4.84291,52.355801 4.842985,52.356481 4.843034,52.356925 4.843056,52.357179 4.843064,52.357366 4.843056,52.357632 4.84305,52.357745 4.843284,52.357784 4.84376,52.357874 4.843958,52.357897 4.844221,52.357909 4.844861,52.357915 4.846935,52.357933 4.847799,52.357941 4.848527,52.357944 4.849251,52.357951 4.849425,52.357951 4.850001,52.357959 4.850156,52.35796 4.850221,52.35796 4.850334,52.357958 4.850415,52.357956 4.850537,52.357955 4.850563,52.357954 4.850857,52.357951 4.851243,52.357953 4.85148,52.357954 4.85225,52.357994 4.852458,52.358005 4.852687,52.358033 4.852763,52.358047 4.852971,52.358088 4.853332,52.358153 4.85346,52.358185 4.853529,52.358216 4.853578,52.358235 4.853594,52.358243 4.853628,52.358264 4.853679,52.358327 4.853646,52.3584 4.853615,52.358497 4.853612,52.358611 4.853602,52.358646 4.853562,52.358724 4.853539,52.358775 4.853469,52.359007 4.853417,52.359995 4.853419,52.360107 4.853418,52.360174 4.853416,52.360211 4.853413,52.360248 4.853394,52.360381 4.853383,52.360929 4.853377,52.361082 4.853359,52.361855 4.853344,52.362008 4.853338,52.362129 4.853311,52.362848 4.8533,52.363384 4.853304,52.36348 4.853296,52.363671 4.853283,52.364023 4.853281,52.364052 4.853278,52.364133 4.853276,52.364168 4.853275,52.364199 4.853326,52.364198 4.853361,52.364198 4.853593,52.364203 4.854177,52.364216 4.855214,52.364231 4.855549,52.364233 4.855633,52.364245 4.855712,52.364266 4.856539,52.364542 4.856707,52.364583 4.856881,52.364607 4.857625,52.364651 4.857789,52.364661 4.858024,52.364678 4.858203,52.364691 4.858359,52.364711 4.858671,52.364732 4.859189,52.364765 4.85931,52.364761 4.859379,52.364753 4.859415,52.36476 4.859477,52.364774 4.859504,52.364781 4.859551,52.364766 4.859788,52.364687 4.859879,52.364657 4.859899,52.36465 4.859971,52.364626 4.860126,52.364575 4.860308,52.364517 4.860554,52.364436 4.860654,52.364413 4.860696,52.364405 4.860781,52.364396 4.860868,52.364394 4.860967,52.364402 4.86104,52.364415 4.86113,52.364437 4.862339,52.364723 4.862365,52.364729 4.86252,52.364763 4.862591,52.364778 4.86271,52.364799 4.862761,52.364808 4.862871,52.364833 4.862915,52.364843 4.862957,52.364852 4.863095,52.364882 4.863147,52.364895 4.863674,52.365022 4.864284,52.365169 4.864305,52.365174 4.865253,52.365406 4.865352,52.36543 4.865459,52.365456 4.86556,52.365481 4.865668,52.365507 4.866501,52.365706 4.866683,52.365751 4.866707,52.365757 4.866953,52.365816 4.867083,52.365847 4.867306,52.365901 4.867447,52.365936 4.867542,52.365959 4.867616,52.365978 4.867663,52.36599 4.867801,52.366026 4.867817,52.36603 4.869198,52.366396 4.869464,52.366467 4.869712,52.366535 4.869963,52.366603 4.870229,52.366677 4.870242,52.36668 4.870364,52.366716 4.870396,52.366727 4.870525,52.366773 4.870539,52.366778 4.870738,52.366813 4.870919,52.366848 4.871018,52.366872 4.87111,52.366896 4.871232,52.366931 4.871764,52.367081 4.871836,52.367102 4.871885,52.367115 4.872048,52.367162 4.87207,52.367168 4.872122,52.367182 4.87213,52.367186 4.872168,52.367205 4.872181,52.367217 4.872195,52.367229 4.872213,52.367247 4.872236,52.367265 4.872308,52.367285 4.872317,52.367287 4.872399,52.367309 4.872572,52.367355 4.873066,52.367496 4.87323,52.367545 4.873455,52.367615 4.873599,52.367659 4.87383,52.367724 4.874787,52.367975 4.875912,52.368268 4.876033,52.3683 4.876096,52.368317 4.876177,52.368339 4.876305,52.368371 4.876345,52.368368 4.876519,52.368369 4.876583,52.368373 4.876731,52.368422 4.876938,52.368476 4.877034,52.368499 4.877429,52.368609 4.877727,52.368669 4.877889,52.368711 4.877934,52.368724 4.87796,52.36873 4.878004,52.368742 4.878027,52.368747 4.878064,52.368758 4.878076,52.368768 4.878124,52.36881 4.878243,52.368837 4.878347,52.368864 4.878476,52.368853 4.878561,52.36885 4.87902,52.368997 4.879534,52.36916 4.880675,52.369532 4.881385,52.369764 4.881534,52.369813 4.882338,52.370083 4.882401,52.370092 4.88245,52.370091 4.882452,52.370164 4.882463,52.370253 4.882491,52.370433 4.882543,52.370435 4.88294,52.370425 4.882988,52.370424 4.883179,52.372406 4.883327,52.373916 4.883334,52.373984 4.88334,52.374034 4.883342,52.374048 4.883343,52.374062 4.883347,52.374099 4.883351,52.374135 4.883361,52.374182 4.883363,52.374263 4.883391,52.374566 4.883405,52.374655 4.88344,52.374717 4.883711,52.375007 4.883905,52.375225</coordinates>
        </LineString>
      </Placemark>
      <Placemark>
        <name>Anne Frank House to Jordaan (foot)</name>
        <description>&lt;b&gt;Mode:&lt;/b&gt; foot</description>
        <Style>
          <LineStyle>
            <color>ff007cf5</color>
            <width>3</width>
          </LineStyle>
        </Style>
        <LineString>
          <coordinates>4.883905,52.375225 4.883711,52.375007 4.88344,52.374717 4.883405,52.374655 4.883391,52.374566 4.883363,52.374263 4.883261,52.374261 4.882915,52.374212 4.882871,52.374205 4.882863,52.374159 4.882832,52.374155 4.882874,52.374478 4.882772,52.374477 4.881528,52.374194 4.880816,52.374029</coordinates>
        </LineString>
      </Placemark>
      <Placemark>
        <name>Jordaan to Rijksmuseum (foot)</name>
        <description>&lt;b&gt;Mode:&lt;/b&gt; foot</description>
        <Style>
          <LineStyle>
            <color>ff007cf5</color>
            <width>3</width>
          </LineStyle>
        </Style>
        <LineString>
          <coordinates>4.880816,52.374029 4.881528,52.374194 4.88179,52.373776 4.881829,52.373713 4.881838,52.3737 4.881847,52.373688 4.882696,52.373902 4.882691,52.373886 4.882705,52.373798 4.882776,52.373816 4.882729,52.373195 4.882672,52.372635 4.882657,52.372426 4.882624,52.371963 4.882621,52.371896 4.882614,52.371807 4.882599,52.37175 4.882519,52.371 4.882491,52.370433 4.882463,52.370253 4.882452,52.370164 4.88245,52.370091 4.882413,52.369588 4.882359,52.368919 4.88234,52.368792 4.882333,52.368736 4.882336,52.368677 4.882291,52.368158 4.882279,52.368019 4.882253,52.367649 4.882237,52.367496 4.882231,52.367454 4.882223,52.367388 4.882217,52.367343 4.8822,52.367162 4.882166,52.366686 4.882196,52.366557 4.88235,52.366336 4.882404,52.366245 4.882449,52.366181 4.882506,52.366121 4.882581,52.366044 4.882641,52.365987 4.881978,52.365749 4.883618,52.364623 4.883204,52.364424 4.883158,52.364399 4.883162,52.364396 4.883174,52.364388 4.883187,52.36438 4.883167,52.364318 4.882852,52.364008 4.882727,52.363899 4.882589,52.363808 4.882583,52.363783 4.88258,52.363769 4.882575,52.363742 4.882571,52.363727 4.882568,52.363711 4.882562,52.363682 4.882557,52.363651 4.882609,52.36364 4.882655,52.363621 4.882702,52.363595 4.882778,52.363533 4.883036,52.363323 4.883082,52.363267 4.883311,52.362942 4.883614,52.362522 4.883644,52.362495 4.883682,52.362468 4.883791,52.362409 4.884219,52.362206 4.884614,52.362019 4.886216,52.361264 4.886285,52.361232 4.88635,52.361196 4.886379,52.361178 4.886455,52.361132 4.886485,52.361097 4.886497,52.361069 4.88645,52.36099 4.886368,52.360919 4.886087,52.360713 4.886049,52.360693 4.886082,52.360675 4.886038,52.360642 4.886008,52.360614 4.885949,52.360559 4.885915,52.360518 4.885898,52.360483 4.885868,52.360461 4.885619,52.360277 4.885232,52.359991</coordinates>
        </LineString>
      </Placemark>
      <Placemark>
        <name>Rijksmuseum to Van Gogh Museum (foot)</name>
        <description>&lt;b&gt;Mode:&lt;/b&gt; foot</description>
        <Style>
          <LineStyle>
            <color>ff007cf5</color>
            <width>3</width>
          </LineStyle>
        </Style>
        <LineString>
          <coordinates>4.885232,52.359991 4.884859,52.359715 4.884806,52.359675 4.884762,52.359644 4.884728,52.35966 4.884689,52.359679 4.884388,52.359454 4.884305,52.359392 4.884182,52.359313 4.88406,52.359231 4.884043,52.359218 4.884008,52.3592 4.883955,52.359168 4.883939,52.359161 4.883906,52.359153 4.88372,52.359113 4.883685,52.359109 4.883654,52.359105 4.883611,52.359157 4.883576,52.359148 4.883558,52.359174 4.883355,52.359082 4.883341,52.359075 4.883271,52.359043 4.883253,52.359035 4.88242,52.358657 4.882353,52.358627 4.881234,52.358115 4.880841,52.357928 4.880831,52.357941 4.880931,52.357989 4.880692,52.358309</coordinates>
        </LineString>
      </Placemark>
      <Placemark>
        <name>Van Gogh Museum to Vondelpark (foot)</name>
        <description>&lt;b&gt;Mode:&lt;/b&gt; foot</description>
        <Style>
          <LineStyle>
            <color>ff007cf5</color>
            <width>3</width>
          </LineStyle>
        </Style>
        <LineString>
          <coordinates>4.880692,52.358309 4.880539,52.358515 4.880419,52.358488 4.88037,52.358554 4.880329,52.35861 4.88032,52.35862 4.880311,52.358632 4.88028,52.358674 4.879772,52.35935 4.87955,52.359653 4.879373,52.359897 4.878569,52.359682 4.87776,52.359466 4.877661,52.35944 4.877642,52.359434 4.877623,52.35943 4.87754,52.359409 4.877492,52.359396 4.875473,52.358854 4.875347,52.358821 4.875165,52.358775 4.874966,52.358728 4.87483,52.35871 4.874707,52.358711 4.874582,52.358727 4.874475,52.358753 4.874398,52.358788 4.874366,52.358757 4.874074,52.358546 4.873954,52.35847 4.873634,52.358348 4.873451,52.358292 4.873099,52.358198 4.872797,52.358141 4.872497,52.358095 4.872042,52.358034 4.87183,52.358 4.871633,52.357954 4.871387,52.357834 4.870989,52.357653 4.870782,52.357578 4.870586,52.357524 4.870302,52.357469 4.870079,52.357451 4.869798,52.357453 4.869492,52.357475 4.869388,52.35748 4.869227,52.357595 4.869183,52.357729 4.869102,52.358051 4.869055,52.358115 4.869001,52.35814 4.868946,52.358158 4.86891,52.358168 4.868857,52.358114 4.868812,52.358128 4.868748,52.358135 4.868684,52.358136 4.868625,52.358129 4.868539,52.358094</coordinates>
        </LineString>
      </Placemark>
      <Placemark>
        <name>Vondelpark to U.S. Consulate General (foot)</name>
        <description>&lt;b&gt;Mode:&lt;/b&gt; foot</description>
        <Style>
          <LineStyle>
            <color>ff007cf5</color>
            <width>3</width>
          </LineStyle>
        </Style>
        <LineString>
          <coordinates>4.868539,52.358094 4.868625,52.358129 4.868684,52.358136 4.868748,52.358135 4.868812,52.358128 4.868857,52.358114 4.86891,52.358168 4.868946,52.358158 4.869001,52.35814 4.869055,52.358115 4.869102,52.358051 4.869183,52.357729 4.869227,52.357595 4.869388,52.35748 4.869492,52.357475 4.869798,52.357453 4.870079,52.357451 4.870302,52.357469 4.870586,52.357524 4.870782,52.357578 4.870989,52.357653 4.871387,52.357834 4.871633,52.357954 4.871726,52.35793 4.871901,52.357687 4.871985,52.357578 4.872051,52.357584 4.8721,52.357581 4.872163,52.357577 4.872267,52.357558 4.872326,52.35754 4.87238,52.357514 4.872509,52.357374 4.872963,52.357488 4.873316,52.35756 4.874219,52.357652 4.874836,52.357813 4.875549,52.357999 4.877393,52.358474 4.877531,52.358342 4.877817,52.358026 4.877856,52.357973 4.877863,52.357962 4.878142,52.358037 4.878302,52.358081 4.87831,52.358071 4.878312,52.358069 4.878358,52.358014 4.87843,52.358004 4.878472,52.357992 4.878516,52.357935 4.878628,52.357937 4.87866,52.357936 4.878694,52.357937 4.878713,52.357941 4.878733,52.357944 4.878737,52.357945 4.878767,52.357948 4.878809,52.357957 4.878892,52.357974 4.878941,52.357988 4.879374,52.357364 4.879463,52.357252 4.879606,52.357071 4.879636,52.357032 4.879784,52.356836 4.880014,52.356511 4.880088,52.3564 4.880109,52.356369 4.88013,52.35635 4.880184,52.356273 4.880197,52.356257 4.880211,52.356236 4.88033,52.356262 4.880423,52.356276 4.880472,52.35628 4.880563,52.356274 4.880735,52.356243 4.880856,52.356223 4.880986,52.356199 4.881368,52.356132 4.881378,52.35615 4.881426,52.356122 4.881516,52.356193 4.881765,52.356352</coordinates>
        </LineString>
      </Placemark>
      <Placemark>
        <name>U.S. Consulate General to Museumplein (foot)</name>
        <description>&lt;b&gt;Mode:&lt;/b&gt; foot</description>
        <Style>
          <LineStyle>
            <color>ff007cf5</color>
            <width>3</width>
          </LineStyle>
        </Style>
        <LineString>
          <coordinates>4.881765,52.356352 4.882625,52.3569 4.882666,52.356935 4.882608,52.356947 4.882593,52.35695 4.882531,52.35697 4.882557,52.357002 4.88221,52.357157</coordinates>
        </LineString>
      </Placemark>
      <Placemark>
        <name>Museumplein to Holland Casino (foot)</name>
        <description>&lt;b&gt;Mode:&lt;/b&gt; foot</description>
        <Style>
          <LineStyle>
            <color>ff007cf5</color>
            <width>3</width>
          </LineStyle>
        </Style>
        <LineString>
          <coordinates>4.88221,52.357157 4.881456,52.357495 4.881772,52.357764 4.882188,52.358099 4.882586,52.358451 4.882636,52.358493 4.883265,52.359029 4.883271,52.359035 4.883265,52.359038 4.883271,52.359043 4.883341,52.359075 4.883355,52.359082 4.883558,52.359174 4.883536,52.359205 4.883488,52.359271 4.88348,52.359283 4.883472,52.359295 4.88343,52.359353 4.883455,52.35936 4.883449,52.359367 4.883434,52.359388 4.883401,52.35943 4.883393,52.359443 4.883384,52.359456 4.883334,52.359515 4.883373,52.359525 4.883421,52.359554 4.883451,52.359587 4.883466,52.35962 4.883505,52.359754 4.883524,52.359841 4.88353,52.359868 4.883277,52.360228 4.883236,52.360297 4.883186,52.360339 4.883166,52.360356 4.882833,52.36082 4.882658,52.361063 4.882372,52.361451 4.882335,52.361504 4.882292,52.361564 4.882303,52.361564 4.882353,52.361565 4.882376,52.361566 4.882436,52.361571 4.88244,52.361585 4.882449,52.361593 4.882461,52.361597 4.882464,52.361611 4.882469,52.361662 4.882471,52.361708 4.882475,52.361753 4.882478,52.361797 4.882392,52.361805 4.882193,52.361848 4.882018,52.361928 4.882044,52.361943 4.882296,52.362109 4.882312,52.362118 4.882281,52.362144 4.882269,52.362149 4.882251,52.362155 4.882239,52.36216 4.882199,52.362182 4.882168,52.362203 4.882139,52.362226 4.882113,52.362247 4.882072,52.362253 4.881932,52.362344 4.88185,52.362436 4.881796,52.362555 4.88176,52.362682 4.881733,52.362831 4.88172,52.362872 4.881728,52.362882 4.881763,52.362887 4.881808,52.362895 4.881825,52.362898 4.88189,52.362915 4.881909,52.362895 4.881923,52.36288 4.882003,52.362852 4.882069,52.362874</coordinates>
        </LineString>
      </Placemark>
      <Placemark>
        <name>Holland Casino to McDonald's Leidsestraat (foot)</name>
        <description>&lt;b&gt;Mode:&lt;/b&gt; foot</description>
        <Style>
          <LineStyle>
            <color>ff007cf5</color>
            <width>3</width>
          </LineStyle>
        </Style>
        <LineString>
          <coordinates>4.882069,52.362874 4.88229,52.362948 4.882481,52.363049 4.882582,52.363084 4.883044,52.363253 4.883082,52.363267 4.883036,52.363323 4.882778,52.363533 4.882702,52.363595 4.882655,52.363621 4.882609,52.36364 4.882557,52.363651 4.882562,52.363682 4.882568,52.363711 4.882571,52.363727 4.882575,52.363742 4.88258,52.363769 4.882583,52.363783 4.882589,52.363808 4.882727,52.363899 4.882852,52.364008 4.883167,52.364318 4.883187,52.36438 4.883654,52.364599 4.883782,52.364659</coordinates>
        </LineString>
      </Placemark>
      <Placemark>
        <name>McDonald's Leidsestraat to Hans Snoekfontein (foot)</name>
        <description>&lt;b&gt;Mode:&lt;/b&gt; foot</description>
        <Style>
          <LineStyle>
            <color>ff007cf5</color>
            <width>3</width>
          </LineStyle>
        </Style>
        <LineString>
          <coordinates>4.883782,52.364659 4.883654,52.364599 4.883187,52.36438 4.883174,52.364388 4.883162,52.364396 4.883158,52.364399 4.883155,52.364402 4.883142,52.364411 4.883079,52.364381 4.883054,52.364398 4.882864,52.364289 4.882535,52.363984 4.88225,52.363848 4.882016,52.363892 4.88199,52.363879 4.881973,52.363871 4.881928,52.363849 4.881907,52.363838 4.881903,52.363836 4.881886,52.363828 4.88188,52.363825 4.881858,52.363815 4.881806,52.363789 4.881817,52.363763 4.881823,52.363737 4.881822,52.363714 4.881816,52.363691 4.881805,52.363669 4.881789,52.363645 4.881768,52.363625 4.881742,52.363603 4.881711,52.363584 4.881641,52.363546 4.881623,52.36356</coordinates>
        </LineString>
      </Placemark>
      <Placemark>
        <name>Hans Snoekfontein to Canada Goose Amsterdam (foot)</name>
        <description>&lt;b&gt;Mode:&lt;/b&gt; foot</description>
        <Style>
          <LineStyle>
            <color>ff007cf5</color>
            <width>3</width>
          </LineStyle>
        </Style>
        <LineString>
          <coordinates>4.881623,52.36356 4.881623,52.36356 4.881641,52.363546 4.881711,52.363584 4.881767,52.363537 4.881787,52.363521 4.881804,52.363508 4.881826,52.363491 4.881831,52.363473 4.881797,52.363451 4.881543,52.363333 4.881576,52.363307 4.881613,52.363275 4.881667,52.363137 4.881663,52.36307 4.881684,52.363031 4.881733,52.362942 4.881748,52.362914 4.881763,52.362887 4.881728,52.362882 4.88172,52.362872 4.881733,52.362831 4.88176,52.362682 4.881796,52.362555 4.88185,52.362436 4.881932,52.362344 4.882072,52.362253 4.882113,52.362247 4.882139,52.362226 4.882168,52.362203 4.882199,52.362182 4.882239,52.36216 4.882251,52.362155 4.882269,52.362149 4.882281,52.362144 4.882312,52.362118 4.882296,52.362109 4.882044,52.361943 4.882018,52.361928 4.882193,52.361848 4.882392,52.361805 4.882478,52.361797 4.882475,52.361753 4.882471,52.361708 4.882469,52.361662 4.882464,52.361611 4.882461,52.361597 4.882449,52.361593 4.88244,52.361585 4.882436,52.361571 4.882376,52.361566 4.882353,52.361565 4.882303,52.361564 4.882292,52.361564 4.882335,52.361504 4.882372,52.361451 4.882658,52.361063 4.882833,52.36082 4.882883,52.36075</coordinates>
        </LineString>
      </Placemark>
      <Placemark>
        <name>Canada Goose Amsterdam to Museumplein Hill (foot)</name>
        <description>&lt;b&gt;Mode:&lt;/b&gt; foot</description>
        <Style>
          <LineStyle>
            <color>ff007cf5</color>
            <width>3</width>
          </LineStyle>
        </Style>
        <LineString>
          <coordinates>4.882883,52.36075 4.883166,52.360356 4.883186,52.360339 4.883236,52.360297 4.883277,52.360228 4.88353,52.359868 4.883524,52.359841 4.883505,52.359754 4.883466,52.35962 4.883451,52.359587 4.883421,52.359554 4.883373,52.359525 4.883334,52.359515 4.883384,52.359456 4.883393,52.359443 4.883401,52.35943 4.883434,52.359388 4.883449,52.359367 4.883455,52.35936 4.883465,52.359349 4.88351,52.359291 4.883585,52.359186 4.883558,52.359174 4.883355,52.359082 4.883341,52.359075 4.883271,52.359043 4.883253,52.359035 4.88242,52.358657 4.882353,52.358627 4.881234,52.358115 4.880841,52.357928 4.880911,52.357746 4.880519,52.35766 4.88009,52.357549 4.879883,52.357399 4.879858,52.35739</coordinates>
        </LineString>
      </Placemark>
      <Placemark>
        <name>Museumplein Hill to Q-Park Europarking (foot)</name>
        <description>&lt;b&gt;Mode:&lt;/b&gt; foot</description>
        <Style>
          <LineStyle>
            <color>ff007cf5</color>
            <width>3</width>
          </LineStyle>
        </Style>
        <LineString>
          <coordinates>4.879858,52.35739 4.879883,52.357399 4.88009,52.357549 4.880519,52.35766 4.880911,52.357746 4.880841,52.357928 4.881234,52.358115 4.882353,52.358627 4.88242,52.358657 4.883253,52.359035 4.883271,52.359043 4.883341,52.359075 4.883355,52.359082 4.883558,52.359174 4.883536,52.359205 4.883488,52.359271 4.88348,52.359283 4.883472,52.359295 4.88343,52.359353 4.883455,52.35936 4.883449,52.359367 4.883434,52.359388 4.883401,52.35943 4.883393,52.359443 4.883384,52.359456 4.883334,52.359515 4.883373,52.359525 4.883421,52.359554 4.883451,52.359587 4.883466,52.35962 4.883505,52.359754 4.883524,52.359841 4.88353,52.359868 4.883277,52.360228 4.883236,52.360297 4.883186,52.360339 4.883166,52.360356 4.882833,52.36082 4.882658,52.361063 4.882372,52.361451 4.882335,52.361504 4.882292,52.361564 4.882303,52.361564 4.882353,52.361565 4.882376,52.361566 4.882436,52.361571 4.88244,52.361585 4.882449,52.361593 4.882461,52.361597 4.882464,52.361611 4.882469,52.361662 4.882471,52.361708 4.882475,52.361753 4.882478,52.361797 4.882392,52.361805 4.882193,52.361848 4.882018,52.361928 4.882044,52.361943 4.882296,52.362109 4.882312,52.362118 4.882281,52.362144 4.882269,52.362149 4.882251,52.362155 4.882239,52.36216 4.882199,52.362182 4.882168,52.362203 4.882139,52.362226 4.882113,52.362247 4.882072,52.362253 4.881932,52.362344 4.88185,52.362436 4.881796,52.362555 4.88176,52.362682 4.881733,52.362831 4.88172,52.362872 4.881728,52.362882 4.881763,52.362887 4.881748,52.362914 4.881733,52.362942 4.881684,52.363031 4.881663,52.36307 4.881667,52.363137 4.881613,52.363275 4.882017,52.363452 4.881971,52.363491 4.881898,52.363553 4.881887,52.363563 4.881881,52.363568 4.881867,52.363579 4.881863,52.363582 4.881847,52.363596 4.881789,52.363645 4.881805,52.363669 4.881816,52.363691 4.881822,52.363714 4.881823,52.363737 4.881817,52.363763 4.881806,52.363789 4.881795,52.36381 4.881779,52.363834 4.881737,52.363873 4.88147,52.364086 4.880699,52.36459 4.880621,52.364644 4.880563,52.364694 4.880494,52.364755 4.880436,52.364815 4.880383,52.364877 4.880233,52.365098 4.88017,52.365182 4.880117,52.365274 4.88008,52.365346 4.880041,52.36541 4.879968,52.365502 4.879926,52.365617 4.879896,52.365695 4.879862,52.365791 4.87983,52.365882 4.879778,52.366055 4.879742,52.366157 4.879719,52.366218 4.879699,52.366271 4.879669,52.366336 4.879624,52.366409 4.879562,52.366498 4.87951,52.366579 4.879467,52.366653 4.879414,52.366749 4.879337,52.366886 4.879203,52.367075 4.879021,52.36733 4.878728,52.367747 4.878487,52.368012 4.878329,52.368212 4.878208,52.368388 4.878153,52.368467 4.878118,52.368523 4.87806,52.368579 4.877985,52.368658 4.877953,52.368698 4.877934,52.368724 4.877919,52.36874 4.877901,52.368763 4.877858,52.368806 4.877845,52.368827 4.877822,52.36886 4.877812,52.36887 4.877774,52.368923 4.877681,52.369097 4.877263,52.369698 4.877215,52.369694 4.877191,52.369694 4.877129,52.369706 4.877076,52.369744 4.876958,52.369912 4.876883,52.37002 4.876728,52.369989</coordinates>
        </LineString>
      </Placemark>
      <Placemark>
        <name>Q-Park Europarking to Schiphol Airport (car)</name>
        <description>&lt;b&gt;Mode:&lt;/b&gt; car</description>
        <Style>
          <LineStyle>
            <color>ff007cf5</color>
            <width>3</width>
          </LineStyle>
        </Style>
        <LineString>
          <coordinates>4.876728,52.369989 4.876883,52.37002 4.876958,52.369912 4.877076,52.369744 4.877129,52.369706 4.877191,52.369694 4.877215,52.369694 4.877263,52.369698 4.877681,52.369097 4.877774,52.368923 4.877812,52.36887 4.877822,52.36886 4.877845,52.368827 4.877858,52.368806 4.877901,52.368763 4.877919,52.36874 4.877934,52.368724 4.877953,52.368698 4.877985,52.368658 4.87806,52.368579 4.878118,52.368523 4.878153,52.368467 4.878208,52.368388 4.878329,52.368212 4.878487,52.368012 4.878728,52.367747 4.879021,52.36733 4.879203,52.367075 4.879337,52.366886 4.879414,52.366749 4.879467,52.366653 4.878959,52.366502 4.878704,52.366426 4.878553,52.366371 4.878422,52.366326 4.878068,52.366174 4.878059,52.366171 4.877987,52.36614 4.877864,52.366089 4.878001,52.36601 4.878034,52.36599 4.878216,52.365866 4.878284,52.365809 4.87835,52.365753 4.87845,52.365648 4.878509,52.365564 4.878566,52.365477 4.878601,52.365401 4.878635,52.365317 4.878666,52.365225 4.878696,52.365053 4.878679,52.364952 4.878651,52.364852 4.878613,52.364748 4.878591,52.36469 4.878574,52.364647 4.878562,52.36459 4.878522,52.364496 4.878511,52.364424 4.878514,52.364388 4.878517,52.364342 4.878552,52.364221 4.87861,52.364077 4.878642,52.363989 4.878653,52.36396 4.878676,52.363908 4.878701,52.363856 4.878719,52.363815 4.878657,52.3638 4.878583,52.363783 4.878009,52.363582 4.877679,52.363482 4.876971,52.363271 4.876512,52.363134 4.876257,52.363061 4.875572,52.36289 4.875388,52.362843 4.875356,52.362836 4.875321,52.362827 4.875289,52.362818 4.875267,52.362812 4.875249,52.362807 4.875229,52.362801 4.875207,52.362795 4.875158,52.362782 4.875137,52.362776 4.875125,52.362773 4.874958,52.362728 4.873913,52.36246 4.873842,52.362443 4.873744,52.362419 4.873616,52.36238 4.873438,52.362331 4.873203,52.362259 4.871602,52.361846 4.869328,52.361259 4.869287,52.361249 4.867876,52.360881 4.867768,52.360857 4.865772,52.360412 4.865718,52.3604 4.865569,52.360361 4.865522,52.360349 4.865447,52.36033 4.865305,52.360293 4.863648,52.359892 4.862232,52.359567 4.862038,52.359536 4.86185,52.359496 4.861806,52.359482 4.86155,52.359401 4.861195,52.359316 4.860315,52.359092 4.860248,52.359074 4.860123,52.359041 4.860073,52.359028 4.859922,52.358986 4.859885,52.358976 4.859748,52.358938 4.858763,52.358659 4.857264,52.358272 4.857077,52.358231 4.856826,52.358173 4.85675,52.358153 4.855702,52.357854 4.855627,52.357834 4.855552,52.357817 4.855363,52.357801 4.855276,52.357799 4.855233,52.357802 4.855183,52.357809 4.855075,52.35784 4.855016,52.357857 4.85497,52.357871 4.854833,52.357912 4.854781,52.357929 4.854734,52.357944 4.854583,52.357994 4.854489,52.358023 4.853918,52.358204 4.8539,52.358209 4.853854,52.358228 4.853801,52.358249 4.853734,52.358276 4.853679,52.358327 4.853646,52.3584 4.853615,52.358497 4.853555,52.358553 4.853483,52.358635 4.853458,52.358651 4.853445,52.358659 4.853368,52.358689 4.853333,52.358697 4.853297,52.358705 4.853233,52.358712 4.853152,52.358716 4.853138,52.358715 4.853119,52.358714 4.853072,52.35871 4.853024,52.358703 4.852979,52.358693 4.852857,52.358604 4.852718,52.358503 4.852596,52.358459 4.852498,52.358388 4.852411,52.358326 4.852348,52.358289 4.852275,52.358259 4.852167,52.358223 4.852045,52.358196 4.851973,52.358185 4.851816,52.358162 4.851733,52.358159 4.851127,52.35816 4.850722,52.35816 4.850678,52.35816 4.850559,52.35816 4.850493,52.35816 4.8504,52.35816 4.850294,52.358156 4.850147,52.35815 4.849764,52.358145 4.849249,52.358142 4.848965,52.35814 4.848525,52.358138 4.846101,52.358111 4.844215,52.358093 4.843952,52.358091 4.843711,52.358092 4.843533,52.358107 4.843328,52.358139 4.843194,52.358165 4.843063,52.35819 4.842855,52.358227 4.842698,52.358246 4.84249,52.358259 4.842303,52.358255 4.842165,52.358242 4.842103,52.358234 4.841926,52.358213 4.841923,52.358104 4.841925,52.357942 4.841919,52.357846 4.84191,52.357762 4.841928,52.357581 4.841948,52.357347 4.842007,52.356919 4.842084,52.356468 4.842192,52.355789 4.842196,52.355766 4.842235,52.355528 4.842255,52.355269 4.842324,52.354831 4.842471,52.354227 4.842497,52.353382 4.842516,52.3525 4.842499,52.352137 4.842478,52.351899 4.842455,52.351711 4.842375,52.351304 4.842309,52.351044 4.842203,52.350693 4.84202,52.350219 4.841886,52.34992 4.841424,52.34896 4.841313,52.348697 4.841302,52.348675 4.841191,52.348392 4.841131,52.348204 4.841086,52.348063 4.84102,52.347815 4.840935,52.347426 4.840888,52.347076 4.840861,52.346766 4.840852,52.346455 4.840877,52.345457 4.840928,52.344432 4.841015,52.343992 4.841061,52.343435 4.841076,52.343238 4.841133,52.34271 4.841194,52.34219 4.841251,52.341751 4.841262,52.341646 4.84127,52.341533 4.841276,52.341429 4.841271,52.341287 4.841265,52.341211 4.841251,52.341108 4.841227,52.341004 4.841198,52.340902 4.84116,52.340802 4.841117,52.340699 4.841061,52.340593 4.840996,52.340492 4.840927,52.340396 4.840844,52.340294 4.84076,52.340199 4.84067,52.340109 4.840576,52.340024 4.84047,52.339938 4.840353,52.339854 4.840235,52.339775 4.840109,52.339697 4.839975,52.339625 4.839839,52.339558 4.839694,52.339494 4.839548,52.339436 4.839394,52.339381 4.839237,52.339329 4.839066,52.339279 4.838891,52.339237 4.838747,52.339207 4.838575,52.339174 4.838403,52.339147 4.83808,52.339109 4.837893,52.33909 4.837719,52.339077 4.837506,52.339064 4.837387,52.339058 4.837194,52.339052 4.837042,52.339047 4.836827,52.339042 4.836342,52.339033 4.833982,52.339011 4.831291,52.339 4.831129,52.338999 4.830905,52.338996 4.830462,52.338992 4.829704,52.338985 4.828561,52.338976 4.827312,52.338958 4.826179,52.338861 4.825716,52.338856 4.825575,52.338852 4.823747,52.338818 4.821691,52.338778 4.82151,52.338776 4.820162,52.338751 4.819802,52.338743 4.819125,52.338734 4.817568,52.338709 4.816922,52.338683 4.816139,52.338644 4.815467,52.338582 4.814617,52.33847 4.813801,52.338339 4.813278,52.338236 4.812761,52.338123 4.811817,52.337879 4.811219,52.337698 4.810648,52.33751 4.81015,52.337325 4.809678,52.337137 4.809031,52.336847 4.808409,52.336547 4.807766,52.336202 4.807083,52.335785 4.805357,52.334728 4.80363,52.333671 4.802774,52.333147 4.801882,52.332601 4.801416,52.332322 4.800397,52.331705 4.799422,52.331271 4.799066,52.331081 4.79836,52.330686 4.79798,52.330483 4.796437,52.329707 4.79605,52.329537 4.795158,52.329145 4.794661,52.328945 4.794186,52.328759 4.79412,52.328733 4.793322,52.328444 4.793011,52.328352 4.792684,52.328265 4.792405,52.328213 4.792083,52.328175 4.791864,52.328153 4.791599,52.328136 4.791354,52.328132 4.791068,52.328134 4.790474,52.328156 4.789701,52.328178 4.788909,52.328182 4.788058,52.328163 4.787625,52.328141 4.787209,52.328122 4.785993,52.328061 4.784822,52.328057 4.783707,52.328058 4.781936,52.328057 4.780118,52.328057 4.779456,52.328015 4.779187,52.327999 4.778805,52.327964 4.778448,52.327908 4.777961,52.327809 4.777503,52.327671 4.777332,52.327594 4.776739,52.327311 4.776226,52.326984 4.776092,52.326879 4.775857,52.326667 4.775502,52.326265 4.775136,52.325934 4.774799,52.32569 4.7745,52.325516 4.774141,52.325332 4.773696,52.325141 4.773277,52.325007 4.772671,52.324856 4.771564,52.324741 4.769856,52.324547 4.768605,52.324386 4.767737,52.32425 4.766637,52.324034 4.76584,52.323844 4.764993,52.323685 4.764594,52.323587 4.763343,52.323219 4.761819,52.32269 4.760872,52.322339 4.760121,52.322027 4.759415,52.321711 4.758824,52.321418 4.758444,52.321223 4.758209,52.321097 4.757657,52.32079 4.757416,52.320651 4.757153,52.320484 4.756774,52.320239 4.756214,52.319855 4.755726,52.319512 4.755022,52.318982 4.754408,52.318472 4.753317,52.317364 4.752326,52.316221 4.75144,52.315046 4.750661,52.313844 4.750504,52.313578 4.749748,52.312384 4.749293,52.311668 4.748636,52.310609 4.748431,52.310208 4.748078,52.309301 4.747853,52.308806 4.747575,52.308313 4.747301,52.307966 4.747136,52.307775 4.74679,52.307412 4.746623,52.307282 4.7464,52.307168 4.746149,52.3071 4.74595,52.307075 4.745789,52.307077 4.745604,52.307091 4.745436,52.307129 4.745277,52.307195 4.745122,52.307276 4.745032,52.307352 4.74496,52.307446 4.744902,52.307578 4.744892,52.307687 4.74491,52.30783 4.744974,52.307975 4.745244,52.308423 4.745296,52.308479 4.745361,52.308526 4.745478,52.308559 4.745579,52.308554 4.745869,52.308488 4.746495,52.308336 4.74721,52.30817 4.748174,52.307941 4.749433,52.307641 4.749893,52.307533 4.75026,52.307428 4.750603,52.307346 4.75116,52.307216 4.751845,52.307053 4.752443,52.306907 4.752555,52.306881 4.752708,52.306845 4.752922,52.306796 4.753474,52.30666 4.754546,52.306409 4.754914,52.306323 4.755664,52.306144 4.755736,52.306126 4.755904,52.306086 4.756203,52.306022 4.756437,52.305996 4.756722,52.305989 4.756975,52.306008 4.757227,52.306051 4.757603,52.306166 4.757725,52.306213 4.758515,52.306526 4.758703,52.306596 4.759406,52.306874 4.759524,52.30692 4.759885,52.307057 4.759983,52.307086 4.760145,52.3071 4.760249,52.307101 4.760362,52.307112 4.760486,52.307145 4.762214,52.307813 4.762638,52.307973 4.762848,52.308085 4.762916,52.308128 4.762939,52.308168 4.762953,52.308217 4.76296,52.308268 4.762969,52.308362 4.763006,52.308482 4.763008,52.308518 4.763035,52.308863 4.763095,52.309594 4.763097,52.309633 4.76309,52.309652 4.763072,52.309699 4.76301,52.309754 4.762807,52.309849 4.762681,52.309884 4.762583,52.309893 4.762239,52.30988</coordinates>
        </LineString>
      </Placemark>
      <Placemark>
        <name>Schiphol Airport to Jewel Changi Airport (plane)</name>
        <description>&lt;b&gt;Mode:&lt;/b&gt; plane&lt;br&gt;Representative flight KLM835 (EHAM-WSSS)</description>
        <Style>
          <LineStyle>
            <color>ff007cf5</color>
            <width>3</width>
          </LineStyle>
        </Style>
        <LineString>
          <coordinates>4.7302,52.2862 4.7177,52.2811 4.7077,52.2766 4.7,52.2727 4.6941,52.2689 4.6895,52.2645 4.686,52.2596 4.6841,52.2542 4.6839,52.2485 4.6856,52.2426 4.6888,52.2369 4.6934,52.2316 4.6994,52.227 4.7087,52.2222 4.7233,52.2167 4.7433,52.2106 4.7894,52.1991 4.816,52.1932 4.8452,52.1877 4.8772,52.1827 4.9162,52.1778 4.9449,52.1747 4.9635,52.1736 4.9831,52.174 5.0145,52.1752 5.0579,52.1774 5.0971,52.1789 5.135,52.1798 5.1675,52.1801 5.1946,52.1796 5.2277,52.1778 5.278,52.174 5.3456,52.1682 5.3979,52.1632 5.4697,52.1562 5.5503,52.1486 5.6126,52.1425 5.697,52.1343 5.7829,52.1259 5.8381,52.1205 5.8983,52.1145 6.0351,52.1007 6.1344,52.0905 6.2676,52.0766 6.371,52.0658 6.4716,52.0551 6.5728,52.0443 6.6318,52.038 6.718,52.0283 6.7947,52.0183 6.8529,52.0105 6.9628,51.9957 7.0633,51.9824 7.1741,51.9678 7.2823,51.9533 7.3905,51.9388 7.5063,51.9232 7.6101,51.9091 7.7237,51.8935 7.8365,51.8779 8.0077,51.8539 8.1252,51.8373 8.2385,51.8212 8.3533,51.8047 8.4676,51.7882 8.5817,51.7717 8.696,51.755 8.8062,51.7386 8.9149,51.7225 9.0282,51.7056 9.1397,51.6887 9.2513,51.6718 9.3664,51.6542 9.4817,51.6364 9.5905,51.6195 9.6991,51.6026 9.8174,51.584 9.9296,51.5662 10.041,51.5485 10.1487,51.5312 10.2646,51.5125 10.3733,51.4948 10.4854,51.4765 10.5965,51.4582 10.6809,51.4438 10.7587,51.4271 10.8324,51.4073 10.9051,51.3839 11.006,51.3476 11.1146,51.3083 11.2182,51.2706 11.3219,51.2328 11.4219,51.1962 11.5244,51.1584 11.6249,51.1213 11.7259,51.0839 11.8272,51.0461 11.9298,51.0078 12.0311,50.9699 12.1317,50.932 12.2325,50.8938 12.3295,50.8569 12.4274,50.8196 12.5258,50.7821 12.6225,50.7448 12.7178,50.708 12.8135,50.671 12.912,50.6325 12.9996,50.5985 13.0898,50.5631 13.1838,50.5261 13.2804,50.4881 13.3751,50.4508 13.4683,50.4138 13.5634,50.376 13.6547,50.3394 13.7484,50.3019 13.8401,50.265 13.933,50.2274 14.0272,50.1892 14.1182,50.1522 14.2096,50.1148 14.2998,50.0778 14.3946,50.0389 14.4882,50.0003 14.5747,49.9644 14.6621,49.928 14.7552,49.8893 14.8469,49.8509 14.9387,49.8124 15.0256,49.7757 15.1136,49.7385 15.205,49.6998 15.2953,49.6613 15.3834,49.6237 15.4737,49.585 15.5635,49.5464 15.6485,49.5097 15.7387,49.4707 15.8323,49.4301 15.9199,49.3919 16.0118,49.3517 16.1021,49.312 16.194,49.2716 16.2843,49.2317 16.3762,49.191 16.4689,49.1498 16.559,49.1095 16.6496,49.069 16.7382,49.0292 16.827,48.9892 16.9154,48.9492 17.0056,48.9081 17.0934,48.8681 17.1846,48.8266 17.2699,48.7875 17.3593,48.7462 17.4467,48.706 17.5338,48.6657 17.6223,48.6245 17.7095,48.5839 17.8025,48.5404 17.8862,48.5011 17.9761,48.4589 18.0638,48.4175 18.1587,48.3725 18.2434,48.3322 18.3257,48.293 18.4162,48.2498 18.502,48.2087 18.5847,48.1689 18.6759,48.1247 18.7623,48.0829 18.8466,48.042 18.9341,47.9993 19.019,47.9577 19.1066,47.9147 19.1913,47.873 19.2808,47.8287 19.3653,47.787 19.459,47.7405 19.5478,47.6962 19.639,47.6506 19.7296,47.6051 19.8093,47.565 19.8949,47.5218 19.9803,47.4785 20.0648,47.4355 20.1491,47.3926 20.2345,47.3489 20.3187,47.3058 20.4029,47.2625 20.4868,47.2191 20.5708,47.1756 20.6538,47.1325 20.7416,47.0869 20.8204,47.0457 20.9048,47.0014 20.9871,46.9582 21.0678,46.9156 21.1476,46.8734 21.2285,46.8306 21.3098,46.7873 21.3911,46.744 21.448,46.7138 21.532,46.6751 21.6357,46.6359 21.735,46.5988 21.836,46.5611 21.9256,46.5275 22.0218,46.4912 22.1147,46.4561 22.2028,46.4226 22.2953,46.3874 22.3864,46.3526 22.4804,46.3166 22.568,46.2828 22.6563,46.2487 22.7491,46.2129 22.8447,46.1757 22.9423,46.1376 23.0334,46.102 23.1235,46.0666 23.2131,46.0314 23.3022,45.9962 23.3922,45.9605 23.48,45.9255 23.572,45.8888 23.6187,45.8702 23.7056,45.8354 23.7918,45.8007 23.8805,45.7648 23.968,45.7294 24.0584,45.6927 24.1405,45.6593 24.2266,45.6241 24.3112,45.5894 24.926,45.3342 25.0074,45.3 25.0972,45.2619 25.1809,45.2265 25.2663,45.1902 25.3504,45.1544 25.4354,45.1183 25.5193,45.0825 25.6023,45.0471 25.6854,45.0117 25.7713,44.9755 25.8538,44.9406 25.9384,44.9046 26.0197,44.8698 26.102,44.8343 26.1847,44.7984 26.2665,44.7628 26.3485,44.7269 26.5602,44.6344 26.6432,44.5981 26.7255,44.5624 26.8089,44.5256 26.8933,44.4883 26.9753,44.4507 27.0565,44.4156 27.1371,44.3769 27.2227,44.342 27.3033,44.3046 27.3849,44.2681 27.4691,44.2299 27.5582,44.1896 27.6415,44.1514 27.7227,44.1154 27.8038,44.0778 27.8862,44.0405 27.9708,44.0009 28.0496,43.9638 28.1407,43.9226 28.2305,43.8817 28.3137,43.8428 28.4032,43.8011 28.4917,43.7599 28.5741,43.7216 28.6566,43.682 28.7421,43.6425 28.822,43.6045 28.9054,43.5648 28.9887,43.5251 29.0717,43.4862 29.1591,43.4437 29.2457,43.4025 29.3264,43.3638 29.4092,43.3237 29.4954,43.2818 29.587,43.2362 29.6689,43.1965 29.7484,43.1572 29.8302,43.1173 29.9174,43.0749 30.0079,43.0315 30.0917,42.99 30.1746,42.9486 30.2611,42.9068 30.346,42.8648 30.4284,42.8232 30.5116,42.7807 30.5635,42.7596 30.6036,42.7448 30.632,42.7364 30.6667,42.7308 30.7258,42.7246 30.8092,42.7177 30.9096,42.7068 31.0054,42.6966 31.1102,42.687 31.2131,42.6765 31.3131,42.6649 31.4393,42.6529 31.5498,42.6388 31.5498,42.6388 31.9425,42.6265 32.335,42.6128 32.7273,42.5977 33.1194,42.5813 33.5113,42.5636 33.903,42.5446 34.2944,42.5242 34.6856,42.5025 35.0765,42.4794 35.4671,42.455 35.8573,42.4293 36.2473,42.4023 36.6369,42.374 37.0261,42.3443 37.415,42.3133 37.8035,42.281 38.1916,42.2475 38.5792,42.2125 38.9664,42.1763 39.3532,42.1388 39.7395,42.1 40.1253,42.0599 40.5107,42.0185 40.8955,41.9759 41.2798,41.9319 41.6635,41.8867 42.0467,41.8401 42.4294,41.7923 42.8114,41.7433 43.1929,41.693 43.5738,41.6414 43.954,41.5886 44.3337,41.5345 44.7126,41.4791 44.961,41.4421 44.961,41.4421 45.0521,41.4124 45.1481,41.3803 45.2641,41.3421 45.363,41.3093 45.4626,41.2762 45.5536,41.246 45.7081,41.1984 45.8023,41.1735 45.8974,41.1484 45.9908,41.1236 46.1775,41.0738 46.2681,41.0556 46.3866,41.037 46.5331,41.0178 46.6346,41.0111 46.7354,41.0041 46.8368,40.997 47.0134,40.9807 47.1138,40.9704 47.2946,40.9523 47.3997,40.942 47.4998,40.9325 47.6009,40.9229 47.7013,40.9132 47.8015,40.9034 47.9023,40.8933 48.1031,40.8729 48.204,40.8623 48.3044,40.8516 48.4049,40.8408 48.5042,40.8301 48.6296,40.8164 48.7498,40.8032 48.9288,40.7833 49.1119,40.7626 49.2246,40.7498 49.3263,40.7382 49.4271,40.7267 49.5264,40.7152 49.6255,40.7037 49.735,40.6907 49.8348,40.6788 49.9339,40.6667 50.0663,40.6506 50.2053,40.6333 50.5582,40.588 50.6558,40.5754 50.6558,40.5754 51.0098,40.4696 51.3627,40.3628 51.7145,40.2549 52.0652,40.146 52.4147,40.036 52.7632,39.9249 53.1104,39.8128 53.4566,39.6997 53.8016,39.5855 54.1455,39.4704 54.4882,39.3542 54.8298,39.237 55.1702,39.1189 55.5095,38.9997 55.8476,38.8796 56.1846,38.7584 56.5205,38.6364 56.8552,38.5133 57.1888,38.3894 57.5212,38.2644 57.8525,38.1386 58.1826,38.0118 58.5116,37.8841 58.8394,37.7555 59.1661,37.6259 59.4917,37.4955 59.8161,37.3642 60.1394,37.232 60.4615,37.099 60.7825,36.965 61.1024,36.8302 61.4211,36.6946 61.7388,36.5581 62.0553,36.4207 62.3707,36.2826 62.6849,36.1436 62.9981,36.0038 63.3101,35.8631 63.621,35.7217 63.9308,35.5795 64.2396,35.4365 64.5472,35.2927 64.8537,35.1481 65.1592,35.0027 65.4635,34.8566 65.7668,34.7098 66.069,34.5622 66.3701,34.4138 66.6702,34.2647 66.9691,34.1149 67.2671,33.9644 67.5639,33.8131 67.8598,33.6612 68.1545,33.5085 68.4483,33.3551 68.741,33.2011 69.0326,33.0464 69.3233,32.8909 69.6129,32.7349 69.7295,32.6717 69.7295,32.6717 69.8628,32.5834 70.0051,32.4888 70.1062,32.4214 70.1885,32.3663 70.2856,32.3032 70.355,32.2587 70.4258,32.213 70.4959,32.1676 70.5772,32.1146 70.6592,32.0611 70.7298,32.0149 70.8011,31.9681 70.8592,31.9336 70.9144,31.9029 70.9668,31.876 71.0475,31.8399 71.1441,31.7964 71.2259,31.7596 71.3048,31.7239 71.3853,31.6873 71.4614,31.6526 71.5408,31.6165 71.6189,31.5808 71.6992,31.544 71.7785,31.5076 71.8593,31.4705 71.937,31.4347 72.0164,31.3981 72.0962,31.3612 72.1738,31.3252 72.2084,31.3098 72.2376,31.2982 72.2613,31.2902 72.2813,31.2847 72.2996,31.2807 72.3161,31.2781 72.3318,31.2767 72.3477,31.276 72.3639,31.276 72.3882,31.2776 72.4284,31.2813 72.4845,31.2872 72.5992,31.3002 72.6835,31.3098 72.7712,31.3193 72.8921,31.3268 72.9806,31.3296 73.1145,31.3324 73.2107,31.334 73.2966,31.3353 73.3855,31.3365 73.4703,31.3375 73.5585,31.3386 73.6452,31.3396 73.7326,31.3404 73.8176,31.3412 73.9055,31.342 73.9917,31.3428 74.0796,31.3435 74.1647,31.3441 74.2476,31.3447 74.3366,31.3454 74.4229,31.3458 74.4594,31.3454 74.4887,31.3439 74.5108,31.3415 74.5285,31.3381 74.5449,31.3339 74.5599,31.3289 74.5829,31.3157 74.6233,31.2871 74.681,31.243 74.7574,31.173 74.8169,31.1183 74.8763,31.0634 74.9362,31.0084 74.9947,30.9546 75.0541,30.9003 75.0878,30.8685 75.1133,30.8433 75.1305,30.8246 75.1428,30.809 75.1538,30.7931 75.1636,30.777 75.1746,30.7542 75.1896,30.7184 75.2086,30.6696 75.2351,30.598 75.2616,30.5256 75.2872,30.4558 75.3123,30.3871 75.3396,30.3127 75.3659,30.2407 75.3921,30.1691 75.4067,30.1314 75.419,30.102 75.4289,30.0809 75.4379,30.0645 75.4473,30.0491 75.457,30.0347 75.4732,30.0152 75.5017,29.9845 75.5425,29.9424 75.61,29.8784 75.6762,29.8154 75.7447,29.7502 75.8029,29.6945 75.8601,29.6394 75.9185,29.5832 75.9774,29.5262 76.0355,29.47 76.0955,29.412 76.1518,29.3574 76.2104,29.3004 76.2697,29.2428 76.3282,29.1858 76.386,29.1294 76.4459,29.071 76.5046,29.0136 76.5632,28.9561 76.6208,28.8996 76.6787,28.8428 76.7362,28.7863 76.7944,28.7288 76.8516,28.6725 76.9081,28.6166 76.965,28.5601 77.0222,28.5035 77.0779,28.4481 77.1352,28.3911 77.191,28.3356 77.2494,28.2772 77.3066,28.2201 77.3623,28.1645 77.4177,28.109 77.4737,28.0528 77.5298,27.9964 77.5851,27.9407 77.6446,27.8808 77.7079,27.8167 77.7427,27.779 77.767,27.7508 77.781,27.732 77.7901,27.7165 77.7995,27.6978 77.8093,27.6761 77.82,27.6499 77.8315,27.625 77.8437,27.6013 77.8636,27.5694 77.8982,27.5198 77.9476,27.4525 77.9977,27.3876 78.0651,27.2999 78.1188,27.2294 78.167,27.1657 78.2133,27.1045 78.2662,27.0343 78.3133,26.9719 78.3605,26.9092 78.4451,26.7967 78.4924,26.7338 78.5735,26.6256 78.6205,26.5628 78.6954,26.4626 78.7514,26.3875 78.7989,26.3238 78.8772,26.2185 78.9231,26.1564 79.0043,26.0469 79.0553,25.9779 79.1015,25.9154 79.1567,25.8405 79.2466,25.7184 79.2896,25.666 79.3413,25.6094 79.4015,25.5486 79.4604,25.4972 79.519,25.4464 79.7614,25.2343 80.0338,24.9943 80.4879,24.591 83.2834,22.2147 83.3634,22.1535 83.4812,22.0676 83.6042,21.9721 83.6753,21.916 83.755,21.8535 83.8161,21.8057 83.8778,21.7573 83.9743,21.6815 84.0358,21.6337 84.0989,21.5854 84.1605,21.5382 84.2233,21.4898 84.2849,21.4422 84.3465,21.3945 84.4094,21.3458 84.4707,21.2983 84.5325,21.2504 84.5937,21.2027 84.6546,21.1553 84.7153,21.108 84.7765,21.0603 84.837,21.013 84.8972,20.966 84.9583,20.9182 85.0172,20.8722 85.0782,20.8243 85.1397,20.7759 85.1991,20.7293 85.2599,20.6815 85.32,20.6342 85.4044,20.5678 85.4646,20.5203 85.5246,20.4728 85.5844,20.4255 85.6433,20.3789 85.7156,20.3215 85.7925,20.2595 85.851,20.2069 85.9125,20.1473 85.9718,20.0894 86.0254,20.0369 86.0777,19.9858 86.1718,19.8938 86.2273,19.8412 86.281,19.7907 86.3349,19.7398 86.391,19.6865 86.4452,19.6349 86.4977,19.5847 86.5521,19.5323 86.607,19.4793 86.6593,19.4289 86.7129,19.3772 86.7667,19.3253 86.82,19.2738 86.8742,19.2214 86.9278,19.1696 86.9809,19.1181 87.0346,19.0661 87.0881,19.0142 87.1411,18.9627 87.1954,18.9099 87.2487,18.858 87.311,18.7974 87.3932,18.7172 87.4603,18.6517 87.5271,18.5864 87.6212,18.4944 87.8317,18.2877 87.8884,18.2326 88.0453,18.0817 88.1431,17.9871 88.2159,17.9166 88.2159,17.9166 88.4347,17.7161 88.6531,17.5153 88.871,17.3143 89.0884,17.1131 89.3053,16.9117 89.5218,16.71 89.7378,16.5081 89.9533,16.306 90.1684,16.1036 90.3831,15.9011 90.5973,15.6983 90.8111,15.4953 91.0245,15.2922 91.2375,15.0888 91.4501,14.8852 91.6623,14.6814 91.874,14.4774 92.0854,14.2733 92.2964,14.0689 92.507,13.8644 92.7173,13.6597 92.9272,13.4548 93.1367,13.2498 93.3459,13.0446 93.5547,12.8392 93.7632,12.6336 93.9714,12.4279 94.1792,12.222 94.3867,12.016 94.5939,11.8098 94.8008,11.6034 95.0073,11.397 95.2136,11.1903 95.4196,10.9836 95.4699,10.9329 95.4699,10.9329 95.5237,10.8867 95.5771,10.8408 95.629,10.7961 95.6819,10.7505 95.7343,10.7054 95.8352,10.6185 95.891,10.5704 95.9438,10.5248 95.9944,10.481 96.0467,10.4359 96.0997,10.3901 96.2038,10.3001 96.2554,10.2554 96.3089,10.209 96.3608,10.1641 96.4125,10.1193 96.5169,10.0287 96.5753,9.9728 96.613,9.934 96.6428,9.9046 96.6647,9.8845 96.6921,9.8634 96.7382,9.8309 96.803,9.787 96.86,9.7496 96.9173,9.712 96.9738,9.6749 97.0319,9.6367 97.0888,9.5992 97.1455,9.5621 97.2037,9.5239 97.2596,9.4871 97.3169,9.4495 97.3741,9.4118 97.4317,9.3739 97.4891,9.3361 97.6019,9.2618 97.6595,9.2237 97.7162,9.1863 97.7733,9.1486 97.8294,9.1116 97.8868,9.0736 97.944,9.0357 98.0001,8.9985 98.0572,8.9606 98.1131,8.9237 98.1698,8.8859 98.2266,8.8482 98.2847,8.8097 98.341,8.7723 98.3976,8.7346 98.4535,8.6975 98.5115,8.6589 98.5688,8.6208 98.6263,8.5824 98.6836,8.5442 98.74,8.5066 98.7965,8.4689 98.8529,8.4313 98.9096,8.3935 98.9681,8.3545 99.0243,8.317 99.0921,8.2717 99.1584,8.2272 99.2161,8.1887 99.2717,8.1515 99.3285,8.1135 99.3864,8.0747 99.4452,8.0354 99.5017,7.9975 99.5589,7.9591 99.6169,7.9201 99.7014,7.8635 99.7599,7.8242 99.8172,7.7858 99.8737,7.7477 99.9298,7.7101 99.9868,7.6718 100.044,7.6333 100.1107,7.5884 100.1681,7.5498 100.2425,7.4998 100.2991,7.4615 100.3561,7.423 100.4123,7.3851 100.4697,7.3464 100.526,7.3085 100.5825,7.2704 100.6449,7.2282 100.7078,7.1858 100.7639,7.1479 100.8196,7.1102 100.8749,7.0728 100.9309,7.035 100.9858,6.9978 101.0206,6.9738 101.0469,6.9545 101.0648,6.9402 101.0806,6.9247 101.1008,6.9019 101.1253,6.872 101.1677,6.814 101.2057,6.757 101.2421,6.7003 101.2869,6.6299 101.3445,6.5387 101.3811,6.4808 101.4184,6.4221 101.4549,6.3643 101.4926,6.3044 101.5294,6.2462 101.5673,6.1865 101.6029,6.1304 101.6409,6.07 101.6794,6.0091 101.715,5.9527 101.7511,5.8957 101.7673,5.8642 101.7842,5.8248 101.8018,5.7778 101.8232,5.702 101.8434,5.6111 101.8519,5.5804 101.8611,5.5536 101.8709,5.5307 101.8838,5.5064 101.9019,5.4752 101.9255,5.437 101.9643,5.3788 102.0046,5.3207 102.0467,5.2596 102.064,5.2309 102.078,5.2036 102.0887,5.1775 102.0974,5.1507 102.1053,5.1211 102.1124,5.0888 102.1189,5.0524 102.1243,5.0252 102.1288,5.0072 102.1383,4.9858 102.1589,4.9483 102.1906,4.8948 102.2287,4.839 102.2742,4.7762 102.3151,4.7212 102.356,4.6657 102.3963,4.6105 102.437,4.5545 102.477,4.4992 102.5186,4.442 102.5687,4.3729 102.6086,4.3181 102.6516,4.2588 102.6929,4.2021 102.7347,4.1445 102.7754,4.0886 102.8154,4.0335 102.8545,3.9797 102.8947,3.9244 102.9355,3.8683 102.976,3.8124 103.0166,3.7566 103.0562,3.7019 103.0967,3.6463 103.1364,3.5916 103.1763,3.5366 103.2175,3.4798 103.2577,3.4244 103.2982,3.3685 103.3393,3.3118 103.3811,3.2543 103.4219,3.198 103.4629,3.1416 103.5041,3.0846 103.5434,3.0304 103.5871,2.9701 103.6101,2.9402 103.6316,2.9143 103.6518,2.8922 103.6742,2.8702 103.7028,2.8442 103.7375,2.8144 103.7649,2.7925 103.7865,2.7763 103.8022,2.7659 103.8149,2.7588 103.8273,2.7528 103.8395,2.7478 103.8523,2.7437 103.8667,2.7403 103.8827,2.7376 103.9049,2.7356 103.9378,2.7345 103.9814,2.7342 104.0512,2.7349 104.0821,2.7336 104.1066,2.7314 104.125,2.7284 104.1401,2.7244 104.1551,2.7193 104.1699,2.7131 104.1843,2.7059 104.1979,2.6977 104.2109,2.6887 104.2228,2.6792 104.2335,2.6694 104.243,2.6594 104.2512,2.6495 104.2581,2.6402 104.2638,2.6313 104.2688,2.6215 104.2736,2.6092 104.2783,2.5945 104.2821,2.5788 104.2841,2.5636 104.2843,2.5489 104.2829,2.5346 104.2798,2.5206 104.2751,2.5069 104.2696,2.4946 104.2641,2.4845 104.2585,2.4767 104.2514,2.4697 104.2412,2.462 104.2279,2.4538 104.2137,2.446 104.2007,2.4397 104.189,2.4349 104.1783,2.4305 104.1681,2.4256 104.1585,2.4201 104.1497,2.414 104.1419,2.4072 104.1352,2.3998 104.1296,2.3918 104.125,2.3836 104.1215,2.375 104.1191,2.3648 104.1178,2.3521 104.1176,2.3366 104.1205,2.3148 104.1281,2.2829 104.1407,2.2408 104.1588,2.1946 104.1744,2.1546 104.182,2.1344 104.1872,2.1192 104.1899,2.1088 104.1913,2.0974 104.1925,2.0793 104.1933,2.0544 104.1942,2.0131 104.1951,1.9725 104.1959,1.9451 104.1973,1.9083 104.1983,1.8863 104.1997,1.8703 104.2013,1.8601 104.2041,1.8505 104.2091,1.8362 104.2163,1.8171 104.2302,1.7816 104.2374,1.7625 104.2419,1.7485 104.2438,1.7397 104.2438,1.7335 104.2429,1.7274 104.2408,1.7215 104.2361,1.7141 104.2271,1.7038 104.2138,1.6905 104.1868,1.6671 104.173,1.655 104.1503,1.6348 104.1306,1.6176 104.1116,1.6016 104.093,1.5862 104.0826,1.5778 104.0757,1.5709 104.0706,1.5652 104.0675,1.5606 104.0651,1.556 104.0623,1.5501 104.0592,1.543 104.0488,1.5181 104.0442,1.5073 104.034,1.4831 104.0253,1.4625 104.0168,1.4422 104.0091,1.4241 104.005,1.4144 104.0003,1.4034 103.9956,1.3919 103.9913,1.3818 103.9847,1.3661</coordinates>
        </LineString>
      </Placemark>
      <Placemark>
        <name>Jewel Changi Airport to The Ritz-Carlton, Millenia Singapore (car)</name>
        <description>&lt;b&gt;Mode:&lt;/b&gt; car</description>
        <Style>
          <LineStyle>
            <color>ff007cf5</color>
            <width>3</width>
          </LineStyle>
        </Style>
        <LineString>
          <coordinates>103.990012,1.360809 103.990919,1.360428 103.990948,1.360307 103.990967,1.360174 103.990958,1.360041 103.990844,1.359721 103.990715,1.359465 103.990621,1.359346 103.990527,1.359269 103.990455,1.359215 103.990334,1.359152 103.990165,1.359087 103.990079,1.359053 103.989916,1.359006 103.989785,1.358964 103.989556,1.35888 103.989437,1.358844 103.989306,1.358769 103.989236,1.358712 103.989156,1.35863 103.989103,1.358511 103.98868,1.357509 103.988639,1.357404 103.988609,1.357313 103.988573,1.357219 103.988504,1.357029 103.988402,1.356718 103.988126,1.356066 103.987558,1.354641 103.987111,1.35364 103.98698,1.353351 103.986375,1.352031 103.986302,1.35187 103.986127,1.351471 103.985938,1.351075 103.98578,1.350698 103.985669,1.35042 103.985208,1.349296 103.985122,1.349098 103.984977,1.34874 103.984835,1.348334 103.984569,1.347714 103.984426,1.347388 103.98416,1.346744 103.984075,1.346543 103.983887,1.346099 103.983711,1.345682 103.983512,1.34521 103.98346,1.345087 103.982879,1.34367 103.981863,1.341281 103.981651,1.340782 103.981441,1.340377 103.981127,1.339648 103.980075,1.337243 103.979628,1.33627 103.979441,1.335892 103.97929,1.335609 103.979086,1.335257 103.978767,1.334762 103.978384,1.334215 103.977888,1.333506 103.97574,1.33029 103.975446,1.329861 103.975242,1.329535 103.973936,1.327573 103.972531,1.325593 103.970525,1.322603 103.969123,1.320684 103.968861,1.320319 103.968395,1.319761 103.96782,1.319171 103.967154,1.318654 103.966569,1.318298 103.966041,1.31804 103.965309,1.317724 103.962713,1.316651 103.962259,1.316472 103.960731,1.315846 103.957184,1.314391 103.953803,1.313005 103.95234,1.3124 103.951879,1.312232 103.951814,1.312207 103.951704,1.312158 103.95134,1.312042 103.950886,1.311917 103.950152,1.311794 103.949697,1.311758 103.948186,1.311718 103.946679,1.31167 103.945561,1.311635 103.944749,1.311604 103.944288,1.311562 103.943877,1.311488 103.943412,1.311384 103.942358,1.311095 103.939828,1.310369 103.939473,1.310268 103.938258,1.309919 103.937627,1.309755 103.937481,1.309715 103.937415,1.309695 103.93734,1.309669 103.936319,1.309375 103.935606,1.309157 103.935277,1.309062 103.93515,1.309022 103.93073,1.307808 103.930356,1.307701 103.929151,1.307303 103.929031,1.307251 103.928912,1.307196 103.9287,1.307091 103.927767,1.306595 103.926901,1.306129 103.926469,1.305938 103.92603,1.305774 103.923965,1.305204 103.923616,1.305108 103.922762,1.304872 103.922038,1.304672 103.919606,1.303968 103.919366,1.303895 103.919094,1.303816 103.918837,1.303749 103.918605,1.303677 103.91703,1.303234 103.91431,1.302469 103.912839,1.302032 103.912393,1.301901 103.912284,1.301864 103.907859,1.30065 103.90588,1.300062 103.904281,1.299537 103.902185,1.298761 103.900626,1.298184 103.898437,1.297345 103.898118,1.297224 103.897643,1.297042 103.89638,1.296561 103.895553,1.29625 103.89533,1.296167 103.894906,1.296013 103.894418,1.295841 103.894132,1.295755 103.893797,1.295673 103.893621,1.295636 103.893431,1.295603 103.893304,1.295581 103.892705,1.295497 103.892177,1.295486 103.891308,1.295483 103.889983,1.295553 103.88972,1.295564 103.889115,1.295586 103.888689,1.295592 103.888484,1.295606 103.886613,1.295697 103.885977,1.295718 103.885421,1.2957 103.8854,1.295699 103.885359,1.295698 103.884596,1.295673 103.882154,1.295589 103.879264,1.295455 103.878667,1.295452 103.878099,1.295428 103.876934,1.295371 103.876767,1.295369 103.876571,1.29536 103.876166,1.295339 103.875562,1.295339 103.872724,1.295252 103.872544,1.295232 103.871028,1.29516 103.870699,1.295099 103.869191,1.294793 103.868855,1.29472 103.866344,1.294244 103.865771,1.2941 103.865124,1.293895 103.864432,1.293726 103.864106,1.293631 103.86385,1.29353 103.8636,1.293396 103.863345,1.293225 103.863095,1.292991 103.862894,1.292791 103.862736,1.292674 103.862602,1.292611 103.862437,1.292562 103.862269,1.29254 103.862154,1.29255 103.862024,1.292575 103.861896,1.292625 103.861704,1.292734 103.861561,1.292882 103.86146,1.293054 103.861374,1.293292 103.861268,1.293638 103.861124,1.294068 103.861073,1.294183 103.860991,1.294547 103.860897,1.294961 103.860706,1.295364 103.860622,1.295523 103.860427,1.295761 103.860092,1.29599 103.859948,1.296051 103.859852,1.296065 103.859739,1.296051 103.85968,1.296003 103.859652,1.29598 103.859611,1.295913 103.859441,1.295597 103.859292,1.29534 103.859229,1.295205 103.859217,1.295171 103.859213,1.295141 103.859215,1.295091 103.859252,1.294958 103.859276,1.294908 103.859297,1.294843 103.859305,1.294775 103.859302,1.294707 103.85929,1.294648 103.859341,1.294581 103.859594,1.294434 103.859842,1.29429 103.859884,1.294266 103.860111,1.294124 103.860515,1.293879 103.860581,1.293843 103.860652,1.293787 103.860684,1.293756 103.860726,1.293707 103.860787,1.293601 103.860829,1.293498 103.86086,1.293393 103.860885,1.293027 103.860903,1.292622 103.860914,1.29219 103.860919,1.29202 103.86092,1.29188 103.860926,1.2917 103.860932,1.291411 103.860933,1.291332 103.860936,1.291227 103.860962,1.29038 103.860984,1.289631 103.860986,1.289559 103.860877,1.289565 103.860775,1.28957 103.860593,1.28958 103.860316,1.289595 103.859973,1.289613 103.859669,1.289631 103.85951,1.28964 103.859501,1.289702 103.859504,1.289751 103.859551,1.289954 103.85956,1.29005 103.859567,1.290149 103.85957,1.290227 103.859573,1.290313 103.859601,1.290403 103.859656,1.290494 103.859697,1.290566 103.85974,1.290641 103.859502,1.29078 103.859479,1.290815 103.859463,1.290865 103.859462,1.290922 103.859465,1.290976 103.859468,1.291021 103.859469,1.291037 103.859473,1.291087 103.859492,1.291105 103.859516,1.291104 103.859568,1.291086 103.860037,1.290821</coordinates>
        </LineString>
      </Placemark>
      <Placemark>
        <name>The Ritz-Carlton, Millenia Singapore to Bay East Garden (foot)</name>
        <description>&lt;b&gt;Mode:&lt;/b&gt; foot</description>
        <Style>
          <LineStyle>
            <color>ff007cf5</color>
            <width>3</width>
          </LineStyle>
        </Style>
        <LineString>
          <coordinates>103.860119,1.291121 103.860153,1.291121 103.860158,1.29127 103.860759,1.291214 103.860835,1.29122 103.860936,1.291227 103.860981,1.291231 103.860981,1.291334 103.860981,1.291409 103.861035,1.291438 103.86109,1.291474 103.861106,1.29145 103.86115,1.291406 103.861192,1.291394 103.861269,1.291382 103.861567,1.291354 103.861579,1.29146 103.8616,1.291689 103.861562,1.291729 103.861544,1.291866 103.861681,1.29238 103.861796,1.292439 103.861876,1.292583 103.861981,1.292522 103.862063,1.292491 103.862172,1.29247 103.862285,1.292471 103.862431,1.292482 103.862568,1.292516 103.862683,1.292568 103.862846,1.29267 103.86298,1.292769 103.863232,1.293034 103.863542,1.293276 103.863843,1.293447 103.86388,1.293468 103.864179,1.293589 103.864519,1.293677 103.865551,1.29394 103.866382,1.294129 103.86691,1.294246 103.867231,1.294304 103.86743,1.294345 103.868743,1.294612 103.868745,1.294602 103.86881,1.294615 103.868813,1.294605 103.868746,1.294591 103.868749,1.29458 103.868815,1.294594 103.868817,1.294585 103.868751,1.294571 103.86872,1.294566 103.868705,1.294628 103.868352,1.294557 103.868321,1.294551 103.868293,1.294545 103.868253,1.294537 103.86821,1.294481 103.868137,1.294474 103.867527,1.294382 103.8673,1.294337 103.866699,1.294218 103.866476,1.294117 103.86659,1.293744 103.866709,1.293363 103.866911,1.292728 103.86713,1.292155 103.867235,1.291873 103.86765,1.290823 103.868065,1.289931 103.868223,1.289578 103.868306,1.289439 103.868498,1.289058 103.868607,1.288856 103.869022,1.288114 103.869224,1.287779</coordinates>
        </LineString>
      </Placemark>
      <Placemark>
        <name>Bay East Garden to Hill Street Tai Hwa Pork Noodle (train)</name>
        <description>&lt;b&gt;Mode:&lt;/b&gt; train</description>
        <Style>
          <LineStyle>
            <color>ff007cf5</color>
            <width>3</width>
          </LineStyle>
        </Style>
        <LineString>
          <coordinates>103.869858,1.2881607 103.8625357,1.3051265</coordinates>
        </LineString>
      </Placemark>
      <Placemark>
        <name>Hill Street Tai Hwa Pork Noodle to Marina Bay Sands Singapore (train)</name>
        <description>&lt;b&gt;Mode:&lt;/b&gt; train</description>
        <Style>
          <LineStyle>
            <color>ff007cf5</color>
            <width>3</width>
          </LineStyle>
        </Style>
        <LineString>
          <coordinates>103.8625357,1.3051265 103.8591065,1.2837575</coordinates>
        </LineString>
      </Placemark>
      <Placemark>
        <name>Marina Bay Sands Singapore to MARQUEE Singapore (foot)</name>
        <description>&lt;b&gt;Mode:&lt;/b&gt; foot</description>
        <Style>
          <LineStyle>
            <color>ff007cf5</color>
            <width>3</width>
          </LineStyle>
        </Style>
        <LineString>
          <coordinates>103.858598,1.284045 103.85874,1.284297 103.858871,1.284538 103.858963,1.284737 103.859206,1.285269 103.859261,1.285526 103.859239,1.285706 103.859297,1.285832 103.859456,1.285987</coordinates>
        </LineString>
      </Placemark>
      <Placemark>
        <name>MARQUEE Singapore to Yardbird Southern Table and Bar (foot)</name>
        <description>&lt;b&gt;Mode:&lt;/b&gt; foot</description>
        <Style>
          <LineStyle>
            <color>ff007cf5</color>
            <width>3</width>
          </LineStyle>
        </Style>
        <LineString>
          <coordinates>103.859456,1.285987 103.859297,1.285832 103.859239,1.285706 103.859261,1.285526 103.859206,1.285269 103.858963,1.284737 103.858871,1.284538 103.85874,1.284297 103.858348,1.283603 103.857982,1.283104</coordinates>
        </LineString>
      </Placemark>
    </Folder>
    <Folder>
      <name>Adam Chase &amp; Ben Doyle</name>
      <Placemark>
        <name>Denver Union Station</name>
        <description>&lt;b&gt;Team:&lt;/b&gt; Adam Chase &amp; Ben Doyle&lt;br&gt;&lt;b&gt;Notes:&lt;/b&gt;&lt;ul&gt;&lt;li&gt;The starting and ending point of Jet Lag: Circumnavigation (Season 2)
Members who visited:
1) Sam
2) Joseph
3) Adam
4) Ben&lt;/li&gt;&lt;/ul&gt;</description>
        <TimeSpan>
          <begin>2022-05-12T05:00:00</begin>
        </TimeSpan>
        <Style>
          <IconStyle>
            <color>ff2f2fd3</color>
            <scale>1.2</scale>
            <Icon>
              <href>https://maps.google.com/mapfiles/kml/pushpin/wht-blank.png</href>
            </Icon>
          </IconStyle>
        </Style>
        <Point>
          <coordinates>-105.0001518,39.7531499</coordinates>
        </Point>
      </Placemark>
      <Placemark>
        <name>Denver International Airport</name>
        <description>&lt;b&gt;Team:&lt;/b&gt; Adam Chase &amp; Ben Doyle</description>
        <Style>
          <IconStyle>
            <color>ff2f2fd3</color>
            <scale>1.2</scale>
            <Icon>
              <href>https://maps.google.com/mapfiles/kml/pushpin/wht-blank.png</href>
            </Icon>
          </IconStyle>
        </Style>
        <Point>
          <coordinates>-104.6737,39.8561</coordinates>
        </Point>
      </Placemark>
      <Placemark>
        <name>John F. Kennedy International Airport</name>
        <description>&lt;b&gt;Team:&lt;/b&gt; Adam Chase &amp; Ben Doyle&lt;br&gt;&lt;b&gt;Notes:&lt;/b&gt;&lt;ul&gt;&lt;li&gt;Present in Jet Lag: Circumnavigation (Season 2) 
Members who visited:
1) Adam
2) Ben&lt;/li&gt;&lt;/ul&gt;</description>
        <Style>
          <IconStyle>
            <color>ff2f2fd3</color>
            <scale>1.2</scale>
            <Icon>
              <href>https://maps.google.com/mapfiles/kml/pushpin/wht-blank.png</href>
            </Icon>
          </IconStyle>
        </Style>
        <Point>
          <coordinates>-73.7858007,40.6445878</coordinates>
        </Point>
      </Placemark>
      <Placemark>
        <name>Peter Pan Donut &amp; Pastry Shop</name>
        <description>&lt;b&gt;Team:&lt;/b&gt; Adam Chase &amp; Ben Doyle&lt;br&gt;&lt;b&gt;Notes:&lt;/b&gt;&lt;ul&gt;&lt;li&gt;Present in Jet Lag: Circumnavigation (Season 2) 
Members who visited:
1) Adam
2) Ben
Challenge: Local pastry mile&lt;/li&gt;&lt;/ul&gt;</description>
        <Style>
          <IconStyle>
            <color>ff2f2fd3</color>
            <scale>1.2</scale>
            <Icon>
              <href>https://maps.google.com/mapfiles/kml/pushpin/wht-blank.png</href>
            </Icon>
          </IconStyle>
        </Style>
        <Point>
          <coordinates>-73.9522534,40.7261083</coordinates>
        </Point>
      </Placemark>
      <Placemark>
        <name>McCarren Park Track</name>
        <description>&lt;b&gt;Team:&lt;/b&gt; Adam Chase &amp; Ben Doyle&lt;br&gt;&lt;b&gt;Notes:&lt;/b&gt;&lt;ul&gt;&lt;li&gt;Present in Jet Lag: Circumnavigation (Season 2) 
Members who visited:
1) Sam
2) Joseph&lt;/li&gt;&lt;/ul&gt;</description>
        <Style>
          <IconStyle>
            <color>ff2f2fd3</color>
            <scale>1.2</scale>
            <Icon>
              <href>https://maps.google.com/mapfiles/kml/pushpin/wht-blank.png</href>
            </Icon>
          </IconStyle>
        </Style>
        <Point>
          <coordinates>-73.95172509999999,40.7200368</coordinates>
        </Point>
      </Placemark>
      <Placemark>
        <name>John F. Kennedy International Airport</name>
        <description>&lt;b&gt;Team:&lt;/b&gt; Adam Chase &amp; Ben Doyle&lt;br&gt;&lt;b&gt;Notes:&lt;/b&gt;&lt;ul&gt;&lt;li&gt;Present in Jet Lag: Circumnavigation (Season 2) 
Members who visited:
1) Adam
2) Ben&lt;/li&gt;&lt;/ul&gt;</description>
        <Style>
          <IconStyle>
            <color>ff2f2fd3</color>
            <scale>1.2</scale>
            <Icon>
              <href>https://maps.google.com/mapfiles/kml/pushpin/wht-blank.png</href>
            </Icon>
          </IconStyle>
        </Style>
        <Point>
          <coordinates>-73.7858007,40.6445878</coordinates>
        </Point>
      </Placemark>
      <Placemark>
        <name>Malpensa Airport</name>
        <description>&lt;b&gt;Team:&lt;/b&gt; Adam Chase &amp; Ben Doyle&lt;br&gt;&lt;b&gt;Notes:&lt;/b&gt;&lt;ul&gt;&lt;li&gt;Present in Jet Lag: Circumnavigation (Season 2) 
Members who visited:
1) Adam
2) Ben&lt;/li&gt;&lt;/ul&gt;</description>
        <Style>
          <IconStyle>
            <color>ff2f2fd3</color>
            <scale>1.2</scale>
            <Icon>
              <href>https://maps.google.com/mapfiles/kml/pushpin/wht-blank.png</href>
            </Icon>
          </IconStyle>
        </Style>
        <Point>
          <coordinates>8.7255307,45.63006250000001</coordinates>
        </Point>
      </Placemark>
      <Placemark>
        <name>Bricocenter Olgiate</name>
        <description>&lt;b&gt;Team:&lt;/b&gt; Adam Chase &amp; Ben Doyle&lt;br&gt;&lt;b&gt;Notes:&lt;/b&gt;&lt;ul&gt;&lt;li&gt;Present in Jet Lag: Circumnavigation (Season 2) 
Members who visited:
1) Adam
2) Ben
Challenge: Build and ride a go-kart&lt;/li&gt;&lt;/ul&gt;</description>
        <Style>
          <IconStyle>
            <color>ff2f2fd3</color>
            <scale>1.2</scale>
            <Icon>
              <href>https://maps.google.com/mapfiles/kml/pushpin/wht-blank.png</href>
            </Icon>
          </IconStyle>
        </Style>
        <Point>
          <coordinates>8.8603518,45.6282107</coordinates>
        </Point>
      </Placemark>
      <Placemark>
        <name>Olgiate Go Kart Ramp</name>
        <description>&lt;b&gt;Team:&lt;/b&gt; Adam Chase &amp; Ben Doyle&lt;br&gt;&lt;b&gt;Notes:&lt;/b&gt;&lt;ul&gt;&lt;li&gt;Present in Jet Lag: Circumnavigation (Season 2) 
Members who visited:
1) Adam
2) Ben
Challenge: Build and ride a go-kart&lt;/li&gt;&lt;/ul&gt;</description>
        <Style>
          <IconStyle>
            <color>ff2f2fd3</color>
            <scale>1.2</scale>
            <Icon>
              <href>https://maps.google.com/mapfiles/kml/pushpin/wht-blank.png</href>
            </Icon>
          </IconStyle>
        </Style>
        <Point>
          <coordinates>8.86084916987031,45.62768291608513</coordinates>
        </Point>
      </Placemark>
      <Placemark>
        <name>Parco Mameli</name>
        <description>&lt;b&gt;Team:&lt;/b&gt; Adam Chase &amp; Ben Doyle&lt;br&gt;&lt;b&gt;Notes:&lt;/b&gt;&lt;ul&gt;&lt;li&gt;Present in Jet Lag: Circumnavigation (Season 2) 
Members who visited:
1) Adam
2) Ben
Challenge: Give your teammate a piggyback ride&lt;/li&gt;&lt;/ul&gt;</description>
        <Style>
          <IconStyle>
            <color>ff2f2fd3</color>
            <scale>1.2</scale>
            <Icon>
              <href>https://maps.google.com/mapfiles/kml/pushpin/wht-blank.png</href>
            </Icon>
          </IconStyle>
        </Style>
        <Point>
          <coordinates>8.8585709,45.6146385</coordinates>
        </Point>
      </Placemark>
      <Placemark>
        <name>Malpensa Airport</name>
        <description>&lt;b&gt;Team:&lt;/b&gt; Adam Chase &amp; Ben Doyle&lt;br&gt;&lt;b&gt;Notes:&lt;/b&gt;&lt;ul&gt;&lt;li&gt;Present in Jet Lag: Circumnavigation (Season 2) 
Members who visited:
1) Adam
2) Ben&lt;/li&gt;&lt;/ul&gt;</description>
        <Style>
          <IconStyle>
            <color>ff2f2fd3</color>
            <scale>1.2</scale>
            <Icon>
              <href>https://maps.google.com/mapfiles/kml/pushpin/wht-blank.png</href>
            </Icon>
          </IconStyle>
        </Style>
        <Point>
          <coordinates>8.7255307,45.63006250000001</coordinates>
        </Point>
      </Placemark>
      <Placemark>
        <name>Changi International Airport Terminal 3 Playground</name>
        <description>&lt;b&gt;Team:&lt;/b&gt; Adam Chase &amp; Ben Doyle&lt;br&gt;&lt;b&gt;Notes:&lt;/b&gt;&lt;ul&gt;&lt;li&gt;Present in Jet Lag: Circumnavigation (Season 2) 
Members who visited:
1) Adam
2) Ben&lt;/li&gt;&lt;/ul&gt;</description>
        <Style>
          <IconStyle>
            <color>ff2f2fd3</color>
            <scale>1.2</scale>
            <Icon>
              <href>https://maps.google.com/mapfiles/kml/pushpin/wht-blank.png</href>
            </Icon>
          </IconStyle>
        </Style>
        <Point>
          <coordinates>103.983799,1.3503421</coordinates>
        </Point>
      </Placemark>
      <Placemark>
        <name>Changi Airport MRT Station (CG2)</name>
        <description>&lt;b&gt;Team:&lt;/b&gt; Adam Chase &amp; Ben Doyle&lt;br&gt;&lt;b&gt;Notes:&lt;/b&gt;&lt;ul&gt;&lt;li&gt;Present in Jet Lag: Circumnavigation (Season 2) 
Members who visited:
1) Adam
2) Ben
Challenge: Go bungee jumping&lt;/li&gt;&lt;/ul&gt;</description>
        <Style>
          <IconStyle>
            <color>ff2f2fd3</color>
            <scale>1.2</scale>
            <Icon>
              <href>https://maps.google.com/mapfiles/kml/pushpin/wht-blank.png</href>
            </Icon>
          </IconStyle>
        </Style>
        <Point>
          <coordinates>103.9878496,1.3557581</coordinates>
        </Point>
      </Placemark>
      <Placemark>
        <name>VivoCity</name>
        <description>&lt;b&gt;Team:&lt;/b&gt; Adam Chase &amp; Ben Doyle&lt;br&gt;&lt;b&gt;Notes:&lt;/b&gt;&lt;ul&gt;&lt;li&gt;Present in Jet Lag: Circumnavigation (Season 2) 
Members who visited:
1) Adam
2) Ben
Challenge: Go bungee jumping&lt;/li&gt;&lt;/ul&gt;</description>
        <Style>
          <IconStyle>
            <color>ff2f2fd3</color>
            <scale>1.2</scale>
            <Icon>
              <href>https://maps.google.com/mapfiles/kml/pushpin/wht-blank.png</href>
            </Icon>
          </IconStyle>
        </Style>
        <Point>
          <coordinates>103.8221267,1.2648859</coordinates>
        </Point>
      </Placemark>
      <Placemark>
        <name>VivoCity Station</name>
        <description>&lt;b&gt;Team:&lt;/b&gt; Adam Chase &amp; Ben Doyle&lt;br&gt;&lt;b&gt;Notes:&lt;/b&gt;&lt;ul&gt;&lt;li&gt;Present in Jet Lag: Circumnavigation (Season 2) 
Members who visited:
1) Adam
2) Ben
Challenge: Go bungee jumping&lt;/li&gt;&lt;/ul&gt;</description>
        <Style>
          <IconStyle>
            <color>ff2f2fd3</color>
            <scale>1.2</scale>
            <Icon>
              <href>https://maps.google.com/mapfiles/kml/pushpin/wht-blank.png</href>
            </Icon>
          </IconStyle>
        </Style>
        <Point>
          <coordinates>103.82342,1.26517</coordinates>
        </Point>
      </Placemark>
      <Placemark>
        <name>Beach Station</name>
        <description>&lt;b&gt;Team:&lt;/b&gt; Adam Chase &amp; Ben Doyle&lt;br&gt;&lt;b&gt;Notes:&lt;/b&gt;&lt;ul&gt;&lt;li&gt;Present in Jet Lag: Circumnavigation (Season 2) 
Members who visited:
1) Adam
2) Ben
Challenge: Go bungee jumping&lt;/li&gt;&lt;/ul&gt;</description>
        <Style>
          <IconStyle>
            <color>ff2f2fd3</color>
            <scale>1.2</scale>
            <Icon>
              <href>https://maps.google.com/mapfiles/kml/pushpin/wht-blank.png</href>
            </Icon>
          </IconStyle>
        </Style>
        <Point>
          <coordinates>103.8178162,1.2513489</coordinates>
        </Point>
      </Placemark>
      <Placemark>
        <name>Skypark Sentosa by AJ Hackett</name>
        <description>&lt;b&gt;Team:&lt;/b&gt; Adam Chase &amp; Ben Doyle&lt;br&gt;&lt;b&gt;Notes:&lt;/b&gt;&lt;ul&gt;&lt;li&gt;Present in Jet Lag: Circumnavigation (Season 2) 
Members who visited:
1) Adam
2) Ben
Challenge: Go bungee jumping&lt;/li&gt;&lt;/ul&gt;</description>
        <Style>
          <IconStyle>
            <color>ff2f2fd3</color>
            <scale>1.2</scale>
            <Icon>
              <href>https://maps.google.com/mapfiles/kml/pushpin/wht-blank.png</href>
            </Icon>
          </IconStyle>
        </Style>
        <Point>
          <coordinates>103.8133212,1.2551584</coordinates>
        </Point>
      </Placemark>
      <Placemark>
        <name>Emerald Pavilion</name>
        <description>&lt;b&gt;Team:&lt;/b&gt; Adam Chase &amp; Ben Doyle&lt;br&gt;&lt;b&gt;Notes:&lt;/b&gt;&lt;ul&gt;&lt;li&gt;Present in Jet Lag: Circumnavigation (Season 2) 
Members who visited:
1) Adam
2) Ben
Challenge: Go bungee jumping&lt;/li&gt;&lt;/ul&gt;</description>
        <Style>
          <IconStyle>
            <color>ff2f2fd3</color>
            <scale>1.2</scale>
            <Icon>
              <href>https://maps.google.com/mapfiles/kml/pushpin/wht-blank.png</href>
            </Icon>
          </IconStyle>
        </Style>
        <Point>
          <coordinates>103.8149643,1.2534881</coordinates>
        </Point>
      </Placemark>
      <Placemark>
        <name>Marina Bay Sands Singapore</name>
        <description>&lt;b&gt;Team:&lt;/b&gt; Adam Chase &amp; Ben Doyle&lt;br&gt;&lt;b&gt;Notes:&lt;/b&gt;&lt;ul&gt;&lt;li&gt;Present in Jet Lag: Circumnavigation (Season 2) 
Members who visited:
1) Sam
2) Joseph
3) Adam
4) Ben
Challenge: 
-Get drunk on a local liquor (Sam and Joseph)
-Have a good time (Sam and Joseph)&lt;/li&gt;&lt;/ul&gt;</description>
        <Style>
          <IconStyle>
            <color>ff2f2fd3</color>
            <scale>1.2</scale>
            <Icon>
              <href>https://maps.google.com/mapfiles/kml/pushpin/wht-blank.png</href>
            </Icon>
          </IconStyle>
        </Style>
        <Point>
          <coordinates>103.8591065,1.2837575</coordinates>
        </Point>
      </Placemark>
      <Placemark>
        <name>Marina Bay Overpass Viewing Point</name>
        <description>&lt;b&gt;Team:&lt;/b&gt; Adam Chase &amp; Ben Doyle&lt;br&gt;&lt;b&gt;Notes:&lt;/b&gt;&lt;ul&gt;&lt;li&gt;Present in Jet Lag: Circumnavigation (Season 2) 
Members who visited:
1) Adam
2) Ben&lt;/li&gt;&lt;/ul&gt;</description>
        <Style>
          <IconStyle>
            <color>ff2f2fd3</color>
            <scale>1.2</scale>
            <Icon>
              <href>https://maps.google.com/mapfiles/kml/pushpin/wht-blank.png</href>
            </Icon>
          </IconStyle>
        </Style>
        <Point>
          <coordinates>103.8617392,1.2824861</coordinates>
        </Point>
      </Placemark>
      <Placemark>
        <name>Hill Street Tai Hwa Pork Noodle</name>
        <description>&lt;b&gt;Team:&lt;/b&gt; Adam Chase &amp; Ben Doyle&lt;br&gt;&lt;b&gt;Notes:&lt;/b&gt;&lt;ul&gt;&lt;li&gt;Present in Jet Lag: Circumnavigation (Season 2) 
Members who visited:
1) Adam
2) Ben
Challenge: Eat at a Michelin starred restaurant&lt;/li&gt;&lt;/ul&gt;</description>
        <Style>
          <IconStyle>
            <color>ff2f2fd3</color>
            <scale>1.2</scale>
            <Icon>
              <href>https://maps.google.com/mapfiles/kml/pushpin/wht-blank.png</href>
            </Icon>
          </IconStyle>
        </Style>
        <Point>
          <coordinates>103.8625357,1.3051265</coordinates>
        </Point>
      </Placemark>
      <Placemark>
        <name>Changi International Airport Terminal 3 Playground</name>
        <description>&lt;b&gt;Team:&lt;/b&gt; Adam Chase &amp; Ben Doyle&lt;br&gt;&lt;b&gt;Notes:&lt;/b&gt;&lt;ul&gt;&lt;li&gt;Present in Jet Lag: Circumnavigation (Season 2) 
Members who visited:
1) Adam
2) Ben&lt;/li&gt;&lt;/ul&gt;</description>
        <Style>
          <IconStyle>
            <color>ff2f2fd3</color>
            <scale>1.2</scale>
            <Icon>
              <href>https://maps.google.com/mapfiles/kml/pushpin/wht-blank.png</href>
            </Icon>
          </IconStyle>
        </Style>
        <Point>
          <coordinates>103.983799,1.3503421</coordinates>
        </Point>
      </Placemark>
      <Placemark>
        <name>Sydney Airport</name>
        <description>&lt;b&gt;Team:&lt;/b&gt; Adam Chase &amp; Ben Doyle&lt;br&gt;&lt;b&gt;Notes:&lt;/b&gt;&lt;ul&gt;&lt;li&gt;Present in Jet Lag: Circumnavigation (Season 2) 
Members who visited:
1) Adam
2) Ben&lt;/li&gt;&lt;/ul&gt;</description>
        <Style>
          <IconStyle>
            <color>ff2f2fd3</color>
            <scale>1.2</scale>
            <Icon>
              <href>https://maps.google.com/mapfiles/kml/pushpin/wht-blank.png</href>
            </Icon>
          </IconStyle>
        </Style>
        <Point>
          <coordinates>151.1781665,-33.9331348</coordinates>
        </Point>
      </Placemark>
      <Placemark>
        <name>Net &amp; Tackle Sales</name>
        <description>&lt;b&gt;Team:&lt;/b&gt; Adam Chase &amp; Ben Doyle&lt;br&gt;&lt;b&gt;Notes:&lt;/b&gt;&lt;ul&gt;&lt;li&gt;Present in Jet Lag: Circumnavigation (Season 2) 
Members who visited:
1) Adam
2) Ben
Challenge: Catch a fish&lt;/li&gt;&lt;/ul&gt;</description>
        <Style>
          <IconStyle>
            <color>ff2f2fd3</color>
            <scale>1.2</scale>
            <Icon>
              <href>https://maps.google.com/mapfiles/kml/pushpin/wht-blank.png</href>
            </Icon>
          </IconStyle>
        </Style>
        <Point>
          <coordinates>151.1918432,-33.8714303</coordinates>
        </Point>
      </Placemark>
      <Placemark>
        <name>Beulah St Wharf</name>
        <description>&lt;b&gt;Team:&lt;/b&gt; Adam Chase &amp; Ben Doyle&lt;br&gt;&lt;b&gt;Notes:&lt;/b&gt;&lt;ul&gt;&lt;li&gt;Present in Jet Lag: Circumnavigation (Season 2) 
Members who visited:
1) Adam
2) Ben
Challenge: Catch a fish&lt;/li&gt;&lt;/ul&gt;</description>
        <Style>
          <IconStyle>
            <color>ff2f2fd3</color>
            <scale>1.2</scale>
            <Icon>
              <href>https://maps.google.com/mapfiles/kml/pushpin/wht-blank.png</href>
            </Icon>
          </IconStyle>
        </Style>
        <Point>
          <coordinates>151.2170226,-33.8517365</coordinates>
        </Point>
      </Placemark>
      <Placemark>
        <name>Sydney Airport</name>
        <description>&lt;b&gt;Team:&lt;/b&gt; Adam Chase &amp; Ben Doyle&lt;br&gt;&lt;b&gt;Notes:&lt;/b&gt;&lt;ul&gt;&lt;li&gt;Present in Jet Lag: Circumnavigation (Season 2) 
Members who visited:
1) Adam
2) Ben&lt;/li&gt;&lt;/ul&gt;</description>
        <Style>
          <IconStyle>
            <color>ff2f2fd3</color>
            <scale>1.2</scale>
            <Icon>
              <href>https://maps.google.com/mapfiles/kml/pushpin/wht-blank.png</href>
            </Icon>
          </IconStyle>
        </Style>
        <Point>
          <coordinates>151.1781665,-33.9331348</coordinates>
        </Point>
      </Placemark>
      <Placemark>
        <name>Nadi International Airport</name>
        <description>&lt;b&gt;Team:&lt;/b&gt; Adam Chase &amp; Ben Doyle&lt;br&gt;&lt;b&gt;Notes:&lt;/b&gt;&lt;ul&gt;&lt;li&gt;Present in Jet Lag: Circumnavigation (Season 2) 
Members who visited:
1) Adam
2) Ben&lt;/li&gt;&lt;/ul&gt;</description>
        <Style>
          <IconStyle>
            <color>ff2f2fd3</color>
            <scale>1.2</scale>
            <Icon>
              <href>https://maps.google.com/mapfiles/kml/pushpin/wht-blank.png</href>
            </Icon>
          </IconStyle>
        </Style>
        <Point>
          <coordinates>177.4509848,-17.7528151</coordinates>
        </Point>
      </Placemark>
      <Placemark>
        <name>Los Angeles International Airport</name>
        <description>&lt;b&gt;Team:&lt;/b&gt; Adam Chase &amp; Ben Doyle&lt;br&gt;&lt;b&gt;Notes:&lt;/b&gt;&lt;ul&gt;&lt;li&gt;Present in Jet Lag: Circumnavigation (Season 2) and Jet Lag: Battle for America (Season 4)
Members who visited:
1) Sam
2) Brian
3) Adam
4) Ben
Challenge: Find a four leaf clover as a leprechaun (S4)&lt;/li&gt;&lt;/ul&gt;</description>
        <Style>
          <IconStyle>
            <color>ff2f2fd3</color>
            <scale>1.2</scale>
            <Icon>
              <href>https://maps.google.com/mapfiles/kml/pushpin/wht-blank.png</href>
            </Icon>
          </IconStyle>
        </Style>
        <Point>
          <coordinates>-118.4091001,33.9436768</coordinates>
        </Point>
      </Placemark>
      <Placemark>
        <name>Seaside on the Pier</name>
        <description>&lt;b&gt;Team:&lt;/b&gt; Adam Chase &amp; Ben Doyle&lt;br&gt;&lt;b&gt;Notes:&lt;/b&gt;&lt;ul&gt;&lt;li&gt;Present in Jet Lag: Circumnavigation (Season 2) 
Members who visited:
1) Adam
2) Ben
Challenge: Get drunk on a local liquor&lt;/li&gt;&lt;/ul&gt;</description>
        <Style>
          <IconStyle>
            <color>ff2f2fd3</color>
            <scale>1.2</scale>
            <Icon>
              <href>https://maps.google.com/mapfiles/kml/pushpin/wht-blank.png</href>
            </Icon>
          </IconStyle>
        </Style>
        <Point>
          <coordinates>-118.4965085,34.0099943</coordinates>
        </Point>
      </Placemark>
      <Placemark>
        <name>Los Angeles International Airport</name>
        <description>&lt;b&gt;Team:&lt;/b&gt; Adam Chase &amp; Ben Doyle&lt;br&gt;&lt;b&gt;Notes:&lt;/b&gt;&lt;ul&gt;&lt;li&gt;Present in Jet Lag: Circumnavigation (Season 2) and Jet Lag: Battle for America (Season 4)
Members who visited:
1) Sam
2) Brian
3) Adam
4) Ben
Challenge: Find a four leaf clover as a leprechaun (S4)&lt;/li&gt;&lt;/ul&gt;</description>
        <Style>
          <IconStyle>
            <color>ff2f2fd3</color>
            <scale>1.2</scale>
            <Icon>
              <href>https://maps.google.com/mapfiles/kml/pushpin/wht-blank.png</href>
            </Icon>
          </IconStyle>
        </Style>
        <Point>
          <coordinates>-118.4091001,33.9436768</coordinates>
        </Point>
      </Placemark>
      <Placemark>
        <name>Denver International Airport</name>
        <description>&lt;b&gt;Team:&lt;/b&gt; Adam Chase &amp; Ben Doyle</description>
        <Style>
          <IconStyle>
            <color>ff2f2fd3</color>
            <scale>1.2</scale>
            <Icon>
              <href>https://maps.google.com/mapfiles/kml/pushpin/wht-blank.png</href>
            </Icon>
          </IconStyle>
        </Style>
        <Point>
          <coordinates>-104.6737,39.8561</coordinates>
        </Point>
      </Placemark>
      <Placemark>
        <name>Denver Union Station</name>
        <description>&lt;b&gt;Team:&lt;/b&gt; Adam Chase &amp; Ben Doyle&lt;br&gt;&lt;b&gt;Notes:&lt;/b&gt;&lt;ul&gt;&lt;li&gt;The starting and ending point of Jet Lag: Circumnavigation (Season 2)
Members who visited:
1) Sam
2) Joseph
3) Adam
4) Ben&lt;/li&gt;&lt;/ul&gt;</description>
        <Style>
          <IconStyle>
            <color>ff2f2fd3</color>
            <scale>1.2</scale>
            <Icon>
              <href>https://maps.google.com/mapfiles/kml/pushpin/wht-blank.png</href>
            </Icon>
          </IconStyle>
        </Style>
        <Point>
          <coordinates>-105.0001518,39.7531499</coordinates>
        </Point>
      </Placemark>
      <Placemark>
        <name>Denver Union Station to Denver International Airport (train)</name>
        <description>&lt;b&gt;Mode:&lt;/b&gt; train&lt;br&gt;RTD A Line</description>
        <Style>
          <LineStyle>
            <color>ff2f2fd3</color>
            <width>3</width>
          </LineStyle>
        </Style>
        <LineString>
          <coordinates>-105.00024,39.753080000000004 -105.0005,39.75327 -105.00038,39.75336 -105.00029,39.753420000000006 -104.99995000000001,39.75368 -104.99978000000002,39.75381 -104.99973000000001,39.753840000000004 -104.99969000000002,39.75381 -104.99967000000001,39.75383 -105.0002,39.7537 -105.00028,39.75376 -105.00023,39.753800000000005 -105.00007000000001,39.753930000000004 -104.99992,39.75404 -104.99990000000001,39.75406 -104.99974,39.754180000000005 -104.99957,39.754310000000004 -104.99956,39.75432 -104.99941000000001,39.75444 -104.99883000000001,39.75488 -104.99858,39.75508000000001 -104.99827,39.755320000000005 -104.99811000000001,39.75542 -104.99791,39.75556 -104.99774000000001,39.755680000000005 -104.99746,39.755880000000005 -104.99726000000001,39.75602000000001 -104.99712000000001,39.756130000000006 -104.99703000000001,39.7562 -104.99678000000002,39.75639 -104.99668000000001,39.75647 -104.99623000000001,39.756820000000005 -104.99588000000001,39.75708 -104.99510000000001,39.757690000000004 -104.99490000000002,39.75782 -104.99488000000001,39.757830000000006 -104.99478,39.757920000000006 -104.99465000000001,39.758030000000005 -104.99454000000001,39.75811 -104.99442,39.7582 -104.99434000000001,39.75826 -104.99426000000001,39.75831 -104.99409000000001,39.7584 -104.99396000000002,39.75846000000001 -104.99384,39.75851 -104.99349000000001,39.758630000000004 -104.99335,39.758680000000005 -104.99279000000001,39.758860000000006 -104.99253,39.758950000000006 -104.99213,39.75912 -104.99172000000002,39.7593 -104.99144000000001,39.75943 -104.99126000000001,39.75952 -104.99098000000001,39.75968 -104.99075,39.75983 -104.99051000000001,39.760000000000005 -104.98997000000001,39.76037 -104.98955000000001,39.76066 -104.98942000000001,39.76075 -104.98897000000001,39.76106 -104.98865,39.761280000000006 -104.98836000000001,39.761480000000006 -104.98833,39.76149 -104.98811,39.76165 -104.98781000000001,39.761860000000006 -104.98752,39.76207 -104.98712,39.76234 -104.98682000000001,39.762530000000005 -104.98664000000001,39.76263 -104.98646000000001,39.762730000000005 -104.98619000000001,39.76294 -104.98602000000001,39.76306 -104.98458000000001,39.76418 -104.98408,39.764570000000006 -104.98304,39.76538 -104.98282,39.76554 -104.98262000000001,39.765690000000006 -104.98239000000001,39.765840000000004 -104.98221000000001,39.765950000000004 -104.98204000000001,39.76605 -104.98125,39.766470000000005 -104.97984000000001,39.767230000000005 -104.97874,39.767830000000004 -104.9779,39.768280000000004 -104.97763,39.768420000000006 -104.97708000000002,39.768710000000006 -104.97687,39.768840000000004 -104.97668,39.768950000000004 -104.97625000000001,39.76921 -104.97595000000001,39.769400000000005 -104.97572000000001,39.769540000000006 -104.97553,39.769670000000005 -104.97525,39.76988 -104.97497000000001,39.770100000000006 -104.97463,39.770360000000004 -104.97428000000001,39.77058 -104.97404,39.77076 -104.97381000000001,39.77094 -104.97371000000001,39.771010000000004 -104.97358000000001,39.77111 -104.97337,39.770950000000006 -104.97331000000001,39.771 -104.97328,39.77102 -104.97313000000001,39.77113000000001 -104.97309000000001,39.77116 -104.97306,39.77118 -104.97297,39.771260000000005 -104.97277000000001,39.771420000000006 -104.97211000000001,39.77194 -104.97201000000001,39.77201 -104.97194,39.77206 -104.97161000000001,39.77232 -104.9715,39.772400000000005 -104.97144000000002,39.77244 -104.97138000000001,39.77248 -104.97125000000001,39.772560000000006 -104.97109,39.77264 -104.97083,39.77275 -104.97057000000001,39.77284 -104.97027000000001,39.77291 -104.96997,39.77295 -104.96973000000001,39.772960000000005 -104.9697,39.77297 -104.96950000000001,39.77297 -104.96752000000001,39.77297 -104.9654,39.772960000000005 -104.96482,39.772960000000005 -104.96303,39.772960000000005 -104.96248000000001,39.772960000000005 -104.96189000000001,39.772960000000005 -104.96101,39.772960000000005 -104.96061,39.772960000000005 -104.95945,39.77295 -104.95928,39.77295 -104.95922,39.77295 -104.95896,39.772960000000005 -104.95886000000002,39.772960000000005 -104.95873,39.772960000000005 -104.9586,39.77297 -104.95846,39.773 -104.95837,39.77302 -104.95830000000001,39.77304 -104.95822000000001,39.77306 -104.95812000000001,39.77309 -104.95808000000001,39.77311 -104.95803000000001,39.77313 -104.95792000000002,39.77318 -104.95781000000001,39.773250000000004 -104.95768000000001,39.77333 -104.95761,39.773390000000006 -104.95753,39.77347 -104.95746000000001,39.773540000000004 -104.9574,39.7736 -104.95732000000001,39.77373 -104.95728000000001,39.7738 -104.95717,39.774080000000005 -104.95716,39.77411 -104.95702000000001,39.77449 -104.95698,39.77459 -104.95692000000001,39.774680000000004 -104.95686,39.774770000000004 -104.95686,39.77478 -104.95679000000001,39.774860000000004 -104.95673000000001,39.77492 -104.95668,39.77496 -104.95660000000001,39.77503 -104.95653000000001,39.77508 -104.95646,39.77512 -104.95639000000001,39.77516000000001 -104.95630000000001,39.77521 -104.95615000000001,39.775270000000006 -104.95608000000001,39.775290000000005 -104.95601,39.77532 -104.95596,39.775330000000004 -104.95589000000001,39.77535 -104.95578,39.77537 -104.95574,39.77537 -104.95567000000001,39.775380000000006 -104.95552,39.77539 -104.95551,39.77539 -104.95496000000001,39.775420000000004 -104.95416,39.775470000000006 -104.95349,39.7755 -104.95294000000001,39.77553 -104.95177000000001,39.77559 -104.94981000000001,39.7757 -104.94929,39.77572 -104.94778000000001,39.775800000000004 -104.94690000000001,39.77584 -104.94614000000001,39.77588 -104.94576,39.7759 -104.94571,39.7759 -104.94554000000001,39.77591 -104.94511000000001,39.775920000000006 -104.94479000000001,39.775920000000006 -104.94438000000001,39.77593 -104.94413000000002,39.775940000000006 -104.94228000000001,39.77604 -104.94204,39.776050000000005 -104.94101,39.77611 -104.94000000000001,39.776160000000004 -104.93949,39.77619 -104.93871000000001,39.776230000000005 -104.93817000000001,39.77626 -104.93753000000001,39.77629 -104.93738,39.776300000000006 -104.93710000000002,39.776320000000005 -104.93675,39.77633 -104.9364,39.776340000000005 -104.93597000000001,39.776340000000005 -104.93559,39.776340000000005 -104.93517000000001,39.77633 -104.93484000000001,39.77631 -104.93466000000001,39.776300000000006 -104.93446000000002,39.77629 -104.93422000000001,39.77628 -104.93390000000001,39.776250000000005 -104.9337,39.77624 -104.93349,39.77622 -104.93344,39.776210000000006 -104.93334000000002,39.7762 -104.93312,39.776180000000004 -104.93291,39.77615 -104.93274000000001,39.77613 -104.93254,39.77611 -104.93206,39.77604 -104.93181000000001,39.77601000000001 -104.93173,39.77599 -104.93104000000001,39.7759 -104.92924000000001,39.775650000000006 -104.92557000000001,39.77514 -104.92534,39.775110000000005 -104.92488,39.77505 -104.92477000000001,39.77503 -104.92465000000001,39.77501 -104.92419000000001,39.774950000000004 -104.92340000000002,39.774840000000005 -104.92325000000001,39.774820000000005 -104.92264000000002,39.77474 -104.92232000000001,39.77469000000001 -104.92151000000001,39.77458 -104.92138000000001,39.77456 -104.92113,39.774530000000006 -104.92086,39.77449 -104.92027,39.77441 -104.91964000000002,39.77432 -104.91932000000001,39.77427 -104.9188,39.77418 -104.91835,39.77411 -104.91766000000001,39.774 -104.91705,39.77391 -104.91377000000001,39.77346 -104.91194000000002,39.773210000000006 -104.91079,39.773050000000005 -104.90524,39.77228 -104.90501,39.77225000000001 -104.90363,39.77206 -104.90339,39.77203 -104.90316000000001,39.772000000000006 -104.90303000000002,39.771980000000006 -104.90247000000001,39.7719 -104.90154000000001,39.771770000000004 -104.90108000000001,39.771710000000006 -104.90017,39.77158 -104.89949000000001,39.77149 -104.89877000000001,39.771390000000004 -104.89836000000001,39.771330000000006 -104.89651,39.77107 -104.89593,39.77098 -104.8957,39.770950000000006 -104.89547,39.770920000000004 -104.89531000000001,39.770900000000005 -104.89516,39.77089 -104.89439000000002,39.77082 -104.89423000000001,39.770810000000004 -104.89412000000002,39.7708 -104.89333,39.77074 -104.89110000000001,39.77058 -104.88867,39.770390000000006 -104.88704000000001,39.770270000000004 -104.88611,39.7702 -104.88564000000001,39.77017 -104.88471000000001,39.770100000000006 -104.88424,39.77006 -104.88354000000001,39.770010000000006 -104.88237000000001,39.769920000000006 -104.87981,39.76973 -104.87794000000001,39.76959 -104.87678000000001,39.7695 -104.87398,39.769290000000005 -104.87235000000001,39.76917 -104.86723,39.76879 -104.86582000000001,39.76868 -104.86566,39.76867 -104.86416000000001,39.76856 -104.86341,39.768510000000006 -104.86278000000001,39.76847 -104.8615,39.768370000000004 -104.86092000000001,39.768330000000006 -104.85953,39.76822000000001 -104.85857000000001,39.768150000000006 -104.85771000000001,39.76809 -104.85358000000001,39.76778 -104.85357,39.76778 -104.85304000000001,39.76773 -104.85242000000001,39.767680000000006 -104.85062,39.76755 -104.84997000000001,39.767500000000005 -104.84922,39.76744 -104.84691000000001,39.76727 -104.84550000000002,39.76717 -104.84413,39.767070000000004 -104.84410000000001,39.767070000000004 -104.84327,39.767010000000006 -104.84296,39.766980000000004 -104.83798,39.76661 -104.83756000000001,39.76657 -104.83728,39.76655 -104.837,39.76652 -104.83699000000001,39.76652 -104.83691,39.766510000000004 -104.83672000000001,39.766490000000005 -104.83641000000001,39.766450000000006 -104.83621000000001,39.766420000000004 -104.83581000000001,39.76637 -104.83551000000001,39.76632 -104.83531,39.76628 -104.83516,39.76626 -104.83488000000001,39.76621 -104.83464000000001,39.766160000000006 -104.83434000000001,39.7661 -104.83393000000001,39.766000000000005 -104.83354000000001,39.765910000000005 -104.83344000000001,39.765890000000006 -104.83233000000001,39.76559 -104.83186,39.765460000000004 -104.83017000000001,39.765 -104.82961,39.76485 -104.82952,39.76483 -104.82886,39.76465 -104.82864000000001,39.764590000000005 -104.82775000000001,39.76435 -104.82753000000001,39.76429 -104.82687000000001,39.76411 -104.8268,39.76409 -104.82665000000001,39.764050000000005 -104.82624000000001,39.763940000000005 -104.82621,39.76393 -104.82599,39.763870000000004 -104.82564,39.763780000000004 -104.82524000000001,39.763670000000005 -104.82495000000002,39.76359 -104.82400000000001,39.76333 -104.82303,39.763070000000006 -104.82247000000001,39.76292 -104.82128,39.76263 -104.82062,39.76247 -104.82017,39.76236 -104.81948000000001,39.762170000000005 -104.81862000000001,39.76194 -104.81818000000001,39.76182 -104.81679000000001,39.76146000000001 -104.81603000000001,39.761250000000004 -104.81211,39.760200000000005 -104.81071000000001,39.75983 -104.80932000000001,39.759460000000004 -104.80818000000001,39.75916 -104.80741,39.758950000000006 -104.80707000000001,39.758860000000006 -104.80543000000002,39.75842 -104.80474000000001,39.75824 -104.80383,39.75799000000001 -104.80244,39.75762 -104.79989,39.75694 -104.7998,39.75692 -104.79967,39.756890000000006 -104.79944,39.75683 -104.79909,39.756750000000004 -104.79866000000001,39.75665 -104.79833,39.75658000000001 -104.7981,39.75654 -104.79787,39.7565 -104.79767000000001,39.75647 -104.79723000000001,39.75641 -104.79697,39.75638 -104.79661000000002,39.75634 -104.79573,39.756240000000005 -104.79545,39.75621 -104.79532,39.7562 -104.79524,39.7562 -104.79509,39.756190000000004 -104.79492,39.756190000000004 -104.79486000000001,39.756190000000004 -104.79481000000001,39.756190000000004 -104.79469,39.756190000000004 -104.79459000000001,39.7562 -104.79447,39.75621 -104.79434,39.756220000000006 -104.79424,39.756240000000005 -104.79400000000001,39.756280000000004 -104.79393,39.7563 -104.79387000000001,39.756310000000006 -104.79377000000001,39.75634 -104.79371,39.75636 -104.79361000000002,39.75639 -104.79349,39.75643 -104.79325000000001,39.756530000000005 -104.79315000000001,39.75658000000001 -104.79305000000001,39.75663 -104.79296000000001,39.75668 -104.79294,39.756690000000006 -104.79288000000001,39.75672 -104.79279000000001,39.756780000000006 -104.79273,39.756820000000005 -104.79270000000001,39.756840000000004 -104.79266000000001,39.756870000000006 -104.79255,39.75695 -104.79247000000001,39.757020000000004 -104.79235000000001,39.757130000000004 -104.79223,39.757250000000006 -104.79215,39.75735 -104.79208000000001,39.75743000000001 -104.79203000000001,39.757490000000004 -104.79197,39.757580000000004 -104.79192,39.75766 -104.79190000000001,39.757690000000004 -104.79183,39.7578 -104.79176000000001,39.757920000000006 -104.79172000000001,39.75799000000001 -104.79163000000001,39.75815 -104.79154000000001,39.758300000000006 -104.79153000000001,39.758320000000005 -104.79137000000001,39.758590000000005 -104.79134,39.75865 -104.79126000000001,39.758790000000005 -104.79116,39.758950000000006 -104.79109000000001,39.759080000000004 -104.79107,39.75911 -104.79097,39.759280000000004 -104.7908,39.759570000000004 -104.79077000000001,39.759620000000005 -104.79070000000002,39.75974 -104.79060000000001,39.7599 -104.79051000000001,39.760070000000006 -104.79041000000001,39.76023 -104.79012,39.760720000000006 -104.79002000000001,39.76089 -104.78999,39.760940000000005 -104.78993000000001,39.761050000000004 -104.78983000000001,39.761210000000005 -104.78974000000001,39.76138 -104.78972,39.7614 -104.78964,39.761540000000004 -104.78956000000001,39.76169 -104.78955,39.76171 -104.78951,39.761770000000006 -104.78947000000001,39.76184000000001 -104.78934000000001,39.762060000000005 -104.78931000000001,39.762100000000004 -104.78925000000001,39.76221 -104.78922000000001,39.76227 -104.78920000000001,39.7623 -104.78902000000001,39.762600000000006 -104.78899000000001,39.76265 -104.78893000000001,39.76276 -104.78884000000001,39.762930000000004 -104.78874,39.763090000000005 -104.78868000000001,39.763200000000005 -104.78858000000001,39.763380000000005 -104.78856,39.76342 -104.78840000000001,39.763760000000005 -104.78832000000001,39.76393 -104.78825,39.76409 -104.78819000000001,39.764250000000004 -104.78818000000001,39.76427 -104.78809000000001,39.76453 -104.78808000000001,39.76456 -104.78806,39.76462 -104.78802,39.76473 -104.78800000000001,39.764790000000005 -104.78797000000002,39.76487 -104.78790000000001,39.76514 -104.78787000000001,39.76523 -104.78785,39.76532 -104.78781000000001,39.7655 -104.7878,39.765530000000005 -104.78777000000001,39.76567 -104.78774000000001,39.76581 -104.78771,39.76603 -104.78768000000001,39.76623 -104.78766,39.76639 -104.78765000000001,39.76648 -104.78765000000001,39.766540000000006 -104.78764000000001,39.76664 -104.78763000000001,39.766830000000006 -104.78761000000002,39.767140000000005 -104.78762,39.76735 -104.78762,39.76765 -104.78764000000001,39.76803 -104.78768000000001,39.76885 -104.78768000000001,39.76944 -104.78768000000001,39.76972000000001 -104.78769000000001,39.770320000000005 -104.78769000000001,39.7704 -104.78769000000001,39.770900000000005 -104.78769000000001,39.77158 -104.78769000000001,39.77160000000001 -104.78769000000001,39.77214 -104.78770000000002,39.77268 -104.78770000000002,39.772780000000004 -104.78771,39.772920000000006 -104.78770000000002,39.772960000000005 -104.78771,39.773360000000004 -104.78771,39.773520000000005 -104.78771,39.773700000000005 -104.78771,39.773860000000006 -104.78771,39.773880000000005 -104.78772000000001,39.774210000000004 -104.78773000000001,39.774980000000006 -104.78774000000001,39.77525 -104.78775,39.775690000000004 -104.78776,39.77597 -104.78777000000001,39.77637 -104.78779000000002,39.776920000000004 -104.78779000000002,39.777120000000004 -104.78779000000002,39.77714 -104.7878,39.7775 -104.78782000000001,39.7781 -104.78782000000001,39.77819 -104.78783000000001,39.77873 -104.78784,39.778850000000006 -104.78784,39.779270000000004 -104.78784,39.77944 -104.78785,39.780170000000005 -104.78785,39.78089000000001 -104.78785,39.781020000000005 -104.78785,39.78119 -104.78786000000001,39.781690000000005 -104.78786000000001,39.78197 -104.78786000000001,39.78287 -104.78786000000001,39.78295000000001 -104.78786000000001,39.78305 -104.78786000000001,39.78307 -104.78787000000001,39.7832 -104.78787000000001,39.78323 -104.78787000000001,39.783590000000004 -104.78787000000001,39.783730000000006 -104.78787000000001,39.783750000000005 -104.78787000000001,39.783910000000006 -104.78787000000001,39.78398000000001 -104.78787000000001,39.784040000000005 -104.78787000000001,39.7841 -104.78787000000001,39.784310000000005 -104.78787000000001,39.78446 -104.78787000000001,39.784580000000005 -104.78786000000001,39.78479 -104.78785,39.784940000000006 -104.78785,39.785000000000004 -104.78784,39.78517 -104.78782000000001,39.78530000000001 -104.78782000000001,39.78535 -104.78779000000002,39.785540000000005 -104.78775,39.78584 -104.78770000000002,39.786120000000004 -104.78764000000001,39.786370000000005 -104.78758,39.78663 -104.78752000000001,39.78681 -104.78739,39.787240000000004 -104.78726,39.78766 -104.78722,39.78777 -104.78711000000001,39.7881 -104.78694000000002,39.78864 -104.78684000000001,39.788940000000004 -104.78648000000001,39.790040000000005 -104.78643000000001,39.79021 -104.78631000000001,39.790580000000006 -104.78612000000001,39.79117 -104.78599000000001,39.79157 -104.78582000000002,39.792100000000005 -104.78581000000001,39.79213 -104.78554000000001,39.79296 -104.78536000000001,39.7935 -104.78532000000001,39.793620000000004 -104.78528000000001,39.79377 -104.78521,39.793980000000005 -104.78508000000001,39.794380000000004 -104.78507,39.7944 -104.78491000000001,39.794900000000005 -104.78467,39.79562000000001 -104.78464000000001,39.79572 -104.78450000000001,39.796150000000004 -104.78445,39.796310000000005 -104.78442000000001,39.79643 -104.78438000000001,39.796530000000004 -104.78427,39.796940000000006 -104.78424000000001,39.79702 -104.78418,39.797290000000004 -104.78416000000001,39.797380000000004 -104.78412,39.79753 -104.78408,39.797740000000005 -104.78405000000001,39.79789 -104.78405000000001,39.79791 -104.78399,39.79827 -104.78398000000001,39.79829 -104.78396000000001,39.79844000000001 -104.78395,39.798500000000004 -104.78392000000001,39.79876 -104.78389000000001,39.79903 -104.78388000000001,39.79916 -104.78387000000001,39.79932 -104.78385000000002,39.79963 -104.78385000000002,39.799640000000004 -104.78384000000001,39.80003000000001 -104.78384000000001,39.800340000000006 -104.78384000000001,39.80042 -104.78384000000001,39.80046 -104.78385000000002,39.80059000000001 -104.78386,39.80096 -104.78386,39.80102 -104.78386,39.801080000000006 -104.78387000000001,39.801480000000005 -104.78387000000001,39.801520000000004 -104.78388000000001,39.80158 -104.78388000000001,39.80163 -104.78388000000001,39.801790000000004 -104.78389000000001,39.801860000000005 -104.78389000000001,39.802040000000005 -104.7839,39.802220000000005 -104.7839,39.80237 -104.78391,39.802580000000006 -104.78391,39.802710000000005 -104.78392000000001,39.80283 -104.78392000000001,39.80312 -104.78393000000001,39.80321 -104.78393000000001,39.80348 -104.78394000000002,39.803740000000005 -104.78397000000001,39.80463 -104.78397000000001,39.80474 -104.78398000000001,39.80528 -104.78399,39.805460000000004 -104.78401000000001,39.80621 -104.78404,39.807030000000005 -104.78405000000001,39.80731 -104.784,39.80731 -104.78398000000001,39.80895 -104.78371000000001,39.8181 -104.78254000000001,39.82276 -104.78045,39.82584000000001 -104.77807000000001,39.82732 -104.77457000000001,39.828120000000006 -104.76102,39.828660000000006 -104.74526,39.828610000000005 -104.74141,39.829600000000006 -104.73882,39.83126 -104.73808000000001,39.83234 -104.73722000000001,39.834610000000005 -104.73686000000001,39.8357 -104.73631,39.83662 -104.73517000000001,39.837740000000004 -104.73344,39.838480000000004 -104.73141000000001,39.838950000000004 -104.72486,39.83899 -104.69585000000001,39.83854 -104.68364000000001,39.83858 -104.67940000000002,39.838620000000006 -104.6761,39.83906 -104.67489,39.840360000000004 -104.67413,39.8414 -104.67369000000001,39.843500000000006 -104.67391,39.84657 -104.67392000000001,39.846720000000005 -104.67399,39.846720000000005 -104.67403,39.84935 -104.67468000000001,39.849740000000004 -104.67472000000001,39.84975 -104.67487000000001,39.84973 -104.67487000000001,39.8498 -104.67487000000001,39.84982 -104.67487000000001,39.849880000000006 -104.67487000000001,39.84989 -104.67487000000001,39.84996 -104.67487000000001,39.85002 -104.67487000000001,39.85009 -104.67487000000001,39.850150000000006 -104.67487000000001,39.850190000000005 -104.67487000000001,39.85023 -104.67486000000001,39.85034 -104.67485,39.850370000000005 -104.67491000000001,39.850570000000005 -104.67491000000001,39.850590000000004 -104.67491000000001,39.850640000000006 -104.67491000000001,39.8507 -104.67491000000001,39.850750000000005 -104.67491000000001,39.85080000000001 -104.67491000000001,39.85083 -104.67492000000001,39.850860000000004 -104.67492000000001,39.85089000000001 -104.67493,39.85092 -104.67493,39.850950000000005 -104.67494,39.850970000000004 -104.67494,39.85099 -104.67495000000001,39.85101 -104.67496000000001,39.85103 -104.67497,39.85107 -104.67499000000001,39.8511 -104.67500000000001,39.851130000000005 -104.67502,39.851150000000004 -104.67504000000001,39.85119 -104.67505000000001,39.85121 -104.67507,39.85123 -104.67508000000001,39.85125 -104.67510000000001,39.85128 -104.67512,39.8513 -104.67515,39.851330000000004 -104.67518000000001,39.85136000000001 -104.6752,39.851380000000006 -104.67523000000001,39.85141 -104.67526000000001,39.85143 -104.67528000000001,39.851440000000004 -104.67530000000001,39.85146 -104.67533,39.85148 -104.67536000000001,39.8515 -104.67538,39.851510000000005 -104.67540000000001,39.85152 -104.67542,39.85154 -104.67544000000001,39.85155 -104.67546000000002,39.851560000000006 -104.67548000000001,39.85157 -104.67549000000001,39.851580000000006 -104.67552,39.85159 -104.67555000000002,39.851600000000005 -104.67558000000001,39.85161 -104.67561,39.851620000000004 -104.67564000000002,39.85164 -104.67568000000001,39.85165000000001 -104.67572000000001,39.85166 -104.67576000000001,39.851670000000006 -104.67580000000001,39.85168 -104.67583,39.851690000000005 -104.67588,39.8517 -104.67593000000001,39.8517 -104.67598000000001,39.851710000000004 -104.67604000000001,39.851710000000004 -104.67608000000001,39.851710000000004 -104.67611000000001,39.85172 -104.67615,39.85172 -104.67618,39.85172 -104.67622000000001,39.85172 -104.67627,39.85172 -104.67644000000001,39.85172 -104.67656000000001,39.85172 -104.67668,39.85172 -104.67683000000001,39.85172 -104.67689000000001,39.85172 -104.67699,39.85172 -104.67708,39.85172 -104.67715000000001,39.85172 -104.67726,39.85172 -104.67769000000001,39.8517 -104.67783000000001,39.8517 -104.67826000000001,39.85168 -104.67841000000001,39.85168 -104.67867000000001,39.851670000000006 -104.67876000000001,39.851670000000006 -104.67895000000001,39.85166 -104.679,39.85166 -104.67905,39.85166 -104.67911000000001,39.85165000000001 -104.67916000000001,39.85165000000001 -104.67922000000002,39.85165000000001 -104.67928,39.85164 -104.67932,39.85163 -104.67938000000001,39.85163 -104.6795,39.85161 -104.67957000000001,39.851600000000005 -104.67971000000001,39.85154 -104.67979000000001,39.85152 -104.67986,39.851510000000005 -104.67993000000001,39.851490000000005 -104.68001000000001,39.851470000000006 -104.68009,39.851440000000004 -104.68021,39.851400000000005 -104.68028000000001,39.851380000000006 -104.68034000000002,39.851350000000004 -104.6804,39.851330000000004 -104.68046000000001,39.8513 -104.68054000000001,39.85127000000001 -104.68060000000001,39.851240000000004 -104.68068000000001,39.851200000000006 -104.68073000000001,39.85118000000001 -104.68079,39.85114 -104.68086000000001,39.8511 -104.68099000000001,39.851060000000004 -104.68108000000001,39.851000000000006 -104.68112,39.850970000000004 -104.68116,39.85094 -104.6812,39.850910000000006 -104.68125,39.850880000000004 -104.68128000000002,39.85085 -104.68132000000001,39.850820000000006 -104.68135000000001,39.85079 -104.68139000000001,39.85076 -104.68142,39.850730000000006 -104.68145000000001,39.8507 -104.68149000000001,39.85067 -104.68149000000001,39.850660000000005 -104.68153000000001,39.85063 -104.68158000000001,39.85058 -104.68161,39.85054 -104.68164,39.85051 -104.68169,39.85045 -104.68175000000001,39.85038 -104.68178,39.85034 -104.68180000000001,39.85031 -104.68183,39.85027 -104.68185000000001,39.85025 -104.68187,39.85022 -104.68189000000001,39.85018 -104.68192,39.85014 -104.68194000000001,39.85011 -104.68196,39.85007 -104.68198000000001,39.850030000000004 -104.682,39.849990000000005 -104.68202000000001,39.84995 -104.68205,39.849900000000005 -104.68207000000001,39.84985 -104.68208000000001,39.84982 -104.6821,39.84978 -104.68211000000001,39.84975 -104.68212000000001,39.849720000000005 -104.68214,39.84967 -104.68213000000002,39.849540000000005 -104.68214,39.849520000000005 -104.68215000000001,39.84948 -104.68216000000001,39.84944 -104.68217000000001,39.84939000000001 -104.68218,39.84935 -104.68218,39.849320000000006 -104.68219,39.84929 -104.68219,39.849250000000005 -104.68220000000001,39.84921000000001 -104.68220000000001,39.84917 -104.68220000000001,39.849120000000006 -104.68221000000001,39.848980000000005 -104.68221000000001,39.84873 -104.68221000000001,39.848650000000006 -104.68221000000001,39.84839 -104.68246,39.84839 -104.68246,39.848600000000005 -104.68246,39.848780000000005 -104.68245,39.849030000000006 -104.68244000000001,39.84911 -104.68243000000001,39.849230000000006 -104.68241,39.849360000000004 -104.68238000000001,39.849500000000006 -104.68233000000001,39.84967 -104.68226000000001,39.84985 -104.68206,39.85025 -104.68191,39.850480000000005 -104.68180000000001,39.850640000000006 -104.68164,39.85083 -104.68142,39.85107 -104.68129,39.851150000000004 -104.68105000000001,39.85134 -104.68094,39.851400000000005 -104.68073000000001,39.851490000000005 -104.68053,39.851580000000006 -104.68034000000002,39.851670000000006 -104.68007000000001,39.85177 -104.67991,39.851820000000004 -104.67982,39.851850000000006 -104.67970000000001,39.851890000000004 -104.67969000000001,39.851890000000004 -104.67966000000001,39.8519 -104.67946,39.851940000000006 -104.67943000000001,39.85195 -104.67924000000001,39.85199 -104.67903000000001,39.85202 -104.67902000000001,39.852030000000006 -104.67901,39.852030000000006 -104.67878,39.852050000000006 -104.67877000000001,39.852050000000006 -104.67854000000001,39.85206 -104.67834,39.852070000000005 -104.67831000000001,39.852070000000005 -104.67779,39.85206 -104.67676,39.852050000000006 -104.67511,39.85204 -104.67490000000001,39.852030000000006 -104.67462,39.85201 -104.67394,39.85204 -104.67368,39.852050000000006</coordinates>
        </LineString>
      </Placemark>
      <Placemark>
        <name>Denver International Airport to John F. Kennedy International Airport (plane)</name>
        <description>&lt;b&gt;Mode:&lt;/b&gt; plane&lt;br&gt;Representative flight DAL336 (KDEN-KJFK)</description>
        <Style>
          <LineStyle>
            <color>ff2f2fd3</color>
            <width>3</width>
          </LineStyle>
        </Style>
        <LineString>
          <coordinates>-104.6285,39.8773 -104.617,39.8773 -104.6073,39.877 -104.5995,39.8767 -104.5901,39.8752 -104.5758,39.8718 -104.5568,39.8663 -104.5272,39.856 -104.5045,39.8482 -104.4815,39.8403 -104.4468,39.8284 -104.4269,39.8219 -104.4111,39.8171 -104.3994,39.8141 -104.3857,39.8121 -104.3639,39.8103 -104.3339,39.8087 -104.2758,39.8028 -104.2108,39.7954 -104.1424,39.7877 -104.0706,39.7799 -103.9995,39.7725 -103.9304,39.7654 -103.8258,39.7525 -103.7544,39.7435 -103.6493,39.7351 -103.5687,39.7287 -103.4934,39.7227 -103.4171,39.7165 -103.3383,39.7101 -103.2575,39.7034 -103.1753,39.6967 -103.0958,39.6901 -103.0122,39.6832 -102.93,39.6763 -102.8465,39.6692 -102.7607,39.6617 -102.673,39.6541 -102.5869,39.6466 -102.5022,39.6391 -102.4161,39.6314 -102.3305,39.6238 -102.2483,39.6163 -102.1685,39.609 -102.0821,39.6009 -102.0022,39.5935 -101.9193,39.5868 -101.8378,39.5806 -101.7512,39.5738 -101.6704,39.5673 -101.5896,39.5608 -101.5076,39.554 -101.4187,39.5465 -101.3018,39.5298 -101.2207,39.5179 -101.1385,39.5059 -101.0571,39.4939 -100.9757,39.4814 -100.8966,39.4691 -100.8108,39.4561 -100.7308,39.444 -100.6508,39.4318 -100.5691,39.4194 -100.488,39.4069 -100.4104,39.395 -100.3283,39.3821 -100.248,39.3697 -100.1673,39.357 -100.085,39.344 -100.004,39.331 -99.9275,39.3188 -99.8449,39.3056 -99.7694,39.2934 -99.6865,39.2801 -99.6086,39.2675 -99.524,39.2535 -99.4503,39.2415 -99.3649,39.2274 -99.2801,39.2134 -99.1953,39.1993 -99.1183,39.1864 -99.0375,39.1728 -98.9564,39.1592 -98.877,39.1457 -98.7939,39.1313 -98.7147,39.1177 -98.6292,39.103 -98.5483,39.089 -98.4665,39.0746 -98.3882,39.0611 -98.3017,39.0462 -98.2248,39.0329 -98.1403,39.018 -98.0548,39.0029 -97.9732,38.9884 -97.8962,38.9747 -97.8135,38.9599 -97.7336,38.9455 -97.6515,38.9307 -97.5936,38.9242 -97.5136,38.9205 -97.4286,38.9163 -97.345,38.9123 -97.2679,38.9086 -97.182,38.9045 -97.1006,38.9006 -97.0176,38.8966 -96.9372,38.8925 -96.8525,38.8881 -96.7704,38.8838 -96.6858,38.8793 -96.6039,38.875 -96.5169,38.8703 -96.4383,38.8659 -96.3548,38.8613 -96.2711,38.8566 -96.1899,38.852 -96.1077,38.8473 -96.0242,38.8425 -95.9398,38.8376 -95.8564,38.8326 -95.7723,38.8274 -95.6914,38.8225 -95.6058,38.8173 -95.5158,38.8117 -95.4635,38.8074 -95.4172,38.8024 -95.3767,38.7968 -95.295,38.7811 -95.2104,38.7647 -95.1266,38.7483 -95.0468,38.7326 -94.9639,38.7162 -94.8831,38.7003 -94.8013,38.6842 -94.7181,38.6675 -94.6343,38.6506 -94.5535,38.6344 -94.4741,38.6183 -94.394,38.6022 -94.3113,38.5854 -94.2308,38.5691 -94.1495,38.5524 -94.0685,38.5358 -93.9914,38.5199 -93.9079,38.5026 -93.8276,38.486 -93.7479,38.4693 -93.6642,38.4517 -93.5834,38.4348 -93.5023,38.4175 -93.4247,38.4011 -93.341,38.3833 -93.2618,38.3664 -93.1794,38.3486 -93.1004,38.3315 -93.0205,38.3144 -92.9395,38.2971 -92.8566,38.2792 -92.7746,38.2611 -92.695,38.2435 -92.6104,38.2247 -92.5257,38.2061 -92.4432,38.188 -92.3637,38.1704 -92.2846,38.1528 -92.202,38.1342 -92.1234,38.1165 -92.0437,38.0986 -91.9624,38.0801 -91.8787,38.061 -91.8001,38.0432 -91.719,38.0247 -91.6365,38.0057 -91.5551,37.9868 -91.4743,37.9682 -91.3902,37.9488 -91.3085,37.9298 -91.2285,37.911 -91.1471,37.8918 -91.067,37.873 -90.9858,37.8539 -90.9032,37.8344 -90.8188,37.8144 -90.7399,37.7955 -90.6597,37.7762 -90.5777,37.7565 -90.4957,37.7368 -90.4163,37.7178 -90.3337,37.6978 -90.3042,37.6911 -90.2799,37.6863 -90.2607,37.6832 -90.2443,37.6814 -90.2282,37.6802 -90.2124,37.6797 -90.1867,37.681 -90.1406,37.6849 -90.0742,37.6915 -89.9899,37.701 -89.9036,37.7107 -89.8168,37.7204 -89.728,37.7301 -89.6459,37.7391 -89.5513,37.7493 -89.4661,37.7585 -89.3838,37.7673 -89.2925,37.7771 -89.2034,37.7864 -89.117,37.7954 -89.0282,37.8046 -88.9416,37.8134 -88.8515,37.8225 -88.7628,37.8316 -88.6715,37.8411 -88.5846,37.8498 -88.4929,37.8587 -88.4005,37.8676 -88.31,37.8763 -88.2226,37.8847 -88.1312,37.8936 -88.0419,37.9021 -87.9454,37.9114 -87.859,37.9195 -87.8239,37.925 -87.7966,37.9301 -87.7771,37.9349 -87.7594,37.9408 -87.7379,37.9495 -87.7125,37.9608 -87.6787,37.9788 -87.6316,38.0072 -87.5714,38.0461 -87.4999,38.0935 -87.4251,38.1432 -87.3561,38.1888 -87.286,38.2351 -87.2147,38.2819 -87.1422,38.3295 -87.0721,38.3756 -87.0015,38.4219 -86.9296,38.4689 -86.8598,38.5143 -86.7899,38.5597 -86.7198,38.6052 -86.6508,38.6499 -86.6181,38.6698 -86.5843,38.6887 -86.5495,38.7066 -86.4727,38.7418 -86.3934,38.7779 -86.3129,38.8146 -86.2384,38.8486 -86.1661,38.8819 -86.0872,38.9182 -86.0165,38.9505 -85.9395,38.9864 -85.8644,39.022 -85.7893,39.0573 -85.7078,39.0949 -85.6623,39.116 -85.6237,39.1372 -85.544,39.1895 -85.4785,39.2324 -85.4087,39.278 -85.3416,39.3215 -85.2753,39.3644 -85.2073,39.4082 -85.1368,39.4535 -85.0692,39.497 -85.0007,39.5411 -84.9345,39.5836 -84.8674,39.6263 -84.7981,39.6701 -84.7277,39.7147 -84.6609,39.7571 -84.5922,39.8008 -84.5242,39.8438 -84.4557,39.887 -84.3884,39.9293 -84.3157,39.9749 -84.2471,40.0179 -84.1766,40.0619 -84.1074,40.105 -84.0372,40.1488 -83.9701,40.1904 -83.9023,40.2323 -83.8286,40.2777 -83.7602,40.3198 -83.69,40.3631 -83.6216,40.4051 -83.5502,40.4488 -83.4797,40.4918 -83.4097,40.5343 -83.341,40.5761 -83.2694,40.6196 -83.1967,40.6635 -83.1256,40.7062 -83.0561,40.7482 -82.9828,40.7921 -82.9542,40.8087 -82.9299,40.8218 -82.9101,40.8315 -82.8927,40.8389 -82.8758,40.8454 -82.8595,40.8509 -82.8329,40.8582 -82.7853,40.8699 -82.7167,40.8862 -82.6267,40.907 -82.5354,40.9281 -82.4468,40.9486 -82.3569,40.9686 -82.2678,40.9882 -82.1775,41.008 -82.0858,41.0279 -81.9976,41.0471 -81.9028,41.0677 -81.8142,41.087 -81.7214,41.1069 -81.631,41.1263 -81.5377,41.1463 -81.4474,41.1655 -81.3528,41.1855 -81.26,41.2052 -81.1676,41.2247 -81.0752,41.2439 -80.9827,41.2632 -80.89,41.2824 -80.7938,41.3023 -80.696,41.3225 -80.6043,41.3413 -80.509,41.3606 -80.4136,41.3799 -80.3199,41.3988 -80.2274,41.4174 -80.1341,41.4361 -80.0395,41.4549 -79.941,41.4743 -79.846,41.493 -79.7478,41.5122 -79.6536,41.5305 -79.5581,41.5489 -79.5145,41.5539 -79.4535,41.5592 -79.3752,41.5648 -79.273,41.5709 -79.1698,41.577 -79.0664,41.5831 -78.9647,41.5889 -78.8621,41.5948 -78.7582,41.6007 -78.6583,41.6063 -78.624,41.6087 -78.5951,41.6114 -78.5716,41.6144 -78.5436,41.6195 -78.5011,41.6284 -78.4441,41.6412 -78.3477,41.6632 -78.2485,41.6858 -78.1525,41.7078 -78.0546,41.7302 -77.9528,41.7535 -77.8574,41.7753 -77.823,41.7801 -77.7918,41.783 -77.7637,41.7839 -77.7254,41.7809 -77.6634,41.772 -77.5777,41.7572 -77.4747,41.7374 -77.3741,41.7192 -77.2711,41.7007 -77.1987,41.6862 -77.1164,41.6674 -77.0243,41.6444 -76.9248,41.6174 -76.826,41.5905 -76.7287,41.5639 -76.6305,41.5367 -76.5319,41.5095 -76.4347,41.4826 -76.3373,41.4555 -76.239,41.4283 -76.1453,41.4024 -76.0433,41.3738 -75.9477,41.3467 -75.8544,41.32 -75.7573,41.2923 -75.6837,41.2708 -75.5623,41.2302 -75.4752,41.2012 -75.3875,41.1716 -75.3004,41.1422 -75.2122,41.1125 -75.1249,41.0831 -75.0387,41.0539 -74.9497,41.0234 -74.9215,41.015 -74.8947,41.0077 -74.8692,41.0015 -74.8429,40.996 -74.8136,40.9907 -74.7814,40.9857 -74.6348,40.9685 -74.5814,40.9622 -74.4779,40.9497 -74.3866,40.9387 -74.3147,40.9299 -74.2367,40.9204 -74.189,40.9145 -74.1548,40.9097 -74.1342,40.9058 -74.1203,40.9017 -74.1067,40.8961 -74.0934,40.8889 -74.0812,40.8804 -74.0713,40.8708 -74.0636,40.8603 -74.055,40.8416 -74.0421,40.8077 -74.0251,40.7586 -74.0092,40.709 -73.9946,40.6633 -73.9788,40.6149 -73.965,40.5727 -73.951,40.5278 -73.9385,40.4836 -73.9307,40.4577 -73.9239,40.4387 -73.9181,40.4265 -73.9109,40.4156 -73.9001,40.4004 -73.8856,40.381 -73.8584,40.3435 -73.8293,40.3033 -73.8136,40.2821 -73.8005,40.2667 -73.79,40.2571 -73.7802,40.2503 -73.7693,40.2436 -73.7575,40.2369 -73.7455,40.231 -73.7343,40.2265 -73.724,40.2235 -73.714,40.2217 -73.7039,40.221 -73.6936,40.2214 -73.6834,40.2226 -73.6734,40.2242 -73.6635,40.2262 -73.6544,40.229 -73.6465,40.2327 -73.6397,40.2373 -73.6319,40.2446 -73.621,40.2566 -73.607,40.273 -73.5824,40.3033 -73.5554,40.3368 -73.5333,40.3639 -73.5135,40.3872 -73.4947,40.409 -73.4852,40.4198 -73.4672,40.4402 -73.4565,40.4524 -73.449,40.4615 -73.4446,40.4675 -73.4427,40.4718 -73.4423,40.4762 -73.4434,40.4806 -73.4455,40.4848 -73.4476,40.4888 -73.4499,40.4925 -73.4531,40.4965 -73.4582,40.5012 -73.4651,40.5066 -73.4757,40.5132 -73.4856,40.5189 -73.4947,40.5238 -73.511,40.531 -73.5333,40.541 -73.5573,40.5518 -73.5784,40.5615 -73.6021,40.5722 -73.6254,40.5829 -73.6479,40.5931 -73.6699,40.6032 -73.6821,40.6087 -73.6909,40.6126 -73.6941,40.6142 -73.7062,40.6197 -73.7179,40.625 -73.731,40.6309 -73.743,40.6363 -73.755,40.6418 -73.7685,40.6479</coordinates>
        </LineString>
      </Placemark>
      <Placemark>
        <name>John F. Kennedy International Airport to Peter Pan Donut &amp; Pastry Shop (car)</name>
        <description>&lt;b&gt;Mode:&lt;/b&gt; car</description>
        <Style>
          <LineStyle>
            <color>ff2f2fd3</color>
            <width>3</width>
          </LineStyle>
        </Style>
        <LineString>
          <coordinates>-73.785984,40.644282 -73.785833,40.64423 -73.785666,40.644174 -73.785514,40.644124 -73.785324,40.644066 -73.78521,40.644026 -73.785188,40.644018 -73.785039,40.643963 -73.784941,40.643905 -73.784874,40.643843 -73.784828,40.643782 -73.784775,40.643722 -73.784707,40.643663 -73.784639,40.643607 -73.784552,40.643563 -73.784444,40.643527 -73.784367,40.643519 -73.784054,40.643507 -73.783193,40.64388 -73.782859,40.644025 -73.782548,40.644159 -73.782186,40.644317 -73.781883,40.644448 -73.781296,40.644702 -73.780799,40.644913 -73.780714,40.644951 -73.780633,40.644988 -73.780555,40.645029 -73.780494,40.645068 -73.780443,40.645109 -73.780402,40.64515 -73.780364,40.645198 -73.780336,40.645239 -73.780309,40.64529 -73.780291,40.645334 -73.780277,40.645389 -73.780271,40.645441 -73.780271,40.645492 -73.780276,40.645545 -73.780287,40.645596 -73.780307,40.645649 -73.780336,40.645698 -73.780363,40.645743 -73.780544,40.645989 -73.780636,40.646154 -73.780721,40.646271 -73.780762,40.646323 -73.780812,40.646376 -73.780855,40.646412 -73.780912,40.646456 -73.780974,40.646497 -73.781032,40.646532 -73.781112,40.646576 -73.781205,40.64662 -73.781283,40.646655 -73.781345,40.64668 -73.781409,40.646703 -73.781477,40.646726 -73.781551,40.646748 -73.781696,40.646779 -73.78184,40.646803 -73.781972,40.646821 -73.78211,40.646835 -73.782241,40.646842 -73.782356,40.646841 -73.782466,40.646832 -73.782553,40.646818 -73.782644,40.646799 -73.782723,40.646776 -73.782811,40.646746 -73.782891,40.646713 -73.783259,40.646543 -73.783378,40.646482 -73.783501,40.646419 -73.783736,40.646313 -73.7839,40.646239 -73.784184,40.646108 -73.784519,40.64595 -73.784843,40.645824 -73.785225,40.645682 -73.785436,40.645608 -73.785864,40.645429 -73.785977,40.645384 -73.786273,40.645273 -73.78639,40.645229 -73.786514,40.645186 -73.786631,40.645149 -73.786753,40.645116 -73.786868,40.645088 -73.78699,40.645063 -73.787126,40.645039 -73.787248,40.645019 -73.787394,40.645002 -73.787516,40.644995 -73.787678,40.64499 -73.787885,40.644986 -73.788061,40.644986 -73.788185,40.644988 -73.78872,40.644983 -73.789031,40.644984 -73.789917,40.644979 -73.790061,40.644978 -73.790203,40.644977 -73.790428,40.644975 -73.790627,40.644973 -73.790918,40.644971 -73.791204,40.644966 -73.791492,40.644956 -73.791781,40.644944 -73.792063,40.64493 -73.792356,40.644913 -73.79264,40.644896 -73.792928,40.644876 -73.7932,40.644856 -73.793495,40.644836 -73.794638,40.644756 -73.79507,40.644726 -73.795216,40.644716 -73.795356,40.644708 -73.795502,40.644702 -73.795645,40.644697 -73.795796,40.644696 -73.795942,40.644695 -73.796084,40.644697 -73.79622,40.6447 -73.796364,40.644706 -73.796653,40.644727 -73.796938,40.644753 -73.797112,40.644775 -73.797216,40.644788 -73.797502,40.644834 -73.797771,40.644887 -73.798046,40.64495 -73.798318,40.64502 -73.798582,40.645098 -73.798705,40.645138 -73.798846,40.645184 -73.799105,40.645278 -73.799358,40.645381 -73.799606,40.645492 -73.799846,40.64561 -73.800085,40.645736 -73.800311,40.645868 -73.800529,40.646006 -73.800743,40.646152 -73.800949,40.646306 -73.801146,40.646464 -73.801337,40.646629 -73.801522,40.646796 -73.801706,40.646964 -73.801889,40.647135 -73.802068,40.647305 -73.802247,40.647479 -73.802422,40.647651 -73.802593,40.647822 -73.802766,40.647997 -73.802937,40.648172 -73.803105,40.648347 -73.803272,40.648529 -73.803438,40.64871 -73.803599,40.648887 -73.803762,40.649069 -73.803917,40.649249 -73.804076,40.649435 -73.80423,40.649618 -73.804379,40.649801 -73.804535,40.649991 -73.804682,40.650177 -73.80483,40.650366 -73.804973,40.650552 -73.805117,40.650745 -73.805259,40.650937 -73.805394,40.651126 -73.805531,40.651318 -73.805666,40.651512 -73.8058,40.651708 -73.805928,40.651901 -73.806055,40.652099 -73.806182,40.652294 -73.806303,40.652488 -73.806425,40.652688 -73.80654,40.652893 -73.806593,40.652992 -73.806646,40.653094 -73.806698,40.653196 -73.806746,40.653297 -73.806796,40.653403 -73.80684,40.653506 -73.806886,40.653611 -73.806929,40.653713 -73.806968,40.653819 -73.807007,40.653926 -73.807045,40.654032 -73.807079,40.654135 -73.807113,40.654246 -73.807144,40.654351 -73.807173,40.654457 -73.8072,40.654565 -73.807225,40.654671 -73.807249,40.65478 -73.807271,40.654888 -73.80729,40.654994 -73.807309,40.655105 -73.807326,40.655214 -73.807341,40.655322 -73.807354,40.65543 -73.807363,40.655538 -73.807373,40.655645 -73.80738,40.655757 -73.807385,40.655865 -73.80739,40.655975 -73.807392,40.656084 -73.807392,40.656194 -73.80739,40.656303 -73.807385,40.656411 -73.807379,40.656521 -73.807371,40.656629 -73.807363,40.656735 -73.807351,40.656845 -73.807338,40.656954 -73.807322,40.657062 -73.807306,40.65717 -73.807294,40.657239 -73.807286,40.65728 -73.807265,40.657388 -73.807257,40.657434 -73.807243,40.657497 -73.807219,40.657603 -73.807193,40.657709 -73.807165,40.657817 -73.807134,40.657927 -73.807103,40.65803 -73.807069,40.65814 -73.807033,40.658244 -73.806996,40.658349 -73.806956,40.658454 -73.806916,40.658558 -73.806874,40.658662 -73.806829,40.658766 -73.806781,40.658871 -73.806732,40.658974 -73.806683,40.65908 -73.806631,40.65918 -73.806578,40.659281 -73.806522,40.659383 -73.806466,40.659485 -73.806402,40.659592 -73.806346,40.659683 -73.806296,40.659771 -73.806229,40.659879 -73.806166,40.659978 -73.806096,40.660077 -73.80603,40.660174 -73.805959,40.660268 -73.805885,40.660363 -73.805812,40.660455 -73.805735,40.660547 -73.805661,40.660638 -73.805576,40.66073 -73.805496,40.660819 -73.805408,40.660906 -73.805317,40.66099 -73.805125,40.661057 -73.805006,40.661144 -73.804913,40.661203 -73.80479,40.661271 -73.804701,40.66132 -73.804589,40.661374 -73.804448,40.661438 -73.804283,40.661505 -73.804117,40.661573 -73.803184,40.661927 -73.802966,40.662052 -73.802804,40.662159 -73.802491,40.662414 -73.80233,40.662577 -73.802204,40.662728 -73.80212,40.662856 -73.802061,40.662974 -73.801983,40.663138 -73.801907,40.66334 -73.801857,40.663526 -73.801827,40.663651 -73.8018,40.663881 -73.801772,40.664413 -73.801759,40.664626 -73.801726,40.664907 -73.801695,40.665151 -73.801662,40.665442 -73.801632,40.665658 -73.801638,40.665789 -73.801601,40.665985 -73.801559,40.666201 -73.801497,40.666428 -73.801359,40.666934 -73.801272,40.667254 -73.801246,40.66744 -73.801165,40.667933 -73.801095,40.668495 -73.801075,40.668719 -73.80103,40.66937 -73.800997,40.669844 -73.800981,40.670736 -73.800986,40.671279 -73.801029,40.671939 -73.801163,40.673092 -73.801237,40.67346 -73.801366,40.673871 -73.801476,40.674188 -73.801701,40.674739 -73.802002,40.675388 -73.802741,40.676841 -73.8032,40.677801 -73.803797,40.679028 -73.80411,40.679689 -73.80439,40.680288 -73.805737,40.68307 -73.806595,40.684847 -73.806861,40.685407 -73.807179,40.686025 -73.807462,40.686546 -73.807843,40.687239 -73.808941,40.689151 -73.809178,40.689565 -73.810612,40.692104 -73.811741,40.69416 -73.811876,40.69437 -73.812363,40.695234 -73.81274,40.695878 -73.813298,40.696744 -73.813727,40.697433 -73.814062,40.698013 -73.814441,40.698708 -73.814555,40.698914 -73.814666,40.699118 -73.814776,40.699321 -73.814887,40.699529 -73.814994,40.699734 -73.815102,40.699941 -73.815205,40.70015 -73.815307,40.700357 -73.815408,40.700565 -73.815508,40.700776 -73.815599,40.700984 -73.815716,40.701261 -73.815928,40.701781 -73.816161,40.702318 -73.816712,40.703506 -73.817086,40.704289 -73.817233,40.704574 -73.817336,40.704784 -73.81745,40.705012 -73.817557,40.705224 -73.817665,40.705435 -73.817775,40.705628 -73.817918,40.705865 -73.818147,40.706248 -73.818953,40.707606 -73.819477,40.708493 -73.819612,40.708717 -73.819852,40.709158 -73.819927,40.709288 -73.820033,40.70943 -73.820141,40.709557 -73.82033,40.709791 -73.820605,40.710135 -73.820746,40.710297 -73.820887,40.71045 -73.820981,40.710545 -73.82111,40.710677 -73.821267,40.710821 -73.821438,40.710963 -73.821638,40.711126 -73.821841,40.711284 -73.82225,40.711591 -73.822448,40.711741 -73.822655,40.71191 -73.822831,40.712057 -73.822995,40.712201 -73.82328,40.712525 -73.82344,40.71271 -73.823603,40.712902 -73.823736,40.713069 -73.82386,40.713228 -73.82397,40.713379 -73.824078,40.713528 -73.824206,40.713711 -73.825313,40.715342 -73.825448,40.715555 -73.825563,40.715755 -73.825669,40.715953 -73.825775,40.716166 -73.825863,40.716369 -73.82594,40.716585 -73.826005,40.716803 -73.826059,40.717016 -73.826103,40.717236 -73.826131,40.717445 -73.826145,40.717561 -73.826156,40.717726 -73.826162,40.717892 -73.826161,40.718072 -73.826153,40.71824 -73.826131,40.718674 -73.82608,40.719231 -73.826076,40.719443 -73.826074,40.719595 -73.826078,40.719747 -73.826083,40.719883 -73.826098,40.720026 -73.826118,40.720158 -73.826147,40.720298 -73.826191,40.72047 -73.826238,40.72063 -73.826286,40.720762 -73.826341,40.720896 -73.826399,40.721017 -73.826467,40.721139 -73.826531,40.72125 -73.826594,40.721358 -73.82672,40.72156 -73.826972,40.721916 -73.827747,40.723125 -73.827926,40.723343 -73.82801,40.723443 -73.828094,40.72354 -73.828186,40.723631 -73.828317,40.723756 -73.828446,40.723886 -73.828584,40.724019 -73.828722,40.724145 -73.828869,40.724272 -73.829013,40.724394 -73.829166,40.724517 -73.829317,40.724632 -73.829475,40.724748 -73.829635,40.72486 -73.829799,40.724972 -73.829967,40.725081 -73.830867,40.725669 -73.831024,40.725775 -73.831191,40.725892 -73.831336,40.726002 -73.83148,40.72612 -73.831615,40.726241 -73.831748,40.726367 -73.831875,40.726499 -73.831998,40.726642 -73.832108,40.726781 -73.832211,40.726923 -73.832307,40.727068 -73.832397,40.727218 -73.83248,40.727367 -73.833664,40.729647 -73.834043,40.730377 -73.834733,40.731706 -73.835317,40.732833 -73.83549,40.73316 -73.835536,40.73325 -73.835809,40.733776 -73.835915,40.733991 -73.835984,40.73414 -73.836052,40.734307 -73.836112,40.734463 -73.836164,40.734624 -73.83621,40.734785 -73.836251,40.734951 -73.836282,40.73511 -73.836311,40.735272 -73.83633,40.735438 -73.836348,40.735613 -73.836366,40.735833 -73.836486,40.737498 -73.836502,40.737665 -73.836521,40.73783 -73.836543,40.738004 -73.836567,40.73816 -73.836598,40.738333 -73.836629,40.73849 -73.836665,40.738656 -73.836703,40.738811 -73.836737,40.738941 -73.836776,40.739082 -73.83683,40.739274 -73.837154,40.740367 -73.837379,40.741131 -73.837442,40.741702 -73.837447,40.741776 -73.837449,40.74184 -73.837448,40.741907 -73.837442,40.741981 -73.837431,40.742048 -73.837413,40.74212 -73.837389,40.742194 -73.837356,40.742273 -73.837321,40.742344 -73.837281,40.74241 -73.837233,40.742476 -73.837176,40.742546 -73.837115,40.742615 -73.836904,40.742831 -73.836863,40.742875 -73.836822,40.742927 -73.836788,40.742983 -73.836763,40.743037 -73.836744,40.743092 -73.836731,40.743153 -73.836725,40.743212 -73.836726,40.743273 -73.836735,40.74333 -73.83675,40.743391 -73.836773,40.743449 -73.836805,40.743509 -73.836845,40.743563 -73.836888,40.743612 -73.836938,40.743662 -73.837,40.74371 -73.837072,40.743753 -73.837144,40.743789 -73.837218,40.743819 -73.83729,40.743841 -73.837376,40.743862 -73.837463,40.743875 -73.837544,40.743881 -73.837619,40.743882 -73.837698,40.743876 -73.837772,40.743864 -73.837859,40.743845 -73.837939,40.74382 -73.838016,40.743789 -73.838092,40.743752 -73.838242,40.743677 -73.839751,40.742929 -73.840329,40.742657 -73.840697,40.742474 -73.842201,40.741715 -73.842418,40.7416 -73.84286,40.741396 -73.843342,40.741084 -73.844977,40.740294 -73.846049,40.739778 -73.847729,40.738973 -73.847973,40.738855 -73.848214,40.738743 -73.848466,40.738633 -73.848717,40.738522 -73.848968,40.738417 -73.849224,40.738312 -73.849747,40.738125 -73.850006,40.738032 -73.850263,40.737941 -73.850509,40.737858 -73.850788,40.737763 -73.851054,40.737677 -73.851311,40.737598 -73.851531,40.737532 -73.851728,40.737473 -73.851991,40.737401 -73.852295,40.737325 -73.852539,40.737265 -73.852813,40.737201 -73.853082,40.737147 -73.853368,40.737092 -73.853647,40.737041 -73.85393,40.736996 -73.854218,40.736953 -73.854492,40.736907 -73.854786,40.736856 -73.855071,40.736804 -73.855337,40.736745 -73.855622,40.73668 -73.855891,40.736616 -73.856163,40.736547 -73.856447,40.73647 -73.856709,40.736396 -73.856975,40.736314 -73.858309,40.735918 -73.85898,40.7357 -73.864146,40.73416 -73.864782,40.73397 -73.86528,40.733824 -73.865559,40.733741 -73.865824,40.733657 -73.866091,40.733569 -73.866347,40.73348 -73.867694,40.73303 -73.86931,40.732494 -73.86964,40.732386 -73.86992,40.732299 -73.870831,40.732027 -73.870862,40.732017 -73.871596,40.731796 -73.875687,40.730567 -73.875947,40.730487 -73.876215,40.730408 -73.876486,40.730322 -73.876744,40.730237 -73.877009,40.730144 -73.877267,40.730049 -73.877524,40.729948 -73.87778,40.729845 -73.878916,40.72938 -73.879168,40.729276 -73.879426,40.72918 -73.879693,40.729091 -73.879962,40.729012 -73.880227,40.728942 -73.880499,40.728879 -73.880784,40.728825 -73.881063,40.728778 -73.881341,40.728741 -73.881636,40.728709 -73.881883,40.728691 -73.882388,40.728654 -73.884357,40.728503 -73.884644,40.728478 -73.884932,40.728448 -73.885237,40.728404 -73.885497,40.728362 -73.885767,40.728308 -73.886042,40.72824 -73.886187,40.728207 -73.886449,40.728132 -73.886719,40.728047 -73.886986,40.72795 -73.887231,40.727852 -73.887445,40.72776 -73.887727,40.727629 -73.88797,40.727507 -73.888203,40.727377 -73.888428,40.727243 -73.888653,40.727106 -73.888874,40.726973 -73.889234,40.72678 -73.889564,40.726582 -73.889805,40.726437 -73.890037,40.726312 -73.890264,40.726195 -73.890516,40.726082 -73.890769,40.725972 -73.891029,40.725869 -73.891293,40.725781 -73.891559,40.725699 -73.891829,40.72563 -73.892107,40.725564 -73.892392,40.72551 -73.892667,40.725464 -73.892949,40.725427 -73.89323,40.725398 -73.893528,40.725375 -73.893806,40.72536 -73.894105,40.725358 -73.894377,40.725364 -73.894658,40.725379 -73.894943,40.7254 -73.895239,40.725426 -73.900854,40.725936 -73.902568,40.726096 -73.903369,40.726237 -73.903534,40.726265 -73.903775,40.726315 -73.903993,40.726363 -73.904218,40.726417 -73.904437,40.726477 -73.904652,40.726541 -73.904861,40.72661 -73.905068,40.726683 -73.905268,40.726758 -73.905482,40.726841 -73.905674,40.726921 -73.905882,40.727012 -73.90608,40.727104 -73.906289,40.727207 -73.906492,40.727316 -73.906694,40.727429 -73.906917,40.727563 -73.907132,40.727697 -73.907319,40.727816 -73.907537,40.727954 -73.907765,40.728092 -73.907992,40.72822 -73.908232,40.728346 -73.909278,40.728896 -73.909837,40.729178 -73.910527,40.729484 -73.910779,40.729591 -73.911027,40.729691 -73.911265,40.729779 -73.911531,40.729867 -73.9118,40.72995 -73.912088,40.730027 -73.912369,40.730096 -73.913599,40.730385 -73.913884,40.730454 -73.914161,40.730526 -73.914436,40.730598 -73.915544,40.730913 -73.915896,40.731009 -73.917128,40.731354 -73.917442,40.731442 -73.917685,40.731513 -73.917951,40.731595 -73.918218,40.731695 -73.918471,40.731795 -73.918719,40.731898 -73.918915,40.731993 -73.918958,40.732014 -73.919153,40.732115 -73.919208,40.732143 -73.919256,40.732171 -73.919305,40.732205 -73.919361,40.732248 -73.919502,40.732386 -73.919801,40.732786 -73.919953,40.732977 -73.920104,40.733169 -73.920252,40.733365 -73.920394,40.733558 -73.92053,40.733736 -73.920681,40.733927 -73.920742,40.733989 -73.920813,40.734058 -73.920887,40.734122 -73.920977,40.734192 -73.921083,40.734259 -73.921195,40.73432 -73.921311,40.734371 -73.921428,40.734416 -73.921554,40.734456 -73.921703,40.734494 -73.921867,40.734524 -73.92203,40.734545 -73.922173,40.734557 -73.922318,40.734558 -73.922472,40.734547 -73.922601,40.734527 -73.922727,40.734504 -73.922891,40.734465 -73.923017,40.734428 -73.923144,40.734386 -73.923266,40.734347 -73.923409,40.734288 -73.923545,40.734228 -73.923681,40.734155 -73.923824,40.734071 -73.923946,40.733993 -73.924056,40.733916 -73.924165,40.733832 -73.924279,40.733734 -73.924388,40.73364 -73.924494,40.733538 -73.924587,40.73344 -73.924672,40.733348 -73.924749,40.733254 -73.92483,40.733147 -73.924895,40.733052 -73.92496,40.732952 -73.925215,40.732549 -73.925436,40.732209 -73.925656,40.731795 -73.926035,40.731226 -73.926675,40.730265 -73.926743,40.730163 -73.92681,40.730062 -73.926873,40.729971 -73.926946,40.729871 -73.927021,40.729773 -73.927094,40.729675 -73.927168,40.72958 -73.927242,40.729488 -73.927323,40.729394 -73.927404,40.729303 -73.927487,40.729212 -73.927578,40.729119 -73.92766,40.729036 -73.927746,40.728954 -73.927844,40.728865 -73.930178,40.726814 -73.930297,40.726711 -73.930403,40.726623 -73.930503,40.72654 -73.930594,40.726469 -73.930694,40.726399 -73.93079,40.726328 -73.930903,40.726249 -73.931006,40.726181 -73.931114,40.726113 -73.931236,40.72604 -73.931349,40.725974 -73.931474,40.725906 -73.931585,40.725847 -73.931706,40.725786 -73.931828,40.725729 -73.931959,40.725673 -73.932091,40.725615 -73.932231,40.725558 -73.932373,40.725506 -73.932498,40.725464 -73.932627,40.725423 -73.932755,40.725384 -73.933507,40.725232 -73.934501,40.724985 -73.934874,40.724892 -73.935289,40.724784 -73.936449,40.72448 -73.936519,40.724462 -73.936553,40.72447 -73.936592,40.724483 -73.93663,40.724503 -73.936663,40.724524 -73.936687,40.724545 -73.936707,40.724572 -73.936722,40.724601 -73.936733,40.724625 -73.936745,40.724652 -73.936763,40.724698 -73.936776,40.724735 -73.936782,40.724755 -73.936786,40.724773 -73.936787,40.724788 -73.936789,40.724821 -73.936785,40.724949 -73.936833,40.725243 -73.936942,40.725906 -73.936993,40.72622 -73.937001,40.726269 -73.93701,40.726327 -73.937024,40.726413 -73.937225,40.727667 -73.937232,40.727715 -73.937243,40.727794 -73.93811,40.728075 -73.938189,40.7281 -73.938253,40.728103 -73.938312,40.728097 -73.9384,40.728088 -73.93851,40.728077 -73.938775,40.72805 -73.939181,40.728016 -73.939559,40.727981 -73.940068,40.727933 -73.940084,40.727932 -73.940115,40.727929 -73.940386,40.727903 -73.940638,40.727879 -73.941008,40.727844 -73.941043,40.727841 -73.941655,40.727782 -73.941901,40.727759 -73.941992,40.72775 -73.942095,40.727741 -73.942865,40.727675 -73.942943,40.727668 -73.943035,40.72766 -73.943796,40.727589 -73.943874,40.727582 -73.943961,40.727574 -73.944737,40.727499 -73.944808,40.727493 -73.944899,40.727484 -73.9456,40.727417 -73.945657,40.727411 -73.945735,40.727404 -73.945895,40.727377 -73.945964,40.727353 -73.946013,40.727336 -73.946652,40.727116 -73.946715,40.727094 -73.946788,40.72707 -73.947486,40.72684 -73.947544,40.726822 -73.947619,40.726797 -73.94831,40.726569 -73.948373,40.726548 -73.948441,40.726525 -73.948961,40.726352 -73.949054,40.726321 -73.949185,40.726279 -73.949274,40.726249 -73.949959,40.726022 -73.950029,40.725999 -73.950097,40.725977 -73.950796,40.725747 -73.950875,40.725721 -73.950951,40.725696 -73.951651,40.725464 -73.951736,40.725436 -73.951778,40.725509 -73.951886,40.725699 -73.95214,40.726145</coordinates>
        </LineString>
      </Placemark>
      <Placemark>
        <name>Peter Pan Donut &amp; Pastry Shop to McCarren Park Track (foot)</name>
        <description>&lt;b&gt;Mode:&lt;/b&gt; foot</description>
        <Style>
          <LineStyle>
            <color>ff2f2fd3</color>
            <width>3</width>
          </LineStyle>
        </Style>
        <LineString>
          <coordinates>-73.952225,40.726117 -73.95186,40.725481 -73.951853,40.725459 -73.951822,40.725408 -73.9518,40.72537 -73.951786,40.725346 -73.951089,40.724111 -73.951489,40.72374 -73.951623,40.723615 -73.951638,40.723606 -73.951649,40.723598 -73.95169,40.723572 -73.95174,40.72354 -73.951766,40.723523 -73.951758,40.723507 -73.951735,40.723458 -73.951725,40.723436 -73.951716,40.723417 -73.951697,40.723378 -73.951686,40.723355 -73.951651,40.723339 -73.951123,40.722395 -73.950772,40.721796 -73.950758,40.721727 -73.950761,40.721708 -73.95074,40.721652 -73.950727,40.721611 -73.950702,40.721582 -73.950737,40.721519 -73.950809,40.721384 -73.950837,40.721388 -73.950862,40.721383 -73.950886,40.721377 -73.950902,40.721364 -73.95091,40.721348 -73.950918,40.721331 -73.950918,40.721271 -73.950992,40.721271 -73.951063,40.721256 -73.951125,40.721225 -73.951172,40.721182 -73.951201,40.721131 -73.951209,40.721075 -73.951195,40.72102 -73.95116,40.72097 -73.951108,40.720931 -73.951043,40.720904 -73.951064,40.720848 -73.951258,40.720872 -73.951462,40.720878 -73.951713,40.720844 -73.951926,40.720761 -73.952124,40.720622 -73.952201,40.720548 -73.952182,40.720537 -73.952159,40.720524 -73.951966,40.720412 -73.951888,40.720418 -73.951861,40.720255 -73.951823,40.720028</coordinates>
        </LineString>
      </Placemark>
      <Placemark>
        <name>McCarren Park Track to John F. Kennedy International Airport (car)</name>
        <description>&lt;b&gt;Mode:&lt;/b&gt; car</description>
        <Style>
          <LineStyle>
            <color>ff2f2fd3</color>
            <width>3</width>
          </LineStyle>
        </Style>
        <LineString>
          <coordinates>-73.952381,40.720663 -73.952666,40.720491 -73.952738,40.720444 -73.952855,40.720376 -73.953253,40.720001 -73.953414,40.719851 -73.953469,40.719798 -73.953515,40.719755 -73.954007,40.719296 -73.954061,40.719246 -73.953997,40.719206 -73.95289,40.718515 -73.952812,40.718466 -73.95272,40.718408 -73.952488,40.718263 -73.952421,40.718221 -73.952302,40.718179 -73.95229,40.718106 -73.952254,40.718106 -73.952182,40.718109 -73.950975,40.718213 -73.950784,40.718231 -73.95016,40.718291 -73.950065,40.7183 -73.949977,40.718308 -73.948509,40.718446 -73.948416,40.718455 -73.948407,40.718396 -73.948343,40.717948 -73.94833,40.717873 -73.948297,40.717658 -73.948273,40.717503 -73.948265,40.717443 -73.94818,40.7175 -73.94759,40.717878 -73.946815,40.718387 -73.946735,40.718435 -73.946664,40.718477 -73.946358,40.718662 -73.946017,40.718865 -73.945475,40.719234 -73.945399,40.71929 -73.945324,40.719337 -73.944349,40.719921 -73.944211,40.719999 -73.944127,40.72005 -73.942851,40.720792 -73.942777,40.720838 -73.942697,40.720887 -73.942364,40.721069 -73.942242,40.721138 -73.942119,40.721207 -73.942019,40.721266 -73.941997,40.721279 -73.94191,40.721332 -73.941833,40.721378 -73.941765,40.721423 -73.941676,40.721487 -73.941371,40.721705 -73.941164,40.721846 -73.941033,40.721933 -73.940909,40.72202 -73.940813,40.722088 -73.940464,40.722333 -73.940373,40.722399 -73.940274,40.722465 -73.940146,40.722542 -73.94001,40.722618 -73.939392,40.722948 -73.939252,40.723028 -73.939149,40.723086 -73.939046,40.723144 -73.93877,40.723298 -73.93865,40.723363 -73.938544,40.723415 -73.938428,40.723468 -73.9383,40.723525 -73.938174,40.723576 -73.93806,40.723617 -73.937933,40.723658 -73.937648,40.72374 -73.937517,40.723777 -73.937356,40.723822 -73.936954,40.723949 -73.936845,40.72398 -73.936571,40.724049 -73.936337,40.724108 -73.936075,40.724169 -73.934705,40.724498 -73.934317,40.724589 -73.933477,40.724784 -73.933338,40.724817 -73.933084,40.724883 -73.932956,40.724918 -73.932809,40.724961 -73.932673,40.725002 -73.932542,40.725043 -73.932399,40.72509 -73.932259,40.72514 -73.931899,40.725332 -73.931753,40.725397 -73.931615,40.725459 -73.9315,40.725512 -73.931353,40.725587 -73.93122,40.725659 -73.93108,40.725736 -73.930958,40.725808 -73.93084,40.725878 -73.930722,40.725954 -73.930619,40.726027 -73.930506,40.726105 -73.930403,40.726181 -73.930302,40.726259 -73.930171,40.726364 -73.928297,40.727973 -73.928105,40.728137 -73.927934,40.728283 -73.92778,40.728416 -73.927667,40.728524 -73.927544,40.728638 -73.927444,40.728736 -73.927342,40.72884 -73.927222,40.728966 -73.927115,40.729084 -73.927002,40.729219 -73.926914,40.729327 -73.926826,40.729438 -73.926729,40.729559 -73.92662,40.729701 -73.926532,40.729821 -73.926457,40.729928 -73.926386,40.730028 -73.92567,40.731092 -73.925218,40.731696 -73.924819,40.73227 -73.924763,40.732348 -73.924701,40.732435 -73.924652,40.732497 -73.924602,40.732554 -73.924539,40.732614 -73.924476,40.732662 -73.924412,40.732708 -73.924328,40.732755 -73.924237,40.732799 -73.924151,40.732835 -73.924055,40.732867 -73.923957,40.732891 -73.92386,40.73291 -73.923756,40.732923 -73.92365,40.732927 -73.923555,40.732925 -73.923457,40.732917 -73.923363,40.732905 -73.923269,40.73289 -73.922665,40.732791 -73.92158,40.73261 -73.920592,40.732451 -73.920449,40.732429 -73.920305,40.732403 -73.920163,40.732373 -73.920019,40.732338 -73.919892,40.732301 -73.919247,40.732095 -73.91917,40.732056 -73.919003,40.73197 -73.91893,40.731937 -73.918756,40.731857 -73.918515,40.731752 -73.918246,40.731645 -73.918006,40.731558 -73.91774,40.731471 -73.917467,40.731395 -73.91592,40.730961 -73.915566,40.730862 -73.914446,40.730545 -73.914173,40.730475 -73.913915,40.73041 -73.913625,40.730341 -73.912371,40.730046 -73.91209,40.729978 -73.911816,40.729902 -73.911556,40.729822 -73.911299,40.729734 -73.911031,40.729637 -73.91077,40.729531 -73.91051,40.729412 -73.910297,40.729311 -73.910197,40.729256 -73.910109,40.729202 -73.91003,40.72915 -73.909372,40.728639 -73.909162,40.728481 -73.908948,40.728329 -73.908729,40.728187 -73.908505,40.728042 -73.908294,40.727902 -73.907515,40.727424 -73.90708,40.727157 -73.906889,40.727049 -73.906724,40.726962 -73.906561,40.726877 -73.906409,40.726806 -73.906223,40.726726 -73.906036,40.726651 -73.905848,40.726581 -73.905612,40.7265 -73.905379,40.726425 -73.905177,40.726361 -73.904941,40.726292 -73.904715,40.726235 -73.904489,40.726182 -73.904275,40.726136 -73.904038,40.726089 -73.90383,40.726053 -73.903621,40.72602 -73.903472,40.726 -73.903275,40.725975 -73.902385,40.72592 -73.901392,40.725828 -73.895285,40.725269 -73.894992,40.725243 -73.894692,40.725219 -73.894419,40.725205 -73.894139,40.725198 -73.893845,40.7252 -73.893551,40.725208 -73.893258,40.725231 -73.892966,40.72526 -73.89268,40.7253 -73.892398,40.725341 -73.892113,40.725398 -73.891837,40.72546 -73.891555,40.725532 -73.891294,40.725605 -73.891025,40.72569 -73.890772,40.725784 -73.890511,40.72589 -73.890249,40.726005 -73.890012,40.726119 -73.889772,40.726243 -73.88955,40.726369 -73.889317,40.726511 -73.888295,40.727129 -73.888063,40.727275 -73.88757,40.727549 -73.887446,40.727603 -73.88722,40.727702 -73.886978,40.727801 -73.886713,40.727899 -73.886443,40.727989 -73.886182,40.728064 -73.886017,40.728107 -73.885758,40.728166 -73.885478,40.728222 -73.885205,40.728272 -73.884892,40.728315 -73.884614,40.728345 -73.884326,40.728369 -73.882283,40.728527 -73.881786,40.728564 -73.881424,40.728595 -73.881134,40.72863 -73.880853,40.728673 -73.880576,40.728724 -73.880288,40.728786 -73.880012,40.728854 -73.879736,40.728933 -73.879476,40.729015 -73.879198,40.729114 -73.878942,40.729214 -73.878429,40.729424 -73.87754,40.72979 -73.877281,40.729893 -73.877021,40.729991 -73.876752,40.730087 -73.876485,40.730177 -73.87622,40.73026 -73.875947,40.730343 -73.871694,40.731622 -73.870963,40.731841 -73.869873,40.732174 -73.869591,40.73226 -73.869347,40.732339 -73.86912,40.732416 -73.867515,40.732951 -73.865922,40.733485 -73.865265,40.73369 -73.865042,40.733756 -73.864723,40.733853 -73.86409,40.734039 -73.861224,40.734874 -73.860675,40.735019 -73.858551,40.735649 -73.857884,40.735869 -73.85665,40.736237 -73.856387,40.736314 -73.856114,40.736388 -73.855831,40.736461 -73.855553,40.736527 -73.855271,40.73659 -73.855004,40.736646 -73.854716,40.7367 -73.854436,40.73675 -73.854152,40.736795 -73.853863,40.73684 -73.853596,40.736883 -73.853306,40.736935 -73.853015,40.736991 -73.852738,40.737049 -73.85247,40.737109 -73.852221,40.737172 -73.851973,40.737237 -73.85172,40.737307 -73.851471,40.737376 -73.851221,40.737445 -73.850262,40.737677 -73.849997,40.737765 -73.848779,40.738188 -73.848418,40.738307 -73.848155,40.738415 -73.847758,40.73861 -73.847577,40.738651 -73.847458,40.738686 -73.847371,40.738717 -73.847272,40.738749 -73.84719,40.738771 -73.847106,40.738784 -73.847029,40.73879 -73.846951,40.73879 -73.846868,40.738781 -73.84677,40.738763 -73.846688,40.738745 -73.846615,40.738719 -73.846549,40.73869 -73.846464,40.738646 -73.84599,40.738383 -73.845715,40.738201 -73.845649,40.738142 -73.845591,40.73808 -73.845545,40.738022 -73.845512,40.737965 -73.845485,40.737912 -73.845459,40.737841 -73.84544,40.737764 -73.845421,40.737677 -73.845336,40.737274 -73.84527,40.736795 -73.84522,40.736507 -73.84517,40.736256 -73.845115,40.735986 -73.844827,40.735281 -73.844755,40.735069 -73.844676,40.734852 -73.844605,40.734678 -73.844591,40.734642 -73.844499,40.734435 -73.844444,40.734319 -73.844399,40.734225 -73.844326,40.734081 -73.844294,40.73402 -73.844186,40.733815 -73.844069,40.733614 -73.843948,40.733413 -73.843818,40.733212 -73.843687,40.733018 -73.843619,40.73292 -73.843478,40.732727 -73.843334,40.732536 -73.843182,40.732347 -73.843027,40.732162 -73.842867,40.731979 -73.842698,40.731797 -73.842528,40.73162 -73.842351,40.731444 -73.842171,40.731273 -73.841986,40.7311 -73.841804,40.730933 -73.841621,40.730762 -73.84144,40.730592 -73.841254,40.73042 -73.841072,40.730251 -73.840891,40.730079 -73.840713,40.729906 -73.840541,40.72973 -73.840373,40.729552 -73.840211,40.729372 -73.840053,40.729188 -73.8399,40.729007 -73.839749,40.728821 -73.8396,40.728633 -73.839452,40.728441 -73.839309,40.728254 -73.839172,40.72806 -73.839043,40.727866 -73.838921,40.727669 -73.838805,40.727467 -73.838693,40.727265 -73.838581,40.727063 -73.838469,40.726856 -73.838363,40.726656 -73.838256,40.72645 -73.838152,40.726247 -73.838051,40.726044 -73.837949,40.725837 -73.837754,40.725424 -73.837611,40.725115 -73.837513,40.724905 -73.837416,40.7247 -73.837313,40.724492 -73.837207,40.724288 -73.837095,40.724086 -73.836977,40.723882 -73.836857,40.723682 -73.836733,40.723483 -73.836603,40.723286 -73.836472,40.723091 -73.836333,40.722896 -73.836198,40.722702 -73.83606,40.722509 -73.83592,40.722317 -73.835778,40.722124 -73.835627,40.721924 -73.835489,40.721743 -73.835341,40.721555 -73.835192,40.721369 -73.835039,40.72118 -73.834887,40.720994 -73.834732,40.720808 -73.834577,40.720624 -73.834418,40.720441 -73.834179,40.720166 -73.834014,40.719982 -73.833851,40.7198 -73.833688,40.719619 -73.833517,40.719438 -73.83335,40.719261 -73.83318,40.719082 -73.833007,40.718906 -73.832834,40.718731 -73.832658,40.718552 -73.832482,40.718379 -73.832303,40.718207 -73.832064,40.717936 -73.831878,40.717777 -73.83168,40.717616 -73.831475,40.717464 -73.831362,40.717388 -73.83124,40.717312 -73.831126,40.717248 -73.831004,40.717184 -73.830877,40.71712 -73.830737,40.717055 -73.83061,40.716998 -73.830476,40.716946 -73.830346,40.716897 -73.830217,40.716854 -73.830104,40.716821 -73.829944,40.716777 -73.829759,40.716727 -73.829572,40.716676 -73.829294,40.716598 -73.829027,40.716519 -73.82875,40.716439 -73.82849,40.716365 -73.828264,40.716301 -73.827589,40.716123 -73.82739,40.716071 -73.82724,40.716021 -73.827075,40.715966 -73.826932,40.71591 -73.826799,40.715856 -73.826661,40.715796 -73.826533,40.715734 -73.826418,40.715674 -73.826304,40.715609 -73.826184,40.715537 -73.826062,40.715452 -73.825959,40.715373 -73.825841,40.715282 -73.825724,40.715187 -73.825619,40.715095 -73.825492,40.714976 -73.825383,40.714866 -73.825287,40.714768 -73.825192,40.714665 -73.825106,40.714567 -73.825031,40.714467 -73.824899,40.71428 -73.824772,40.714093 -73.824444,40.713601 -73.824311,40.713407 -73.824178,40.713221 -73.824007,40.713008 -73.823921,40.712909 -73.823818,40.712792 -73.82344,40.712353 -73.823286,40.712204 -73.82313,40.712058 -73.822957,40.711908 -73.822793,40.711773 -73.822638,40.711646 -73.821991,40.711145 -73.821827,40.711017 -73.821654,40.710877 -73.821517,40.710761 -73.821364,40.710631 -73.821251,40.7105 -73.821134,40.710377 -73.821051,40.710293 -73.820961,40.710178 -73.820901,40.710117 -73.820807,40.710023 -73.820715,40.709917 -73.820475,40.709647 -73.820346,40.709476 -73.820303,40.709423 -73.820228,40.709325 -73.820149,40.709217 -73.819949,40.708926 -73.819884,40.708829 -73.81982,40.708732 -73.819757,40.708636 -73.819637,40.708463 -73.819547,40.708292 -73.819467,40.70815 -73.819251,40.707781 -73.819131,40.707577 -73.818782,40.706992 -73.818366,40.706295 -73.818249,40.706096 -73.818133,40.705896 -73.818016,40.705693 -73.817901,40.705494 -73.817789,40.705293 -73.817682,40.705087 -73.817583,40.704884 -73.817485,40.704676 -73.817388,40.70447 -73.817295,40.704265 -73.816914,40.703436 -73.816818,40.703231 -73.816722,40.703023 -73.816627,40.702815 -73.815964,40.701374 -73.815867,40.701164 -73.815771,40.70096 -73.815674,40.700754 -73.815577,40.700549 -73.815476,40.700345 -73.815425,40.700241 -73.815323,40.700037 -73.815218,40.699835 -73.815059,40.699526 -73.815005,40.699426 -73.814899,40.699223 -73.814791,40.699021 -73.81468,40.69882 -73.814662,40.698787 -73.814566,40.698614 -73.814116,40.697809 -73.813999,40.69761 -73.81388,40.697411 -73.813456,40.696712 -73.812959,40.695901 -73.812538,40.695198 -73.81197,40.69411 -73.811893,40.693966 -73.810796,40.692068 -73.809328,40.689484 -73.8085,40.688031 -73.808015,40.68718 -73.807772,40.686764 -73.807328,40.685956 -73.807028,40.685358 -73.806771,40.684824 -73.805974,40.683016 -73.804634,40.680242 -73.80405,40.678971 -73.803295,40.67741 -73.802973,40.676805 -73.802529,40.675884 -73.801997,40.674745 -73.801789,40.674295 -73.801653,40.67393 -73.801601,40.673757 -73.801408,40.672562 -73.801392,40.671581 -73.801393,40.671082 -73.801393,40.670939 -73.801414,40.670218 -73.801507,40.668693 -73.801545,40.668331 -73.801615,40.667513 -73.801639,40.667368 -73.801691,40.667226 -73.801723,40.667102 -73.801766,40.666977 -73.801786,40.666896 -73.801799,40.666839 -73.801816,40.666782 -73.802158,40.665738 -73.802442,40.664872 -73.802476,40.664755 -73.802671,40.664297 -73.802803,40.664067 -73.802974,40.663841 -73.803125,40.663622 -73.803243,40.663481 -73.803469,40.663273 -73.803626,40.663126 -73.804116,40.66257 -73.804355,40.662266 -73.804575,40.662024 -73.805286,40.661334 -73.805424,40.661136 -73.805512,40.661026 -73.805593,40.660938 -73.805676,40.660845 -73.805755,40.660755 -73.805832,40.660663 -73.80591,40.660569 -73.805983,40.660479 -73.806058,40.660385 -73.806131,40.660289 -73.806199,40.660196 -73.806268,40.660096 -73.806334,40.659999 -73.806396,40.659905 -73.80645,40.65982 -73.806462,40.6598 -73.806521,40.659705 -73.806558,40.659643 -73.806579,40.659607 -73.806637,40.659507 -73.806691,40.659409 -73.806748,40.659306 -73.806802,40.659202 -73.806853,40.659099 -73.806902,40.658997 -73.806951,40.658892 -73.806996,40.658791 -73.807041,40.658687 -73.807084,40.658581 -73.807125,40.658475 -73.807164,40.658371 -73.8072,40.658266 -73.807235,40.658159 -73.807268,40.658054 -73.807302,40.657941 -73.807331,40.657836 -73.80736,40.657729 -73.807386,40.657622 -73.807411,40.657517 -73.807423,40.657458 -73.807433,40.657406 -73.807454,40.6573 -73.80746,40.657263 -73.807472,40.657189 -73.807489,40.65708 -73.807504,40.656971 -73.807519,40.656861 -73.80753,40.656755 -73.807541,40.656641 -73.807549,40.656536 -73.807555,40.656425 -73.80756,40.656318 -73.807563,40.656204 -73.807564,40.656097 -73.807562,40.655988 -73.807559,40.655874 -73.807554,40.655764 -73.807546,40.655655 -73.807537,40.655549 -73.807527,40.65544 -73.807514,40.655331 -73.8075,40.655223 -73.807484,40.655116 -73.807465,40.655005 -73.807445,40.654898 -73.807423,40.654785 -73.8074,40.654678 -73.807373,40.654569 -73.807347,40.654463 -73.807318,40.654357 -73.807286,40.654248 -73.807254,40.654144 -73.807219,40.654036 -73.807183,40.653931 -73.807146,40.653824 -73.807106,40.65372 -73.807066,40.653616 -73.807021,40.653509 -73.806975,40.653406 -73.80693,40.653305 -73.806882,40.653201 -73.806829,40.653096 -73.806777,40.652995 -73.806722,40.652892 -73.806669,40.652794 -73.806555,40.652597 -73.806431,40.652392 -73.806308,40.652197 -73.80618,40.651998 -73.806052,40.651804 -73.805922,40.651608 -73.805791,40.651416 -73.805653,40.65122 -73.805517,40.65103 -73.805377,40.650838 -73.805237,40.650646 -73.805094,40.650456 -73.804949,40.650268 -73.804801,40.650079 -73.80465,40.649891 -73.8045,40.649705 -73.804349,40.649522 -73.804191,40.649336 -73.804034,40.649153 -73.803875,40.64897 -73.803715,40.64879 -73.803549,40.648607 -73.803386,40.64843 -73.803218,40.64825 -73.80305,40.648075 -73.802875,40.647896 -73.802703,40.64772 -73.802529,40.647547 -73.802439,40.647458 -73.802262,40.647286 -73.802082,40.647114 -73.801895,40.646939 -73.801717,40.646773 -73.801531,40.646605 -73.801342,40.646438 -73.801148,40.646276 -73.801048,40.646199 -73.800943,40.64612 -73.800839,40.646045 -73.800622,40.645897 -73.800404,40.645761 -73.800173,40.645627 -73.799936,40.645502 -73.799693,40.645383 -73.799444,40.645272 -73.799189,40.645169 -73.798928,40.645072 -73.798661,40.644985 -73.79838,40.6449 -73.798125,40.644832 -73.797845,40.644768 -73.797567,40.644714 -73.797284,40.644666 -73.797002,40.644628 -73.796715,40.644597 -73.796426,40.644577 -73.79628,40.644569 -73.796148,40.644564 -73.796008,40.644561 -73.79586,40.644561 -73.795705,40.644563 -73.795562,40.644565 -73.795417,40.644571 -73.795272,40.64458 -73.795123,40.644589 -73.794698,40.644618 -73.793805,40.644677 -73.793408,40.644704 -73.793122,40.644723 -73.792828,40.644745 -73.792597,40.644761 -73.792327,40.64478 -73.792048,40.644798 -73.791758,40.644777 -73.791609,40.644768 -73.791468,40.644759 -73.791209,40.644743 -73.790515,40.644697 -73.789682,40.644641 -73.78934,40.64462 -73.788826,40.64459 -73.78864,40.644578 -73.788503,40.644572 -73.78836,40.644568 -73.788084,40.644563 -73.787807,40.644575 -73.787562,40.64458 -73.787157,40.644668 -73.787004,40.644681 -73.7869,40.644672 -73.786785,40.644634 -73.786626,40.644558 -73.786531,40.644514 -73.786289,40.644405 -73.786004,40.644289 -73.785984,40.644282</coordinates>
        </LineString>
      </Placemark>
      <Placemark>
        <name>John F. Kennedy International Airport to Malpensa Airport (plane)</name>
        <description>&lt;b&gt;Mode:&lt;/b&gt; plane&lt;br&gt;Representative flight UAE206 (KJFK-LIMC)</description>
        <Style>
          <LineStyle>
            <color>ff2f2fd3</color>
            <width>3</width>
          </LineStyle>
        </Style>
        <LineString>
          <coordinates>-73.8124,40.6464 -73.821,40.6502 -73.8281,40.653 -73.8337,40.6548 -73.8387,40.6556 -73.8437,40.6555 -73.8489,40.6544 -73.8539,40.6525 -73.8582,40.6498 -73.8619,40.6464 -73.8652,40.6423 -73.8683,40.6377 -73.871,40.6326 -73.8729,40.6272 -73.8735,40.6217 -73.8727,40.6161 -73.8704,40.6106 -73.8666,40.6055 -73.8613,40.6009 -73.855,40.597 -73.8483,40.5941 -73.8412,40.5924 -73.8326,40.5916 -73.8213,40.5915 -73.8075,40.5923 -73.7826,40.5955 -73.7582,40.5991 -73.7339,40.6006 -73.705,40.601 -73.6713,40.6003 -73.6235,40.5976 -73.5601,40.5938 -73.4909,40.59 -73.4182,40.5849 -73.3493,40.5806 -73.2717,40.5758 -73.1951,40.571 -73.1195,40.5662 -73.0735,40.5636 -73.039,40.5624 -73.0161,40.5627 -72.9937,40.5657 -72.961,40.5727 -72.9178,40.5838 -72.8358,40.6046 -72.7575,40.6244 -72.6729,40.6459 -72.5958,40.6656 -72.5155,40.6859 -72.4236,40.709 -72.3375,40.7307 -72.2544,40.7514 -72.172,40.772 -72.0798,40.7948 -71.9908,40.8169 -71.8998,40.8393 -71.8123,40.8608 -71.7146,40.8847 -71.624,40.9068 -71.5267,40.9304 -71.4275,40.9543 -71.3303,40.9776 -71.2262,41.0026 -71.1305,41.0254 -71.0302,41.0492 -70.9254,41.0739 -70.8217,41.0984 -70.7201,41.1222 -70.6144,41.1469 -70.5081,41.1715 -70.4034,41.1957 -70.2972,41.2201 -70.2128,41.2411 -70.1319,41.2665 -70.0542,41.2979 -69.9838,41.3281 -69.9206,41.3573 -69.8716,41.3842 -69.8264,41.4114 -69.7443,41.4648 -69.6625,41.5171 -69.579,41.5702 -69.4961,41.6231 -69.4146,41.675 -69.331,41.7283 -69.2462,41.7819 -69.1625,41.8348 -69.0771,41.8885 -68.9913,41.9423 -68.9082,41.9944 -68.8175,42.051 -68.7281,42.1067 -68.6408,42.1609 -68.5524,42.2155 -68.4608,42.2719 -68.3767,42.3237 -68.2911,42.3762 -68.194,42.4356 -68.1097,42.4871 -68.0223,42.5402 -67.9321,42.5947 -67.8491,42.6448 -67.7605,42.6983 -67.6675,42.7541 -67.5819,42.8053 -67.4882,42.8613 -67.4043,42.9113 -67.3189,42.962 -67.2323,43.0132 -67.1444,43.0651 -67.06,43.1147 -66.9697,43.1641 -66.8532,43.2174 -66.7485,43.2655 -66.6539,43.3091 -66.5593,43.3523 -66.465,43.3951 -66.3691,43.4386 -66.275,43.4812 -66.1807,43.5237 -66.0877,43.5655 -65.9913,43.6087 -65.8946,43.6517 -65.7994,43.6941 -65.7034,43.7367 -65.6058,43.7797 -65.5094,43.8222 -65.413,43.8645 -65.3163,43.9068 -65.2207,43.9485 -65.1239,43.9905 -65.0223,44.0345 -64.9095,44.0832 -64.8106,44.1257 -64.7135,44.1672 -64.6149,44.2094 -64.5171,44.251 -64.42,44.2921 -64.317,44.3356 -64.2195,44.3767 -64.124,44.4167 -64.022,44.4593 -63.9275,44.4987 -63.8251,44.5412 -63.7244,44.5829 -63.6243,44.6242 -63.5254,44.6648 -63.4254,44.7057 -63.3183,44.7494 -63.214,44.7917 -63.1199,44.8299 -63.0174,44.8712 -62.9188,44.9109 -62.818,44.9512 -62.7189,44.9907 -62.6183,45.0308 -62.5174,45.0707 -62.4172,45.1103 -62.3171,45.1497 -62.2198,45.1878 -62.1176,45.2277 -62.0165,45.2671 -61.9167,45.3058 -61.8068,45.3482 -61.6981,45.39 -61.5956,45.4292 -61.4897,45.4697 -61.3881,45.5084 -61.2856,45.5472 -61.1848,45.5852 -61.0832,45.6234 -60.9812,45.6617 -60.8781,45.7002 -60.7773,45.7376 -60.6739,45.7759 -60.5713,45.8139 -60.4574,45.8556 -60.3584,45.892 -60.2479,45.9322 -60.1449,45.9696 -60.0476,46.0049 -59.9416,46.0431 -59.8383,46.0801 -59.7351,46.1171 -59.6364,46.1524 -59.5321,46.1893 -59.4275,46.2263 -59.3248,46.2625 -59.2163,46.3006 -59.1176,46.335 -59.0097,46.3726 -58.9071,46.4082 -58.8043,46.4437 -58.7032,46.4785 -58.6037,46.5126 -58.4995,46.5481 -58.3953,46.5836 -58.2944,46.6178 -58.1889,46.6534 -58.085,46.6884 -57.9811,46.723 -57.8775,46.7576 -57.7699,46.7934 -57.6659,46.8277 -57.5616,46.8621 -57.4565,46.8965 -57.3488,46.9318 -57.2436,46.966 -57.1397,46.9995 -57.0324,47.0342 -56.9263,47.0684 -56.8171,47.1032 -56.7052,47.1388 -56.5968,47.1732 -56.4867,47.208 -56.3781,47.2421 -56.2739,47.2748 -56.1672,47.3081 -56.0615,47.3408 -55.9541,47.3741 -55.8455,47.4075 -55.7384,47.4403 -55.6325,47.4726 -55.5238,47.5057 -55.4202,47.537 -55.3155,47.5685 -55.2091,47.6005 -55.1059,47.6313 -54.9989,47.6631 -54.8861,47.6966 -54.7809,47.7276 -54.678,47.7578 -54.5703,47.7892 -54.463,47.8205 -54.357,47.8512 -54.2508,47.8818 -54.1438,47.9125 -54.0388,47.9425 -53.9326,47.9727 -53.8268,48.0029 -53.7205,48.0328 -53.6133,48.0628 -53.508,48.0924 -53.4004,48.1224 -53.2839,48.1546 -53.1771,48.1841 -53.0707,48.2132 -52.9608,48.2433 -52.8535,48.2725 -52.7448,48.3019 -52.6382,48.3307 -52.5297,48.3598 -52.4211,48.3888 -52.3113,48.418 -52.2044,48.4463 -52.0946,48.4752 -51.9764,48.5061 -51.8648,48.5352 -51.7551,48.5636 -51.646,48.5917 -51.5373,48.6196 -51.4265,48.6479 -51.2754,48.6863 -51.1635,48.7145 -51.0553,48.7416 -50.9458,48.7691 -50.8361,48.7964 -50.7206,48.8249 -50.6111,48.8519 -50.4999,48.8791 -50.3903,48.9059 -50.2815,48.9323 -50.1705,48.959 -50.0601,48.9855 -49.95,49.0073 -49.8267,49.0248 -49.6921,49.0443 -49.5771,49.0609 -49.4535,49.0784 -49.3405,49.0942 -49.2266,49.11 -49.1159,49.1253 -49.0028,49.1408 -48.8894,49.1562 -48.7702,49.1723 -48.6583,49.1874 -48.5012,49.2081 -48.3847,49.2234 -48.2687,49.2386 -48.1572,49.253 -47.9479,49.2797 -47.7707,49.302 -47.6477,49.3173 -47.4955,49.3361 -47.059,49.3887 -46.961,49.4003 -46.5347,49.4826 -46.107,49.5635 -45.6779,49.6427 -45.2475,49.7203 -44.8156,49.7964 -44.3824,49.8708 -43.9479,49.9436 -43.5121,50.0148 -43.075,50.0844 -42.6367,50.1523 -42.1971,50.2185 -41.7563,50.2831 -41.3144,50.346 -40.8712,50.4073 -40.427,50.4668 -39.9816,50.5247 -39.5352,50.5808 -39.0877,50.6353 -38.6392,50.688 -38.1897,50.739 -37.7393,50.7882 -37.2879,50.8358 -36.8356,50.8816 -36.3824,50.9256 -35.9284,50.9679 -35.4736,51.0084 -35.018,51.0471 -34.5616,51.0841 -34.1046,51.1193 -33.6468,51.1527 -33.1884,51.1843 -32.7294,51.2141 -32.2699,51.2421 -31.8098,51.2684 -31.3491,51.2928 -30.888,51.3154 -30.4265,51.3362 -29.9646,51.3552 -29.5023,51.3723 -29.0397,51.3877 -28.5768,51.4012 -28.1136,51.4129 -27.6502,51.4228 -27.1866,51.4308 -26.7229,51.437 -26.2591,51.4414 -25.7952,51.444 -25.3313,51.4447 -24.8674,51.4436 -24.4035,51.4406 -23.9397,51.4359 -23.476,51.4293 -23.0124,51.4208 -22.5491,51.4106 -22.086,51.3985 -21.6231,51.3846 -21.1606,51.3689 -20.6984,51.3513 -20.2365,51.332 -19.7751,51.3108 -19.3141,51.2878 -18.8536,51.263 -18.3936,51.2364 -17.9341,51.208 -17.4752,51.1778 -17.017,51.1458 -16.5594,51.112 -16.1025,51.0764 -15.6463,51.0391 -15.2486,51.005 -15.1247,51.0026 -14.9806,50.9982 -14.7752,50.9808 -14.6526,50.9704 -14.5278,50.9597 -14.4035,50.9488 -14.2807,50.9379 -14.1558,50.9266 -14.0308,50.9152 -13.9066,50.9037 -13.782,50.8921 -13.6567,50.8802 -13.5316,50.8682 -13.4076,50.8563 -13.2838,50.8441 -13.1582,50.8317 -13.0342,50.8192 -12.9109,50.8067 -12.7865,50.794 -12.6614,50.7811 -12.5388,50.7682 -12.3926,50.7527 -12.2683,50.7394 -12.1443,50.726 -12.0193,50.7123 -11.894,50.6986 -11.7723,50.6849 -11.6471,50.6708 -11.5235,50.6567 -11.4001,50.6425 -11.2743,50.6279 -11.1513,50.6135 -11.026,50.5986 -10.9035,50.584 -10.7752,50.5685 -10.6498,50.5532 -10.5261,50.538 -10.4011,50.5224 -10.2723,50.5063 -10.1486,50.4907 -10.0136,50.4734 -9.8857,50.4569 -9.7617,50.4408 -9.631,50.4236 -9.5081,50.4074 -9.3824,50.3905 -9.2625,50.3744 -9.1353,50.3571 -9.0045,50.3391 -8.8812,50.322 -8.7451,50.303 -8.6214,50.2856 -8.502,50.2687 -8.3751,50.2505 -8.2513,50.2327 -8.1316,50.2153 -8.0071,50.197 -7.8866,50.1792 -7.7601,50.1603 -7.6416,50.1426 -7.5168,50.1237 -7.3956,50.1052 -7.2768,50.0869 -7.157,50.0685 -7.0382,50.05 -6.9207,50.0314 -6.8057,50.0132 -6.6863,49.9942 -6.5637,49.9745 -6.4493,49.9561 -6.3328,49.9371 -6.2119,49.9173 -6.0936,49.8978 -5.9735,49.8778 -5.8568,49.8582 -5.7409,49.8387 -5.6289,49.8197 -5.5122,49.7998 -5.3909,49.7789 -5.2738,49.7586 -5.1588,49.7386 -5.043,49.7183 -4.9317,49.6986 -4.8131,49.6776 -4.7003,49.6574 -4.5895,49.6374 -4.4753,49.617 -4.3073,49.5922 -4.1931,49.5752 -4.0799,49.5577 -3.9625,49.5393 -3.8488,49.5214 -3.7346,49.5034 -3.6178,49.4847 -3.5021,49.4662 -3.3876,49.4476 -3.2719,49.4288 -3.1574,49.41 -3.0417,49.3909 -2.9305,49.3724 -2.8105,49.3524 -2.6967,49.3332 -2.5847,49.3141 -2.4664,49.294 -2.3544,49.2747 -2.2388,49.2548 -2.1249,49.2349 -2.0453,49.223 -1.9663,49.2148 -1.8431,49.2061 -1.725,49.1967 -1.6097,49.1875 -1.4951,49.1784 -1.3778,49.169 -1.2634,49.1596 -1.145,49.1499 -1.0334,49.1405 -0.9175,49.1307 -0.8421,49.1221 -0.6936,49.0986 -0.5806,49.0817 -0.4657,49.0652 -0.3532,49.0491 -0.2415,49.0328 -0.1247,49.0156 -0.012,48.9989 0.1025,48.9819 0.2149,48.9651 0.3281,48.9479 0.4373,48.9313 0.554,48.9135 0.6645,48.8965 0.7748,48.8792 0.8883,48.8615 1.0031,48.8434 1.1134,48.8259 1.2236,48.8083 1.3385,48.7899 1.4487,48.772 1.5611,48.7537 1.6681,48.7361 1.7816,48.7174 1.893,48.6989 2.0007,48.6808 2.1129,48.662 2.2199,48.6438 2.3285,48.6253 2.442,48.6058 2.5493,48.5873 2.6075,48.5782 2.6633,48.571 2.7168,48.5656 2.8267,48.5625 2.987,48.5552 3.0995,48.5501 3.2097,48.5451 3.3192,48.5401 3.4334,48.5347 3.549,48.529 3.6561,48.5237 3.7658,48.5182 3.8726,48.5127 3.9549,48.5081 4.0093,48.5032 4.1291,48.4853 4.2336,48.4651 4.3469,48.4441 4.4527,48.4244 4.5121,48.415 4.5752,48.4086 4.6847,48.4003 4.7968,48.3918 4.9058,48.3835 5.0181,48.3749 5.1277,48.3663 5.2427,48.3576 5.3501,48.3499 5.4582,48.3423 5.5658,48.3346 5.6729,48.3269 5.7962,48.3182 5.9088,48.3102 6.0175,48.3024 6.1259,48.2944 6.1877,48.2891 6.233,48.2843 6.2619,48.28 6.2863,48.2742 6.3177,48.2647 6.3564,48.2515 6.4012,48.2335 6.4507,48.2151 6.5049,48.1963 6.6065,48.1649 6.7052,48.1342 6.756,48.1142 6.821,48.0857 6.9,48.0486 6.9893,48.0067 7.0769,47.9653 7.166,47.9228 7.2522,47.8814 7.3367,47.8408 7.4208,47.7996 7.5061,47.7576 7.5922,47.7153 7.638,47.6919 7.6718,47.6734 7.6936,47.6598 7.7085,47.6488 7.7214,47.6378 7.7322,47.6269 7.745,47.6088 7.7639,47.5763 7.7888,47.5292 7.8228,47.4634 7.8581,47.3959 7.8925,47.3282 7.9259,47.262 7.9586,47.1968 7.9923,47.1296 8.0239,47.0668 8.0561,47.0029 8.0881,46.9389 8.1173,46.8804 8.1484,46.8179 8.1789,46.7566 8.2076,46.6985 8.2363,46.6405 8.264,46.5844 8.2926,46.5263 8.3189,46.4727 8.3473,46.4149 8.3752,46.3577 8.4022,46.3023 8.4227,46.2642 8.4487,46.222 8.4801,46.1757 8.5151,46.127 8.5511,46.0767 8.5884,46.0246 8.6247,45.9737 8.6608,45.9233 8.6955,45.8743 8.7286,45.8278 8.7615,45.7813 8.7927,45.7372 8.8231,45.6943 8.8477,45.6594 8.8613,45.6396 8.8707,45.6248 8.876,45.6151 8.8797,45.6053 8.8842,45.5903 8.8896,45.5701 8.8981,45.5389 8.9069,45.5071 8.9151,45.4767 8.9236,45.4457 8.9316,45.4151 8.9345,45.4021 8.9357,45.3924 8.9352,45.3861 8.933,45.3818 8.9294,45.378 8.9242,45.3748 8.9156,45.3718 8.9017,45.369 8.8826,45.3663 8.8696,45.366 8.8594,45.3666 8.852,45.3681 8.8439,45.3717 8.8315,45.3785 8.8148,45.3885 8.8037,45.396 8.7954,45.4025 8.7897,45.408 8.7855,45.414 8.7813,45.4221 8.7772,45.4322 8.7735,45.447 8.7696,45.4616 8.7624,45.487 8.756,45.5101 8.75,45.532 8.7446,45.5516 8.7425,45.5595 8.7417,45.5624 8.7388,45.5728 8.7358,45.5832 8.7329,45.5941 8.7301,45.6044 8.7266,45.6168</coordinates>
        </LineString>
      </Placemark>
      <Placemark>
        <name>Malpensa Airport to Bricocenter Olgiate (car)</name>
        <description>&lt;b&gt;Mode:&lt;/b&gt; car</description>
        <Style>
          <LineStyle>
            <color>ff2f2fd3</color>
            <width>3</width>
          </LineStyle>
        </Style>
        <LineString>
          <coordinates>8.712142,45.628247 8.711934,45.628997 8.711902,45.629063 8.711838,45.62912 8.711392,45.629326 8.71114,45.629448 8.711059,45.629518 8.711,45.629569 8.710882,45.629678 8.710622,45.629806 8.710604,45.629815 8.710497,45.629867 8.71039,45.629907 8.710258,45.629947 8.710092,45.629981 8.709917,45.629996 8.709746,45.629997 8.709518,45.629974 8.709372,45.629943 8.709225,45.629895 8.709068,45.629823 8.708907,45.629718 8.708766,45.629603 8.708595,45.629452 8.708191,45.629031 8.708059,45.628923 8.707943,45.628828 8.707538,45.628564 8.707381,45.628446 8.706932,45.628187 8.706695,45.628081 8.706367,45.628019 8.706089,45.627968 8.705929,45.627962 8.705778,45.627977 8.705637,45.628012 8.705514,45.628063 8.705391,45.628148 8.705312,45.62823 8.705197,45.628401 8.704717,45.62937 8.704416,45.629799 8.704228,45.630019 8.704044,45.630197 8.703677,45.630792 8.703045,45.631815 8.702611,45.632527 8.702301,45.63321 8.70211,45.633853 8.701993,45.634536 8.701939,45.635289 8.701985,45.636194 8.702187,45.63727 8.702762,45.639129 8.703689,45.641805 8.704009,45.642563 8.704457,45.643603 8.705047,45.644805 8.705347,45.645316 8.705691,45.645799 8.706056,45.646223 8.706629,45.646766 8.706797,45.646897 8.707692,45.64751 8.708504,45.64793 8.709033,45.648168 8.709527,45.648351 8.710294,45.648585 8.711508,45.648858 8.715385,45.649652 8.716775,45.649953 8.718253,45.650261 8.719304,45.6505 8.721367,45.650989 8.721624,45.651069 8.721862,45.651171 8.722057,45.651275 8.722286,45.651451 8.722686,45.651865 8.722968,45.652173 8.723254,45.652447 8.723576,45.652673 8.723884,45.652833 8.724179,45.652943 8.724464,45.653025 8.725754,45.653308 8.726294,45.653426 8.727074,45.653605 8.730833,45.654441 8.731432,45.654585 8.733637,45.655076 8.734259,45.655168 8.734947,45.65521 8.735338,45.655214 8.735887,45.655199 8.736399,45.655153 8.736859,45.6551 8.737347,45.655009 8.737847,45.654898 8.738372,45.654746 8.738675,45.654633 8.738933,45.654521 8.739154,45.654439 8.739396,45.654331 8.739617,45.654231 8.739908,45.654055 8.740075,45.653949 8.741233,45.65324 8.742448,45.652474 8.743112,45.651991 8.743525,45.651649 8.743913,45.651304 8.74426,45.65095 8.744489,45.650701 8.744584,45.650591 8.74468,45.650488 8.745567,45.649479 8.747152,45.647687 8.747407,45.6474 8.747733,45.647092 8.748065,45.646834 8.748497,45.646545 8.748941,45.646299 8.749394,45.646094 8.749981,45.64589 8.750218,45.645809 8.750421,45.645754 8.750808,45.645656 8.751278,45.645569 8.755261,45.644979 8.755732,45.644909 8.759932,45.644283 8.762718,45.643876 8.767819,45.643112 8.772953,45.642361 8.776472,45.641833 8.77685,45.641785 8.777267,45.641743 8.777668,45.641708 8.778074,45.641688 8.778757,45.641669 8.779165,45.641672 8.779587,45.641683 8.779939,45.641699 8.780337,45.641723 8.780845,45.641773 8.781341,45.641833 8.782261,45.641951 8.78583,45.642386 8.78647,45.642474 8.787647,45.642612 8.788666,45.642725 8.789423,45.642814 8.791074,45.643003 8.791965,45.643074 8.79269,45.643085 8.793525,45.643047 8.794277,45.642969 8.795159,45.642817 8.795958,45.642615 8.796646,45.642389 8.798243,45.641798 8.800383,45.641015 8.800914,45.640828 8.801419,45.640687 8.801981,45.640571 8.80255,45.640492 8.803054,45.640451 8.807129,45.640342 8.808374,45.640308 8.815117,45.640126 8.817625,45.640062 8.820007,45.639997 8.822912,45.639919 8.827005,45.639802 8.828605,45.639759 8.829918,45.639717 8.830364,45.639696 8.830847,45.639663 8.831464,45.639597 8.832454,45.639486 8.834025,45.63931 8.836433,45.63903 8.83724,45.638866 8.839885,45.63856 8.840903,45.638445 8.841617,45.638331 8.84176,45.638278 8.841879,45.638172 8.841931,45.638047 8.841913,45.637916 8.841748,45.637689 8.841296,45.63746 8.840927,45.637393 8.840738,45.637365 8.840693,45.637347 8.840654,45.637326 8.840628,45.637338 8.84054,45.637363 8.840445,45.637368 8.840352,45.637354 8.840269,45.637321 8.840233,45.637298 8.840181,45.637244 8.840153,45.637182 8.840152,45.637117 8.840179,45.637054 8.840198,45.637029 8.840244,45.636989 8.840302,45.636957 8.840369,45.636936 8.840451,45.636926 8.840534,45.636931 8.840612,45.636951 8.84069,45.63699 8.840748,45.637045 8.840778,45.637109 8.840783,45.637139 8.840851,45.637159 8.840994,45.637263 8.841296,45.63746 8.841748,45.637689 8.842494,45.63806 8.84266,45.638131 8.842798,45.638162 8.842994,45.638166 8.843269,45.638164 8.843458,45.638141 8.843947,45.638036 8.845079,45.637903 8.845378,45.637866 8.845459,45.637875 8.845495,45.637857 8.845533,45.637842 8.845609,45.637745 8.845654,45.637695 8.845698,45.637639 8.845875,45.637363 8.845953,45.637175 8.845969,45.637133 8.845982,45.637091 8.845993,45.637045 8.846002,45.637011 8.846012,45.636966 8.846094,45.636586 8.8461,45.636551 8.846117,45.636472 8.846186,45.636156 8.846207,45.63606 8.846318,45.635611 8.846392,45.635332 8.84646,45.63511 8.846569,45.63484 8.846618,45.634714 8.84696,45.633886 8.84699,45.633803 8.847025,45.633719 8.847038,45.633658 8.847051,45.633621 8.847076,45.633588 8.847098,45.633553 8.847107,45.633523 8.847107,45.633488 8.847098,45.633441 8.847064,45.633392 8.847048,45.633329 8.847061,45.633265 8.847101,45.633207 8.84713,45.633182 8.847165,45.63316 8.847252,45.633128 8.84735,45.633118 8.847447,45.63313 8.84752,45.633157 8.84758,45.633197 8.847621,45.633247 8.847692,45.63327 8.847761,45.63329 8.847824,45.633304 8.847882,45.63331 8.847938,45.633314 8.84997,45.633324 8.85082,45.633334 8.851245,45.633324 8.851896,45.633308 8.852046,45.633306 8.852744,45.633293 8.853532,45.633244 8.853617,45.63324 8.857552,45.63289 8.857959,45.63286 8.858046,45.63285 8.858096,45.632816 8.858195,45.632725 8.858226,45.632689 8.858252,45.632655 8.85827,45.632623 8.858285,45.632585 8.858297,45.632547 8.858308,45.632503 8.858317,45.632457 8.858325,45.63241 8.858332,45.632353 8.858336,45.632296 8.858338,45.632247 8.858336,45.632196 8.858333,45.632139 8.858325,45.632078 8.858286,45.631773 8.858272,45.631666 8.858257,45.631565 8.858245,45.631498 8.858229,45.631436 8.858214,45.631385 8.858189,45.631318 8.85816,45.63125 8.858139,45.631206 8.858122,45.631177 8.858107,45.631152 8.858084,45.631121 8.858061,45.631094 8.858039,45.631075 8.858011,45.631051 8.857978,45.631027 8.857941,45.631003 8.857911,45.630986 8.85788,45.63097 8.857842,45.630951 8.857813,45.630946 8.857785,45.630938 8.857758,45.630928 8.857733,45.630917 8.857709,45.630904 8.857688,45.630889 8.857669,45.630873 8.857652,45.630855 8.857638,45.630837 8.857625,45.630814 8.857616,45.63079 8.857611,45.630766 8.85761,45.630741 8.857614,45.630717 8.857622,45.630693 8.857633,45.630669 8.857649,45.630647 8.857668,45.630627 8.85769,45.630608 8.857716,45.630591 8.857744,45.630576 8.857775,45.630564 8.857808,45.630554 8.85785,45.630546 8.857894,45.630543 8.857938,45.630544 8.857982,45.630549 8.858023,45.630559 8.858062,45.630574 8.858098,45.630592 8.858129,45.630614 8.858156,45.630638 8.858177,45.630666 8.858235,45.630704 8.858263,45.630721 8.858289,45.630733 8.858319,45.630743 8.858369,45.630754 8.858427,45.630767 8.858929,45.630778 8.859692,45.630801 8.859763,45.630786 8.859816,45.630777 8.859895,45.630769 8.859929,45.63076 8.859945,45.630722 8.859963,45.630691 8.860018,45.630587 8.860109,45.630361 8.860143,45.630274 8.860244,45.630031 8.860317,45.629842 8.860344,45.629768 8.860366,45.629706 8.860405,45.629568 8.860426,45.629497 8.860469,45.629351 8.860578,45.628994 8.860593,45.628945 8.86068,45.62865 8.860789,45.628289 8.860893,45.627923 8.860899,45.627903 8.860912,45.627863 8.860785,45.627844 8.860226,45.627763 8.859993,45.62773 8.859981,45.627768 8.859973,45.627791 8.859917,45.62798 8.859876,45.628124 8.859828,45.628283 8.859816,45.628324 8.859819,45.628348 8.859823,45.628368 8.859828,45.628383 8.859832,45.628393 8.859838,45.628406 8.859849,45.628414 8.859858,45.628417 8.859869,45.628418 8.859879,45.628417 8.859889,45.628411 8.859904,45.628398 8.859969,45.628173</coordinates>
        </LineString>
      </Placemark>
      <Placemark>
        <name>Bricocenter Olgiate to Olgiate Go Kart Ramp (foot)</name>
        <description>&lt;b&gt;Mode:&lt;/b&gt; foot</description>
        <Style>
          <LineStyle>
            <color>ff2f2fd3</color>
            <width>3</width>
          </LineStyle>
        </Style>
        <LineString>
          <coordinates>8.860015,45.628162 8.860021,45.628143 8.860109,45.627851 8.860712,45.627939 8.860792,45.627948 8.860804,45.627911 8.860836,45.627915 8.860893,45.627923 8.860899,45.627903 8.860912,45.627863 8.860785,45.627844 8.860798,45.627803 8.860807,45.627774 8.860814,45.627753 8.860817,45.627742 8.860822,45.627728 8.860837,45.627681</coordinates>
        </LineString>
      </Placemark>
      <Placemark>
        <name>Olgiate Go Kart Ramp to Parco Mameli (foot)</name>
        <description>&lt;b&gt;Mode:&lt;/b&gt; foot</description>
        <Style>
          <LineStyle>
            <color>ff2f2fd3</color>
            <width>3</width>
          </LineStyle>
        </Style>
        <LineString>
          <coordinates>8.860837,45.627681 8.860822,45.627728 8.860817,45.627742 8.86032,45.627669 8.860324,45.627657 8.860488,45.6271 8.860589,45.626992 8.860578,45.626977 8.860576,45.626956 8.860714,45.626606 8.860759,45.626499 8.860805,45.626388 8.860824,45.626344 8.861017,45.626383 8.861574,45.626502 8.86212,45.625106 8.862196,45.624941 8.862202,45.62493 8.862265,45.624824 8.862383,45.624667 8.86248,45.624531 8.86255,45.624378 8.862829,45.623661 8.862902,45.623539 8.863085,45.623601 8.863094,45.623582 8.863108,45.62355 8.863061,45.623536 8.863043,45.62353 8.863057,45.623528 8.863068,45.623522 8.863075,45.623513 8.863489,45.622618 8.863536,45.62252 8.863584,45.62253 8.863677,45.62245 8.863771,45.622229 8.863924,45.62189 8.863985,45.621756 8.864265,45.621203 8.864279,45.621169 8.864285,45.621136 8.864284,45.621128 8.86445,45.621054 8.86458,45.621011 8.86457,45.620996 8.864533,45.620954 8.864519,45.620921 8.864514,45.620912 8.86452,45.620907 8.864528,45.620895 8.864533,45.620879 8.864536,45.620864 8.864536,45.620845 8.864533,45.620834 8.864523,45.620827 8.864454,45.620801 8.863901,45.620596 8.863372,45.620399 8.863135,45.620314 8.862912,45.620234 8.862919,45.620224 8.862937,45.620196 8.862956,45.620169 8.86296,45.620163 8.862906,45.620144 8.862902,45.620141 8.862902,45.620139 8.862903,45.620135 8.863498,45.619386 8.863493,45.619384 8.86345,45.619365 8.863412,45.619348 8.863402,45.619344 8.863407,45.619338 8.863408,45.619335 8.863407,45.619331 8.863412,45.619324 8.86344,45.619292 8.863462,45.619266 8.863466,45.619263 8.863471,45.619262 8.863474,45.619259 8.863486,45.619245 8.863663,45.619025 8.863877,45.618755 8.864197,45.618353 8.864235,45.618306 8.864243,45.618309 8.864281,45.618326 8.864328,45.61827 8.864371,45.618216 8.864329,45.6182 8.864321,45.618197 8.864497,45.617977 8.864715,45.617708 8.864684,45.617668 8.86492,45.617367 8.865002,45.61735 8.865037,45.617306 8.865039,45.6173 8.865037,45.617293 8.86503,45.617289 8.865003,45.61728 8.865009,45.617272 8.865034,45.617235 8.865057,45.617202 8.865061,45.617197 8.864866,45.61713 8.864838,45.617119 8.864818,45.617109 8.864723,45.617031 8.864721,45.617026 8.864725,45.617021 8.864949,45.616886 8.864942,45.616881 8.864912,45.616858 8.864882,45.616834 8.864873,45.616828 8.864859,45.616836 8.864834,45.616816 8.86491,45.616769 8.8649,45.616761 8.864614,45.616556 8.864599,45.616545 8.864389,45.616389 8.86443,45.616362 8.864384,45.616329 8.864293,45.616258 8.864273,45.616243 8.864115,45.616343 8.863551,45.615898 8.863431,45.615806 8.863335,45.615731 8.86332,45.615721 8.863305,45.615713 8.862541,45.615519 8.86214,45.615418 8.861941,45.615368 8.861928,45.615367 8.861918,45.615369 8.86191,45.615373 8.861877,45.615365 8.861817,45.615351 8.861652,45.615313 8.86164,45.615316 8.861637,45.615307 8.861631,45.615297 8.861623,45.615289 8.861611,45.615284 8.861173,45.615181 8.860677,45.615064 8.859741,45.614854 8.859729,45.614853 8.859715,45.614856 8.859706,45.614862 8.859703,45.614865 8.859687,45.614862 8.859653,45.614854 8.859605,45.614843 8.859594,45.614841 8.859593,45.614838 8.859584,45.614827 8.859576,45.614821 8.859572,45.614818 8.859559,45.614813 8.858589,45.614599</coordinates>
        </LineString>
      </Placemark>
      <Placemark>
        <name>Parco Mameli to Malpensa Airport (car)</name>
        <description>&lt;b&gt;Mode:&lt;/b&gt; car</description>
        <Style>
          <LineStyle>
            <color>ff2f2fd3</color>
            <width>3</width>
          </LineStyle>
        </Style>
        <LineString>
          <coordinates>8.858612,45.614545 8.858585,45.614539 8.85843,45.614505 8.858314,45.614479 8.857826,45.614369 8.857757,45.614354 8.85739,45.614274 8.857228,45.614238 8.857166,45.614222 8.857119,45.614206 8.857081,45.614191 8.857043,45.614175 8.857006,45.614156 8.856964,45.614129 8.856799,45.61402 8.856635,45.613905 8.856562,45.613854 8.85648,45.613798 8.856401,45.613743 8.85625,45.613676 8.856209,45.613666 8.856157,45.613659 8.856086,45.613658 8.856049,45.61367 8.855992,45.613738 8.855971,45.613772 8.855941,45.613831 8.85592,45.613864 8.855862,45.613935 8.855799,45.614006 8.855688,45.614262 8.855541,45.614607 8.855175,45.615467 8.854917,45.616072 8.854829,45.616271 8.85474,45.616471 8.854714,45.616533 8.854677,45.616623 8.854636,45.61672 8.854619,45.616762 8.854579,45.616854 8.854371,45.617345 8.85419,45.617762 8.854175,45.617797 8.854163,45.617882 8.854153,45.617943 8.854145,45.61801 8.854153,45.618048 8.854177,45.618089 8.854195,45.618108 8.854207,45.618129 8.854216,45.618166 8.85421,45.618203 8.854191,45.618238 8.854159,45.618268 8.854117,45.618291 8.854068,45.618306 8.854026,45.618337 8.853997,45.618366 8.853954,45.618424 8.853846,45.618571 8.853717,45.618868 8.853618,45.619091 8.853457,45.619477 8.853441,45.61952 8.853116,45.62026 8.853091,45.620322 8.853064,45.620389 8.853036,45.620454 8.85269,45.621269 8.852647,45.621373 8.852548,45.621586 8.852503,45.6217 8.852384,45.621969 8.852367,45.622007 8.852272,45.622223 8.852238,45.622305 8.852033,45.622795 8.851986,45.622908 8.851987,45.622964 8.851964,45.62305 8.851938,45.623125 8.851908,45.6232 8.851809,45.623406 8.851789,45.623468 8.851778,45.623524 8.851785,45.623571 8.851799,45.623612 8.851834,45.623657 8.851892,45.623695 8.851944,45.623728 8.852137,45.623815 8.852465,45.623991 8.853087,45.624239 8.853191,45.624275 8.853284,45.62431 8.853324,45.624324 8.853386,45.624343 8.853446,45.624355 8.853516,45.624358 8.853591,45.624358 8.85365,45.624352 8.853725,45.624343 8.853905,45.62431 8.85402,45.624286 8.854134,45.624259 8.854356,45.624205 8.854342,45.624181 8.854323,45.624144 8.854315,45.624123 8.85431,45.624103 8.85431,45.62408 8.854316,45.624047 8.854324,45.624011 8.854337,45.62395 8.854392,45.62374 8.854421,45.623631 8.854456,45.623494 8.854456,45.623464 8.854449,45.623433 8.854437,45.623403 8.85442,45.623378 8.854392,45.62335 8.854359,45.623321 8.854165,45.623433 8.853285,45.623986 8.852818,45.624282 8.852342,45.624585 8.851693,45.624996 8.851398,45.625183 8.851282,45.625258 8.851168,45.625333 8.850908,45.625502 8.850679,45.625653 8.850372,45.625852 8.850178,45.625974 8.850088,45.626041 8.850047,45.626075 8.850032,45.626091 8.850019,45.626105 8.849984,45.626144 8.849904,45.626242 8.849732,45.626451 8.849688,45.626505 8.84957,45.626646 8.849514,45.626714 8.849149,45.627175 8.849099,45.627243 8.84908,45.627272 8.848983,45.627425 8.84896,45.627469 8.84883,45.62771 8.848795,45.627783 8.848734,45.627905 8.848646,45.628084 8.848513,45.628362 8.848411,45.62859 8.848384,45.628654 8.848354,45.628733 8.848273,45.628973 8.848161,45.629338 8.848001,45.629866 8.847962,45.629995 8.847943,45.630057 8.847928,45.630117 8.847901,45.630202 8.847799,45.630546 8.847753,45.630706 8.847702,45.630903 8.847663,45.631048 8.847659,45.631064 8.847613,45.631255 8.847467,45.631843 8.847343,45.632347 8.847287,45.632628 8.847274,45.632704 8.847323,45.632882 8.847331,45.632953 8.847339,45.632991 8.847356,45.633026 8.847389,45.633072 8.847447,45.63313 8.84752,45.633157 8.84758,45.633197 8.847621,45.633247 8.847641,45.633301 8.847639,45.633357 8.847617,45.63341 8.847575,45.633457 8.847496,45.633505 8.847397,45.63353 8.847301,45.633563 8.847249,45.633581 8.847205,45.633603 8.847166,45.633627 8.84713,45.633655 8.847084,45.633685 8.847025,45.633719 8.84699,45.633803 8.84696,45.633886 8.846618,45.634714 8.846569,45.63484 8.84646,45.63511 8.846392,45.635332 8.846318,45.635611 8.846207,45.63606 8.846186,45.636156 8.846117,45.636472 8.8461,45.636551 8.846094,45.636586 8.846012,45.636966 8.846002,45.637011 8.845993,45.637045 8.845982,45.637091 8.845969,45.637133 8.845953,45.637175 8.845875,45.637363 8.845873,45.637502 8.845876,45.637553 8.845885,45.637598 8.84595,45.637779 8.84599,45.637908 8.846002,45.637989 8.846016,45.638048 8.846009,45.638108 8.845981,45.638164 8.845934,45.638214 8.845887,45.638245 8.845797,45.638281 8.845695,45.638296 8.845592,45.638289 8.845497,45.638261 8.845444,45.638232 8.845194,45.638261 8.843262,45.63847 8.842557,45.638487 8.839514,45.638837 8.837841,45.639023 8.837284,45.639088 8.836462,45.63911 8.834505,45.639334 8.834034,45.639388 8.832372,45.639576 8.831444,45.63968 8.830866,45.639741 8.830559,45.639766 8.830374,45.639781 8.829815,45.639806 8.828509,45.639843 8.827007,45.639887 8.822912,45.639999 8.820013,45.64008 8.817636,45.640141 8.815127,45.640213 8.808374,45.640393 8.806422,45.640444 8.803058,45.640532 8.802552,45.640576 8.802003,45.64065 8.801456,45.640763 8.800966,45.640901 8.80043,45.64109 8.798295,45.64187 8.796688,45.642458 8.795996,45.64269 8.795201,45.64289 8.794314,45.643042 8.793528,45.643127 8.792703,45.643166 8.79197,45.643155 8.791061,45.643078 8.789415,45.642891 8.788655,45.642803 8.787628,45.642688 8.786444,45.642544 8.786086,45.6425 8.783789,45.642222 8.781316,45.641907 8.780826,45.64185 8.780323,45.641803 8.779938,45.641778 8.779585,45.64176 8.779171,45.641751 8.778748,45.641748 8.778084,45.641766 8.777687,45.641784 8.77729,45.641815 8.776874,45.641862 8.776492,45.641908 8.772972,45.642434 8.767843,45.643184 8.762735,45.64395 8.759955,45.644365 8.755759,45.644973 8.755294,45.645051 8.751307,45.645645 8.750823,45.645736 8.750463,45.645827 8.75004,45.645951 8.749456,45.646159 8.749282,45.646239 8.749009,45.646366 8.74858,45.6466 8.748146,45.64689 8.747815,45.647147 8.747501,45.647442 8.747236,45.647734 8.745744,45.649465 8.745672,45.649538 8.744771,45.650532 8.744676,45.650637 8.744593,45.650728 8.744349,45.650999 8.744012,45.65134 8.743623,45.651697 8.7432,45.65204 8.742536,45.652527 8.741293,45.653291 8.740143,45.654019 8.739686,45.654289 8.739324,45.654463 8.738905,45.654652 8.738443,45.654849 8.737832,45.655011 8.737199,45.655156 8.736537,45.65525 8.736082,45.655294 8.735436,45.655322 8.73488,45.655295 8.734542,45.655269 8.734163,45.655234 8.7337,45.655166 8.7331,45.655039 8.731384,45.654651 8.730802,45.654514 8.729079,45.654143 8.727044,45.653692 8.72543,45.653327 8.724422,45.653101 8.724122,45.653018 8.723809,45.6529 8.723486,45.652727 8.723168,45.652505 8.722867,45.652223 8.722549,45.651899 8.722187,45.651508 8.721977,45.651343 8.721795,45.651245 8.72157,45.651141 8.721305,45.651063 8.719265,45.650574 8.718226,45.65034 8.717227,45.650143 8.715342,45.649753 8.711464,45.648955 8.710233,45.648678 8.709466,45.648443 8.70894,45.648244 8.708399,45.648011 8.707585,45.647582 8.707064,45.64723 8.706683,45.646951 8.705943,45.646272 8.705559,45.645848 8.705214,45.645362 8.704905,45.64484 8.704326,45.643628 8.70386,45.642592 8.703544,45.641833 8.702581,45.639164 8.702009,45.637296 8.701816,45.636208 8.701784,45.635289 8.701856,45.634523 8.701965,45.633836 8.702168,45.633182 8.702491,45.632488 8.70291,45.631775 8.703533,45.630756 8.703896,45.630164 8.704064,45.629746 8.704713,45.628051 8.704791,45.627797 8.704823,45.627344 8.704812,45.627075 8.704797,45.626784 8.704907,45.626291 8.705002,45.625969 8.705062,45.625821 8.705313,45.625494 8.705497,45.625382 8.705587,45.625332 8.705672,45.625289 8.70576,45.625255 8.705845,45.625226 8.705913,45.625207 8.705986,45.62519 8.706089,45.625171 8.706172,45.62516 8.706227,45.625155 8.706302,45.625151 8.706371,45.625151 8.706456,45.625152 8.706523,45.625154 8.70683,45.625169 8.707101,45.625182 8.707253,45.625187 8.7073,45.625186 8.707361,45.625185 8.707422,45.62518 8.707494,45.62517 8.707675,45.625134 8.707904,45.625095 8.708304,45.625014 8.708469,45.62497 8.708955,45.624811 8.709345,45.6246 8.70949,45.624546 8.710445,45.624208 8.710669,45.624157 8.710889,45.624136 8.711062,45.624143 8.711236,45.624162 8.711338,45.624181 8.711529,45.624236 8.711732,45.624327 8.711913,45.624451 8.712048,45.624584 8.712293,45.624853 8.712454,45.625148 8.712845,45.625575 8.712859,45.625621 8.712394,45.627316 8.712261,45.627818 8.712142,45.628247</coordinates>
        </LineString>
      </Placemark>
      <Placemark>
        <name>Malpensa Airport to Changi International Airport Terminal 3 Playground (plane)</name>
        <description>&lt;b&gt;Mode:&lt;/b&gt; plane&lt;br&gt;Representative flight SIA377 (LIMC-WSSS)</description>
        <Style>
          <LineStyle>
            <color>ff2f2fd3</color>
            <width>3</width>
          </LineStyle>
        </Style>
        <LineString>
          <coordinates>8.721,45.6372 8.7201,45.6403 8.7173,45.6472 8.7142,45.6527 8.7109,45.6566 8.7061,45.6603 8.6989,45.6647 8.6892,45.6699 8.6748,45.6776 8.6595,45.687 8.6431,45.6968 8.6251,45.7076 8.6152,45.7133 8.6062,45.7178 8.5982,45.7211 8.5906,45.7233 8.5828,45.7244 8.5749,45.7246 8.5673,45.7238 8.5603,45.722 8.5541,45.7191 8.5476,45.7138 8.5402,45.7049 8.5318,45.6924 8.5142,45.6626 8.495,45.6305 8.4835,45.6107 8.4759,45.596 8.4722,45.5863 8.4713,45.5792 8.4722,45.572 8.4748,45.5647 8.4793,45.5578 8.4856,45.5514 8.4937,45.5457 8.5075,45.5396 8.5309,45.5319 8.564,45.5226 8.6031,45.5119 8.6682,45.4937 8.74,45.4738 8.8128,45.4535 8.8879,45.4326 8.9593,45.4126 9.033,45.3918 9.1109,45.3698 9.1886,45.3479 9.2637,45.3265 9.3102,45.3136 9.3464,45.3041 9.3723,45.2982 9.401,45.2942 9.4456,45.2908 9.5061,45.2878 9.5966,45.2828 9.6838,45.2778 9.7742,45.2729 9.8646,45.2685 9.9588,45.2675 10.0142,45.2678 10.0613,45.2687 10.1004,45.2705 10.2137,45.2836 10.3054,45.2933 10.404,45.3035 10.4997,45.3135 10.5984,45.3237 10.6951,45.3337 10.7943,45.3437 10.891,45.3535 10.9941,45.3638 11.0965,45.3739 11.1982,45.3839 11.2994,45.3938 11.4062,45.404 11.5044,45.4133 11.6049,45.4228 11.7088,45.4326 11.8081,45.4416 11.9153,45.4515 12.0184,45.4608 12.1181,45.4697 12.2226,45.479 12.3272,45.4881 12.4356,45.4975 12.5429,45.5067 12.6419,45.5151 12.7506,45.5242 12.8622,45.5335 12.9723,45.5425 13.0794,45.5511 13.1896,45.56 13.3011,45.5688 13.3845,45.5746 13.4523,45.5762 13.5592,45.5771 13.6725,45.5792 13.7777,45.5819 13.8938,45.5847 14.0046,45.5872 14.1104,45.5894 14.2158,45.5915 14.324,45.5936 14.4274,45.5955 14.5349,45.5974 14.6436,45.5992 14.7469,45.6008 14.853,45.6023 14.9578,45.6037 15.0627,45.6051 15.1656,45.6063 15.2733,45.6075 15.3791,45.6086 15.4844,45.6096 15.5913,45.6104 15.6946,45.6112 15.8032,45.6119 15.907,45.6125 16.0123,45.6131 16.1127,45.6133 16.2177,45.6136 16.3244,45.6138 16.4271,45.6139 16.5372,45.6138 16.6394,45.6138 16.7441,45.6136 16.8506,45.6133 16.955,45.6129 17.0601,45.6124 17.1669,45.6118 17.2698,45.6112 17.3775,45.6104 17.481,45.6095 17.5873,45.6085 17.6937,45.6075 17.7943,45.6063 17.9016,45.6051 18.0047,45.6037 18.0882,45.6018 18.1725,45.5955 18.2746,45.5847 18.3771,45.5745 18.4752,45.5647 18.5784,45.5543 18.6763,45.5441 18.7772,45.5337 18.8744,45.5234 18.9731,45.513 19.0778,45.5019 19.1738,45.4915 19.2765,45.4804 19.3797,45.4692 19.4796,45.4581 19.5835,45.4465 19.6864,45.435 19.7817,45.4243 19.8805,45.413 19.9792,45.4016 20.0783,45.3901 20.1775,45.3786 20.2778,45.3668 20.3751,45.3552 20.4807,45.3427 20.5742,45.3314 20.6737,45.3193 20.771,45.3074 20.8681,45.2954 20.97,45.2828 21.0701,45.2703 21.1634,45.2585 21.264,45.2458 21.3566,45.2338 21.4578,45.2183 21.5586,45.2024 21.6555,45.1876 21.7512,45.173 21.845,45.1586 21.9447,45.1431 22.0403,45.1282 22.1443,45.1118 22.245,45.0959 22.3315,45.0822 22.4275,45.0669 22.5226,45.0516 22.6186,45.0361 22.7124,45.0204 22.807,45.0018 22.8993,44.9833 22.9886,44.9658 23.0789,44.9482 23.1736,44.9297 23.2595,44.9128 23.3563,44.8936 23.4489,44.8752 23.5451,44.8559 23.6339,44.8381 23.7283,44.8191 23.8192,44.8006 23.9119,44.7818 24.0037,44.763 24.1058,44.742 24.1974,44.7231 24.2906,44.7038 24.3804,44.6851 24.471,44.6661 24.5658,44.6462 24.6699,44.6242 24.759,44.6052 24.853,44.5852 24.9468,44.5651 25.0386,44.5454 25.1327,44.525 25.224,44.5052 25.3178,44.4847 25.4122,44.464 25.5057,44.4435 25.5987,44.423 25.6902,44.4026 25.7828,44.382 25.8789,44.3605 25.9701,44.34 26.0612,44.3194 26.1544,44.2983 26.2467,44.2773 26.3458,44.2546 26.4398,44.233 26.533,44.2115 26.6223,44.1908 26.7133,44.1696 26.81,44.147 26.8996,44.126 26.9927,44.104 27.0855,44.0821 27.1786,44.06 27.2679,44.0387 27.3546,44.0179 27.4497,43.995 27.5394,43.9733 27.637,43.9497 27.7347,43.9259 27.8251,43.9038 27.911,43.8827 28.0011,43.8605 28.0968,43.8368 28.1813,43.8158 28.2744,43.7926 28.3661,43.7696 28.4217,43.7545 28.4665,43.7414 28.5003,43.7303 28.5301,43.7192 28.5626,43.7063 28.5978,43.6913 28.701,43.6432 28.7807,43.6067 28.8625,43.5688 28.9424,43.5317 29.0224,43.4943 29.0974,43.4592 29.1815,43.4198 29.2608,43.3824 29.3401,43.3451 29.4225,43.3061 29.5023,43.2682 29.5863,43.2283 29.6679,43.1894 29.7464,43.1519 29.8264,43.1135 29.9073,43.0746 29.9862,43.0365 30.0659,42.998 30.1467,42.9588 30.2248,42.9208 30.3045,42.882 30.3897,42.8404 30.4702,42.7997 30.5421,42.7679 30.5981,42.7468 30.6592,42.7295 30.7295,42.7116 30.809,42.6932 30.9111,42.6706 30.9989,42.6511 31.0869,42.6316 31.1742,42.6123 31.2617,42.5928 31.349,42.5733 31.4333,42.5543 31.523,42.5342 31.6108,42.5143 31.6979,42.4945 31.786,42.4744 31.8726,42.4546 31.9608,42.4343 32.0484,42.4141 32.135,42.3942 32.2236,42.3736 32.3133,42.3528 32.402,42.3321 32.4904,42.3114 32.578,42.2908 32.6671,42.2698 32.7564,42.2487 32.8454,42.2275 32.9596,42.2002 33.0513,42.178 33.1376,42.157 33.2282,42.135 33.322,42.1121 33.4715,42.0755 33.562,42.0534 33.6573,42.0299 33.7485,42.0073 33.8538,41.9812 33.9973,41.9452 34.1017,41.9188 34.1909,41.8963 34.3233,41.8627 34.4635,41.8268 34.5798,41.7972 34.7277,41.7593 34.822,41.7351 34.9116,41.7118 35.0005,41.6887 35.118,41.6581 35.2194,41.6315 35.34,41.5996 35.4833,41.562 35.6616,41.5138 35.7505,41.4898 35.8381,41.4661 36.0166,41.4176 36.1948,41.369 36.2817,41.3452 36.4615,41.2957 36.5222,41.2836 36.5836,41.2732 36.6458,41.2643 36.7873,41.2541 36.8793,41.2468 37.0685,41.2326 37.1666,41.2253 37.2611,41.218 37.3593,41.2107 37.4536,41.2041 37.5489,41.1973 37.6534,41.1909 37.7882,41.1808 37.8813,41.1724 37.9793,41.1644 38.0756,41.1571 38.1706,41.1497 38.2673,41.1419 38.3609,41.1343 38.516,41.1216 38.6344,41.112 38.7302,41.104 38.8271,41.0957 38.9219,41.0872 39.0184,41.0784 39.1148,41.0696 39.2096,41.0609 39.3068,41.0519 39.4035,41.0428 39.5296,41.0309 39.637,41.0206 39.7333,41.0112 39.8297,41.0038 39.9504,41.0017 40.0507,40.9993 40.1515,40.9968 40.2575,40.9943 40.3566,40.9917 40.4648,40.9888 40.5692,40.9859 40.6315,40.9835 40.6812,40.9803 40.7183,40.9763 40.755,40.9722 40.8036,40.9689 40.8639,40.9663 40.9736,40.9623 41.0852,40.9585 41.2296,40.9536 41.3625,40.9487 41.469,40.9448 41.5723,40.9409 41.676,40.9368 41.7792,40.9328 41.8891,40.9283 41.9973,40.9238 42.1195,40.9186 42.2247,40.914 42.3375,40.909 42.4992,40.9015 42.6,40.8967 42.7016,40.8919 42.8007,40.887 42.9027,40.8819 43.0042,40.8769 43.1042,40.8717 43.2041,40.8665 43.3055,40.8611 43.4072,40.8556 43.5076,40.8501 43.6078,40.8445 43.7093,40.8387 43.8577,40.8338 43.9603,40.8311 44.0611,40.8278 44.1627,40.8241 44.3174,40.8186 44.4188,40.8147 44.5136,40.8111 44.6208,40.807 44.7204,40.8029 44.8237,40.7987 44.924,40.7946 45.036,40.7898 45.158,40.7844 45.2599,40.7799 45.3611,40.7753 45.4631,40.7706 45.5631,40.7662 45.6672,40.7615 45.7683,40.7567 45.8685,40.7519 45.9706,40.7469 46.1067,40.7401 46.2071,40.735 46.3097,40.7296 46.4099,40.7244 46.5084,40.7191 46.6093,40.7136 46.7101,40.7081 46.8099,40.7024 46.9078,40.6968 47.0968,40.6858 47.2054,40.6793 47.307,40.6732 47.4015,40.6674 47.5045,40.6609 47.6054,40.6545 47.7035,40.6483 47.8032,40.6418 47.9046,40.6351 48.0018,40.6287 48.1007,40.6219 48.2005,40.6151 48.2982,40.6084 48.4128,40.6003 48.5142,40.5931 48.6166,40.5857 48.7151,40.5786 48.8189,40.5709 48.921,40.5632 49.0219,40.5556 49.124,40.5478 49.2242,40.54 49.3247,40.5322 49.4267,40.5241 49.5238,40.5163 49.6254,40.5081 49.7251,40.4999 49.8269,40.4915 49.9365,40.4823 50.0383,40.4736 50.2052,40.4519 50.3032,40.4388 50.4694,40.4164 50.6194,40.3959 50.9638,40.2748 51.3071,40.1526 51.6491,40.0295 51.9898,39.9054 52.3293,39.7803 52.6676,39.6542 53.0046,39.5271 53.3405,39.399 53.675,39.27 54.0084,39.14 54.3405,39.0091 54.6713,38.8773 55.001,38.7445 55.3294,38.6108 55.6566,38.4762 55.9825,38.3406 56.3073,38.2042 56.6308,38.0669 56.9531,37.9287 57.2742,37.7896 57.5941,37.6497 57.9128,37.5089 58.2302,37.3672 58.5465,37.2247 58.8616,37.0814 59.1755,36.9372 59.4882,36.7922 59.7997,36.6464 60.11,36.4998 60.4192,36.3523 60.7271,36.2041 61.034,36.0551 61.3396,35.9054 61.6441,35.7548 61.9474,35.6035 62.2496,35.4514 62.5507,35.2986 62.8506,35.145 63.1494,34.9908 63.447,34.8357 63.7436,34.68 64.039,34.5235 64.3333,34.3663 64.6265,34.2085 64.9186,34.0499 65.2096,33.8906 65.4995,33.7307 65.7884,33.5701 66.0761,33.4088 66.3628,33.2468 66.6485,33.0842 66.933,32.921 67.2166,32.7571 67.4991,32.5926 67.7805,32.4274 68.0609,32.2616 68.3403,32.0952 68.6187,31.9282 68.717,31.869 68.8309,31.7878 69.0718,31.6171 69.1747,31.5491 69.2453,31.5017 69.3139,31.4552 69.3842,31.4075 69.4381,31.3641 69.4951,31.3133 69.5553,31.2553 69.6263,31.1804 69.7366,31.064 69.7927,31.0044 69.8468,30.9469 69.9029,30.8872 69.9572,30.8293 70.012,30.7708 70.0664,30.7126 70.1228,30.6522 70.2332,30.5335 70.2861,30.4766 70.3418,30.4165 70.3967,30.3572 70.4523,30.2971 70.5081,30.2367 70.5632,30.1772 70.6187,30.119 70.71,30.0227 70.7742,29.9546 70.8354,29.8895 70.936,29.7822 70.9892,29.7254 71.0431,29.6677 71.1024,29.6086 71.161,29.553 71.2178,29.4978 71.2752,29.4413 71.3716,29.3463 71.4625,29.2567 71.5404,29.1808 71.6,29.1223 71.6582,29.0653 71.7145,29.0099 71.8013,28.9244 71.8614,28.8651 71.9214,28.8057 71.9789,28.7488 72.0395,28.6886 72.1143,28.6144 72.156,28.5752 72.1895,28.5451 72.2149,28.5239 72.2365,28.5076 72.2585,28.492 72.281,28.477 72.3095,28.4599 72.3495,28.4376 72.401,28.4102 72.4761,28.3758 72.5515,28.3406 72.6262,28.3057 72.7019,28.2704 72.7756,28.236 72.8508,28.2009 72.9259,28.1658 73.0005,28.1308 73.0744,28.096 73.1496,28.0606 73.2237,28.0256 73.298,27.9905 73.3721,27.9554 73.4453,27.9208 73.5179,27.8862 73.5917,27.8511 73.6661,27.8157 73.739,27.7808 73.8122,27.7458 73.8863,27.7107 73.9622,27.6776 74.0371,27.645 74.1118,27.6119 74.187,27.5783 74.2632,27.5442 74.3373,27.511 74.4121,27.4774 74.4896,27.4426 74.5647,27.4088 74.6365,27.3764 74.7135,27.3416 74.7885,27.3077 74.8618,27.2744 74.9377,27.2399 75.017,27.2038 75.0918,27.1697 75.1654,27.1361 75.2493,27.0977 75.3244,27.0632 75.4168,27.0208 75.4913,26.9865 75.5862,26.9427 75.6608,26.9082 75.7339,26.8743 75.8277,26.8308 75.9122,26.7899 76.0072,26.7402 76.0988,26.6932 76.1699,26.6569 76.2503,26.6157 76.3222,26.5789 76.3957,26.5411 76.4676,26.5041 76.5382,26.4677 76.6094,26.4321 76.6975,26.3911 76.7877,26.3483 76.8611,26.3131 76.9322,26.2788 77.0454,26.2244 77.1178,26.1894 77.1917,26.1537 77.2646,26.1184 77.3358,26.0836 77.4102,26.0473 77.4821,26.0121 77.5547,25.9765 77.6277,25.9407 77.6995,25.9054 77.7858,25.863 77.9158,25.7988 77.9876,25.7633 78.0611,25.7269 78.133,25.6912 78.2156,25.6502 78.2964,25.61 78.3776,25.5698 78.4496,25.5346 78.5247,25.4977 78.5969,25.4622 78.682,25.4201 78.7886,25.3673 78.8602,25.3318 78.9378,25.2932 79.0099,25.2574 79.0807,25.2221 79.216,25.1545 79.2929,25.116 79.3635,25.0806 79.4342,25.0451 79.5041,25.01 79.6433,24.9397 79.7146,24.9037 79.7894,24.8659 79.8494,24.8332 79.9168,24.7925 79.9916,24.744 80.134,24.6364 80.2321,24.5622 80.3182,24.4968 80.4066,24.4296 80.647,24.2463 80.7225,24.1884 80.8045,24.1256 80.9235,24.0341 81.0002,23.9751 81.1353,23.871 81.198,23.8224 81.3176,23.7298 81.443,23.6325 81.5045,23.5847 81.7467,23.3958 81.8056,23.3497 82.047,23.1641 82.2877,22.9782 82.4772,22.8313 82.5382,22.7849 82.5993,22.7385 82.6811,22.6763 82.8171,22.5726 82.9142,22.4984 83.0298,22.4098 83.2347,22.2525 83.297,22.2045 83.3881,22.1355 83.476,22.0717 83.5661,22.0022 83.6494,21.9364 83.71,21.889 83.7694,21.8426 83.8299,21.7952 83.8894,21.7486 83.9486,21.7021 84.0078,21.6557 84.0685,21.6089 84.1278,21.5636 84.1882,21.517 84.2481,21.4708 84.3082,21.4243 84.3679,21.3781 84.4364,21.325 84.4958,21.2791 84.5533,21.2344 84.6128,21.1881 84.7027,21.1181 84.7616,21.0722 84.8177,21.0284 84.8761,20.9827 84.9344,20.9371 84.9923,20.8919 85.0503,20.8465 85.1075,20.8016 85.1654,20.7562 85.2239,20.7101 85.2848,20.6623 85.3417,20.6175 85.3991,20.5721 85.457,20.5265 85.514,20.4814 85.5685,20.4384 85.6788,20.3509 85.7364,20.3053 85.794,20.2594 85.8504,20.2086 85.901,20.1583 85.9537,20.1072 86.0036,20.0586 86.0562,20.0072 86.1086,19.9559 86.1601,19.9055 86.2107,19.857 86.264,19.807 86.3152,19.7587 86.3671,19.7093 86.4182,19.6607 86.4701,19.6113 86.5205,19.563 86.5711,19.5142 86.6215,19.4657 86.6728,19.4163 86.7236,19.3673 86.7748,19.3179 86.8251,19.2692 86.8754,19.2206 86.9265,19.1711 86.9769,19.1223 87.0272,19.0736 87.0781,19.0242 87.1289,18.9749 87.1791,18.9261 87.2299,18.8767 87.2802,18.8277 87.33,18.7792 87.3803,18.7301 87.4309,18.6808 87.4804,18.6323 87.5301,18.5838 87.5805,18.5345 87.6302,18.4858 87.6807,18.4363 87.7304,18.3875 87.7813,18.3376 87.8324,18.2873 87.8837,18.2373 87.9336,18.1895 88.019,18.1074 88.0788,18.0495 88.1346,17.9956 88.1856,17.9461 88.2349,17.8983 88.2899,17.8451 88.3588,17.7781 88.4271,17.7118 88.6449,17.5105 88.8622,17.309 89.0791,17.1072 89.2955,16.9053 89.5114,16.7031 89.7268,16.5006 89.9418,16.298 90.1564,16.0951 90.3705,15.8921 90.5842,15.6888 90.7975,15.4853 91.0104,15.2816 91.2228,15.0777 91.4348,14.8736 91.6464,14.6693 91.8577,14.4648 92.0685,14.2601 92.279,14.0553 92.4891,13.8502 92.6988,13.645 92.9081,13.4396 93.1171,13.2341 93.3258,13.0283 93.5341,12.8224 93.742,12.6164 93.9496,12.4102 94.1569,12.2038 94.3639,11.9972 94.5705,11.7906 94.7769,11.5837 94.9829,11.3767 95.1554,11.2031 95.2525,11.1199 95.3192,11.0626 95.3704,11.0187 95.4199,10.9763 95.4693,10.9338 95.5208,10.8895 95.5704,10.8468 95.6209,10.8034 95.6713,10.7601 95.7218,10.7166 95.7728,10.6726 95.8232,10.6292 95.8737,10.5856 95.9241,10.5421 95.9741,10.499 96.0235,10.4563 96.0742,10.4125 96.1725,10.3275 96.2222,10.2845 96.2713,10.242 96.3216,10.1984 96.3708,10.1558 96.4698,10.07 96.5196,10.0268 96.5745,9.9751 96.6073,9.9455 96.6729,9.8957 96.7239,9.855 96.7759,9.8139 96.8275,9.7733 96.9302,9.6925 96.9813,9.6523 97.0833,9.5719 97.1354,9.5308 97.1859,9.4909 97.2373,9.4504 97.289,9.4096 97.34,9.3693 97.3918,9.3285 97.4419,9.2888 97.4944,9.2473 97.5464,9.2062 97.5975,9.1658 97.7005,9.0842 97.7511,9.0441 97.804,9.0021 97.855,8.9618 97.9059,8.9213 97.9571,8.8807 98.0088,8.8397 98.0593,8.7995 98.1118,8.7578 98.163,8.7172 98.1982,8.6922 98.2446,8.6619 98.3021,8.6263 98.3754,8.5807 98.4294,8.5472 98.4842,8.5132 98.5393,8.4792 98.5939,8.4453 98.6597,8.4044 98.7144,8.3704 98.7693,8.3362 98.8362,8.2947 98.9195,8.2428 98.974,8.2089 99.0295,8.1743 99.0844,8.1402 99.1388,8.1063 99.1966,8.0702 99.2511,8.0362 99.3063,8.0018 99.3603,7.968 99.4145,7.9343 99.4684,7.9006 99.5227,7.8666 99.5769,7.8328 99.6301,7.7995 99.6856,7.7648 99.7411,7.7301 99.7955,7.696 99.8502,7.6617 99.9046,7.6277 99.9594,7.5933 100.0145,7.5588 100.0698,7.5242 100.1249,7.4896 100.2118,7.435 100.2867,7.3879 100.3431,7.3525 100.399,7.3174 100.4546,7.2824 100.5093,7.2481 100.5636,7.2139 100.6205,7.1781 100.6738,7.1445 100.7286,7.11 100.7904,7.0711 100.8454,7.0364 100.9099,6.9958 100.9693,6.9583 101.0252,6.923 101.0927,6.8805 101.147,6.8462 101.2036,6.8104 101.2603,6.7746 101.3161,6.7394 101.3713,6.7044 101.4266,6.6695 101.4817,6.6346 101.537,6.5996 101.593,6.5642 101.6481,6.5293 101.7033,6.4943 101.7589,6.4591 101.8147,6.4238 101.8704,6.3884 101.9083,6.3605 101.9379,6.3376 101.9592,6.3196 101.9758,6.304 101.9916,6.2882 102.0064,6.2724 102.0232,6.2529 102.0446,6.2259 102.0707,6.1916 102.09,6.161 102.1116,6.1172 102.1351,6.0634 102.1604,5.9997 102.1817,5.9342 102.203,5.8704 102.2245,5.8052 102.2447,5.7443 102.2706,5.6792 102.3021,5.6008 102.3272,5.5378 102.3522,5.4753 102.3782,5.4101 102.4032,5.3476 102.4283,5.2847 102.4532,5.2223 102.4789,5.158 102.5038,5.0955 102.5289,5.0327 102.5541,4.9696 102.5795,4.9058 102.6065,4.8379 102.6324,4.7731 102.659,4.7066 102.6882,4.6332 102.7154,4.565 102.7419,4.4982 102.7672,4.4348 102.7931,4.3698 102.8181,4.3069 102.8446,4.2404 102.871,4.174 102.8958,4.1117 102.921,4.0484 102.9463,3.9849 102.9713,3.922 102.9962,3.8594 103.0217,3.7951 103.0466,3.7324 103.0703,3.6727 103.0954,3.6099 103.123,3.5403 103.1483,3.4767 103.1708,3.4129 103.1909,3.3488 103.212,3.2825 103.2349,3.2118 103.2548,3.1527 103.2744,3.0927 103.2938,3.0309 103.3147,2.9694 103.3371,2.9076 103.3589,2.8467 103.3814,2.7826 103.4019,2.7402 103.4232,2.701 103.4455,2.665 103.4805,2.6119 103.501,2.5856 103.5249,2.5576 103.5521,2.5278 103.5996,2.478 103.6405,2.4352 103.681,2.3925 103.7204,2.3507 103.7598,2.309 103.7984,2.2681 103.8379,2.2264 103.878,2.1841 103.9185,2.1422 103.9585,2.1012 103.9851,2.0736 104.004,2.0525 104.0151,2.038 104.0231,2.0204 104.0324,1.9903 104.0431,1.9478 104.0537,1.8962 104.0639,1.8438 104.0738,1.792 104.0834,1.7405 104.093,1.6903 104.1023,1.6404 104.1115,1.5904 104.1183,1.5432 104.1251,1.4933 104.1262,1.4745 104.1249,1.4573 104.1214,1.4417 104.1163,1.4268 104.1106,1.4119 104.1043,1.397 104.0945,1.3738 104.0789,1.3361 104.0631,1.2998 104.0486,1.2671 104.0346,1.2358 104.0283,1.2232 104.0229,1.2137 104.0182,1.2074 104.0128,1.2023 104.0051,1.1967 103.9952,1.1905 103.9707,1.1775 103.9585,1.1716 103.9485,1.1678 103.9405,1.166 103.9339,1.1654 103.9281,1.1655 103.923,1.166 103.9186,1.1675 103.9148,1.17 103.9117,1.1737 103.9103,1.18 103.9119,1.1904 103.9164,1.205 103.9266,1.2284 103.9346,1.2474 103.9431,1.2678 103.9521,1.289 103.9534,1.2921 103.9565,1.2994 103.9606,1.3092 103.9646,1.3187 103.9693,1.3296 103.9735,1.3395 103.9776,1.3493</coordinates>
        </LineString>
      </Placemark>
      <Placemark>
        <name>Changi International Airport Terminal 3 Playground to Changi Airport MRT Station (CG2) (foot)</name>
        <description>&lt;b&gt;Mode:&lt;/b&gt; foot</description>
        <Style>
          <LineStyle>
            <color>ff2f2fd3</color>
            <width>3</width>
          </LineStyle>
        </Style>
        <LineString>
          <coordinates>103.984286,1.350435 103.984286,1.350435 103.984328,1.350606 103.984511,1.350523 103.984745,1.350416 103.984769,1.350411 103.984799,1.35042 103.984817,1.350439 103.985083,1.351023 103.985218,1.351333 103.985208,1.351274 103.985211,1.351248 103.985221,1.351224 103.985235,1.351204 103.985268,1.351175 103.985399,1.35112 103.985422,1.351113 103.985453,1.35111 103.985483,1.351117 103.985511,1.351135 103.985533,1.351159 103.985942,1.352208 103.986008,1.352346 103.986161,1.352652 103.986244,1.352832 103.986772,1.354055 103.987443,1.355543 103.987636,1.35588</coordinates>
        </LineString>
      </Placemark>
      <Placemark>
        <name>Changi Airport MRT Station (CG2) to VivoCity (train)</name>
        <description>&lt;b&gt;Mode:&lt;/b&gt; train&lt;br&gt;East-West Line, North-East Line</description>
        <Style>
          <LineStyle>
            <color>ff2f2fd3</color>
            <width>3</width>
          </LineStyle>
        </Style>
        <LineString>
          <coordinates>103.98768000000001,1.3558700000000001 103.98773000000001,1.3559400000000001 103.98774,1.3559800000000002 103.98775,1.3560500000000002 103.98781000000001,1.35623 103.98786000000001,1.3563500000000002 103.98787000000002,1.3563800000000001 103.98788,1.3563900000000002 103.98791000000001,1.3564900000000002 103.98794000000001,1.3565500000000001 103.98794000000001,1.3565600000000002 103.98800000000001,1.35668 103.98801,1.3567200000000001 103.98804000000001,1.3567900000000002 103.98815,1.3570300000000002 103.98822000000001,1.35721 103.98823,1.35722 103.98823,1.35724 103.98830000000001,1.3573700000000002 103.98831000000001,1.35738 103.98837,1.3575000000000002 103.98839000000001,1.3575300000000001 103.98847,1.35769 103.98857000000001,1.35792 103.98868,1.3581400000000001 103.98869,1.3581800000000002 103.98875000000001,1.35833 103.98884000000001,1.35851 103.98889000000001,1.35863 103.98891,1.35867 103.98891,1.35868 103.98893000000001,1.3587200000000001 103.98895,1.3587900000000002 103.98897000000001,1.3588600000000002 103.98898000000001,1.35891 103.98898000000001,1.35897 103.98898000000001,1.3590300000000002 103.98898000000001,1.35904 103.98897000000001,1.35911 103.98895,1.3591900000000001 103.98893000000001,1.35925 103.98886,1.3593700000000002 103.98886,1.35938 103.98880000000001,1.35948 103.98877,1.3595300000000001 103.98874,1.3595700000000002 103.98865,1.3596800000000002 103.9886,1.3597400000000002 103.98854000000001,1.3597800000000002 103.98848000000001,1.35982 103.98843000000001,1.35986 103.98840000000001,1.3598800000000002 103.98836000000001,1.35989 103.98838,1.35999 103.98836000000001,1.36 103.98832,1.36002 103.98831000000001,1.3600400000000001 103.98815,1.3601 103.98813000000001,1.3601 103.98811,1.36009 103.98809000000001,1.3600700000000001 103.98807000000001,1.3600400000000001 103.98806,1.36 103.98808000000001,1.3599700000000001 103.98811,1.3599400000000001 103.98814000000002,1.35992 103.98821000000001,1.3598800000000002 103.98833,1.35982 103.98848000000001,1.3597400000000002 103.9886,1.3596400000000002 103.98869,1.35952 103.98878,1.35939 103.98884000000001,1.35928 103.98886,1.3592600000000001 103.98889000000001,1.35918 103.98891,1.35912 103.98892000000001,1.35904 103.98892000000001,1.3589900000000001 103.98893000000001,1.3589300000000002 103.98892000000001,1.3588900000000002 103.98891,1.35887 103.98890000000002,1.35895 103.98888000000001,1.3590600000000002 103.98885000000001,1.3591300000000002 103.98883000000001,1.3591900000000001 103.98879000000001,1.35925 103.98876000000001,1.35929 103.98871000000001,1.35932 103.98866000000001,1.35935 103.98861000000001,1.3593700000000002 103.98856,1.35938 103.98851,1.35938 103.98847,1.3593700000000002 103.98843000000001,1.3593600000000001 103.98837,1.3593400000000002 103.98835000000001,1.3593300000000001 103.98830000000001,1.35929 103.98827000000001,1.35925 103.98826000000001,1.35922 103.98823,1.3591700000000002 103.98822000000001,1.3591000000000002 103.9882,1.35897 103.9882,1.3588 103.98821000000001,1.35864 103.98825000000001,1.3584800000000001 103.98826000000001,1.35844 103.98826000000001,1.3584100000000001 103.98826000000001,1.3583500000000002 103.98826000000001,1.3583100000000001 103.98825000000001,1.35827 103.98824,1.3582500000000002 103.98821000000001,1.3581800000000002 103.98816000000001,1.3580800000000002 103.98811,1.35799 103.98806,1.35786 103.98797,1.3576300000000001 103.98795000000001,1.3575700000000002 103.98792,1.35742 103.98788,1.35725 103.98782000000001,1.35705 103.9873,1.35722 103.98819,1.3570600000000002 103.98782000000001,1.3569600000000002 103.98209000000001,1.3589000000000002 103.98202,1.3589200000000001 103.98195000000001,1.35894 103.98184,1.35894 103.98066000000001,1.35888 103.98058,1.35888 103.9805,1.35887 103.97942,1.35851 103.97940000000001,1.3585 103.97937,1.3584900000000002 103.97842000000001,1.35758 103.97837000000001,1.3575400000000002 103.97834,1.3575000000000002 103.9778,1.3566600000000002 103.97779000000001,1.35664 103.97778000000001,1.3566200000000002 103.97528000000001,1.3506200000000002 103.97251000000001,1.3438400000000001 103.97251000000001,1.34383 103.97250000000001,1.34382 103.97248,1.3438 103.97177,1.34321 103.97174000000001,1.34318 103.97171,1.3431700000000002 103.97108000000001,1.34284 103.97103000000001,1.3428200000000001 103.97099000000001,1.34281 103.96942000000001,1.3424800000000001 103.96924000000001,1.34244 103.96860000000001,1.3423100000000001 103.96858,1.3423100000000001 103.96854,1.3422900000000002 103.96664000000001,1.34155 103.96660000000001,1.3415300000000001 103.96656000000002,1.3415100000000002 103.96557000000001,1.3409300000000002 103.96555000000001,1.3409200000000001 103.96553000000002,1.3409000000000002 103.96509,1.3402200000000002 103.96391000000001,1.33841 103.96388,1.3383500000000002 103.96303,1.33701 103.96265000000001,1.3364200000000002 103.96242000000001,1.3360400000000001 103.96226000000001,1.3358100000000002 103.96212000000001,1.3355800000000002 103.96206000000001,1.3354700000000002 103.96203000000001,1.3354300000000001 103.96183,1.33511 103.96154000000001,1.3346500000000001 103.96151,1.3346 103.96150000000002,1.33458 103.96107,1.3338700000000001 103.96073000000001,1.33339 103.96052,1.33318 103.96027000000001,1.33292 103.96000000000001,1.3326900000000002 103.95998,1.3326600000000002 103.9599,1.33261 103.95948000000001,1.33233 103.95927,1.3322200000000002 103.95895,1.33206 103.95838,1.33186 103.95757,1.33165 103.95703,1.33152 103.95698,1.3315000000000001 103.95696000000001,1.3315000000000001 103.95686,1.3314800000000002 103.95682000000001,1.3314700000000002 103.95676,1.33145 103.95661000000001,1.33142 103.95605,1.33128 103.95596,1.33126 103.95588000000001,1.3312400000000002 103.95527000000001,1.3311000000000002 103.95518000000001,1.3310700000000002 103.95511,1.3310600000000001 103.95504000000001,1.33104 103.95492000000002,1.33101 103.95444,1.3309000000000002 103.95408,1.33081 103.95402000000001,1.3307900000000001 103.95369000000001,1.33068 103.95357000000001,1.3306300000000002 103.95326000000001,1.3304900000000002 103.95295000000002,1.3303200000000002 103.95251,1.3300100000000001 103.95249000000001,1.33 103.95243,1.32996 103.95232000000001,1.3298800000000002 103.95195000000001,1.3296100000000002 103.95191000000001,1.3295800000000002 103.95187000000001,1.32955 103.95182000000001,1.32952 103.95116,1.32912 103.95098000000002,1.3290700000000002 103.95066000000001,1.32888 103.95056000000001,1.3288300000000002 103.95045,1.32878 103.95021000000001,1.3286600000000002 103.94998000000001,1.3285500000000001 103.94988000000001,1.32851 103.94976000000001,1.32847 103.94963000000001,1.3284200000000002 103.94959000000001,1.3284 103.94914000000001,1.3282600000000002 103.94865000000001,1.3281100000000001 103.94845000000001,1.32804 103.94784000000001,1.3278400000000001 103.94779000000001,1.32782 103.94733000000001,1.32766 103.94725000000001,1.32763 103.94717000000001,1.3276000000000001 103.94692,1.3275100000000002 103.94642,1.3273300000000001 103.9462,1.32725 103.94622000000001,1.32718 103.94622000000001,1.32719 103.94625,1.32712 103.94558,1.32688 103.94553,1.3268600000000002 103.94486,1.3266 103.94468,1.3265300000000002 103.94426000000001,1.32637 103.94416000000001,1.32634 103.94406000000001,1.3263 103.94402000000001,1.3262800000000001 103.94397000000001,1.32627 103.94327000000001,1.3260200000000002 103.94312000000001,1.3259800000000002 103.94291000000001,1.3259100000000001 103.94224000000001,1.3256800000000002 103.94181,1.3255400000000002 103.94148000000001,1.32545 103.94096,1.3253300000000001 103.94080000000001,1.3253000000000001 103.94066000000001,1.32528 103.94063000000001,1.3252700000000002 103.94053000000001,1.32526 103.94043,1.3252400000000002 103.94025,1.32521 103.93995000000001,1.32518 103.93929000000001,1.32509 103.93875000000001,1.32502 103.93809,1.32494 103.93740000000001,1.32485 103.93668000000001,1.32475 103.93650000000001,1.3247300000000002 103.93633000000001,1.3247000000000002 103.93576,1.3246300000000002 103.93565000000001,1.3246200000000001 103.93545,1.3245900000000002 103.93509,1.32454 103.93491,1.3245200000000001 103.93484000000001,1.32451 103.93473,1.3245 103.93455,1.32447 103.93438,1.3244500000000001 103.93406,1.32441 103.93335,1.3243200000000002 103.93295,1.32427 103.93291,1.3242600000000002 103.93277,1.32424 103.93270000000001,1.32423 103.93241,1.3241900000000002 103.93238000000001,1.3241900000000002 103.93209,1.3241500000000002 103.93201,1.3241500000000002 103.93190000000001,1.32414 103.93178,1.32413 103.93167000000001,1.3241200000000002 103.93140000000001,1.3240900000000002 103.93108000000001,1.32404 103.93102,1.32404 103.93095000000001,1.32403 103.93088,1.3240200000000002 103.93060000000001,1.3239800000000002 103.93026,1.32393 103.93024000000001,1.32393 103.92999,1.32389 103.92988000000001,1.3238800000000002 103.92964,1.3238400000000001 103.92963,1.3238400000000001 103.92951000000001,1.3238200000000002 103.92938000000001,1.3238 103.92924000000001,1.3237800000000002 103.92922000000002,1.3237700000000001 103.92882,1.32372 103.92871000000001,1.3237 103.92858000000001,1.3236800000000002 103.92835000000001,1.3236500000000002 103.92809000000001,1.3236100000000002 103.92800000000001,1.32359 103.92745000000001,1.3235100000000002 103.92734000000002,1.32349 103.92722,1.3234700000000001 103.92669000000001,1.32338 103.92635000000001,1.3233300000000001 103.92633000000001,1.3233300000000001 103.92580000000001,1.3232400000000002 103.92532000000001,1.32315 103.92494,1.32308 103.92460000000001,1.32301 103.92421,1.32292 103.92415000000001,1.3229000000000002 103.92379000000001,1.3228000000000002 103.92357000000001,1.32274 103.92346,1.32271 103.92338000000001,1.32268 103.92331000000001,1.3226600000000002 103.92317000000001,1.3226200000000001 103.9227,1.3224600000000002 103.92245000000001,1.32237 103.92218000000001,1.3222800000000001 103.92179,1.3221500000000002 103.92151000000001,1.3220500000000002 103.92102000000001,1.32187 103.92096000000001,1.3218500000000002 103.9209,1.3218400000000001 103.91993000000001,1.32149 103.91983,1.32146 103.91953000000001,1.32136 103.91942,1.3213300000000001 103.91937000000001,1.32132 103.91933,1.3213100000000002 103.91923000000001,1.32129 103.91919000000001,1.32128 103.91914000000001,1.3212700000000002 103.91898,1.32125 103.91896000000001,1.32125 103.91882000000001,1.3212300000000001 103.91878000000001,1.3212300000000001 103.91868000000001,1.3212300000000001 103.91857,1.32122 103.91836,1.3212300000000001 103.91824000000001,1.3212400000000002 103.91811000000001,1.32125 103.91786,1.3212700000000002 103.91766000000001,1.3213000000000001 103.91743000000001,1.3213300000000001 103.91719,1.32136 103.91688,1.3214000000000001 103.91685000000001,1.3214000000000001 103.91652,1.3214400000000002 103.91626000000001,1.32145 103.91595000000001,1.32145 103.91571,1.32145 103.91557,1.3214400000000002 103.91538000000001,1.32142 103.91524000000001,1.3214000000000001 103.91518,1.32139 103.91514000000001,1.32138 103.91462000000001,1.32128 103.91461000000001,1.32128 103.91455,1.32126 103.91449000000001,1.32125 103.91433,1.32122 103.91398000000001,1.3211400000000002 103.91395000000001,1.3211300000000001 103.91382000000002,1.3211000000000002 103.91369,1.32108 103.91305000000001,1.32094 103.91302,1.32094 103.91252000000001,1.32084 103.91199,1.3207300000000002 103.91147000000001,1.3206200000000001 103.91142,1.32061 103.91136,1.3205900000000002 103.91130000000001,1.32058 103.91087,1.3204900000000002 103.91052,1.3204200000000001 103.91048,1.32041 103.91044000000001,1.3204 103.91037000000001,1.3203900000000002 103.90992000000001,1.3202900000000002 103.90939,1.32017 103.90935,1.32016 103.9093,1.3201500000000002 103.90887000000001,1.32006 103.90882,1.3200500000000002 103.90877,1.32004 103.90831000000001,1.3199400000000001 103.90808000000001,1.31989 103.90803000000001,1.3198800000000002 103.90780000000001,1.3198500000000002 103.90777000000001,1.3198500000000002 103.90768000000001,1.3198400000000001 103.90767000000001,1.3198400000000001 103.90751,1.31983 103.90737000000001,1.3198200000000002 103.90714000000001,1.3198200000000002 103.90705000000001,1.31983 103.90693,1.3198400000000001 103.90651000000001,1.31989 103.90633000000001,1.3199100000000001 103.9063,1.3199100000000001 103.9059,1.3199500000000002 103.90579000000001,1.31996 103.90556000000001,1.31997 103.90547000000001,1.3199800000000002 103.90540000000001,1.3199800000000002 103.90525000000001,1.31997 103.90520000000001,1.31997 103.90500000000002,1.3199500000000002 103.90497,1.3199500000000002 103.90482000000002,1.31993 103.90451,1.31989 103.90446000000001,1.3198800000000002 103.90392000000001,1.3198100000000001 103.9033,1.31973 103.90307000000001,1.3197 103.90212000000001,1.3195800000000002 103.90166,1.3195100000000002 103.90134,1.31946 103.90125,1.31945 103.90107,1.31942 103.90091000000001,1.31939 103.90049,1.31932 103.90025000000001,1.3192700000000002 103.90015000000001,1.31925 103.90001000000001,1.3192300000000001 103.89959,1.31915 103.89906,1.31905 103.89747000000001,1.31874 103.89659,1.31857 103.89652000000001,1.3185600000000002 103.89645,1.31855 103.89623,1.31851 103.8956,1.3183900000000002 103.89540000000001,1.3183600000000002 103.89538,1.3183500000000001 103.89435,1.3182200000000002 103.89432000000001,1.3182200000000002 103.89418,1.3182 103.89391,1.31817 103.89362000000001,1.31813 103.89349000000001,1.3181100000000001 103.89336000000002,1.3180900000000002 103.89307000000001,1.3180500000000002 103.89223000000001,1.3179400000000001 103.89222000000001,1.31793 103.89202,1.3179200000000002 103.89181,1.3179 103.89178000000001,1.3179 103.89134000000001,1.3178800000000002 103.89116000000001,1.31786 103.89114000000001,1.31786 103.8906,1.31779 103.89035000000001,1.3177500000000002 103.89027000000002,1.31773 103.88956,1.3176 103.88885,1.3174700000000001 103.88873000000001,1.31745 103.88861000000001,1.31743 103.88854,1.31742 103.88782,1.31726 103.88773,1.3172400000000002 103.88700000000001,1.3171000000000002 103.88694000000001,1.31709 103.88605000000001,1.31695 103.88534000000001,1.31684 103.88524000000001,1.31682 103.88514,1.3168000000000002 103.88491,1.3167600000000002 103.88392,1.31658 103.88285,1.3164 103.88256000000001,1.3163500000000001 103.88225000000001,1.3162900000000002 103.88196,1.3162500000000001 103.88177,1.3162200000000002 103.88162000000001,1.3162 103.88132,1.31617 103.88116000000001,1.3161500000000002 103.88099000000001,1.31613 103.88090000000001,1.3161200000000002 103.88034,1.316 103.87999,1.31593 103.87981,1.3159 103.87963,1.31587 103.87910000000001,1.31576 103.87892000000001,1.31573 103.87863000000002,1.3156700000000001 103.87822000000001,1.31559 103.87817000000001,1.31559 103.87806,1.31556 103.87795000000001,1.31553 103.87776000000001,1.3154800000000002 103.87767000000001,1.3154400000000002 103.87756,1.3154000000000001 103.87744,1.31535 103.87728000000001,1.3152700000000002 103.87722000000001,1.3152400000000002 103.87707,1.31516 103.87691000000001,1.3150600000000001 103.87682000000001,1.3150000000000002 103.87667,1.3149000000000002 103.87577,1.3143 103.87517000000001,1.31389 103.87497,1.3137500000000002 103.87477000000001,1.31362 103.87444,1.31339 103.87414000000001,1.31319 103.87402,1.31311 103.8739,1.3130400000000002 103.87372,1.31292 103.87348000000001,1.3127700000000002 103.87337000000001,1.3127000000000002 103.87307000000001,1.3125 103.87276000000001,1.31231 103.87268,1.3122600000000002 103.87231000000001,1.3120200000000002 103.87207000000001,1.31187 103.87198000000001,1.3118200000000002 103.87138,1.3114000000000001 103.87117,1.31125 103.87069000000001,1.31101 103.87052000000001,1.31091 103.87043000000001,1.3108600000000001 103.87036,1.31082 103.87013,1.31071 103.86998000000001,1.31064 103.86980000000001,1.31058 103.86926000000001,1.31041 103.86919,1.3103900000000002 103.86891000000001,1.3103200000000002 103.86868000000001,1.3102600000000002 103.86720000000001,1.30986 103.86599000000001,1.3095400000000001 103.86534,1.3092100000000002 103.86527000000001,1.3091700000000002 103.86522000000001,1.3091400000000002 103.86420000000001,1.30838 103.86302,1.30716 103.86290000000001,1.3070400000000002 103.86154,1.3058800000000002 103.8614,1.30577 103.85936000000001,1.30404 103.85791,1.30261 103.85585,1.30034 103.85473,1.2991000000000001 103.85467000000001,1.2990300000000001 103.85456,1.2989000000000002 103.85404000000001,1.29828 103.85232,1.29617 103.85226000000002,1.2960900000000002 103.85213,1.2957200000000002 103.85202000000001,1.29512 103.85199000000001,1.29499 103.85199000000001,1.29496 103.85199000000001,1.29495 103.852,1.2949000000000002 103.852,1.29489 103.85265000000001,1.2932100000000002 103.85272,1.2930700000000002 103.85314000000001,1.29224 103.85372000000001,1.29136 103.85376000000001,1.2912800000000002 103.85379,1.2912100000000002 103.85390000000001,1.2908400000000002 103.85398,1.29054 103.85399000000001,1.29048 103.85399000000001,1.29034 103.85396000000001,1.29021 103.85395000000001,1.2901600000000002 103.85383,1.28986 103.85282000000001,1.2880800000000001 103.85184000000001,1.28584 103.85167000000001,1.2854700000000001 103.85161000000001,1.2853100000000002 103.85158000000001,1.28519 103.85155,1.28508 103.85152000000001,1.28489 103.85141000000002,1.28418 103.85123000000002,1.2830100000000002 103.8512,1.2828000000000002 103.85117000000001,1.2826700000000002 103.85111,1.28251 103.85100000000001,1.28231 103.85044,1.2814400000000001 103.84984000000001,1.2804600000000002 103.84966000000001,1.2801600000000002 103.84880000000001,1.27875 103.84852000000001,1.2783300000000002 103.84796000000001,1.27742 103.8478,1.2771700000000001 103.84768000000001,1.27703 103.84749000000001,1.27686 103.84740000000001,1.2767700000000002 103.8473,1.27669 103.84724000000001,1.2766700000000002 103.84718000000001,1.27664 103.84697000000001,1.2765900000000001 103.84667,1.27655 103.84593000000001,1.27648 103.84587,1.2764900000000001 103.84587,1.27658 103.84474,1.2766000000000002 103.84344000000002,1.2766300000000002 103.84304,1.27679 103.84229,1.2775500000000002 103.84155000000001,1.2787300000000001 103.84066000000001,1.2801900000000002 103.84006000000001,1.2808400000000002 103.83915,1.2814400000000001 103.83913000000001,1.2814100000000002 103.83959000000002,1.2797500000000002 103.83958000000001,1.2797500000000002 103.83947,1.27959 103.8392,1.27925 103.8388,1.2788700000000002 103.83845000000001,1.2785700000000002 103.83792000000001,1.27821 103.83725000000001,1.27777 103.83647,1.27722 103.83606,1.27695 103.83556000000002,1.27655 103.83528000000001,1.27631 103.83505000000001,1.2761300000000002 103.83479000000001,1.27587 103.83147000000001,1.2720600000000002 103.82739000000001,1.26781 103.82595,1.2664000000000002 103.82565000000001,1.26617 103.82551000000001,1.26608 103.82537,1.2659900000000002 103.82536,1.26598 103.82511000000001,1.2658600000000002 103.82490000000001,1.2657900000000002 103.8247,1.2657200000000002 103.82429,1.26563 103.82382000000001,1.26556 103.82328000000001,1.2655 103.82219,1.2654200000000002 103.82144000000001,1.2654800000000002 103.82151,1.2648700000000002 103.82213000000002,1.26489</coordinates>
        </LineString>
      </Placemark>
      <Placemark>
        <name>VivoCity to VivoCity Station (foot)</name>
        <description>&lt;b&gt;Mode:&lt;/b&gt; foot</description>
        <Style>
          <LineStyle>
            <color>ff2f2fd3</color>
            <width>3</width>
          </LineStyle>
        </Style>
        <LineString>
          <coordinates>103.82257,1.265078 103.822571,1.265076 103.822573,1.265076 103.822672,1.265082 103.822931,1.265097 103.823177,1.265113 103.823423,1.265135</coordinates>
        </LineString>
      </Placemark>
      <Placemark>
        <name>VivoCity Station to Beach Station (train)</name>
        <description>&lt;b&gt;Mode:&lt;/b&gt; train</description>
        <Style>
          <LineStyle>
            <color>ff2f2fd3</color>
            <width>3</width>
          </LineStyle>
        </Style>
        <LineString>
          <coordinates>103.82342,1.26517 103.8178162,1.2513489</coordinates>
        </LineString>
      </Placemark>
      <Placemark>
        <name>Beach Station to Skypark Sentosa by AJ Hackett (foot)</name>
        <description>&lt;b&gt;Mode:&lt;/b&gt; foot</description>
        <Style>
          <LineStyle>
            <color>ff2f2fd3</color>
            <width>3</width>
          </LineStyle>
        </Style>
        <LineString>
          <coordinates>103.817829,1.251371 103.817783,1.251397 103.817722,1.251456 103.817663,1.251452 103.817616,1.251465 103.817566,1.251497 103.817534,1.25154 103.817491,1.251519 103.817401,1.251592 103.817365,1.251562 103.817309,1.251602 103.817244,1.251626 103.817177,1.251626 103.817118,1.251604 103.817065,1.251562 103.817016,1.251574 103.816917,1.251665 103.816816,1.25174 103.81672,1.251775 103.816662,1.251778 103.816614,1.251797 103.816564,1.251837 103.816489,1.251941 103.816474,1.252032 103.816459,1.252179 103.816415,1.252279 103.816315,1.252418 103.816167,1.252537 103.815971,1.252688 103.815944,1.252709 103.815934,1.252718 103.815866,1.252768 103.815807,1.252796 103.815761,1.252829 103.815692,1.25291 103.815539,1.25316 103.814857,1.253884 103.814623,1.25416 103.814579,1.254212 103.81451,1.254278 103.81443,1.254345 103.814288,1.254434 103.814215,1.254478 103.814043,1.254585 103.813798,1.254824 103.813672,1.254951 103.81358,1.255046 103.813526,1.255096 103.813425,1.255204 103.813395,1.255233</coordinates>
        </LineString>
      </Placemark>
      <Placemark>
        <name>Skypark Sentosa by AJ Hackett to Emerald Pavilion (foot)</name>
        <description>&lt;b&gt;Mode:&lt;/b&gt; foot</description>
        <Style>
          <LineStyle>
            <color>ff2f2fd3</color>
            <width>3</width>
          </LineStyle>
        </Style>
        <LineString>
          <coordinates>103.813395,1.255233 103.813425,1.255204 103.813526,1.255096 103.81358,1.255046 103.813672,1.254951 103.813798,1.254824 103.814043,1.254585 103.814215,1.254478 103.814288,1.254434 103.81443,1.254345 103.81451,1.254278 103.814579,1.254212 103.814623,1.25416 103.814857,1.253884 103.815105,1.253621</coordinates>
        </LineString>
      </Placemark>
      <Placemark>
        <name>Emerald Pavilion to Marina Bay Sands Singapore (train)</name>
        <description>&lt;b&gt;Mode:&lt;/b&gt; train&lt;br&gt;Circle Line</description>
        <Style>
          <LineStyle>
            <color>ff2f2fd3</color>
            <width>3</width>
          </LineStyle>
        </Style>
        <LineString>
          <coordinates>103.81509000000001,1.25363 103.81514000000001,1.2535800000000001 103.8152,1.25353 103.81527000000001,1.25347 103.81532000000001,1.25343 103.81536000000001,1.25339 103.81539000000001,1.2533500000000002 103.81543,1.2533 103.81548000000001,1.2532400000000001 103.81553000000001,1.2531800000000002 103.81556,1.25313 103.81559000000001,1.25309 103.81562000000001,1.2530400000000002 103.81566000000001,1.2529800000000002 103.81569,1.25293 103.81573,1.25289 103.81576000000001,1.25285 103.81580000000001,1.25283 103.81582,1.25282 103.81585000000001,1.2528000000000001 103.81588,1.25279 103.81590000000001,1.25278 103.81592,1.25278 103.81593000000001,1.2527700000000002 103.81595000000002,1.25276 103.81596,1.25275 103.81598000000001,1.2527400000000002 103.81601,1.25272 103.81611000000001,1.25262 103.81624000000001,1.25252 103.81629000000001,1.25248 103.81631,1.2524600000000001 103.81633000000001,1.2524300000000002 103.81635000000001,1.25241 103.81636,1.2523900000000001 103.81638000000001,1.2523600000000001 103.81639000000001,1.2523300000000002 103.81643000000001,1.25228 103.81645,1.25225 103.81646,1.2522300000000002 103.81647000000001,1.25221 103.81647000000001,1.2521900000000001 103.81648000000001,1.2521600000000002 103.81649,1.2521000000000002 103.81649,1.2520300000000002 103.8165,1.25198 103.81651000000001,1.2519500000000001 103.81653000000001,1.25191 103.81655,1.25188 103.81658,1.2518600000000002 103.81661000000001,1.25183 103.81666000000001,1.2518 103.81670000000001,1.2517800000000001 103.81675000000001,1.2517800000000001 103.81680000000001,1.25177 103.81685,1.25177 103.8169,1.2517800000000001 103.81694,1.2517900000000002 103.81695,1.2517900000000002 103.81699,1.25181 103.81703,1.2518200000000002 103.81707000000002,1.25183 103.81711000000001,1.25184 103.81715000000001,1.25184 103.81721,1.25184 103.81726,1.25183 103.81731,1.2518200000000002 103.81735,1.2518 103.81739,1.2517800000000001 103.81743,1.2517600000000002 103.81746000000001,1.25174 103.81748,1.25171 103.81749,1.2516800000000001 103.81751000000001,1.2516500000000002 103.81753,1.2516200000000002 103.81755000000001,1.2516 103.81759000000001,1.2516500000000002 103.81763000000001,1.25167 103.81769000000001,1.25167 103.81774000000001,1.2516800000000001 103.81778000000001,1.25167 103.81782000000001,1.25167 103.81784,1.25164 103.81792000000002,1.25164 103.81793,1.25164 103.81817000000001,1.25205 103.81832000000001,1.2523000000000002 103.81848000000001,1.25258 103.81865,1.25285 103.81869,1.25292 103.81885000000001,1.25319 103.81887,1.25323 103.81899000000001,1.25347 103.81906000000001,1.25363 103.8191,1.25364 103.81911000000001,1.25366 103.81916000000001,1.25373 103.81922,1.2537900000000002 103.81939000000001,1.25397 103.81944000000001,1.25401 103.81946,1.2540300000000002 103.81948000000001,1.2541600000000002 103.81946,1.25424 103.81945,1.25428 103.81942000000001,1.2543000000000002 103.81941,1.25432 103.81947000000001,1.2544300000000002 103.81949,1.25448 103.81955,1.25458 103.81958,1.2546300000000001 103.81965000000001,1.25475 103.81973,1.2549000000000001 103.81993000000001,1.2552400000000001 103.82002000000001,1.25539 103.82020000000001,1.2557 103.82027000000001,1.2558200000000002 103.82028000000001,1.2558500000000001 103.8203,1.2558900000000002 103.82031,1.2559 103.82031,1.2559300000000002 103.82032000000001,1.2559500000000001 103.82032000000001,1.2559600000000002 103.82033000000001,1.25597 103.82034,1.25598 103.82035,1.2559900000000002 103.82036000000001,1.256 103.82038000000001,1.256 103.8204,1.25601 103.82042000000001,1.25601 103.82054000000001,1.25604 103.82059000000001,1.25604 103.82068000000001,1.25607 103.82069000000001,1.2560900000000002 103.82071,1.2561 103.82067,1.2561300000000002 103.82064000000001,1.25614 103.82052,1.25634 103.82056000000001,1.2563600000000001 103.82060000000001,1.25638 103.82059000000001,1.2564000000000002 103.82058,1.2564300000000002 103.82062,1.2564600000000001 103.82061,1.2565000000000002 103.82062,1.2565400000000002 103.82063000000001,1.25655 103.82064000000001,1.25655 103.82064000000001,1.2565600000000001 103.82065000000001,1.2565600000000001 103.82066,1.2565600000000001 103.82067,1.2565700000000002 103.82068000000001,1.2565700000000002 103.82069000000001,1.2565600000000001 103.8207,1.2565600000000001 103.82071,1.2565600000000001 103.82072000000001,1.25659 103.82073000000001,1.2566000000000002 103.82076,1.25666 103.82078000000001,1.25671 103.82079,1.25672 103.82081000000001,1.25676 103.82085000000001,1.2568100000000002 103.82086000000001,1.2568400000000002 103.82087000000001,1.25686 103.82088,1.25688 103.82090000000001,1.25692 103.82097,1.2570400000000002 103.82103000000001,1.2571400000000001 103.82106,1.2571800000000002 103.82108000000001,1.25719 103.82110000000002,1.2572 103.82111,1.2572100000000002 103.82112000000001,1.25722 103.82113000000001,1.25723 103.82113000000001,1.2572400000000001 103.82113000000001,1.25726 103.82113000000001,1.2572800000000002 103.82113000000001,1.25732 103.82114000000001,1.25733 103.82121000000001,1.25746 103.82122000000001,1.25747 103.82122000000001,1.2574800000000002 103.82122000000001,1.25749 103.82122000000001,1.2575 103.82121000000001,1.2575 103.82121000000001,1.2575200000000002 103.82121000000001,1.25754 103.82121000000001,1.2575500000000002 103.82121000000001,1.25757 103.82122000000001,1.2576 103.82124,1.25763 103.82125,1.25766 103.82126000000001,1.25767 103.82127000000001,1.2576800000000001 103.82128,1.2576900000000002 103.82129,1.2576900000000002 103.82131000000001,1.2576900000000002 103.82131000000001,1.2577 103.82132000000001,1.2577 103.82136000000001,1.25773 103.82138,1.2577500000000001 103.82141000000001,1.2577900000000002 103.82142,1.2578200000000002 103.82147,1.2579 103.82149000000001,1.25794 103.82153000000001,1.258 103.82154000000001,1.25801 103.82155,1.25801 103.82157000000001,1.2580200000000001 103.82168000000001,1.25797 103.82171000000001,1.2579500000000001 103.82176000000001,1.2579 103.82180000000001,1.25787 103.82183,1.2578500000000001 103.82186000000002,1.25784 103.82188000000001,1.25783 103.82190000000001,1.25784 103.82194000000001,1.25784 103.82198000000001,1.2578500000000001 103.82201,1.2578600000000002 103.82205,1.25788 103.82207000000001,1.25788 103.82246,1.2577500000000001 103.82310000000001,1.2574500000000002 103.82315000000001,1.2575900000000002 103.82324000000001,1.2577900000000002 103.82328000000001,1.2579200000000001 103.82322,1.2579500000000001 103.82319000000001,1.25797 103.82317,1.25798 103.82316,1.258 103.82315000000001,1.2580200000000001 103.82315000000001,1.2580500000000001 103.82314000000001,1.2581 103.82314000000001,1.25814 103.82315000000001,1.25818 103.82316,1.2582000000000002 103.82318000000001,1.25824 103.82317,1.2583000000000002 103.82317,1.25844 103.82318000000001,1.2585700000000002 103.82323000000001,1.25875 103.82327000000001,1.25888 103.82329000000001,1.2589700000000001 103.82332000000001,1.25909 103.82333000000001,1.2591700000000001 103.82333000000001,1.25922 103.82334,1.25929 103.82335,1.2593800000000002 103.82335,1.2594400000000001 103.82335,1.2595 103.82328000000001,1.25971 103.82326,1.2598600000000002 103.82323000000001,1.25991 103.82322,1.25994 103.82321,1.25998 103.82321,1.2600200000000001 103.82320000000001,1.2601 103.82321,1.26018 103.82323000000001,1.26024 103.82325,1.2602900000000001 103.82326,1.2603300000000002 103.82329000000001,1.2603700000000002 103.82337000000001,1.2606000000000002 103.8234,1.2607000000000002 103.82341000000001,1.2607700000000002 103.82338000000001,1.26102 103.82338000000001,1.2610800000000002 103.82337000000001,1.26115 103.82337000000001,1.26123 103.82338000000001,1.26129 103.82339,1.26133 103.82341000000001,1.26139 103.82342000000001,1.26166 103.82342000000001,1.26194 103.82342000000001,1.26201 103.82341000000001,1.2621900000000001 103.8234,1.2623700000000002 103.82339,1.26255 103.82337000000001,1.26271 103.82336000000001,1.2628000000000001 103.82336000000001,1.26286 103.82335,1.2629100000000002 103.82334,1.2629800000000002 103.82333000000001,1.26303 103.82332000000001,1.26306 103.82331,1.26309 103.82328000000001,1.2631400000000002 103.82324000000001,1.26315 103.82320000000001,1.26316 103.82315000000001,1.26316 103.82259,1.26316 103.82261000000001,1.26349 103.82258,1.2635100000000001 103.82216000000001,1.26364 103.82214,1.2636500000000002 103.82214,1.26366 103.82213000000002,1.2636800000000001 103.82211000000001,1.2637900000000002 103.82208000000001,1.26407 103.82207000000001,1.2641 103.82203000000001,1.2641600000000002 103.82197000000001,1.26482 103.82193000000001,1.2648700000000002 103.82187,1.2651000000000001 103.82151,1.2648700000000002 103.82094000000001,1.26547 103.82094000000001,1.26515 103.82100000000001,1.26515 103.82281,1.26526 103.82523,1.26557 103.82627000000001,1.2659500000000001 103.82628000000001,1.26598 103.82654000000001,1.26624 103.82676000000001,1.2665000000000002 103.82717000000001,1.26705 103.82719,1.2671000000000001 103.82831,1.2682200000000001 103.82764,1.2674800000000002 103.82831,1.2682200000000001 103.82926,1.26913 103.83038,1.2701200000000001 103.83277000000001,1.2722200000000001 103.83318000000001,1.2724700000000002 103.83374,1.27272 103.83436,1.2728700000000002 103.83663000000001,1.27296 103.83751000000001,1.2730000000000001 103.83802000000001,1.27299 103.83838000000002,1.2729400000000002 103.83872000000001,1.27289 103.83995,1.27268 103.8404,1.2726700000000002 103.84445000000001,1.27278 103.84589000000001,1.2728400000000002 103.84609,1.2728700000000002 103.84628000000001,1.2729000000000001 103.84667,1.2730100000000002 103.84749000000001,1.2732700000000001 103.84963,1.2739900000000002 103.85004,1.27411 103.85037000000001,1.27417 103.85063000000001,1.27418 103.85105000000001,1.27414 103.85139000000001,1.2740500000000001 103.85174,1.2739500000000001 103.85206000000001,1.2738600000000002 103.85221000000001,1.2738200000000002 103.8524,1.2737900000000002 103.85264000000001,1.2737800000000001 103.85284000000001,1.2737900000000002 103.85304000000001,1.2738200000000002 103.85325,1.2738600000000002 103.85351000000001,1.27397 103.85377000000001,1.2740900000000002 103.85395000000001,1.2742 103.85442,1.27461 103.85453000000001,1.27472 103.85524000000001,1.2758900000000002 103.85531,1.27601 103.85557000000001,1.27641 103.85656,1.2779200000000002 103.85734000000001,1.2791700000000001 103.85796,1.27987 103.85831,1.28025 103.85903,1.2812400000000002 103.85928000000001,1.2817 103.85910000000001,1.2818 103.85852000000001,1.28153 103.85835,1.28126 103.85774,1.28166 103.85762000000001,1.2815800000000002 103.85766000000001,1.2816500000000002 103.85766000000001,1.28166 103.85712000000001,1.282 103.85716000000001,1.2820600000000002 103.85717000000001,1.2821200000000001 103.85717000000001,1.2821500000000001 103.85717000000001,1.28218 103.85717000000001,1.2822200000000001 103.85716000000001,1.28224 103.85716000000001,1.2822600000000002 103.85717000000001,1.28228 103.85770000000001,1.28281 103.85805,1.28323 103.85819000000001,1.28342 103.85831,1.2836 103.85838000000001,1.28373 103.85855000000001,1.28404 103.85882000000001,1.2837800000000001</coordinates>
        </LineString>
      </Placemark>
      <Placemark>
        <name>Marina Bay Sands Singapore to Marina Bay Overpass Viewing Point (foot)</name>
        <description>&lt;b&gt;Mode:&lt;/b&gt; foot</description>
        <Style>
          <LineStyle>
            <color>ff2f2fd3</color>
            <width>3</width>
          </LineStyle>
        </Style>
        <LineString>
          <coordinates>103.858598,1.284045 103.85874,1.284297 103.858871,1.284538 103.858963,1.284737 103.859206,1.285269 103.859261,1.285526 103.859239,1.285706 103.859297,1.285832 103.859565,1.286093 103.859677,1.286176 103.859784,1.286239 103.859859,1.286274 103.859909,1.286313 103.859979,1.286361 103.860058,1.286373 103.860198,1.286338 103.860337,1.286294 103.860534,1.2862 103.860627,1.286162 103.861316,1.28602 103.861654,1.285984 103.861764,1.285939 103.861928,1.285813 103.86197,1.285719 103.861981,1.285655 103.861978,1.285608 103.862021,1.285548 103.862022,1.285503 103.862038,1.285481 103.862115,1.285449 103.862275,1.285353 103.86234,1.285262 103.862407,1.285221 103.86246,1.285191 103.862482,1.28517 103.862472,1.285133 103.862619,1.285127 103.862588,1.284623 103.862703,1.284611 103.862657,1.284219 103.862618,1.283927 103.862569,1.283658 103.862499,1.283294 103.862437,1.283032 103.862374,1.282796 103.862307,1.28257 103.862295,1.282573 103.862224,1.282587 103.862192,1.28259 103.862138,1.282596 103.86193,1.282618 103.861904,1.282608 103.861887,1.282578 103.861852,1.282571 103.861817,1.282535 103.861766,1.282466</coordinates>
        </LineString>
      </Placemark>
      <Placemark>
        <name>Marina Bay Overpass Viewing Point to Hill Street Tai Hwa Pork Noodle (train)</name>
        <description>&lt;b&gt;Mode:&lt;/b&gt; train</description>
        <Style>
          <LineStyle>
            <color>ff2f2fd3</color>
            <width>3</width>
          </LineStyle>
        </Style>
        <LineString>
          <coordinates>103.8617392,1.2824861 103.8625357,1.3051265</coordinates>
        </LineString>
      </Placemark>
      <Placemark>
        <name>Hill Street Tai Hwa Pork Noodle to Changi International Airport Terminal 3 Playground (car)</name>
        <description>&lt;b&gt;Mode:&lt;/b&gt; car</description>
        <Style>
          <LineStyle>
            <color>ff2f2fd3</color>
            <width>3</width>
          </LineStyle>
        </Style>
        <LineString>
          <coordinates>103.862444,1.305069 103.862584,1.304846 103.862605,1.304747 103.862634,1.304609 103.862646,1.304557 103.862395,1.304516 103.861914,1.304427 103.861668,1.304381 103.861058,1.304268 103.860857,1.30421 103.86081,1.304197 103.860678,1.304138 103.860611,1.304105 103.8605,1.304049 103.86011,1.303819 103.859622,1.303465 103.859533,1.303393 103.859317,1.30321 103.85923,1.303135 103.859177,1.303084 103.858998,1.30291 103.858946,1.302855 103.858906,1.302772 103.858779,1.302512 103.858735,1.302423 103.858624,1.302181 103.858568,1.302058 103.858523,1.301971 103.858506,1.301949 103.858338,1.30173 103.858107,1.301471 103.857921,1.301275 103.857902,1.301255 103.857942,1.301222 103.858399,1.30084 103.858643,1.300634 103.858812,1.300451 103.8591,1.300129 103.859334,1.299856 103.859361,1.299823 103.859451,1.299719 103.859483,1.299651 103.859555,1.29951 103.859788,1.299138 103.860123,1.298555 103.860245,1.298269 103.860446,1.297765 103.860541,1.297529 103.860606,1.297276 103.860657,1.297064 103.860662,1.296973 103.860659,1.296903 103.860632,1.2967 103.860626,1.296547 103.860663,1.296279 103.860874,1.295826 103.860917,1.29574 103.860957,1.295718 103.861032,1.295635 103.861097,1.295556 103.861195,1.295461 103.861267,1.295421 103.861352,1.295325 103.861426,1.295193 103.861513,1.295024 103.861592,1.294925 103.861711,1.294805 103.861941,1.294509 103.862151,1.294331 103.862403,1.294191 103.862675,1.294083 103.862989,1.294018 103.86332,1.294002 103.864311,1.294069 103.86465,1.294116 103.865951,1.29429 103.870335,1.295194 103.870672,1.295255 103.87126,1.29535 103.871761,1.295389 103.872149,1.295403 103.873458,1.295426 103.874004,1.295445 103.874385,1.295443 103.875385,1.29548 103.875872,1.295501 103.876156,1.295519 103.876399,1.295521 103.877216,1.295562 103.877982,1.295571 103.879289,1.295607 103.879602,1.295625 103.879866,1.295672 103.880997,1.295718 103.882068,1.295758 103.88374,1.295823 103.88459,1.295855 103.88527,1.295877 103.885972,1.295901 103.886609,1.295878 103.889566,1.295761 103.889724,1.295758 103.891311,1.295664 103.892056,1.295653 103.892697,1.295682 103.89302,1.29572 103.893371,1.295777 103.893748,1.295848 103.894082,1.295929 103.89435,1.296016 103.89458,1.29609 103.895071,1.296264 103.896085,1.29665 103.896394,1.296782 103.897131,1.297058 103.8974,1.297156 103.898381,1.297519 103.900555,1.298351 103.904186,1.299696 103.904913,1.299952 103.905339,1.300088 103.90686,1.300539 103.908235,1.300938 103.908497,1.301013 103.90986,1.301392 103.91021,1.30149 103.91043,1.301551 103.913458,1.302435 103.914255,1.302642 103.916998,1.303417 103.918558,1.303857 103.918786,1.303923 103.919061,1.304003 103.919322,1.304077 103.919567,1.304146 103.919817,1.304211 103.920842,1.304513 103.921657,1.304752 103.921987,1.304847 103.922843,1.305072 103.924979,1.305661 103.925859,1.305909 103.926157,1.306012 103.926376,1.306097 103.926919,1.306349 103.927685,1.306773 103.928162,1.307032 103.928631,1.307277 103.928789,1.307356 103.92891,1.307409 103.928992,1.307447 103.92909,1.307489 103.929475,1.30764 103.9299,1.307766 103.93028,1.307876 103.932064,1.308383 103.932572,1.308528 103.934502,1.309059 103.935015,1.3092 103.937343,1.309876 103.937409,1.309895 103.937991,1.310059 103.938915,1.3103 103.939349,1.310427 103.943325,1.311566 103.943845,1.311672 103.944265,1.311741 103.944731,1.311784 103.94557,1.311814 103.946843,1.311858 103.947599,1.311885 103.949706,1.31194 103.950129,1.311974 103.950791,1.312081 103.951271,1.312208 103.951749,1.312377 103.951812,1.3124 103.952257,1.312566 103.953057,1.312896 103.954259,1.313393 103.96219,1.316641 103.962641,1.31682 103.965648,1.31806 103.966485,1.31846 103.967053,1.318813 103.967687,1.319297 103.968246,1.319865 103.9687,1.320414 103.970005,1.322218 103.970158,1.322424 103.970293,1.32262 103.971078,1.323786 103.971271,1.324072 103.971533,1.324483 103.972444,1.325869 103.972694,1.326231 103.974282,1.328499 103.975428,1.330144 103.975711,1.330557 103.977753,1.333624 103.978143,1.334191 103.978483,1.334678 103.979023,1.335473 103.979199,1.335768 103.979343,1.336025 103.979514,1.33636 103.979678,1.336683 103.979893,1.337166 103.980595,1.338761 103.980887,1.339488 103.981012,1.339789 103.981642,1.341325 103.982506,1.3434 103.983078,1.344771 103.983307,1.345301 103.983509,1.345767 103.98369,1.346186 103.983888,1.346643 103.984124,1.347189 103.984372,1.34777 103.984481,1.348025 103.984572,1.348408 103.984627,1.348557 103.98466,1.348663 103.984678,1.348734 103.984691,1.348796 103.984695,1.348858 103.984691,1.34892 103.98465,1.34911 103.984618,1.349418 103.984615,1.349513 103.984619,1.34958 103.984634,1.349652 103.984649,1.349702 103.984714,1.349846 103.984711,1.34997 103.984713,1.350009 103.984707,1.350052 103.984694,1.350083 103.984675,1.350108 103.984643,1.350128 103.984487,1.350194 103.984392,1.350233 103.984326,1.350287 103.984307,1.350316 103.984291,1.350373 103.984286,1.350435 103.984263,1.350486 103.984226,1.350525 103.984057,1.350624</coordinates>
        </LineString>
      </Placemark>
      <Placemark>
        <name>Changi International Airport Terminal 3 Playground to Sydney Airport (plane)</name>
        <description>&lt;b&gt;Mode:&lt;/b&gt; plane&lt;br&gt;Representative flight TGW14 (WSSS-YSSY)</description>
        <Style>
          <LineStyle>
            <color>ff2f2fd3</color>
            <width>3</width>
          </LineStyle>
        </Style>
        <LineString>
          <coordinates>103.9825,1.323 103.9766,1.3084 103.9703,1.2937 103.9546,1.2567 103.9503,1.2456 103.9479,1.2382 103.9468,1.2326 103.947,1.2203 103.9486,1.2113 103.9518,1.1973 103.9565,1.1782 103.9687,1.13 103.9719,1.1201 103.975,1.112 103.9789,1.1042 103.9845,1.0952 104.0162,1.0531 104.0281,1.0393 104.043,1.0233 104.0609,1.0052 104.138,0.9341 104.1714,0.9034 104.2044,0.8732 104.2389,0.8416 104.2741,0.8093 104.3505,0.739 104.389,0.7038 104.4281,0.6679 104.4675,0.6316 104.5466,0.5655 104.5924,0.5354 104.64,0.5039 104.6876,0.4725 104.7852,0.4082 104.8337,0.3761 104.8801,0.3453 104.9246,0.316 104.972,0.2849 105.0686,0.2245 105.1187,0.1956 105.1684,0.1669 105.2193,0.1374 105.3231,0.0774 105.3757,0.047 105.4283,0.0166 105.4819,-0.0146 105.5702,-0.0668 105.6172,-0.101 105.6696,-0.1436 105.7219,-0.186 105.773,-0.2276 105.8748,-0.3105 105.9431,-0.3661 106.0098,-0.4203 106.0883,-0.4841 106.352,-0.6985 106.4176,-0.7518 106.5125,-0.829 106.621,-0.917 106.68,-0.9648 107.1307,-1.331 107.183,-1.3736 107.236,-1.4166 107.3044,-1.4723 107.4827,-1.6168 107.5484,-1.6703 107.6179,-1.7267 107.6919,-1.7867 107.8902,-1.9476 107.9994,-2.0361 108.0542,-2.0806 108.1177,-2.1322 108.2062,-2.2039 108.3121,-2.2897 108.4161,-2.3741 108.4976,-2.4401 108.5652,-2.495 108.7213,-2.6211 108.7738,-2.6638 108.8591,-2.7331 108.926,-2.7872 110.3157,-3.9098 110.3838,-3.9646 110.4618,-4.0252 110.5156,-4.0667 110.5728,-4.1107 110.7267,-4.2295 110.8014,-4.2872 110.8876,-4.3536 110.9648,-4.4131 111.0798,-4.5018 111.135,-4.5444 111.1967,-4.5919 111.2614,-4.6417 111.3151,-4.6833 111.4227,-4.7668 111.496,-4.8236 111.5648,-4.8769 111.6115,-4.9196 111.6879,-4.9962 111.7482,-5.0618 111.7962,-5.1143 111.849,-5.1717 111.9528,-5.2849 112.013,-5.3506 112.0597,-5.4013 112.112,-5.4584 112.1656,-5.5167 112.2593,-5.6188 112.3074,-5.6711 112.3752,-5.7449 112.4234,-5.7972 112.5424,-5.9267 112.6023,-5.9917 112.6505,-6.044 112.6978,-6.0953 112.793,-6.1987 112.8404,-6.2503 112.8942,-6.3088 112.945,-6.3637 113.0049,-6.4286 113.1083,-6.5405 113.1574,-6.5937 113.2057,-6.646 113.2664,-6.7118 113.3978,-6.8539 113.4458,-6.9058 113.4939,-6.9577 113.5476,-7.0158 113.6112,-7.0844 113.7186,-7.2002 113.7657,-7.251 113.8188,-7.3084 113.8658,-7.359 113.9631,-7.4638 114.0102,-7.5146 114.0574,-7.5655 114.1099,-7.6219 114.2079,-7.7273 114.2785,-7.803 114.3333,-7.862 114.3885,-7.9213 114.4406,-7.9772 114.5447,-8.0889 114.5966,-8.1446 114.669,-8.2221 114.7164,-8.2727 114.812,-8.3751 114.8599,-8.4264 114.9085,-8.4782 114.9561,-8.5293 115.0541,-8.634 115.1057,-8.6891 115.1553,-8.742 115.205,-8.7947 115.2531,-8.8459 115.3514,-8.9505 115.3988,-9.0012 115.4545,-9.0606 115.5109,-9.1206 115.6165,-9.2327 115.6654,-9.2846 115.7136,-9.3357 115.764,-9.3892 115.8118,-9.44 115.9181,-9.5527 115.972,-9.6097 116.0206,-9.6612 116.0706,-9.714 116.1688,-9.8178 116.2221,-9.8742 116.2707,-9.9255 116.3208,-9.9783 116.4395,-10.1035 116.498,-10.1652 116.5509,-10.221 116.6058,-10.2786 116.6598,-10.3355 116.8025,-10.4856 116.8521,-10.5376 116.9032,-10.5914 116.9817,-10.6738 118.9085,-12.6736 119.0093,-12.777 119.2473,-13.0208 120.207,-13.9967 120.251,-14.0412 120.2548,-14.045 120.272,-14.0624 120.2768,-14.0673 120.2901,-14.0807 120.3125,-14.1033 120.3213,-14.1122 120.334,-14.125 120.3427,-14.1338 120.3828,-14.1743 120.3867,-14.1782 120.3914,-14.1829 120.4043,-14.1959 120.4094,-14.201 120.4308,-14.2225 120.4437,-14.2356 120.4742,-14.2664 120.5501,-14.3428 120.6068,-14.3998 120.6245,-14.4176 120.6296,-14.4227 120.6472,-14.4403 120.6565,-14.4497 120.6686,-14.4618 120.6913,-14.4846 120.695,-14.4883 120.7093,-14.5027 120.8013,-14.5951 120.819,-14.6127 120.8417,-14.6356 120.868,-14.6621 120.8946,-14.6886 120.9123,-14.7064 120.9161,-14.7101 120.9338,-14.7279 120.9564,-14.7505 120.9603,-14.7544 120.9776,-14.7718 120.983,-14.7771 120.9956,-14.7897 121.0134,-14.8076 121.0182,-14.8123 121.0271,-14.8213 121.0397,-14.8338 121.0623,-14.8564 121.0662,-14.8603 121.0839,-14.8781 121.0927,-14.8869 121.1067,-14.9008 121.128,-14.9222 121.1369,-14.9309 121.1546,-14.9486 121.1598,-14.9538 121.1812,-14.9753 121.1988,-14.9927 121.2166,-15.0104 121.2255,-15.0193 121.3101,-15.1036 121.3279,-15.1214 121.3316,-15.125 121.3494,-15.1427 121.3721,-15.1653 121.3937,-15.1868 121.3987,-15.1918 121.4164,-15.2094 121.4198,-15.2128 121.4431,-15.2359 121.4552,-15.2479 121.4641,-15.2568 121.4786,-15.2712 121.4921,-15.2846 121.4996,-15.292 121.5052,-15.2976 121.5231,-15.3154 121.5264,-15.3186 121.5498,-15.3419 121.5621,-15.3541 121.5709,-15.3629 121.5888,-15.3807 121.6514,-15.4427 121.6605,-15.4517 121.6752,-15.4662 121.6784,-15.4694 121.6963,-15.4872 121.7199,-15.5105 121.7288,-15.5193 121.7412,-15.5316 121.7502,-15.5405 121.7739,-15.5639 121.8277,-15.6172 121.8402,-15.6296 121.8548,-15.644 121.8762,-15.665 121.8826,-15.6714 121.8852,-15.6739 121.8943,-15.6829 121.9089,-15.6974 121.9302,-15.7185 121.9393,-15.7274 121.9539,-15.7419 121.963,-15.7508 121.9843,-15.7718 121.991,-15.7785 121.999,-15.7864 122.0081,-15.7953 122.0293,-15.8162 122.0441,-15.8308 122.0475,-15.8341 122.0654,-15.8518 122.0711,-15.8574 122.0925,-15.8785 122.0999,-15.8858 122.1106,-15.8963 122.1286,-15.914 122.1522,-15.9373 122.1556,-15.9407 122.1737,-15.9585 122.1794,-15.964 122.2006,-15.985 122.2394,-16.0231 122.2459,-16.0294 122.2639,-16.047 122.2877,-16.0705 122.3181,-16.1003 122.3815,-16.1626 122.3996,-16.1804 122.4054,-16.186 122.4269,-16.207 122.4451,-16.2249 122.4507,-16.2305 122.469,-16.2483 122.478,-16.2571 122.4995,-16.2782 122.5117,-16.2901 122.5178,-16.296 122.536,-16.3139 122.5633,-16.3406 122.5815,-16.3583 122.5871,-16.3638 122.6054,-16.3817 122.6206,-16.3965 122.627,-16.4029 122.6821,-16.4566 122.6964,-16.4706 122.7181,-16.4918 122.7637,-16.5363 122.7878,-16.5598 122.7965,-16.5684 122.8094,-16.5809 122.8519,-16.6223 122.8553,-16.6256 122.907,-16.676 122.9284,-16.6968 122.9337,-16.702 122.9795,-16.7464 123.0019,-16.7682 123.007,-16.7732 123.0172,-16.783 123.0295,-16.795 123.0478,-16.8128 123.0662,-16.8306 123.0715,-16.8357 123.0939,-16.8575 123.1123,-16.8753 123.1177,-16.8806 123.1258,-16.8885 123.1359,-16.8983 123.1585,-16.9201 123.1676,-16.929 123.1821,-16.9431 123.1954,-16.9559 123.2138,-16.9738 123.2283,-16.9878 123.2376,-16.9968 123.251,-17.0097 123.2788,-17.0365 123.2939,-17.0512 123.2974,-17.0546 123.3066,-17.0634 123.3251,-17.0813 123.3529,-17.1083 123.3676,-17.1225 123.3768,-17.1314 123.3901,-17.1442 123.4059,-17.1595 123.4182,-17.1713 123.4233,-17.1762 123.4634,-17.215 123.4831,-17.234 123.5069,-17.2569 123.511,-17.2608 123.5192,-17.2688 123.5296,-17.2787 123.5534,-17.3017 123.576,-17.3235 123.5945,-17.3413 123.5997,-17.3464 123.6305,-17.376 123.6409,-17.386 123.6461,-17.391 123.6645,-17.4087 123.6687,-17.4128 123.7111,-17.4535 123.7335,-17.4751 123.7419,-17.4832 123.7574,-17.4981 123.8041,-17.5428 123.8273,-17.564 123.8472,-17.5809 123.8762,-17.6037 123.9537,-17.6571 123.9651,-17.6648 123.9755,-17.6717 123.9817,-17.6759 124.0035,-17.6905 124.03,-17.7083 124.0362,-17.7125 124.0581,-17.7272 124.0628,-17.7303 124.0954,-17.7522 124.1127,-17.7638 124.1174,-17.7669 124.1393,-17.7816 124.1623,-17.797 124.1722,-17.8037 124.1941,-17.8183 124.2003,-17.8225 124.2222,-17.8372 124.2283,-17.8412 124.2489,-17.855 124.2549,-17.8591 124.2768,-17.8738 124.3034,-17.8914 124.3313,-17.9102 124.3641,-17.932 124.3688,-17.9351 124.3905,-17.9496 124.4185,-17.9684 124.4249,-17.9726 124.4451,-17.986 124.473,-18.0047 124.5559,-18.06 124.5758,-18.0733 124.6039,-18.092 124.6086,-18.0951 124.6414,-18.1168 124.6585,-18.1282 124.6694,-18.1355 124.685,-18.1458 124.696,-18.1532 124.724,-18.1718 124.7398,-18.1823 124.7507,-18.1895 124.7678,-18.2009 124.7944,-18.2185 124.8054,-18.2258 124.8161,-18.233 124.8335,-18.2445 124.8443,-18.2516 124.8711,-18.2694 124.8882,-18.2807 124.8992,-18.2879 124.9149,-18.2983 124.9369,-18.3129 124.954,-18.3243 124.9651,-18.3316 124.9808,-18.342 125.0091,-18.3607 125.02,-18.3679 125.0358,-18.3784 125.0923,-18.4157 125.1193,-18.4335 125.146,-18.4511 125.2115,-18.4944 125.2298,-18.5063 125.2409,-18.5137 125.2678,-18.5314 125.2851,-18.5428 125.2962,-18.5501 125.312,-18.5605 125.3406,-18.5794 125.3457,-18.5827 125.4121,-18.6264 125.4231,-18.6336 125.4341,-18.6408 125.4564,-18.6555 125.4786,-18.6701 125.4802,-18.6712 125.4849,-18.6742 125.5121,-18.692 125.5344,-18.7066 125.5407,-18.7108 125.5566,-18.7212 125.5677,-18.7285 125.6522,-18.7838 125.6683,-18.7944 125.6794,-18.8016 125.7417,-18.8423 125.7749,-18.864 125.8023,-18.8819 125.8086,-18.8861 125.8307,-18.9005 125.8761,-18.93 125.8805,-18.9329 125.9141,-18.9549 125.9366,-18.9695 125.9652,-18.9882 125.9926,-19.006 126.0326,-19.032 126.0775,-19.0612 126.1049,-19.0791 126.1603,-19.1151 126.1687,-19.1205 126.1828,-19.1296 126.2124,-19.1489 126.2429,-19.1687 126.2687,-19.1854 126.2955,-19.2027 126.3106,-19.2126 126.3179,-19.2172 126.3476,-19.2365 126.3518,-19.2392 126.3743,-19.2538 126.3796,-19.2572 126.4309,-19.2904 126.4467,-19.3006 126.51,-19.3414 126.5172,-19.3461 126.5397,-19.3606 126.5667,-19.378 126.5746,-19.3831 126.5892,-19.3925 126.6006,-19.3999 126.6303,-19.419 126.6456,-19.4289 126.647,-19.4298 126.7168,-19.4747 126.7477,-19.4945 126.7589,-19.5017 126.7773,-19.5135 126.7887,-19.5208 126.8044,-19.5309 126.827,-19.5454 126.8457,-19.5574 126.8571,-19.5646 126.8727,-19.5746 126.9026,-19.5938 126.914,-19.6011 126.9295,-19.611 126.941,-19.6184 126.9939,-19.6521 126.9981,-19.6548 127.0048,-19.6591 127.0209,-19.6694 127.0281,-19.674 127.0553,-19.6914 127.078,-19.7059 127.0852,-19.7105 127.0963,-19.7176 127.1123,-19.7278 127.135,-19.7424 127.1423,-19.747 127.1695,-19.7643 127.1882,-19.7763 127.2269,-19.8009 127.25,-19.8156 127.2541,-19.8181 127.2563,-19.8195 127.2593,-19.8215 127.2687,-19.8274 127.2848,-19.8376 127.3154,-19.857 127.3274,-19.8646 127.4008,-19.9112 127.424,-19.9259 127.4313,-19.9306 127.4543,-19.9452 127.4664,-19.9529 127.4818,-19.9627 127.4892,-19.9673 127.5167,-19.9848 127.5473,-20.0042 127.5748,-20.0216 127.5821,-20.0263 127.6054,-20.041 127.6403,-20.0631 127.6639,-20.078 127.6681,-20.0807 127.6772,-20.0864 127.6913,-20.0954 127.7497,-20.1322 127.7728,-20.1469 127.7845,-20.1542 127.8077,-20.169 127.8376,-20.1878 127.8427,-20.191 127.8661,-20.2057 127.8894,-20.2204 127.8959,-20.2245 127.9243,-20.2423 127.9476,-20.2569 127.9543,-20.2611 127.9581,-20.2635 127.9826,-20.2789 128.0059,-20.2936 128.0125,-20.2977 128.0298,-20.3086 128.1225,-20.3668 128.1524,-20.3855 128.1809,-20.4033 128.2043,-20.4179 128.2108,-20.4221 128.2341,-20.4367 128.2393,-20.4398 128.2627,-20.4544 128.2927,-20.4732 128.3508,-20.5096 128.3554,-20.5125 128.3792,-20.5273 128.4235,-20.5551 128.4912,-20.5972 128.4964,-20.6004 128.5197,-20.6149 128.5295,-20.621 128.6082,-20.6701 128.6337,-20.6859 128.6432,-20.6918 128.6719,-20.7096 128.7017,-20.7282 128.7746,-20.7735 128.8122,-20.7968 128.842,-20.8153 128.8451,-20.8172 128.8706,-20.833 128.9158,-20.8608 128.9292,-20.8692 128.9594,-20.8878 128.9829,-20.9022 129.0114,-20.9199 129.0415,-20.9385 129.07,-20.956 129.078,-20.961 129.1003,-20.9748 129.1239,-20.9893 129.1289,-20.9924 129.1523,-21.0068 129.1591,-21.011 129.1878,-21.0286 129.2113,-21.0431 129.2182,-21.0473 129.2416,-21.0617 129.277,-21.0834 129.2788,-21.0845 129.3007,-21.098 129.3057,-21.101 129.3529,-21.1301 129.3595,-21.1342 129.3832,-21.1488 129.3883,-21.1518 129.412,-21.1663 129.4466,-21.1874 129.5179,-21.2312 129.525,-21.2356 129.53,-21.2386 129.5604,-21.2572 129.5841,-21.2717 129.5893,-21.275 129.6129,-21.2894 129.6198,-21.2936 129.6486,-21.3112 129.661,-21.3187 129.6674,-21.3226 129.6793,-21.3298 129.7082,-21.3474 129.7269,-21.3587 129.7389,-21.366 129.7559,-21.3764 129.7795,-21.3909 129.8034,-21.4054 129.8341,-21.4241 129.8392,-21.4272 129.8448,-21.4305 129.8933,-21.4601 129.9163,-21.474 129.9291,-21.4819 129.9531,-21.4964 129.9929,-21.5206 130.0179,-21.5357 130.0417,-21.5502 130.0484,-21.5542 130.0776,-21.5719 130.1016,-21.5864 130.1228,-21.5993 130.1323,-21.605 130.1376,-21.6083 130.2217,-21.6591 130.2673,-21.6866 130.3059,-21.7098 130.3127,-21.7139 130.3393,-21.73 130.3421,-21.7316 130.4197,-21.7785 130.4816,-21.8157 130.4938,-21.823 130.5165,-21.8366 130.5231,-21.8406 130.5422,-21.852 130.5543,-21.8593 130.5837,-21.8769 130.5897,-21.8804 130.6027,-21.8882 130.6146,-21.8953 130.644,-21.9129 130.6561,-21.9201 130.6626,-21.924 130.7351,-21.9673 130.7475,-21.9747 130.7768,-21.9923 130.7958,-22.0036 130.8012,-22.0068 130.8253,-22.0213 130.9097,-22.0719 130.9285,-22.0834 130.9314,-22.0853 130.94,-22.0911 130.9675,-22.1105 130.9897,-22.1273 130.996,-22.132 130.9994,-22.1346 131.0116,-22.144 131.0393,-22.1657 131.0501,-22.1743 131.0656,-22.1865 131.0762,-22.1949 131.1042,-22.217 131.1196,-22.2291 131.1303,-22.2375 131.152,-22.2548 131.1735,-22.2718 131.19,-22.2848 131.2013,-22.2937 131.206,-22.2975 131.2277,-22.3146 131.2554,-22.3366 131.2661,-22.345 131.2817,-22.3573 131.2925,-22.3658 131.3142,-22.383 131.333,-22.3979 131.3957,-22.4475 131.4112,-22.4597 131.4221,-22.4683 131.4392,-22.4819 131.4498,-22.4903 131.4653,-22.5026 131.4763,-22.5112 131.4911,-22.523 131.5038,-22.5331 131.5146,-22.5416 131.5302,-22.5539 131.5581,-22.576 131.5688,-22.5845 131.5844,-22.5968 131.5953,-22.6055 131.6122,-22.6188 131.6208,-22.6257 131.6385,-22.6397 131.6493,-22.6483 131.6662,-22.6618 131.6852,-22.6767 131.6927,-22.6827 131.6989,-22.6876 131.7205,-22.7048 131.7252,-22.7085 131.7746,-22.7476 131.779,-22.7512 131.8008,-22.7684 131.8069,-22.7733 131.8803,-22.8315 131.904,-22.8504 131.9085,-22.854 131.9301,-22.871 131.9425,-22.8809 131.9579,-22.8931 131.9624,-22.8968 131.984,-22.9139 132.0119,-22.9361 132.066,-22.979 132.0745,-22.9858 132.0917,-22.9995 132.1201,-23.0221 132.1679,-23.0601 132.1747,-23.0655 132.1966,-23.0828 132.2074,-23.0914 132.2334,-23.1121 132.251,-23.1262 132.2621,-23.135 132.2771,-23.1469 132.2879,-23.1555 132.3168,-23.1785 132.3317,-23.1903 132.3427,-23.1991 132.3537,-23.2079 132.3826,-23.2308 132.3976,-23.2428 132.4086,-23.2516 132.4263,-23.2656 132.4373,-23.2744 132.4632,-23.295 132.481,-23.3092 132.4919,-23.318 132.4963,-23.3215 132.5179,-23.3387 132.5358,-23.353 132.5466,-23.3616 132.5618,-23.3737 132.5725,-23.3823 132.5837,-23.3911 132.6014,-23.4053 132.6117,-23.4135 132.6274,-23.426 132.6384,-23.4349 132.6493,-23.4436 132.6713,-23.461 132.6773,-23.4659 132.6953,-23.4803 132.704,-23.4872 132.7259,-23.5046 132.7322,-23.5097 132.7589,-23.531 132.7688,-23.5389 132.7807,-23.5484 132.7868,-23.5533 132.8088,-23.5709 132.8353,-23.5921 132.8414,-23.5969 132.8633,-23.6145 132.868,-23.6182 132.896,-23.6406 132.9179,-23.6581 132.9227,-23.6619 132.9443,-23.6793 132.9506,-23.6843 132.9725,-23.7018 132.9772,-23.7056 132.9991,-23.7231 133.0273,-23.7456 133.0821,-23.7895 133.1088,-23.8109 133.1308,-23.8285 133.137,-23.8335 133.1589,-23.851 133.1636,-23.8548 133.1856,-23.8724 133.2138,-23.8951 133.2405,-23.9164 133.2954,-23.9605 133.3015,-23.9654 133.3174,-23.9781 133.3238,-23.9833 133.3678,-24.0185 133.3726,-24.0224 133.379,-24.0275 133.4011,-24.0453 133.428,-24.0669 133.4564,-24.0897 133.4655,-24.097 133.4833,-24.1113 133.5118,-24.1341 133.5669,-24.1785 133.589,-24.1962 133.5938,-24.2001 133.5983,-24.2037 133.6442,-24.2407 133.649,-24.2445 133.6647,-24.2571 133.671,-24.2622 133.6995,-24.2852 133.7262,-24.3067 133.7299,-24.3096 133.7483,-24.3244 133.7594,-24.3334 133.7876,-24.3561 133.8097,-24.3739 133.8254,-24.3865 133.8366,-24.3955 133.8647,-24.4181 133.8804,-24.4308 133.8914,-24.4396 133.9087,-24.4536 133.9196,-24.4624 133.9465,-24.4841 133.9638,-24.4981 133.9685,-24.502 133.9901,-24.5198 134.012,-24.5379 134.0139,-24.5394 134.0229,-24.5467 134.0401,-24.5607 134.067,-24.5824 134.0781,-24.5912 134.0832,-24.5952 134.0954,-24.6049 134.1065,-24.6137 134.1337,-24.635 134.1513,-24.6487 134.1625,-24.6574 134.1786,-24.6697 134.19,-24.6785 134.2507,-24.725 134.3142,-24.7732 134.3189,-24.7768 134.3255,-24.7818 134.3545,-24.8038 134.4127,-24.8475 134.4812,-24.8962 134.4948,-24.9055 134.534,-24.9318 134.5646,-24.9521 134.5692,-24.9552 134.5937,-24.9715 134.6401,-25.0025 134.6531,-25.0112 134.6838,-25.0315 134.7127,-25.0507 134.7367,-25.0667 134.7964,-25.1062 134.8041,-25.1114 134.8272,-25.1266 134.8562,-25.1459 134.8868,-25.1663 134.9107,-25.1821 134.9158,-25.1856 134.9398,-25.2014 134.9706,-25.2218 134.9757,-25.2251 134.9996,-25.2409 135.0234,-25.2566 135.0294,-25.2606 135.0596,-25.2804 135.0835,-25.296 135.1614,-25.3475 135.1985,-25.372 135.2278,-25.3913 135.2398,-25.3992 135.2586,-25.4115 135.2707,-25.4196 135.288,-25.4309 135.3038,-25.4412 135.3189,-25.4511 135.3485,-25.4704 135.3554,-25.475 135.3845,-25.4941 135.4088,-25.51 135.4156,-25.5145 135.4399,-25.5303 135.4694,-25.5496 135.4762,-25.554 135.4935,-25.5653 135.5057,-25.5733 135.512,-25.5774 135.5369,-25.5936 135.5543,-25.605 135.5664,-25.6129 135.5855,-25.6253 135.615,-25.6444 135.622,-25.649 135.6393,-25.6602 135.6515,-25.6681 135.6703,-25.6803 135.6824,-25.6882 135.6999,-25.6996 135.7121,-25.7075 135.731,-25.7198 135.805,-25.7677 135.8773,-25.8146 135.8885,-25.8218 135.9058,-25.833 135.9301,-25.8487 135.9492,-25.8611 135.9505,-25.862 135.9614,-25.869 135.9788,-25.8803 136.0029,-25.8959 136.0219,-25.9081 136.024,-25.9094 136.0341,-25.9161 136.0637,-25.9352 136.0759,-25.9431 136.1542,-25.9936 136.2385,-26.0478 136.2825,-26.076 136.3173,-26.0984 136.4523,-26.1849 136.4645,-26.1927 136.4835,-26.2048 136.5133,-26.2238 136.5267,-26.2323 136.5448,-26.2438 136.5499,-26.2471 136.6028,-26.2808 136.611,-26.2861 136.6425,-26.3062 136.6722,-26.3251 136.8063,-26.4103 136.8808,-26.4576 136.9055,-26.4732 136.9125,-26.4776 136.9369,-26.4931 136.9668,-26.512 136.9739,-26.5165 136.9985,-26.532 137.0039,-26.5354 137.0354,-26.5553 137.0593,-26.5704 137.0654,-26.5743 137.0902,-26.59 137.183,-26.6483 137.2137,-26.6677 137.2447,-26.6872 137.2499,-26.6904 137.2746,-26.7059 137.3118,-26.7292 137.331,-26.7413 137.3363,-26.7446 137.361,-26.7601 137.3927,-26.78 137.3978,-26.7832 137.4227,-26.7988 137.4295,-26.8031 137.4473,-26.8142 137.4788,-26.834 137.4913,-26.8417 137.509,-26.8528 137.5211,-26.8604 137.5459,-26.8758 137.5708,-26.8914 137.5776,-26.8956 137.6025,-26.9112 137.6325,-26.9298 137.6447,-26.9375 137.6573,-26.9453 137.6767,-26.9574 137.6888,-26.9649 137.719,-26.9837 137.7383,-26.9957 137.7507,-27.0033 137.7684,-27.0143 137.8,-27.034 137.8055,-27.0374 137.8303,-27.0527 137.9169,-27.1064 137.9293,-27.1141 137.961,-27.1337 137.9789,-27.1448 137.9912,-27.1524 138.0106,-27.1643 138.041,-27.1831 138.048,-27.1874 138.0727,-27.2027 138.078,-27.206 138.1102,-27.2258 138.135,-27.2411 138.1404,-27.2445 138.1653,-27.2598 138.1901,-27.275 138.2219,-27.2946 138.2341,-27.3021 138.2518,-27.313 138.2642,-27.3206 138.2957,-27.34 138.3131,-27.3506 138.3255,-27.3583 138.3447,-27.3701 138.3747,-27.3884 138.3816,-27.3926 138.4064,-27.4078 138.4116,-27.4109 138.4363,-27.4261 138.4612,-27.4413 138.486,-27.4564 138.4931,-27.4608 138.5181,-27.476 138.5483,-27.4945 138.5554,-27.4988 138.5564,-27.4994 138.5734,-27.5098 138.6678,-27.5674 138.6983,-27.586 138.7052,-27.5902 138.7232,-27.6011 138.7355,-27.6086 138.7675,-27.628 138.7854,-27.6389 138.7979,-27.6464 138.8173,-27.6582 138.8472,-27.6764 138.8597,-27.6839 138.8721,-27.6914 138.8917,-27.7033 138.904,-27.7107 138.9343,-27.7291 138.9537,-27.7409 138.9592,-27.7442 138.9739,-27.7531 138.9912,-27.7634 139.009,-27.7742 139.0213,-27.7816 139.0407,-27.7933 139.071,-27.8116 139.0833,-27.819 139.1028,-27.8307 139.1151,-27.8382 139.1246,-27.8439 139.1452,-27.8563 139.1649,-27.8681 139.17,-27.8713 139.2234,-27.9033 139.2884,-27.9424 139.2937,-27.9456 139.2992,-27.9489 139.3182,-27.9603 139.3704,-27.9915 139.4113,-28.016 139.4359,-28.0307 139.4412,-28.0338 139.4483,-28.038 139.4974,-28.0674 139.5276,-28.0854 139.5594,-28.1044 139.5896,-28.1225 139.6143,-28.1373 139.6462,-28.1563 139.6763,-28.1741 139.708,-28.1929 139.7381,-28.2108 139.7697,-28.2295 139.7946,-28.2443 139.7998,-28.2473 139.8152,-28.2565 139.8315,-28.2661 139.8563,-28.2809 139.8616,-28.284 139.8864,-28.2987 139.9112,-28.3133 139.9183,-28.3175 139.943,-28.3321 139.9482,-28.3352 139.9731,-28.3498 140.0051,-28.3687 140.0102,-28.3717 140.0352,-28.3864 140.0601,-28.4011 140.154,-28.4564 140.1591,-28.4594 140.1786,-28.4708 140.1911,-28.4782 140.2088,-28.4886 140.2407,-28.5073 140.246,-28.5104 140.2707,-28.5249 140.2831,-28.5322 140.3079,-28.5467 140.3272,-28.5581 140.3395,-28.5653 140.3573,-28.5756 140.3892,-28.5944 140.4017,-28.6016 140.4193,-28.6119 140.4316,-28.6192 140.4442,-28.6265 140.4758,-28.6449 140.4938,-28.6554 140.506,-28.6626 140.5185,-28.6698 140.5502,-28.6883 140.5678,-28.6985 140.58,-28.7057 140.5995,-28.717 140.6241,-28.7313 140.6417,-28.7415 140.6541,-28.7487 140.6735,-28.7599 140.7599,-28.81 140.8461,-28.8599 140.9084,-28.8959 140.9136,-28.899 140.9212,-28.9033 140.9634,-28.9277 140.9706,-28.9318 141.0008,-28.9492 141.0255,-28.9634 141.0705,-28.9894 141.1458,-29.0326 141.1566,-29.0389 141.1869,-29.0562 141.2186,-29.0744 141.2488,-29.0917 141.3126,-29.1282 141.3552,-29.1526 141.3678,-29.1598 141.3881,-29.1714 141.398,-29.177 141.4176,-29.1882 141.43,-29.1953 141.4479,-29.2054 141.463,-29.2141 141.4728,-29.2196 141.4924,-29.2308 141.5048,-29.2378 141.5353,-29.2552 141.5388,-29.2572 141.5477,-29.2622 141.5675,-29.2734 141.5978,-29.2907 141.6102,-29.2978 141.6142,-29.3 141.63,-29.309 141.6353,-29.312 141.6729,-29.3333 141.6854,-29.3404 141.6981,-29.3476 141.7074,-29.3529 141.7303,-29.3658 141.7484,-29.376 141.7608,-29.3831 141.7833,-29.3958 141.8436,-29.4299 141.8744,-29.4473 141.8817,-29.4513 141.9068,-29.4655 141.9124,-29.4686 141.9447,-29.4868 141.9505,-29.4901 141.9629,-29.4971 141.9701,-29.5011 142.026,-29.5326 142.0325,-29.5363 142.0581,-29.5506 142.0641,-29.554 142.0959,-29.5719 142.1212,-29.5861 142.1529,-29.6038 142.1847,-29.6216 142.2163,-29.6393 142.2561,-29.6615 142.2795,-29.6746 142.3049,-29.6888 142.3365,-29.7064 142.3996,-29.7416 142.4092,-29.7469 142.4312,-29.7592 142.4564,-29.7731 142.4629,-29.7767 142.4944,-29.7943 142.5612,-29.8314 142.614,-29.8606 142.6451,-29.8784 142.7242,-29.9283 142.758,-29.952 142.7639,-29.9561 142.7867,-29.9722 142.7931,-29.9767 142.8444,-30.0128 142.8613,-30.0247 142.8734,-30.0333 142.8965,-30.0495 142.9253,-30.0696 142.9311,-30.0737 142.9324,-30.0747 142.9541,-30.0899 143.006,-30.1263 143.0117,-30.1303 143.0348,-30.1463 143.0404,-30.1503 143.0636,-30.1666 143.0719,-30.1724 143.0925,-30.1867 143.0975,-30.1902 143.1206,-30.2064 143.1437,-30.2224 143.1552,-30.2305 143.1734,-30.2432 143.1848,-30.2511 143.2128,-30.2707 143.2308,-30.2833 143.2358,-30.2867 143.2588,-30.3028 143.2655,-30.3074 143.2932,-30.3267 143.3111,-30.3392 143.3226,-30.3472 143.3391,-30.3586 143.4184,-30.4137 143.4369,-30.4265 143.4483,-30.4344 143.4646,-30.4458 143.4761,-30.4537 143.5055,-30.4741 143.5218,-30.4853 143.5335,-30.4933 143.5449,-30.5013 143.5745,-30.5217 143.5859,-30.5296 143.6022,-30.5409 143.6032,-30.5416 143.6431,-30.5691 143.6661,-30.585 143.6715,-30.5887 143.6938,-30.6041 143.7231,-30.6242 143.7509,-30.6433 143.7802,-30.6634 143.808,-30.6826 143.8093,-30.6835 143.8375,-30.7028 143.8604,-30.7184 143.8655,-30.7219 143.8786,-30.7308 143.918,-30.7578 143.9459,-30.7769 143.9687,-30.7925 143.9752,-30.797 143.9889,-30.8064 144.0032,-30.8162 144.0261,-30.8319 144.0327,-30.8364 144.0568,-30.8528 144.1944,-30.9465 144.1993,-30.9499 144.2224,-30.9656 144.2292,-30.9701 144.2458,-30.9814 144.267,-30.9958 144.2755,-31.0016 144.2872,-31.0094 144.3038,-31.0207 144.3337,-31.0409 144.3388,-31.0443 144.3618,-31.06 144.3684,-31.0644 144.3966,-31.0836 144.4062,-31.0901 144.4147,-31.0958 144.4263,-31.1036 144.4429,-31.1149 144.4727,-31.135 144.5008,-31.154 144.5074,-31.1584 144.5238,-31.1695 144.5446,-31.1835 144.5536,-31.1895 144.565,-31.1973 144.5815,-31.2084 144.6113,-31.2284 144.6139,-31.2302 144.6229,-31.2362 144.6394,-31.2473 144.6508,-31.255 144.6803,-31.2748 144.6835,-31.2769 144.6918,-31.2826 144.7085,-31.2937 144.7381,-31.3136 144.7535,-31.3239 144.8191,-31.3678 144.8222,-31.3699 144.8306,-31.3754 144.8588,-31.3943 144.8917,-31.4163 144.9347,-31.445 144.9462,-31.4527 144.9694,-31.4681 144.9924,-31.4835 144.9974,-31.4868 145.0205,-31.5021 145.0319,-31.5098 145.0436,-31.5176 145.0552,-31.5252 145.0736,-31.5375 145.0785,-31.5407 145.1086,-31.5607 145.19,-31.6147 145.195,-31.618 145.2181,-31.6333 145.2481,-31.6531 145.2634,-31.6633 145.2714,-31.6685 145.2763,-31.6718 145.3062,-31.6916 145.3295,-31.7069 145.3344,-31.7101 145.3466,-31.7182 145.3577,-31.7256 145.4157,-31.7638 145.4172,-31.7648 145.4455,-31.7834 145.4686,-31.7986 145.4863,-31.8103 145.4967,-31.817 145.5263,-31.8365 145.5545,-31.855 145.5552,-31.8555 145.584,-31.8744 145.6069,-31.8894 145.6119,-31.8927 145.6242,-31.9007 145.6646,-31.9272 145.6696,-31.9306 145.6949,-31.947 145.746,-31.9805 145.7642,-31.9923 145.7741,-31.9988 145.7808,-32.0031 145.837,-32.0397 145.907,-32.0853 145.9666,-32.1241 145.9718,-32.1274 145.9802,-32.1329 146.0015,-32.1467 146.0298,-32.165 146.0365,-32.1693 146.0501,-32.1782 146.0647,-32.1876 146.0946,-32.2069 146.1113,-32.2177 146.1229,-32.2252 146.141,-32.237 146.1461,-32.2403 146.176,-32.2596 146.1885,-32.2677 146.1993,-32.2747 146.2044,-32.2779 146.2574,-32.3121 146.2578,-32.3124 146.2804,-32.3269 146.2854,-32.3302 146.3152,-32.3493 146.3382,-32.3641 146.3432,-32.3673 146.3664,-32.3822 146.3954,-32.4008 146.4243,-32.4193 146.4533,-32.4379 146.4764,-32.4528 146.482,-32.4564 146.5343,-32.49 146.5431,-32.4955 146.5632,-32.5084 146.6159,-32.5421 146.6732,-32.5785 146.702,-32.5968 146.7251,-32.6115 146.731,-32.6152 146.7541,-32.63 146.7828,-32.6483 146.7886,-32.652 146.8118,-32.6666 146.8174,-32.6702 146.8349,-32.6813 146.8462,-32.6885 146.8635,-32.6994 146.875,-32.7066 146.8924,-32.7176 146.927,-32.7395 146.9557,-32.7577 146.9648,-32.7635 146.9731,-32.7687 147.0018,-32.7869 147.0135,-32.7943 147.031,-32.8053 147.0428,-32.8127 147.0659,-32.8273 147.095,-32.8455 147.1029,-32.8505 147.1241,-32.8638 147.1531,-32.882 147.1761,-32.8964 147.1818,-32.9 147.205,-32.9146 147.2337,-32.9325 147.3141,-32.983 147.3716,-33.0191 147.3888,-33.0299 147.4003,-33.0371 147.4503,-33.0683 147.5323,-33.1195 147.5923,-33.1568 147.6128,-33.1696 147.6243,-33.1767 147.7316,-33.2433 147.7795,-33.2729 147.791,-33.2799 147.7979,-33.2842 147.9409,-33.3759 148.0023,-33.422 148.0638,-33.4696 148.1268,-33.5179 148.1886,-33.5654 148.3161,-33.663 148.3777,-33.7101 148.4389,-33.7567 148.5032,-33.8058 148.6277,-33.9002 148.6902,-33.9476 148.7496,-33.9928 148.8113,-34.039 148.8717,-34.0843 148.9922,-34.1753 149.0572,-34.2242 149.1194,-34.2704 149.1804,-34.316 149.267,-34.3795 149.2871,-34.3924 149.3048,-34.4022 149.3213,-34.4097 149.355,-34.4201 149.383,-34.4227 149.4327,-34.4234 149.5041,-34.422 149.588,-34.4174 149.7509,-34.4084 149.8265,-34.4042 149.9072,-34.3998 149.9784,-34.3958 150.1291,-34.3869 150.1637,-34.383 150.1901,-34.3791 150.2081,-34.3754 150.24,-34.3649 150.2592,-34.3574 150.2863,-34.3451 150.3227,-34.3289 150.3626,-34.3111 150.3868,-34.3003 150.4067,-34.2914 150.4121,-34.2889 150.4441,-34.2745 150.5585,-34.2233 150.6154,-34.1975 150.6272,-34.1923 150.6511,-34.1817 150.6715,-34.1727 150.7193,-34.1514 150.7268,-34.148 150.7369,-34.1435 150.7582,-34.1339 150.7765,-34.1256 150.7769,-34.1254 150.792,-34.1186 150.7994,-34.1153 150.8142,-34.1086 150.8216,-34.1052 150.8288,-34.102 150.866,-34.0852 150.8803,-34.0787 150.91,-34.0651 150.9506,-34.0469 150.9528,-34.046 150.9579,-34.0437 150.976,-34.0366 150.9844,-34.0349 150.9931,-34.0341 151.0021,-34.0344 151.0194,-34.0389 151.029,-34.0438 151.0409,-34.0516 151.055,-34.0621 151.059,-34.0654 151.0674,-34.0733 151.071,-34.077 151.0733,-34.0794 151.0743,-34.0806 151.0803,-34.0978 151.0874,-34.1187 151.0916,-34.1348 151.0932,-34.1409 151.0965,-34.1538 151.1062,-34.1741 151.1118,-34.1806 151.1177,-34.1853 151.124,-34.1888 151.1374,-34.1922 151.1441,-34.1926 151.1508,-34.1922 151.1575,-34.1913 151.1708,-34.1884 151.1771,-34.1862 151.1826,-34.1832 151.1873,-34.1793 151.1913,-34.1748 151.197,-34.1647 151.1992,-34.1585 151.1999,-34.1563 151.2066,-34.1343 151.2098,-34.1229 151.2119,-34.115 151.2132,-34.11 151.2138,-34.1073 151.2146,-34.1026 151.2147,-34.1004 151.2147,-34.0985 151.2147,-34.0972 151.2147,-34.0964 151.2123,-34.0857 151.2122,-34.0851 151.2114,-34.0822 151.2104,-34.0787 151.2068,-34.065 151.206,-34.0621 151.2041,-34.0546 151.2012,-34.0441 151.1984,-34.034 151.1959,-34.0238 151.1943,-34.0175 151.194,-34.0162 151.1931,-34.0131 151.1905,-34.0028 151.1901,-34.0013 151.1884,-33.9948 151.1878,-33.9925 151.1851,-33.9819 151.1825,-33.9716 151.1798,-33.9608</coordinates>
        </LineString>
      </Placemark>
      <Placemark>
        <name>Sydney Airport to Net &amp; Tackle Sales (car)</name>
        <description>&lt;b&gt;Mode:&lt;/b&gt; car</description>
        <Style>
          <LineStyle>
            <color>ff2f2fd3</color>
            <width>3</width>
          </LineStyle>
        </Style>
        <LineString>
          <coordinates>151.178162,-33.933135 151.178161,-33.933105 151.178167,-33.933055 151.178212,-33.932848 151.178245,-33.932709 151.178255,-33.932679 151.17827,-33.932656 151.178294,-33.932634 151.178324,-33.932616 151.178356,-33.932601 151.178395,-33.932591 151.178439,-33.932589 151.178521,-33.932601 151.178817,-33.932644 151.179189,-33.932697 151.179338,-33.932719 151.179379,-33.932724 151.179674,-33.932768 151.180062,-33.932826 151.180481,-33.932888 151.180601,-33.932908 151.180658,-33.932921 151.180726,-33.932943 151.180786,-33.932968 151.180839,-33.932994 151.181007,-33.933094 151.181123,-33.933151 151.181242,-33.933192 151.181544,-33.933234 151.181783,-33.933271 151.18304,-33.933453 151.183168,-33.933471 151.183254,-33.93347 151.183321,-33.93346 151.183385,-33.933436 151.183446,-33.933409 151.183494,-33.933383 151.183535,-33.933358 151.183571,-33.933324 151.183606,-33.933284 151.18363,-33.933236 151.183646,-33.933187 151.183658,-33.93312 151.183663,-33.933025 151.183668,-33.932964 151.183677,-33.9329 151.183692,-33.932829 151.183738,-33.932512 151.183804,-33.932213 151.183885,-33.93185 151.183874,-33.931629 151.183895,-33.931496 151.1839,-33.931451 151.1839,-33.931379 151.183884,-33.93133 151.183822,-33.93125 151.183744,-33.931157 151.183644,-33.931047 151.183598,-33.930969 151.183533,-33.930877 151.183471,-33.930761 151.183401,-33.930602 151.18336,-33.930485 151.183317,-33.930278 151.183301,-33.930057 151.18332,-33.929825 151.183397,-33.929473 151.183504,-33.928982 151.183612,-33.928511 151.183622,-33.928347 151.183608,-33.928099 151.183537,-33.927812 151.183411,-33.927547 151.183283,-33.927351 151.183149,-33.927196 151.182908,-33.927004 151.182682,-33.926867 151.1824,-33.926722 151.182106,-33.926627 151.18195,-33.926593 151.181867,-33.926576 151.181781,-33.926557 151.181388,-33.926468 151.180588,-33.926288 151.179575,-33.926057 151.179415,-33.926021 151.179054,-33.925974 151.178782,-33.925966 151.178493,-33.925974 151.178048,-33.92603 151.177794,-33.926077 151.177663,-33.926101 151.177572,-33.926119 151.176888,-33.926255 151.176556,-33.926304 151.176229,-33.926337 151.175984,-33.926344 151.175772,-33.926337 151.175576,-33.926329 151.17539,-33.926307 151.175204,-33.926285 151.174845,-33.926204 151.174671,-33.926148 151.174526,-33.926085 151.174391,-33.926008 151.17429,-33.925941 151.17406,-33.925757 151.173795,-33.925487 151.173656,-33.925319 151.173572,-33.925169 151.173502,-33.925021 151.17289,-33.923004 151.172836,-33.922663 151.172812,-33.922414 151.172816,-33.922104 151.172864,-33.921771 151.172936,-33.921496 151.173107,-33.921167 151.173365,-33.920855 151.173654,-33.920615 151.174099,-33.920285 151.175002,-33.919657 151.176112,-33.918869 151.176905,-33.918302 151.177147,-33.918129 151.177677,-33.917712 151.178118,-33.91732 151.178407,-33.917034 151.178443,-33.916995 151.178876,-33.916473 151.17907,-33.916208 151.179274,-33.915906 151.179509,-33.915511 151.179677,-33.915185 151.179719,-33.915102 151.179866,-33.91475 151.179936,-33.914556 151.180018,-33.914316 151.180066,-33.914163 151.180112,-33.914008 151.180149,-33.913842 151.180185,-33.913632 151.18021,-33.913425 151.180252,-33.913206 151.180292,-33.912828 151.180314,-33.912248 151.180329,-33.9116 151.180311,-33.911184 151.18021,-33.9106 151.180205,-33.91057 151.179956,-33.909805 151.178858,-33.907337 151.178701,-33.906898 151.178529,-33.906364 151.178432,-33.905972 151.178389,-33.905366 151.178389,-33.90379 151.17834,-33.90275 151.178268,-33.902234 151.178173,-33.901805 151.177962,-33.901039 151.177908,-33.900282 151.176021,-33.895784 151.173557,-33.890554 151.172787,-33.8893 151.171975,-33.888263 151.171191,-33.8874 151.169573,-33.885912 151.169102,-33.885578 151.168701,-33.885321 151.168004,-33.884926 151.166979,-33.884379 151.165901,-33.883811 151.165271,-33.883441 151.164802,-33.883117 151.164232,-33.882404 151.163816,-33.881588 151.163572,-33.88058 151.163497,-33.880091 151.163476,-33.879253 151.163508,-33.878879 151.163669,-33.877988 151.163939,-33.876889 151.164159,-33.875101 151.164403,-33.873323 151.16449,-33.872929 151.164613,-33.872596 151.16485,-33.8723 151.16523,-33.872082 151.165697,-33.871918 151.166083,-33.87182 151.166534,-33.871753 151.16701,-33.871783 151.167402,-33.871905 151.168351,-33.872254 151.168678,-33.872371 151.168728,-33.872389 151.169524,-33.872675 151.169607,-33.872702 151.169683,-33.872725 151.169805,-33.872762 151.169958,-33.872648 151.17009,-33.872549 151.170339,-33.872376 151.170508,-33.872254 151.170732,-33.87211 151.171005,-33.871954 151.171298,-33.871798 151.171534,-33.871673 151.17165,-33.871611 151.171825,-33.871518 151.171992,-33.871425 151.172055,-33.871392 151.172186,-33.871253 151.172594,-33.870981 151.172922,-33.870734 151.173247,-33.870489 151.173803,-33.870144 151.174135,-33.869962 151.174427,-33.869806 151.174768,-33.869651 151.17504,-33.869542 151.175407,-33.869441 151.175716,-33.869321 151.176065,-33.869153 151.176085,-33.869141 151.176477,-33.8689 151.17667,-33.8688 151.176825,-33.868726 151.177013,-33.868648 151.177254,-33.86856 151.177784,-33.868374 151.178773,-33.868022 151.179033,-33.867941 151.179293,-33.867876 151.179584,-33.867826 151.17982,-33.867792 151.180026,-33.867785 151.180297,-33.867789 151.180513,-33.867807 151.180725,-33.867834 151.181008,-33.867883 151.181264,-33.867936 151.181561,-33.868015 151.187633,-33.869584 151.188378,-33.869791 151.188873,-33.869965 151.189067,-33.870046 151.189536,-33.870246 151.189752,-33.870344 151.190176,-33.870526 151.190666,-33.870736 151.190976,-33.870766 151.191158,-33.870786 151.191841,-33.870853 151.192083,-33.870901 151.192376,-33.870985 151.192588,-33.871081 151.192824,-33.871198 151.19312,-33.871378 151.193318,-33.871507 151.193531,-33.87176 151.193517,-33.871814 151.193467,-33.871859 151.193449,-33.871875 151.193387,-33.871892 151.19333,-33.871894 151.19325,-33.871876 151.192893,-33.871508 151.19255,-33.871282 151.192119,-33.871103 151.191879,-33.871028 151.191801,-33.871006 151.191759,-33.870999 151.191818,-33.8709 151.191858,-33.870912 151.191995,-33.870951 151.192471,-33.871179 151.19282,-33.871365 151.193248,-33.871727 151.193327,-33.871821 151.19333,-33.871894 151.193314,-33.871945 151.193221,-33.87198 151.193121,-33.871973 151.192949,-33.87178 151.192772,-33.871632 151.192581,-33.871499 151.192292,-33.871339 151.191974,-33.871209</coordinates>
        </LineString>
      </Placemark>
      <Placemark>
        <name>Net &amp; Tackle Sales to Beulah St Wharf (car)</name>
        <description>&lt;b&gt;Mode:&lt;/b&gt; car</description>
        <Style>
          <LineStyle>
            <color>ff2f2fd3</color>
            <width>3</width>
          </LineStyle>
        </Style>
        <LineString>
          <coordinates>151.191974,-33.871209 151.19194,-33.871195 151.191742,-33.871133 151.191533,-33.871095 151.191262,-33.871057 151.190978,-33.870999 151.190704,-33.87092 151.190562,-33.870863 151.190458,-33.870816 151.190275,-33.870712 151.190106,-33.870635 151.189687,-33.870446 151.189509,-33.870366 151.18909,-33.870178 151.188858,-33.870082 151.188615,-33.869989 151.188371,-33.869907 151.187597,-33.869689 151.181527,-33.868113 151.181471,-33.868099 151.181384,-33.868078 151.1813,-33.868057 151.181247,-33.868044 151.180782,-33.867958 151.18059,-33.867937 151.180318,-33.867925 151.180103,-33.867924 151.17984,-33.867948 151.179522,-33.867997 151.179049,-33.868138 151.177237,-33.868867 151.176877,-33.868958 151.176683,-33.869001 151.17655,-33.869017 151.176459,-33.869019 151.176395,-33.869011 151.176357,-33.86899 151.176316,-33.868956 151.176253,-33.868886 151.17624,-33.86886 151.176113,-33.868505 151.176038,-33.868305 151.175948,-33.868053 151.175884,-33.8679 151.175789,-33.867723 151.175623,-33.867496 151.175524,-33.86752 151.175445,-33.867516 151.175376,-33.867493 151.175325,-33.867466 151.175006,-33.867216 151.17496,-33.867197 151.174895,-33.867188 151.174316,-33.867125 151.173495,-33.867032 151.17292,-33.866975 151.172909,-33.866974 151.172847,-33.866968 151.172934,-33.866451 151.172966,-33.866269 151.172958,-33.866219 151.172972,-33.866124 151.172981,-33.8661 151.173011,-33.866026 151.173055,-33.865924 151.173174,-33.865947 151.173296,-33.865969 151.173581,-33.866002 151.173851,-33.866047 151.174022,-33.866094 151.174203,-33.866154 151.174458,-33.866277 151.174606,-33.866361 151.174726,-33.866442 151.175008,-33.866643 151.175236,-33.866828 151.175366,-33.866954 151.175525,-33.867132 151.175692,-33.867346 151.175818,-33.867513 151.175908,-33.867659 151.17599,-33.867813 151.176051,-33.867972 151.176237,-33.868415 151.176277,-33.868511 151.176359,-33.868718 151.176429,-33.868793 151.176492,-33.868851 151.17656,-33.868882 151.176606,-33.868893 151.17668,-33.868895 151.176796,-33.868868 151.176846,-33.868852 151.176951,-33.868816 151.177394,-33.868657 151.177835,-33.868466 151.178758,-33.868104 151.179584,-33.867826 151.17982,-33.867792 151.180026,-33.867785 151.180297,-33.867789 151.180513,-33.867807 151.180725,-33.867834 151.181008,-33.867883 151.181264,-33.867936 151.181561,-33.868015 151.187633,-33.869584 151.188378,-33.869791 151.188873,-33.869965 151.189067,-33.870046 151.189536,-33.870246 151.189752,-33.870344 151.190176,-33.870526 151.190666,-33.870736 151.190888,-33.870799 151.191048,-33.870836 151.191297,-33.870873 151.191847,-33.87094 151.192072,-33.870985 151.19231,-33.871053 151.192567,-33.871161 151.192824,-33.871306 151.193074,-33.871488 151.19337,-33.871752 151.193936,-33.872461 151.194037,-33.872588 151.194131,-33.872707 151.194457,-33.873154 151.194685,-33.87344 151.195106,-33.874116 151.195335,-33.874381 151.1954,-33.874439 151.195517,-33.874545 151.195638,-33.874638 151.195814,-33.874741 151.196037,-33.874822 151.196155,-33.874859 151.196278,-33.874883 151.196411,-33.874901 151.196723,-33.874892 151.196977,-33.874853 151.197259,-33.874778 151.197413,-33.87468 151.197621,-33.874612 151.197919,-33.874491 151.198129,-33.874416 151.198393,-33.874326 151.198643,-33.874246 151.198996,-33.87415 151.199346,-33.874055 151.200171,-33.87383 151.200765,-33.873672 151.201143,-33.873553 151.201353,-33.873477 151.201458,-33.873408 151.201703,-33.873307 151.201839,-33.873238 151.202028,-33.873127 151.202203,-33.872992 151.202386,-33.872803 151.202479,-33.87269 151.202546,-33.87258 151.202618,-33.872443 151.202693,-33.872255 151.202706,-33.872221 151.202733,-33.872155 151.202834,-33.871902 151.202991,-33.871183 151.203037,-33.870964 151.203076,-33.870782 151.203098,-33.870684 151.203151,-33.870309 151.203159,-33.869932 151.203119,-33.869601 151.203091,-33.869454 151.203057,-33.86927 151.203004,-33.869031 151.202934,-33.868709 151.20287,-33.86834 151.202834,-33.868121 151.202803,-33.867852 151.202795,-33.867633 151.20279,-33.867454 151.202796,-33.867301 151.202808,-33.8672 151.202828,-33.867068 151.202881,-33.866808 151.202943,-33.866626 151.203026,-33.866429 151.203114,-33.866228 151.203322,-33.865796 151.203572,-33.865288 151.203708,-33.865014 151.203804,-33.864806 151.203994,-33.86444 151.204175,-33.864043 151.204392,-33.863564 151.204506,-33.863324 151.204643,-33.863025 151.205325,-33.861449 151.205414,-33.861214 151.205505,-33.860927 151.205591,-33.860676 151.205652,-33.860502 151.205675,-33.860444 151.205746,-33.860269 151.205955,-33.859834 151.206275,-33.859323 151.206431,-33.859027 151.206704,-33.858555 151.206711,-33.858543 151.207089,-33.857934 151.20726,-33.857661 151.207718,-33.856932 151.207726,-33.856919 151.208424,-33.855799 151.208481,-33.85571 151.2087,-33.855365 151.208946,-33.854974 151.209168,-33.854619 151.209374,-33.85428 151.209624,-33.853887 151.210075,-33.853169 151.212089,-33.849931 151.212221,-33.849706 151.212361,-33.849406 151.212453,-33.84916 151.212529,-33.848903 151.212577,-33.848698 151.212604,-33.848475 151.212625,-33.848257 151.212622,-33.848057 151.212614,-33.847872 151.212597,-33.847704 151.212575,-33.847559 151.212572,-33.84754 151.212539,-33.847368 151.212487,-33.847165 151.212485,-33.847157 151.212427,-33.846965 151.212303,-33.846597 151.212251,-33.846463 151.212146,-33.846196 151.211909,-33.845592 151.211844,-33.845472 151.211494,-33.84462 151.211403,-33.844383 151.211134,-33.843851 151.211106,-33.843809 151.21108,-33.84378 151.211054,-33.843757 151.211028,-33.843739 151.211004,-33.843724 151.210987,-33.843716 151.21097,-33.843715 151.210955,-33.843714 151.210924,-33.843715 151.210891,-33.843719 151.210864,-33.843726 151.210842,-33.843735 151.210837,-33.843737 151.210813,-33.843751 151.210789,-33.843769 151.210766,-33.843793 151.21075,-33.843814 151.210734,-33.843837 151.21072,-33.843863 151.210697,-33.843922 151.210681,-33.843965 151.210654,-33.84406 151.210658,-33.844099 151.210677,-33.844265 151.210686,-33.844282 151.210731,-33.844361 151.210739,-33.844374 151.210764,-33.844418 151.21111,-33.844964 151.211145,-33.845025 151.211165,-33.845078 151.211178,-33.84512 151.211188,-33.845176 151.211272,-33.845671 151.211284,-33.845754 151.211318,-33.845935 151.211332,-33.846016 151.211345,-33.846099 151.211349,-33.846131 151.211366,-33.846243 151.211389,-33.8464 151.211415,-33.846561 151.211516,-33.847161 151.211531,-33.847245 151.211558,-33.847291 151.211573,-33.847352 151.211584,-33.84737 151.211597,-33.847389 151.211621,-33.847417 151.211642,-33.84744 151.211656,-33.847446 151.211667,-33.847453 151.211691,-33.847465 151.211715,-33.84747 151.21175,-33.847473 151.211814,-33.847468 151.211862,-33.847462 151.211936,-33.84748 151.212319,-33.847429 151.212799,-33.847377 151.212828,-33.847373 151.212936,-33.847378 151.213045,-33.847389 151.213077,-33.847383 151.213363,-33.847334 151.21349,-33.847312 151.21354,-33.847316 151.213653,-33.847325 151.213997,-33.847286 151.214302,-33.847252 151.215479,-33.847118 151.215566,-33.847109 151.215638,-33.847168 151.215869,-33.847359 151.215938,-33.847412 151.216307,-33.847696 151.216486,-33.847833 151.2166,-33.847918 151.216683,-33.847977 151.216728,-33.84801 151.216762,-33.848031 151.2169,-33.848121 151.216973,-33.848169 151.217368,-33.848424 151.217597,-33.848572 151.21765,-33.848606 151.218046,-33.848863 151.218061,-33.848872 151.218094,-33.848894 151.218176,-33.848911 151.21824,-33.848997 151.218608,-33.849309 151.218663,-33.849357 151.218701,-33.84939 151.218717,-33.849411 151.218725,-33.849431 151.218732,-33.849451 151.218734,-33.849479 151.218732,-33.849506 151.218716,-33.849594 151.218695,-33.8497 151.21865,-33.849927 151.218623,-33.850027 151.218587,-33.850136 151.218307,-33.850885 151.218287,-33.85094 151.218179,-33.850929 151.21811,-33.850909 151.217343,-33.850643 151.217327,-33.850692 151.21732,-33.850714 151.217153,-33.851235 151.217138,-33.851278 151.217198,-33.851276 151.217401,-33.85135 151.217382,-33.851384 151.217378,-33.851392</coordinates>
        </LineString>
      </Placemark>
      <Placemark>
        <name>Beulah St Wharf to Sydney Airport (car)</name>
        <description>&lt;b&gt;Mode:&lt;/b&gt; car</description>
        <Style>
          <LineStyle>
            <color>ff2f2fd3</color>
            <width>3</width>
          </LineStyle>
        </Style>
        <LineString>
          <coordinates>151.217378,-33.851392 151.217382,-33.851384 151.217401,-33.85135 151.217198,-33.851276 151.217138,-33.851278 151.217027,-33.851283 151.216723,-33.851186 151.216523,-33.851122 151.216413,-33.850945 151.216439,-33.850892 151.216653,-33.850428 151.216683,-33.850366 151.216628,-33.850304 151.216575,-33.850244 151.216429,-33.850079 151.216273,-33.849903 151.216238,-33.849872 151.216223,-33.84986 151.216173,-33.849829 151.216024,-33.849765 151.215744,-33.849643 151.215547,-33.849557 151.215378,-33.849484 151.215066,-33.849348 151.214679,-33.849175 151.214117,-33.848924 151.214051,-33.848899 151.213978,-33.848884 151.213929,-33.848883 151.213905,-33.848883 151.213845,-33.848885 151.213359,-33.848944 151.213266,-33.848956 151.213255,-33.848896 151.213251,-33.848874 151.213197,-33.848563 151.213138,-33.848232 151.212978,-33.847542 151.212964,-33.847488 151.212963,-33.84748 151.212956,-33.847455 151.212936,-33.847378 151.212916,-33.847298 151.21291,-33.847274 151.212835,-33.846905 151.212756,-33.846309 151.212745,-33.84623 151.212741,-33.846192 151.212732,-33.846129 151.212727,-33.846093 151.212724,-33.846072 151.212651,-33.845664 151.212596,-33.845419 151.212549,-33.845254 151.212504,-33.845064 151.212488,-33.845001 151.212479,-33.844929 151.212476,-33.84489 151.212489,-33.844782 151.212653,-33.844094 151.212753,-33.843678 151.212773,-33.843593 151.212798,-33.843518 151.212833,-33.843445 151.212815,-33.843433 151.212801,-33.843416 151.212795,-33.843398 151.212795,-33.843378 151.212803,-33.84336 151.212817,-33.843344 151.212837,-33.843332 151.212862,-33.843326 151.212887,-33.843327 151.212898,-33.843329 151.212911,-33.843325 151.212919,-33.843321 151.212966,-33.843288 151.213151,-33.843147 151.213197,-33.843118 151.213267,-33.843079 151.213315,-33.843057 151.213523,-33.842923 151.213549,-33.842904 151.213591,-33.842848 151.213634,-33.842755 151.213663,-33.842675 151.213667,-33.842656 151.213666,-33.842638 151.213665,-33.842619 151.213659,-33.842596 151.213649,-33.842569 151.213637,-33.842545 151.21362,-33.842513 151.213595,-33.842482 151.213561,-33.842448 151.213359,-33.842296 151.213283,-33.842198 151.213241,-33.842175 151.213163,-33.842134 151.213046,-33.84212 151.212956,-33.842091 151.212823,-33.842059 151.212688,-33.842037 151.212555,-33.842022 151.212525,-33.842019 151.212482,-33.842016 151.21242,-33.842057 151.212317,-33.842048 151.212234,-33.842048 151.212153,-33.842055 151.211934,-33.84208 151.211846,-33.842092 151.211734,-33.842112 151.211676,-33.84213 151.211625,-33.842153 151.211559,-33.842191 151.211483,-33.842246 151.211436,-33.842302 151.211392,-33.842367 151.211367,-33.842425 151.21136,-33.842452 151.211348,-33.842491 151.211338,-33.842551 151.211335,-33.842614 151.211343,-33.84269 151.21137,-33.842839 151.211486,-33.843218 151.211473,-33.843341 151.211905,-33.844609 151.212193,-33.845345 151.212384,-33.845909 151.212459,-33.846151 151.212491,-33.846252 151.212523,-33.846427 151.212654,-33.847128 151.212744,-33.84754 151.212795,-33.847958 151.212799,-33.848162 151.212784,-33.848412 151.212743,-33.84874 151.212691,-33.848946 151.212616,-33.849232 151.212546,-33.849432 151.212491,-33.849571 151.212483,-33.849666 151.212422,-33.84981 151.212329,-33.849982 151.212173,-33.850224 151.212036,-33.850443 151.209521,-33.854472 151.209363,-33.854706 151.209224,-33.854914 151.209086,-33.855102 151.208996,-33.855195 151.207881,-33.857005 151.207439,-33.857722 151.207372,-33.85783 151.207035,-33.858367 151.206879,-33.858624 151.206796,-33.858762 151.206633,-33.85909 151.20649,-33.859367 151.206371,-33.859648 151.206298,-33.859849 151.206267,-33.859948 151.206229,-33.860126 151.206223,-33.860164 151.206213,-33.860262 151.206224,-33.860366 151.206243,-33.860449 151.206275,-33.860525 151.206324,-33.860609 151.20634,-33.860632 151.206381,-33.860682 151.206454,-33.860759 151.206514,-33.860803 151.206608,-33.86086 151.206694,-33.860899 151.206791,-33.860936 151.206938,-33.860971 151.207059,-33.860987 151.207341,-33.861019 151.208097,-33.861096 151.208899,-33.861174 151.212564,-33.861492 151.212822,-33.861519 151.213063,-33.861555 151.213257,-33.8616 151.213283,-33.861608 151.213435,-33.861664 151.213496,-33.861687 151.21355,-33.86171 151.213628,-33.861747 151.213676,-33.861777 151.213727,-33.86182 151.213773,-33.861868 151.213806,-33.861906 151.213837,-33.86195 151.213869,-33.862018 151.213891,-33.86209 151.213903,-33.862156 151.213901,-33.862256 151.213892,-33.862338 151.213877,-33.862448 151.213857,-33.862523 151.213833,-33.862593 151.2138,-33.862676 151.21374,-33.862795 151.213642,-33.862976 151.213622,-33.863016 151.21337,-33.863546 151.21318,-33.863921 151.213089,-33.864209 151.213059,-33.864415 151.213058,-33.864623 151.213079,-33.864798 151.213122,-33.864964 151.213183,-33.865118 151.213326,-33.865354 151.213485,-33.865542 151.21374,-33.86577 151.214035,-33.865958 151.214381,-33.866134 151.214666,-33.866273 151.215022,-33.866432 151.215186,-33.866499 151.215354,-33.866561 151.215576,-33.866637 151.215834,-33.866725 151.216091,-33.866809 151.216128,-33.86682 151.216598,-33.866977 151.216687,-33.867012 151.216774,-33.86705 151.216846,-33.867083 151.216926,-33.867122 151.217,-33.867163 151.217272,-33.867329 151.217427,-33.867428 151.217567,-33.867529 151.217705,-33.86764 151.217838,-33.867775 151.217977,-33.867936 151.218186,-33.868215 151.218339,-33.868481 151.218388,-33.868571 151.218435,-33.868673 151.218477,-33.868777 151.218529,-33.868935 151.218558,-33.869041 151.218584,-33.869196 151.218603,-33.869362 151.218594,-33.869609 151.218587,-33.869724 151.218335,-33.870616 151.218222,-33.871067 151.218195,-33.871173 151.21803,-33.87198 151.218002,-33.872107 151.217877,-33.872676 151.217872,-33.872707 151.217827,-33.872992 151.217789,-33.873227 151.217786,-33.873246 151.217708,-33.873798 151.217702,-33.873842 151.21766,-33.87417 151.2176,-33.874634 151.21758,-33.874788 151.217535,-33.87514 151.217464,-33.87571 151.217431,-33.875969 151.217405,-33.876196 151.217352,-33.876668 151.217341,-33.876768 151.217281,-33.877272 151.217234,-33.877725 151.217225,-33.877815 151.217178,-33.87826 151.217107,-33.878802 151.217097,-33.87888 151.217048,-33.879382 151.21701,-33.879896 151.216994,-33.880109 151.216987,-33.880279 151.216985,-33.880316 151.216991,-33.880499 151.217018,-33.880854 151.217105,-33.881354 151.217123,-33.881453 151.217223,-33.881989 151.217331,-33.882571 151.21734,-33.88262 151.217469,-33.88324 151.217552,-33.883637 151.217559,-33.883689 151.217586,-33.883886 151.217687,-33.884126 151.217763,-33.884278 151.217887,-33.884501 151.21791,-33.884555 151.218009,-33.884766 151.218027,-33.884799 151.218102,-33.884989 151.218131,-33.885082 151.218155,-33.885191 151.218158,-33.885353 151.218129,-33.885577 151.218125,-33.885595 151.218071,-33.885873 151.218038,-33.886052 151.21802,-33.886256 151.218008,-33.886384 151.217996,-33.886512 151.217981,-33.886693 151.217939,-33.887269 151.217698,-33.88874 151.217282,-33.890637 151.217194,-33.890953 151.217144,-33.891117 151.217081,-33.89126 151.216992,-33.891551 151.216916,-33.891926 151.216852,-33.892298 151.21671,-33.893221 151.216334,-33.895116 151.216241,-33.895537 151.215998,-33.896435 151.215899,-33.896884 151.215747,-33.897723 151.215607,-33.898357 151.215513,-33.898818 151.215318,-33.899864 151.215293,-33.899975 151.215149,-33.90062 151.215142,-33.900645 151.215042,-33.901027 151.214932,-33.901445 151.214819,-33.901875 151.214612,-33.902663 151.214481,-33.903162 151.214314,-33.903801 151.214212,-33.904187 151.214174,-33.904332 151.213982,-33.905061 151.213692,-33.906572 151.213545,-33.907419 151.213511,-33.907616 151.213366,-33.908361 151.213249,-33.908954 151.213152,-33.909492 151.21312,-33.909732 151.21309,-33.910044 151.21307,-33.910517 151.213032,-33.911099 151.212955,-33.911909 151.212934,-33.912118 151.212859,-33.912653 151.212788,-33.913069 151.212707,-33.913577 151.211854,-33.916786 151.211246,-33.919953 151.211201,-33.920445 151.21124,-33.920949 151.21137,-33.921477 151.211654,-33.922035 151.21177,-33.922231 151.211878,-33.922372 151.212122,-33.92265 151.212203,-33.922728 151.212286,-33.922803 151.212416,-33.922909 151.212704,-33.923142 151.213735,-33.923848 151.214136,-33.924147 151.214217,-33.924212 151.214541,-33.924614 151.214676,-33.924804 151.214741,-33.924902 151.214803,-33.925009 151.214949,-33.925271 151.215074,-33.92557 151.215132,-33.925737 151.215178,-33.925908 151.215234,-33.926243 151.215259,-33.926534 151.21525,-33.926819 151.215217,-33.927107 151.215155,-33.927409 151.215057,-33.927699 151.214929,-33.92799 151.214802,-33.928237 151.214638,-33.928493 151.214335,-33.92893 151.212131,-33.932057 151.212018,-33.932223 151.211018,-33.933677 151.210574,-33.934242 151.210321,-33.934538 151.210085,-33.934749 151.209893,-33.93491 151.209805,-33.934969 151.209765,-33.934992 151.209475,-33.935165 151.209293,-33.935256 151.208985,-33.935376 151.208229,-33.935629 151.207746,-33.935784 151.207188,-33.935936 151.20693,-33.935984 151.20665,-33.936018 151.206208,-33.936052 151.205954,-33.936054 151.20558,-33.936036 151.204983,-33.93599 151.204343,-33.935939 151.203646,-33.935903 151.203017,-33.935898 151.202361,-33.935923 151.201789,-33.935969 151.201254,-33.936028 151.200702,-33.936115 151.200248,-33.936199 151.199873,-33.936287 151.199428,-33.936401 151.198616,-33.936672 151.197943,-33.936869 151.197772,-33.936929 151.195982,-33.937596 151.195806,-33.937663 151.195455,-33.937797 151.195261,-33.937871 151.195007,-33.937968 151.194804,-33.938045 151.194775,-33.938056 151.194699,-33.938085 151.194678,-33.93809 151.194575,-33.938117 151.194496,-33.938131 151.194228,-33.938157 151.193839,-33.938195 151.193582,-33.938218 151.19334,-33.938238 151.193055,-33.938221 151.193019,-33.93822 151.192988,-33.938217 151.192953,-33.938209 151.192923,-33.938198 151.192898,-33.938187 151.192873,-33.938173 151.192833,-33.938147 151.192794,-33.938119 151.192761,-33.938086 151.192733,-33.938054 151.19271,-33.938017 151.192693,-33.937974 151.192681,-33.937902 151.192676,-33.937769 151.192667,-33.937606 151.192659,-33.936322 151.192657,-33.936105 151.192646,-33.935953 151.19262,-33.935698 151.192611,-33.935634 151.192594,-33.935535 151.19257,-33.935401 151.192533,-33.935232 151.192484,-33.935057 151.192415,-33.934843 151.192365,-33.934709 151.192316,-33.934589 151.19225,-33.934439 151.192071,-33.934009 151.192011,-33.933874 151.191936,-33.933705 151.191884,-33.933608 151.191829,-33.933508 151.191763,-33.933417 151.19169,-33.933328 151.191606,-33.933239 151.19151,-33.933155 151.191415,-33.933085 151.191314,-33.93302 151.1912,-33.932958 151.191083,-33.932905 151.190967,-33.932862 151.190848,-33.932825 151.19072,-33.932796 151.19058,-33.93277 151.19034,-33.932742 151.189821,-33.932687 151.189432,-33.932635 151.18815,-33.932454 151.187552,-33.932377 151.187202,-33.932341 151.186537,-33.93239 151.186476,-33.932387 151.186371,-33.932383 151.186285,-33.932388 151.186238,-33.932393 151.186154,-33.932409 151.186116,-33.932421 151.186091,-33.932434 151.186062,-33.932457 151.186038,-33.932481 151.186007,-33.932518 151.186,-33.932545 151.185982,-33.932634 151.185961,-33.93273 151.185941,-33.932829 151.185918,-33.932973 151.185896,-33.933124 151.185875,-33.933284 151.18586,-33.93342 151.185853,-33.933491 151.185841,-33.933572 151.185832,-33.933625 151.185822,-33.933669 151.185807,-33.933707 151.185791,-33.93374 151.185766,-33.933784 151.185721,-33.933849 151.185681,-33.933899 151.185641,-33.933937 151.185561,-33.933993 151.185516,-33.934023 151.185467,-33.934052 151.185415,-33.934076 151.185357,-33.9341 151.185277,-33.934127 151.185141,-33.934162 151.184831,-33.934244 151.18465,-33.934288 151.184247,-33.934351 151.184175,-33.934355 151.184102,-33.934351 151.184011,-33.934342 151.183434,-33.934258 151.183315,-33.934241 151.182661,-33.934145 151.182074,-33.934059 151.181314,-33.933949 151.180065,-33.933766 151.179549,-33.93369 151.179494,-33.933682 151.17902,-33.933614 151.178655,-33.933561 151.178547,-33.933538 151.178457,-33.933511 151.178394,-33.933482 151.178343,-33.933447 151.178281,-33.933395 151.178228,-33.933333 151.178209,-33.933296 151.178182,-33.933243 151.178171,-33.933203 151.178163,-33.933155 151.178162,-33.933135</coordinates>
        </LineString>
      </Placemark>
      <Placemark>
        <name>Sydney Airport to Nadi International Airport (plane)</name>
        <description>&lt;b&gt;Mode:&lt;/b&gt; plane&lt;br&gt;Representative flight FJI910 (YSSY-NFFN)</description>
        <Style>
          <LineStyle>
            <color>ff2f2fd3</color>
            <width>3</width>
          </LineStyle>
        </Style>
        <LineString>
          <coordinates>151.1869,-33.9443 151.1885,-33.9378 151.1911,-33.933 151.1947,-33.93 151.1987,-33.9284 151.2028,-33.9277 151.2069,-33.9279 151.212,-33.9292 151.219,-33.9316 151.2279,-33.9353 151.2363,-33.9385 151.2437,-33.9407 151.2502,-33.942 151.2569,-33.9426 151.2653,-33.9429 151.2752,-33.9428 151.2785,-33.9427 151.3013,-33.9409 151.3104,-33.9401 151.3486,-33.9374 151.3973,-33.935 151.4159,-33.9342 151.4329,-33.9335 151.4475,-33.933 151.4595,-33.9326 151.4877,-33.9315 151.5048,-33.9308 151.5371,-33.9295 151.567,-33.9282 151.5771,-33.9278 151.6172,-33.9261 151.6239,-33.9258 151.6868,-33.9231 151.7097,-33.9222 151.72,-33.9218 151.7348,-33.9211 151.7451,-33.9207 151.7485,-33.9205 151.7558,-33.9202 151.7724,-33.9195 151.7828,-33.919 151.7981,-33.9184 151.8088,-33.9179 151.8106,-33.9179 151.8256,-33.9172 151.8365,-33.9168 151.8791,-33.9149 151.9444,-33.912 152.0104,-33.9091 152.0795,-33.9062 152.159,-33.9069 152.1903,-33.9068 152.2153,-33.9059 152.2341,-33.9043 152.2478,-33.9024 152.2577,-33.9008 152.2637,-33.8993 152.2687,-33.8975 152.2754,-33.8948 152.2837,-33.8912 152.3139,-33.8751 152.3453,-33.859 152.407,-33.8289 152.434,-33.8158 152.4387,-33.8136 152.4598,-33.8032 152.4658,-33.8003 152.4696,-33.7985 152.4871,-33.7899 152.4916,-33.7877 152.513,-33.7772 152.5343,-33.7667 152.5455,-33.7611 152.5671,-33.7504 152.6,-33.7342 152.6437,-33.7125 152.65,-33.7093 152.6661,-33.7014 152.6769,-33.696 152.6989,-33.6851 152.7273,-33.671 152.7295,-33.6699 152.7542,-33.6577 152.7829,-33.6434 152.7989,-33.6355 152.8436,-33.6132 152.8644,-33.6028 152.8724,-33.5988 152.8996,-33.5853 152.9287,-33.5708 152.9324,-33.569 152.9563,-33.557 153.0024,-33.534 153.0432,-33.5136 153.048,-33.5113 153.0778,-33.4963 153.1063,-33.4821 153.1363,-33.4671 153.1403,-33.4651 153.1598,-33.4553 153.1648,-33.4528 153.1884,-33.441 153.2128,-33.4286 153.2186,-33.4257 153.2475,-33.4112 153.2782,-33.3958 153.2837,-33.393 153.3072,-33.3812 153.3383,-33.3655 153.3551,-33.3571 153.3677,-33.3507 153.4287,-33.3199 153.484,-33.2919 153.4893,-33.2893 153.5011,-33.2833 153.5137,-33.277 153.5206,-33.2734 153.538,-33.2646 153.5504,-33.2583 153.5818,-33.2424 153.6116,-33.2273 153.6362,-33.2147 153.6434,-33.2111 153.6501,-33.2077 153.668,-33.1986 153.6732,-33.196 153.6981,-33.1833 153.7268,-33.1687 153.7353,-33.1643 153.7676,-33.1479 153.7731,-33.1451 153.7982,-33.1323 153.8016,-33.1305 153.8303,-33.1158 153.8836,-33.0886 153.9244,-33.0677 153.9504,-33.0544 153.957,-33.051 153.9576,-33.0507 153.9822,-33.0382 153.9885,-33.035 154.0138,-33.0219 154.0455,-33.0057 154.0771,-32.9894 154.1023,-32.9764 154.1087,-32.9731 154.1151,-32.9699 154.1341,-32.9601 154.1403,-32.9569 154.1655,-32.9439 154.172,-32.9406 154.1973,-32.9275 154.2035,-32.9243 154.2349,-32.9081 154.2662,-32.8919 154.2724,-32.8887 154.345,-32.8511 154.3866,-32.8295 154.418,-32.8132 154.4231,-32.8106 154.4498,-32.7967 154.4811,-32.7805 154.4981,-32.7717 154.5128,-32.764 154.5381,-32.7508 154.5442,-32.7477 154.5745,-32.7319 154.6482,-32.6934 154.6713,-32.6814 154.697,-32.6679 154.7035,-32.6646 154.7289,-32.6512 154.7352,-32.648 154.8118,-32.6078 154.888,-32.5678 154.9312,-32.5451 154.9439,-32.5384 154.9622,-32.5288 154.9671,-32.5262 154.9747,-32.5222 154.9933,-32.5123 155.0058,-32.5058 155.0404,-32.4875 155.1168,-32.4472 155.1286,-32.441 155.1352,-32.4374 155.1475,-32.431 155.1663,-32.421 155.1787,-32.4145 155.197,-32.4048 155.2093,-32.3982 155.234,-32.3851 155.2525,-32.3753 155.265,-32.3686 155.2833,-32.3589 155.2957,-32.3523 155.3144,-32.3424 155.3267,-32.3359 155.345,-32.3261 155.3574,-32.3195 155.3625,-32.3168 155.3821,-32.3063 155.4007,-32.2965 155.419,-32.2867 155.4312,-32.2801 155.4621,-32.2637 155.4744,-32.2571 155.4927,-32.2473 155.5114,-32.2373 155.5174,-32.2342 155.542,-32.221 155.5482,-32.2176 155.6098,-32.1848 155.6646,-32.1553 155.6855,-32.1441 155.6955,-32.1387 155.7014,-32.1355 155.7263,-32.1222 155.7571,-32.1056 155.7598,-32.1041 155.7878,-32.0891 155.8181,-32.0728 155.834,-32.0642 155.8496,-32.0558 155.8744,-32.0424 155.8806,-32.0391 155.905,-32.0258 155.9113,-32.0224 155.9362,-32.009 155.9423,-32.0057 155.9822,-31.9842 155.9977,-31.9758 156.0285,-31.9591 156.0532,-31.9457 156.0592,-31.9425 156.0836,-31.9292 156.0899,-31.9258 156.1144,-31.9125 156.1205,-31.9091 156.1299,-31.9041 156.145,-31.8958 156.1512,-31.8925 156.1819,-31.8758 156.2044,-31.8635 156.2312,-31.8489 156.2555,-31.8357 156.2679,-31.8289 156.2784,-31.8232 156.2923,-31.8156 156.3523,-31.7829 156.3784,-31.7686 156.4154,-31.7484 156.4258,-31.7427 156.4399,-31.735 156.4768,-31.7148 156.5014,-31.7012 156.5262,-31.6876 156.5385,-31.6808 156.5631,-31.6673 156.5733,-31.6617 156.5878,-31.6538 156.6,-31.647 156.6247,-31.6335 156.6493,-31.6198 156.6615,-31.6131 156.6741,-31.6062 156.7224,-31.5797 156.7723,-31.5521 156.809,-31.5317 156.8336,-31.5181 156.8458,-31.5114 156.8705,-31.4977 156.8828,-31.4909 156.8949,-31.4842 156.9073,-31.4774 156.9194,-31.4706 156.9441,-31.4569 156.9563,-31.4501 156.9686,-31.4433 156.9807,-31.4366 157.0053,-31.4229 157.0175,-31.4161 157.0297,-31.4093 157.0419,-31.4026 157.0664,-31.389 157.0785,-31.3822 157.0906,-31.3755 157.1151,-31.3618 157.1274,-31.355 157.1395,-31.3482 157.1516,-31.3414 157.1632,-31.335 157.1882,-31.321 157.2004,-31.3142 157.2125,-31.3074 157.2248,-31.3005 157.2381,-31.2931 157.249,-31.287 157.2613,-31.2801 157.2734,-31.2734 157.2855,-31.2666 157.3107,-31.2525 157.3843,-31.2112 157.3947,-31.2054 157.4674,-31.1645 157.492,-31.1506 157.5161,-31.137 157.5282,-31.1302 157.5525,-31.1166 157.5767,-31.1029 157.613,-31.0825 157.6371,-31.0688 157.649,-31.0621 157.6732,-31.0484 157.6758,-31.047 157.6973,-31.0348 157.7094,-31.0279 157.7214,-31.0211 157.7334,-31.0144 157.7487,-31.0056 157.7576,-31.0006 157.7697,-30.9937 157.7818,-30.9869 157.7937,-30.9802 157.8176,-30.9666 157.8187,-30.966 157.8418,-30.9528 157.8538,-30.946 157.8778,-30.9323 157.8934,-30.9235 157.902,-30.9186 157.9139,-30.9118 157.9261,-30.9049 157.9503,-30.8911 157.9622,-30.8843 157.966,-30.8821 157.9743,-30.8774 157.9865,-30.8705 158.0106,-30.8567 158.0227,-30.8499 158.0383,-30.841 158.0468,-30.8361 158.0711,-30.8223 158.1073,-30.8015 158.2282,-30.7323 158.2521,-30.7186 158.2883,-30.6978 158.3125,-30.6839 158.3365,-30.67 158.3486,-30.6632 158.3728,-30.6492 158.4087,-30.6285 158.4328,-30.6146 158.4569,-30.6007 158.4688,-30.5939 158.4929,-30.5799 158.5169,-30.5661 158.529,-30.5591 158.553,-30.5452 158.577,-30.5313 158.601,-30.5174 158.6131,-30.5104 158.6371,-30.4965 158.6491,-30.4895 158.6612,-30.4825 158.6732,-30.4755 158.6971,-30.4617 158.7212,-30.4478 158.7332,-30.4408 158.7573,-30.4268 158.7812,-30.4128 158.7933,-30.4058 158.8171,-30.3919 158.8413,-30.3779 158.9253,-30.3288 158.9374,-30.3218 158.9616,-30.3077 158.9734,-30.3008 158.9854,-30.2937 158.9975,-30.2867 159.0216,-30.2726 159.0336,-30.2656 159.0457,-30.2585 159.0577,-30.2515 159.0697,-30.2445 159.0937,-30.2303 159.1057,-30.2233 159.1178,-30.2162 159.1298,-30.2092 159.142,-30.2021 159.1658,-30.188 159.1777,-30.181 159.19,-30.1738 159.2019,-30.1669 159.2139,-30.1598 159.2378,-30.1457 159.2498,-30.1387 159.2618,-30.1316 159.2737,-30.1246 159.2976,-30.1105 159.3097,-30.1034 159.3215,-30.0964 159.3336,-30.0893 159.3573,-30.0753 159.3695,-30.0681 159.3931,-30.0541 159.4169,-30.0401 159.4289,-30.033 159.4407,-30.026 159.4526,-30.019 159.4765,-30.0049 159.4884,-29.9978 159.5002,-29.9908 159.5121,-29.9838 159.5358,-29.9698 159.5477,-29.9627 159.6542,-29.8995 159.6659,-29.8925 159.6895,-29.8785 159.7131,-29.8644 159.725,-29.8573 159.7484,-29.8434 159.7723,-29.8292 159.7839,-29.8222 159.8074,-29.8082 159.8312,-29.794 159.8549,-29.7799 159.8667,-29.7728 159.8905,-29.7586 159.9022,-29.7516 159.9141,-29.7445 159.9257,-29.7375 159.9494,-29.7234 159.9614,-29.7161 159.9732,-29.7091 159.9851,-29.702 160.0086,-29.6878 160.0324,-29.6736 160.0445,-29.6664 160.068,-29.6522 160.0917,-29.638 160.1037,-29.6308 160.1273,-29.6166 160.151,-29.6024 160.1628,-29.5952 160.1865,-29.5809 160.1983,-29.5738 160.2102,-29.5667 160.2218,-29.5597 160.2456,-29.5453 160.2691,-29.5312 160.363,-29.4744 160.3982,-29.4531 160.4218,-29.4388 160.4569,-29.4175 160.4804,-29.4033 160.5037,-29.3892 160.5155,-29.382 160.5389,-29.3678 160.5624,-29.3535 160.574,-29.3465 160.5975,-29.3322 160.7027,-29.2681 160.7143,-29.261 160.7378,-29.2467 160.7609,-29.2326 160.7727,-29.2254 160.796,-29.2111 160.8077,-29.204 160.8193,-29.1969 160.8312,-29.1896 160.8545,-29.1753 160.8662,-29.1682 160.8896,-29.1538 160.9834,-29.0963 161.0534,-29.0532 161.0654,-29.0458 161.0885,-29.0316 161.1702,-28.9813 161.1817,-28.9742 161.205,-28.9599 161.2165,-28.9527 161.2283,-28.9455 161.2398,-28.9384 161.2631,-28.924 161.2863,-28.9096 161.2981,-28.9023 161.3097,-28.8952 161.3212,-28.888 161.3443,-28.8737 161.3561,-28.8664 161.3676,-28.8593 161.3793,-28.852 161.4023,-28.8378 161.4139,-28.8305 161.4369,-28.8163 161.4718,-28.7947 161.4948,-28.7803 161.5178,-28.766 161.5291,-28.759 161.5531,-28.7441 161.5758,-28.7299 161.5876,-28.7225 161.6106,-28.7082 161.6338,-28.6938 161.6453,-28.6866 161.6684,-28.6721 161.7488,-28.6219 161.7604,-28.6146 161.7949,-28.5931 161.8181,-28.5786 161.8295,-28.5714 161.8409,-28.5642 161.8526,-28.557 161.8754,-28.5427 161.8868,-28.5355 161.8984,-28.5282 161.91,-28.5209 161.933,-28.5064 161.9671,-28.4851 161.9894,-28.4711 162.0817,-28.4129 162.1045,-28.3985 162.1272,-28.3842 162.1387,-28.377 162.1615,-28.3626 162.1842,-28.3483 162.1953,-28.3412 162.2177,-28.3271 162.4885,-28.1636 162.7584,-27.9996 163.0274,-27.8351 163.2957,-27.67 163.5632,-27.5044 163.8298,-27.3383 164.0957,-27.1717 164.3607,-27.0046 164.625,-26.837 164.8885,-26.6689 165.1512,-26.5004 165.4131,-26.3313 165.6743,-26.1618 165.9347,-25.9918 166.1944,-25.8213 166.4533,-25.6504 166.6682,-25.5078 166.9269,-25.3374 167.1848,-25.1666 167.442,-24.9953 167.6985,-24.8236 167.9543,-24.6515 168.2094,-24.4789 168.4638,-24.3059 168.7175,-24.1324 168.9705,-23.9586 169.2228,-23.7843 169.4744,-23.6096 169.7254,-23.4345 169.9757,-23.259 170.2254,-23.0832 170.4744,-22.9069 170.7227,-22.7302 170.9704,-22.5532 171.2175,-22.3758 171.464,-22.198 171.7098,-22.0198 171.955,-21.8413 172.1996,-21.6624 172.4436,-21.4832 172.6869,-21.3036 172.9297,-21.1236 173.1719,-20.9433 173.4135,-20.7627 173.6546,-20.5817 173.8951,-20.4004 174.135,-20.2188 174.3743,-20.0368 174.4854,-19.9521 174.5537,-19.9043 174.6175,-19.8597 174.6809,-19.8153 174.7449,-19.7705 174.8086,-19.7259 174.8725,-19.681 174.9363,-19.6361 174.9979,-19.5928 175.0626,-19.5472 175.1259,-19.5026 175.1894,-19.4578 175.2701,-19.4009 175.3307,-19.3579 175.3936,-19.3133 175.4547,-19.27 175.5172,-19.2257 175.5779,-19.1826 175.6394,-19.1389 175.6979,-19.0972 175.756,-19.0558 175.8283,-19.0042 175.8865,-18.9627 175.9432,-18.9222 175.999,-18.8823 176.0537,-18.8431 176.1124,-18.8012 176.166,-18.7627 176.2179,-18.7254 176.2684,-18.6891 176.3176,-18.6536 176.3661,-18.6188 176.4293,-18.5734 176.4768,-18.5391 176.5229,-18.5059 176.5692,-18.4724 176.6141,-18.44 176.6614,-18.4055 176.7083,-18.3718 176.7513,-18.3408 176.7918,-18.3113 176.8353,-18.2797 176.8584,-18.263 176.8772,-18.2494 176.8989,-18.2337 176.9223,-18.2167 176.9397,-18.2041 176.9626,-18.1874 176.9969,-18.1625 177.0309,-18.1377 177.0648,-18.1131 177.0976,-18.0892 177.1303,-18.0653 177.1614,-18.0428 177.1772,-18.0311 177.2063,-18.0099 177.2344,-17.9894 177.2491,-17.9787 177.2611,-17.9699 177.2688,-17.9641 177.2756,-17.9586 177.2813,-17.9535 177.2866,-17.9483 177.2921,-17.9423 177.2977,-17.9355 177.306,-17.9251 177.3216,-17.9062 177.3361,-17.8881 177.3442,-17.8781 177.3589,-17.8598 177.3731,-17.8423 177.3863,-17.8258 177.3976,-17.8119 177.4054,-17.8023 177.4128,-17.7932 177.4197,-17.7844 177.4266,-17.7759 177.4341,-17.7667</coordinates>
        </LineString>
      </Placemark>
      <Placemark>
        <name>Nadi International Airport to Los Angeles International Airport (plane)</name>
        <description>&lt;b&gt;Mode:&lt;/b&gt; plane&lt;br&gt;Representative flight FJI810 (NFFN-KLAX)</description>
        <Style>
          <LineStyle>
            <color>ff2f2fd3</color>
            <width>3</width>
          </LineStyle>
        </Style>
        <LineString>
          <coordinates>177.432,-17.7691 177.4231,-17.7801 177.4156,-17.7896 177.4037,-17.8044 177.3879,-17.8241 177.3735,-17.8418 177.3629,-17.854 177.3562,-17.8607 177.3511,-17.8642 177.345,-17.8671 177.338,-17.8692 177.3307,-17.8703 177.3237,-17.8702 177.3169,-17.869 177.3105,-17.8666 177.3045,-17.8633 177.2989,-17.859 177.294,-17.8536 177.2901,-17.8471 177.2871,-17.8394 177.2854,-17.8314 177.2851,-17.8237 177.2863,-17.8164 177.2894,-17.8085 177.2947,-17.7987 177.3024,-17.7872 177.3247,-17.7561 177.3471,-17.724 177.3714,-17.6894 177.3897,-17.6671 177.4141,-17.6425 177.4447,-17.6158 177.486,-17.5834 177.5298,-17.5485 177.5719,-17.5152 177.6156,-17.4807 177.66,-17.4454 177.7046,-17.4098 177.75,-17.374 177.7964,-17.3371 177.843,-17.3 177.8899,-17.2626 177.9387,-17.2237 177.9852,-17.1867 178.0339,-17.1478 178.0835,-17.1083 178.1326,-17.069 178.1834,-17.0284 178.235,-16.9871 178.2868,-16.9456 178.339,-16.9038 178.3916,-16.8616 178.4442,-16.8193 178.4989,-16.7754 178.5981,-16.6956 -178.2992,-14.127 -178.2374,-14.0747 -178.1792,-14.0257 -178.1253,-13.9802 -178.0703,-13.9336 -178.0147,-13.8866 -177.9615,-13.8416 -177.907,-13.7954 -177.8532,-13.7499 -177.8002,-13.7048 -177.7464,-13.6592 -177.6931,-13.6139 -177.6395,-13.5683 -177.5857,-13.5227 -177.5325,-13.4774 -177.4788,-13.4316 -177.426,-13.3866 -177.3724,-13.341 -177.3192,-13.2957 -177.2658,-13.25 -177.2124,-13.2044 -177.159,-13.1589 -177.1053,-13.1129 -177.0524,-13.0676 -177.0001,-13.0229 -176.9475,-12.9778 -176.8942,-12.932 -176.8413,-12.8865 -176.7885,-12.8412 -176.7354,-12.7955 -176.6819,-12.7494 -176.6288,-12.7038 -176.5752,-12.6576 -176.5223,-12.612 -176.4686,-12.5657 -176.416,-12.5202 -176.3624,-12.474 -176.3096,-12.4283 -176.2563,-12.3823 -176.2038,-12.3368 -176.1508,-12.291 -176.0975,-12.2448 -176.0444,-12.1988 -175.9912,-12.1526 -175.9382,-12.1067 -175.8857,-12.0611 -175.8324,-12.0149 -175.779,-11.9685 -175.7266,-11.9228 -175.6728,-11.8761 -175.6199,-11.83 -175.5671,-11.7841 -175.514,-11.7378 -175.4603,-11.691 -175.407,-11.6444 -175.3536,-11.5978 -175.3007,-11.5516 -175.2476,-11.5052 -175.1959,-11.46 -175.1425,-11.4133 -175.0895,-11.3669 -175.0367,-11.3207 -174.9836,-11.2741 -174.9313,-11.2283 -174.8785,-11.182 -174.8253,-11.1353 -174.773,-11.0894 -174.7207,-11.0434 -174.6689,-10.9979 -174.616,-10.9514 -174.5635,-10.9052 -174.5114,-10.8593 -174.4596,-10.8137 -174.4075,-10.7677 -174.3553,-10.7218 -174.3034,-10.676 -174.2506,-10.6294 -174.1454,-10.5365 -174.0924,-10.4896 -173.9876,-10.397 -173.9199,-10.337 -173.8573,-10.2817 -173.7813,-10.2142 -173.7295,-10.1683 -173.6778,-10.1225 -173.6256,-10.0761 -173.5737,-10.03 -173.511,-9.9743 -173.293,-9.7806 -173.0753,-9.5868 -172.8578,-9.3929 -172.6406,-9.1989 -172.4236,-9.0047 -172.2069,-8.8104 -171.9904,-8.6159 -171.7741,-8.4214 -171.558,-8.2267 -171.3421,-8.0319 -171.1265,-7.837 -170.911,-7.642 -170.6958,-7.4469 -170.4807,-7.2516 -170.2658,-7.0563 -170.0511,-6.8609 -169.8366,-6.6654 -169.6222,-6.4698 -169.4081,-6.2741 -169.194,-6.0783 -168.9802,-5.8824 -168.7664,-5.6864 -168.5529,-5.4904 -168.3394,-5.2943 -168.1261,-5.0981 -167.9833,-4.9667 -167.773,-4.7674 -167.6667,-4.6667 -167.4561,-4.4678 -167.3667,-4.3833 -167.1502,-4.1909 -167.0667,-4.1167 -166.8554,-3.9187 -166.8,-3.8667 -166.5842,-3.6736 -166.4833,-3.5833 -166.2732,-3.3843 -166.1667,-3.2833 -165.9565,-3.0844 -165.7465,-2.8854 -165.5365,-2.6863 -165.5333,-2.6833 -165.3183,-2.4898 -165.2,-2.3833 -165.1,-2.2917 -165.0,-2.2 -164.8833,-2.0833 -164.6678,-1.8905 -164.5667,-1.8 -164.3567,-1.6011 -164.25,-1.5 -164.0386,-1.3027 -164.0,-1.2667 -163.9333,-1.2 -163.7184,-1.0066 -163.6,-0.9 -163.3901,-0.7011 -163.2833,-0.6 -163.0734,-0.4011 -162.9667,-0.3 -162.7517,-0.1066 -162.6333,0.0 -162.4231,0.1985 -162.3333,0.2833 -162.1178,0.4761 -162.0167,0.5667 -161.8122,0.7711 -161.7167,0.8667 -161.5012,1.0595 -161.4,1.15 -161.1898,1.3486 -161.1,1.4333 -160.8901,1.6322 -160.7833,1.7333 -160.5678,1.9262 -160.4667,2.0167 -160.2564,2.2153 -160.1667,2.3 -159.9564,2.4986 -159.8667,2.5833 -159.6539,2.7794 -159.4411,2.9754 -159.2333,3.1667 -159.0233,3.3657 -158.9167,3.4667 -158.701,3.6597 -158.6,3.75 -158.3899,3.9491 -158.2833,4.05 -158.0732,4.2492 -157.9667,4.35 -157.7514,4.5438 -157.6333,4.65 -157.4227,4.8489 -157.3333,4.9333 -157.2,5.05 -157.1704,5.0778 -157.1259,5.1167 -157.0667,5.1667 -156.856,5.3657 -156.7667,5.45 -156.7167,5.5 -156.5023,5.6952 -156.2878,5.8903 -156.0732,6.0854 -155.8584,6.2803 -155.8,6.3333 -155.5894,6.5329 -155.4833,6.6333 -155.2622,6.8214 -155.15,6.9167 -154.9368,7.1137 -154.7234,7.3107 -154.5099,7.5076 -154.5,7.5167 -154.2891,7.7165 -154.1833,7.8167 -153.9673,8.0112 -153.85,8.1167 -153.8167,8.1333 -153.5993,8.3266 -153.5167,8.4 -153.3056,8.6001 -153.2,8.7 -152.9837,8.8947 -152.8667,9.0 -152.6497,9.1942 -152.55,9.2833 -152.328,9.4721 -152.2167,9.5667 -151.9995,9.761 -151.9,9.85 -151.9,9.85 -151.6834,10.0452 -151.4666,10.2403 -151.2495,10.4352 -151.0322,10.63 -150.9167,10.7333 -150.6969,10.9258 -150.4769,11.118 -150.2566,11.3101 -150.036,11.5021 -150.0,11.5333 -149.9167,11.6 -149.6976,11.7939 -149.4782,11.9876 -149.2585,12.1811 -149.0385,12.3745 -148.9333,12.4667 -148.7103,12.657 -148.487,12.8472 -148.2634,13.0372 -148.0394,13.227 -147.9333,13.3167 -147.7099,13.5074 -147.4862,13.698 -147.2621,13.8884 -147.0376,14.0785 -146.9333,14.1667 -146.7068,14.3548 -146.4798,14.5427 -146.2524,14.7304 -146.0667,14.8833 -145.8404,15.0726 -145.6137,15.2616 -145.3865,15.4504 -145.159,15.639 -144.9311,15.8273 -144.8833,15.8667 -144.6554,16.0553 -144.4269,16.2436 -144.1981,16.4317 -143.9688,16.6196 -143.85,16.7167 -143.6176,16.9014 -143.3848,17.0859 -143.1515,17.2701 -142.9177,17.454 -142.8167,17.5333 -142.5841,17.719 -142.3511,17.9045 -142.1176,18.0897 -141.8836,18.2746 -141.7667,18.3667 -141.5335,18.5529 -141.2998,18.7389 -141.0656,18.9246 -140.8309,19.11 -140.7167,19.2 -140.4789,19.3824 -140.2407,19.5644 -140.0018,19.7462 -139.7625,19.9276 -139.6667,20.0 -139.4248,20.1789 -139.1823,20.3575 -138.9393,20.5357 -138.6958,20.7136 -138.6,20.7833 -138.3594,20.9651 -138.1181,21.1466 -137.8763,21.3278 -137.6339,21.5085 -137.5333,21.5833 -137.2871,21.7601 -137.0402,21.9365 -136.7928,22.1125 -136.5447,22.2881 -136.4333,22.3667 -136.1849,22.5424 -135.9358,22.7178 -135.6861,22.8927 -135.4357,23.0673 -135.3167,23.15 -135.0673,23.3264 -134.8173,23.5024 -134.5667,23.678 -134.3153,23.8532 -134.2,23.9333 -133.9471,24.1072 -133.6934,24.2807 -133.4391,24.4537 -133.1841,24.6263 -133.05,24.7167 -132.793,24.8875 -132.5353,25.0579 -132.2769,25.2278 -132.1667,25.3 -131.9065,25.4684 -131.8833,25.4833 -131.6239,25.6531 -131.3637,25.8224 -131.1027,25.9913 -130.841,26.1597 -130.7,26.25 -130.4363,26.4165 -130.1718,26.5826 -129.9065,26.7482 -129.6404,26.9133 -129.5,27.0 -129.2328,27.1643 -128.9647,27.3281 -128.6959,27.4914 -128.4263,27.6541 -128.2667,27.75 -127.9959,27.9122 -127.7244,28.0738 -127.4521,28.2349 -127.1789,28.3954 -127.0,28.5 -126.7269,28.6615 -126.4529,28.8225 -126.1782,28.9829 -125.9025,29.1428 -125.7167,29.25 -125.4382,29.4071 -125.1589,29.5636 -124.8787,29.7195 -124.5976,29.8748 -124.4,29.9833 -124.117,30.137 -123.8331,30.29 -123.5483,30.4425 -123.2627,30.5943 -122.9761,30.7455 -122.9739,30.7467 -122.8264,30.8239 -122.6878,30.9089 -122.5494,30.9914 -122.4617,31.0436 -122.3368,31.1176 -122.2601,31.1629 -122.162,31.2207 -122.0899,31.2631 -122.0137,31.3078 -121.9454,31.3478 -121.8748,31.3891 -121.8027,31.4312 -121.7235,31.4773 -121.6523,31.5188 -121.5807,31.5602 -121.5089,31.6019 -121.4124,31.6577 -121.3402,31.6993 -121.2673,31.7413 -121.202,31.7788 -121.1344,31.8176 -121.0664,31.8565 -120.9976,31.8959 -120.9299,31.9346 -120.8662,31.9708 -120.797,32.0101 -120.7307,32.0478 -120.6693,32.0825 -120.6046,32.1191 -120.5392,32.1561 -120.4744,32.1926 -120.4097,32.2291 -120.3452,32.2653 -120.2769,32.3037 -120.2125,32.3397 -120.1489,32.3752 -120.083,32.412 -120.0181,32.4482 -119.952,32.4849 -119.8846,32.5224 -119.8228,32.5566 -119.7594,32.5916 -119.6972,32.626 -119.6325,32.6617 -119.5671,32.6977 -119.5063,32.731 -119.442,32.7664 -119.3855,32.7973 -119.3245,32.8306 -119.2654,32.8629 -119.2077,32.8943 -119.1504,32.9256 -119.0904,32.9581 -119.0348,32.9884 -118.9799,33.0181 -118.9226,33.049 -118.8694,33.0777 -118.8132,33.1082 -118.759,33.1374 -118.7056,33.1662 -118.6788,33.1819 -118.6453,33.2037 -118.6051,33.2316 -118.5599,33.2634 -118.5122,33.2972 -118.4891,33.3131 -118.4715,33.3244 -118.4595,33.3311 -118.4497,33.335 -118.4392,33.3377 -118.428,33.3394 -118.4091,33.3397 -118.3757,33.3382 -118.3277,33.335 -118.2686,33.3322 -118.2094,33.3291 -118.1492,33.3257 -118.1268,33.3263 -118.1095,33.328 -118.0971,33.3307 -118.0855,33.3363 -118.0703,33.3464 -118.0514,33.3612 -118.033,33.377 -118.0192,33.3902 -118.0099,33.4008 -118.0039,33.4099 -117.9999,33.4183 -117.998,33.4262 -117.9976,33.4395 -117.9986,33.4644 -118.001,33.5008 -118.0033,33.5471 -118.0053,33.5904 -118.0068,33.6158 -118.0087,33.6361 -118.0111,33.6511 -118.0148,33.6657 -118.0206,33.6844 -118.0285,33.7072 -118.0403,33.7415 -118.0461,33.7596 -118.0497,33.773 -118.0511,33.7815 -118.0506,33.7895 -118.0488,33.8014 -118.0454,33.8172 -118.0383,33.8459 -118.0352,33.8599 -118.0336,33.8704 -118.0335,33.8773 -118.0349,33.883 -118.0378,33.8901 -118.0422,33.8985 -118.046,33.9048 -118.0592,33.9258 -118.0652,33.9347 -118.0706,33.9414 -118.0756,33.946 -118.0808,33.9494 -118.0872,33.9526 -118.0949,33.9557 -118.1029,33.9582 -118.1105,33.9601 -118.1176,33.9614 -118.1257,33.9619 -118.1364,33.9618 -118.1496,33.9611 -118.1814,33.9579 -118.2076,33.9552 -118.2237,33.9536 -118.2401,33.9519 -118.2554,33.9504 -118.2711,33.9488 -118.2866,33.9472 -118.2998,33.9459 -118.3113,33.9447 -118.3242,33.9434 -118.3365,33.9421 -118.3495,33.9408 -118.3611,33.9396 -118.3734,33.9384 -118.3862,33.937</coordinates>
        </LineString>
      </Placemark>
      <Placemark>
        <name>Los Angeles International Airport to Seaside on the Pier (car)</name>
        <description>&lt;b&gt;Mode:&lt;/b&gt; car</description>
        <Style>
          <LineStyle>
            <color>ff2f2fd3</color>
            <width>3</width>
          </LineStyle>
        </Style>
        <LineString>
          <coordinates>-118.408227,33.943766 -118.408081,33.942776 -118.408044,33.942671 -118.407951,33.942557 -118.407825,33.942474 -118.407678,33.942429 -118.40754,33.942424 -118.407165,33.942461 -118.406304,33.942544 -118.405101,33.942661 -118.404987,33.94267 -118.40405,33.942771 -118.402897,33.942892 -118.401476,33.943041 -118.400578,33.943133 -118.399567,33.943234 -118.39876,33.943316 -118.398295,33.943364 -118.398192,33.943377 -118.39787,33.943443 -118.397847,33.943454 -118.397833,33.943468 -118.397843,33.943524 -118.397848,33.943553 -118.397859,33.943629 -118.397856,33.94366 -118.397843,33.943699 -118.397773,33.943746 -118.397698,33.943801 -118.397583,33.943895 -118.397531,33.94394 -118.397435,33.944028 -118.397358,33.944094 -118.397264,33.94417 -118.397195,33.944219 -118.397129,33.944259 -118.397055,33.944294 -118.396977,33.944322 -118.396868,33.944351 -118.396523,33.944414 -118.395843,33.944518 -118.395718,33.944521 -118.395588,33.944503 -118.395519,33.944491 -118.395458,33.94447 -118.395371,33.944418 -118.395298,33.944358 -118.395254,33.944299 -118.395227,33.944235 -118.395216,33.944176 -118.395219,33.944114 -118.395248,33.944037 -118.395279,33.943988 -118.395363,33.943906 -118.395422,33.943867 -118.395494,33.943833 -118.395555,33.943816 -118.395606,33.943808 -118.395672,33.943805 -118.39574,33.943814 -118.395833,33.943844 -118.395886,33.943873 -118.395927,33.943902 -118.395987,33.943986 -118.396031,33.9441 -118.396122,33.944336 -118.39612,33.94493 -118.396119,33.94542 -118.396119,33.945529 -118.396119,33.945653 -118.396119,33.945777 -118.396125,33.947335 -118.396126,33.947734 -118.396128,33.948355 -118.39613,33.94905 -118.396138,33.951308 -118.396177,33.951394 -118.396199,33.951605 -118.39623,33.951748 -118.396329,33.952 -118.396454,33.952202 -118.396553,33.952316 -118.39678,33.952537 -118.397041,33.952764 -118.397229,33.952893 -118.397425,33.952998 -118.397564,33.953063 -118.397649,33.9531 -118.397901,33.95319 -118.398061,33.953232 -118.398169,33.95326 -118.398429,33.953302 -118.39868,33.953322 -118.398965,33.953322 -118.40609,33.953326 -118.407737,33.95333 -118.409759,33.953308 -118.410157,33.953326 -118.410448,33.953359 -118.410526,33.953368 -118.410876,33.953428 -118.41121,33.953494 -118.411547,33.953576 -118.411875,33.953673 -118.412226,33.953798 -118.412576,33.953941 -118.412887,33.954089 -118.413187,33.95425 -118.413474,33.954424 -118.413731,33.954595 -118.414041,33.954817 -118.414415,33.955138 -118.41503,33.955729 -118.415523,33.956192 -118.41586,33.956506 -118.415878,33.956523 -118.415944,33.956584 -118.416034,33.956674 -118.416622,33.957263 -118.416869,33.957502 -118.417173,33.957779 -118.417196,33.957799 -118.41732,33.957912 -118.417361,33.957953 -118.418042,33.958638 -118.418268,33.958873 -118.418514,33.95909 -118.418715,33.959282 -118.41883,33.959393 -118.419037,33.959591 -118.41909,33.959629 -118.41912,33.959654 -118.41924,33.959736 -118.419324,33.959845 -118.419408,33.959947 -118.419429,33.959974 -118.419661,33.960254 -118.419702,33.960303 -118.419779,33.960392 -118.419856,33.960479 -118.420012,33.960658 -118.420313,33.961011 -118.420694,33.961477 -118.420755,33.961551 -118.420819,33.961624 -118.421017,33.961857 -118.421176,33.962041 -118.421352,33.962244 -118.421414,33.962315 -118.421677,33.962654 -118.421738,33.962734 -118.421813,33.962818 -118.421953,33.962991 -118.422127,33.963199 -118.422168,33.963247 -118.422725,33.96391 -118.423132,33.964393 -118.423139,33.964536 -118.423338,33.964787 -118.423519,33.964954 -118.423684,33.965087 -118.4239,33.965231 -118.424021,33.965292 -118.424323,33.965425 -118.424551,33.965503 -118.424619,33.965523 -118.424732,33.965551 -118.424885,33.965591 -118.425225,33.965672 -118.425497,33.965761 -118.425994,33.965992 -118.426255,33.966154 -118.426488,33.966334 -118.426724,33.966562 -118.426906,33.966778 -118.427089,33.967097 -118.427364,33.967528 -118.427413,33.967605 -118.427476,33.967711 -118.427522,33.967785 -118.429057,33.970253 -118.429766,33.971415 -118.430077,33.971929 -118.430101,33.971969 -118.430237,33.972014 -118.430305,33.97212 -118.430378,33.972232 -118.430396,33.972261 -118.430738,33.97279 -118.430762,33.972827 -118.43075,33.973053 -118.431285,33.973673 -118.431438,33.97374 -118.431957,33.974507 -118.431987,33.974553 -118.432028,33.974619 -118.432544,33.97541 -118.432587,33.975469 -118.432628,33.975525 -118.432754,33.975673 -118.432861,33.975789 -118.43295,33.97589 -118.432974,33.975917 -118.433098,33.976041 -118.433339,33.976254 -118.433502,33.976396 -118.433709,33.976568 -118.433948,33.976743 -118.434925,33.977386 -118.435416,33.977709 -118.435612,33.977838 -118.435832,33.977983 -118.435961,33.978074 -118.436064,33.978148 -118.436455,33.978415 -118.436575,33.978498 -118.436621,33.978643 -118.436718,33.978712 -118.436737,33.978726 -118.436894,33.978839 -118.437009,33.978924 -118.437625,33.979407 -118.43795,33.979667 -118.438152,33.979828 -118.438244,33.979905 -118.438364,33.980005 -118.438391,33.980026 -118.438425,33.980055 -118.43855,33.980158 -118.438648,33.980239 -118.438862,33.980457 -118.438879,33.980473 -118.438982,33.980576 -118.439097,33.980679 -118.439221,33.98079 -118.43941,33.980972 -118.43969,33.98125 -118.440184,33.981744 -118.440235,33.981792 -118.44069,33.982292 -118.440809,33.982427 -118.440818,33.982438 -118.440886,33.982515 -118.441225,33.982904 -118.441607,33.98338 -118.441705,33.983493 -118.441834,33.983656 -118.442056,33.983948 -118.442452,33.98446 -118.442513,33.984537 -118.442604,33.98465 -118.44274,33.984828 -118.443041,33.985219 -118.443212,33.985264 -118.443238,33.985298 -118.443351,33.985481 -118.443405,33.98556 -118.443475,33.985661 -118.443538,33.985745 -118.443773,33.986056 -118.443979,33.986321 -118.444095,33.98646 -118.444245,33.986648 -118.444552,33.987 -118.444647,33.987104 -118.444751,33.987213 -118.445034,33.98752 -118.445552,33.988085 -118.44565,33.988192 -118.445744,33.988292 -118.44601,33.988585 -118.446112,33.988697 -118.446432,33.989049 -118.446457,33.989076 -118.446541,33.989168 -118.446706,33.98935 -118.446818,33.989474 -118.446848,33.989507 -118.446932,33.989598 -118.447075,33.989735 -118.447596,33.990233 -118.447716,33.990346 -118.447782,33.990412 -118.447825,33.990452 -118.447902,33.990547 -118.448119,33.990819 -118.448175,33.990892 -118.448293,33.991039 -118.448467,33.991254 -118.448677,33.991516 -118.44899,33.991892 -118.449052,33.991955 -118.449143,33.992049 -118.449316,33.992223 -118.449464,33.992343 -118.449694,33.992512 -118.449709,33.992523 -118.44989,33.992646 -118.450053,33.992743 -118.450171,33.992814 -118.450219,33.992838 -118.450292,33.992873 -118.450514,33.992979 -118.450836,33.993135 -118.45107,33.993248 -118.451221,33.993321 -118.45143,33.993424 -118.451709,33.993559 -118.451837,33.993622 -118.451976,33.993687 -118.452141,33.993772 -118.452212,33.993808 -118.45235,33.993879 -118.452482,33.993949 -118.452527,33.993973 -118.452627,33.99402 -118.452831,33.994113 -118.452939,33.994164 -118.452971,33.99418 -118.453179,33.994277 -118.453345,33.994356 -118.453485,33.994422 -118.453655,33.994502 -118.453748,33.994545 -118.454093,33.994711 -118.454115,33.994721 -118.454354,33.994831 -118.45448,33.994889 -118.45454,33.994918 -118.45482,33.995059 -118.45487,33.995084 -118.45495,33.995122 -118.45508,33.995185 -118.45525,33.995267 -118.455278,33.99528 -118.455505,33.995391 -118.455623,33.995447 -118.455962,33.995616 -118.456007,33.995637 -118.456045,33.995656 -118.456308,33.995778 -118.456395,33.995817 -118.45648,33.995857 -118.456644,33.995933 -118.456832,33.996025 -118.456963,33.99609 -118.457024,33.99612 -118.457286,33.996244 -118.457398,33.996297 -118.457436,33.996315 -118.457522,33.996356 -118.457628,33.996407 -118.457689,33.996436 -118.457729,33.996456 -118.457776,33.996478 -118.457894,33.996534 -118.45795,33.996563 -118.458256,33.996711 -118.458522,33.996836 -118.458563,33.996855 -118.458709,33.996923 -118.458821,33.996977 -118.458942,33.997035 -118.458978,33.997052 -118.459031,33.997077 -118.459211,33.99717 -118.459304,33.997215 -118.459361,33.997242 -118.45941,33.997267 -118.459504,33.997312 -118.459692,33.997403 -118.459716,33.997415 -118.459995,33.99755 -118.460062,33.997584 -118.460368,33.997733 -118.460516,33.997805 -118.460776,33.99793 -118.460874,33.997976 -118.461023,33.998047 -118.46121,33.998133 -118.461315,33.998182 -118.461353,33.9982 -118.461494,33.998266 -118.46179,33.998411 -118.462037,33.998536 -118.462257,33.99864 -118.462474,33.998743 -118.462654,33.998832 -118.462806,33.99891 -118.463033,33.999019 -118.46321,33.999106 -118.463418,33.999209 -118.463597,33.999298 -118.463949,33.999464 -118.464035,33.999504 -118.464118,33.999542 -118.464373,33.999661 -118.464422,33.999684 -118.464524,33.999732 -118.464711,33.999819 -118.464908,33.999909 -118.464999,33.999953 -118.465087,33.999996 -118.465106,34.000004 -118.465339,34.000116 -118.465357,34.000125 -118.465519,34.000208 -118.465854,34.000371 -118.466008,34.000445 -118.466129,34.000505 -118.466235,34.000556 -118.466714,34.000791 -118.467153,34.001016 -118.467193,34.001036 -118.467294,34.001085 -118.467334,34.001104 -118.467542,34.001197 -118.467748,34.001299 -118.467895,34.001356 -118.468029,34.001416 -118.468234,34.001512 -118.468443,34.001616 -118.468703,34.001741 -118.468793,34.001787 -118.469117,34.001943 -118.469294,34.002027 -118.469441,34.002101 -118.469684,34.002222 -118.469769,34.002263 -118.470118,34.002444 -118.470187,34.002479 -118.470215,34.002494 -118.470524,34.002681 -118.47074,34.002821 -118.470819,34.00287 -118.470866,34.0029 -118.470907,34.002928 -118.471096,34.003053 -118.471161,34.003095 -118.471225,34.003143 -118.4714,34.003272 -118.471546,34.003378 -118.471729,34.003516 -118.472031,34.003727 -118.472093,34.003773 -118.472577,34.004131 -118.472722,34.004234 -118.472876,34.004348 -118.472887,34.004357 -118.473284,34.004651 -118.473424,34.004754 -118.473524,34.004828 -118.473596,34.004879 -118.473663,34.004931 -118.473757,34.005003 -118.473844,34.005062 -118.473973,34.005156 -118.474124,34.005267 -118.474378,34.005451 -118.474448,34.005502 -118.474577,34.005597 -118.474731,34.005712 -118.474808,34.005764 -118.474883,34.00582 -118.474995,34.005905 -118.475025,34.005928 -118.475138,34.006012 -118.475236,34.006086 -118.475432,34.006243 -118.475642,34.006405 -118.475738,34.006478 -118.475913,34.006614 -118.475932,34.006629 -118.47603,34.006706 -118.476264,34.006884 -118.476341,34.006948 -118.476437,34.007026 -118.476532,34.0071 -118.476663,34.007202 -118.476776,34.00729 -118.477179,34.007598 -118.477786,34.008087 -118.477986,34.008248 -118.478118,34.008356 -118.478487,34.008655 -118.478797,34.008903 -118.479198,34.009223 -118.479507,34.009474 -118.4796,34.009548 -118.479685,34.009615 -118.479784,34.009688 -118.479928,34.009807 -118.480096,34.009945 -118.480157,34.009994 -118.480451,34.010231 -118.48063,34.010374 -118.481202,34.010821 -118.481288,34.010889 -118.481364,34.01095 -118.481428,34.011005 -118.481565,34.011122 -118.48176,34.011287 -118.482048,34.011521 -118.482096,34.011562 -118.482194,34.011643 -118.482334,34.011762 -118.482426,34.011841 -118.48251,34.011911 -118.482657,34.012036 -118.482875,34.012226 -118.482984,34.012317 -118.483157,34.012263 -118.483285,34.012195 -118.483461,34.012102 -118.483592,34.012033 -118.484059,34.011789 -118.484093,34.011772 -118.484163,34.011734 -118.484202,34.011713 -118.484246,34.011689 -118.484294,34.011664 -118.485016,34.01128 -118.485051,34.011261 -118.4852,34.011171 -118.485233,34.01115 -118.485332,34.011081 -118.485499,34.010964 -118.485591,34.010897 -118.485873,34.010685 -118.48694,34.009943 -118.487186,34.009767 -118.487214,34.009736 -118.487286,34.009648 -118.487398,34.009563 -118.487475,34.00951 -118.48784,34.009254 -118.487953,34.009176 -118.48812,34.009064 -118.488175,34.009028 -118.488242,34.008984 -118.488307,34.008939 -118.488338,34.008916 -118.488506,34.008805 -118.489048,34.008427 -118.48929,34.008259 -118.489382,34.008194 -118.4896,34.008046 -118.489702,34.007978 -118.48981,34.007895 -118.490192,34.007624 -118.490212,34.00761 -118.490337,34.00752 -118.490487,34.007422 -118.490515,34.007403 -118.490688,34.007288 -118.490713,34.007272 -118.490802,34.007264 -118.491002,34.007128 -118.491246,34.006962 -118.491269,34.006896 -118.491393,34.006809 -118.491457,34.006873 -118.491592,34.007003 -118.491724,34.007125 -118.491892,34.007286 -118.49192,34.007312 -118.491952,34.007343 -118.492179,34.007559 -118.492539,34.007901 -118.492568,34.007929 -118.493092,34.008428 -118.493121,34.008457 -118.493399,34.008721 -118.493494,34.008811 -118.493717,34.009024 -118.493947,34.009243 -118.49415,34.009436 -118.494342,34.009619 -118.494375,34.00965 -118.494524,34.009792 -118.494549,34.009816 -118.494595,34.009859 -118.494638,34.009902 -118.494695,34.009959 -118.49493,34.010187 -118.495145,34.010386 -118.495474,34.010681 -118.495694,34.010861 -118.495727,34.010877 -118.495769,34.010881 -118.495811,34.010878 -118.495899,34.010851 -118.496138,34.010655 -118.496613,34.010276 -118.496663,34.010243 -118.496692,34.010227</coordinates>
        </LineString>
      </Placemark>
      <Placemark>
        <name>Seaside on the Pier to Los Angeles International Airport (car)</name>
        <description>&lt;b&gt;Mode:&lt;/b&gt; car</description>
        <Style>
          <LineStyle>
            <color>ff2f2fd3</color>
            <width>3</width>
          </LineStyle>
        </Style>
        <LineString>
          <coordinates>-118.496692,34.010227 -118.496663,34.010243 -118.496747,34.010314 -118.497343,34.010867 -118.497859,34.011346 -118.49771,34.011457 -118.497565,34.011569 -118.497418,34.011682 -118.497321,34.011756 -118.497231,34.011825 -118.497992,34.012538 -118.497881,34.012625 -118.497814,34.012677 -118.497739,34.012736 -118.497523,34.012531 -118.497169,34.012229 -118.496824,34.011942 -118.496751,34.011886 -118.496618,34.01179 -118.496511,34.011723 -118.496392,34.011655 -118.496296,34.011608 -118.496187,34.01156 -118.496078,34.011516 -118.495949,34.011475 -118.495854,34.011446 -118.495747,34.011418 -118.495671,34.011402 -118.495594,34.011387 -118.49548,34.011372 -118.495376,34.011361 -118.495298,34.011353 -118.495234,34.011349 -118.495123,34.011344 -118.495005,34.011342 -118.494913,34.011341 -118.494841,34.011342 -118.494779,34.011346 -118.494721,34.011352 -118.494629,34.011366 -118.494546,34.01138 -118.49436,34.011421 -118.494197,34.011465 -118.494035,34.011519 -118.493873,34.011585 -118.493731,34.011659 -118.493587,34.011748 -118.493184,34.012008 -118.493035,34.012094 -118.492824,34.012199 -118.492647,34.012273 -118.492484,34.012331 -118.492333,34.012374 -118.492178,34.012411 -118.492092,34.012425 -118.492046,34.012434 -118.491889,34.012451 -118.491716,34.012466 -118.491693,34.012466 -118.491575,34.012469 -118.491192,34.012472 -118.490417,34.012491 -118.490197,34.012462 -118.490016,34.012474 -118.489757,34.012511 -118.489457,34.012576 -118.489194,34.012641 -118.488746,34.012807 -118.488494,34.01292 -118.488318,34.013006 -118.488002,34.013193 -118.487341,34.013598 -118.487058,34.013751 -118.486534,34.014064 -118.486183,34.014255 -118.486058,34.014313 -118.48593,34.014373 -118.485739,34.014458 -118.485712,34.01447 -118.485646,34.014502 -118.485576,34.014441 -118.485495,34.014368 -118.485307,34.014218 -118.485237,34.014163 -118.485175,34.014121 -118.485084,34.014078 -118.485036,34.01407 -118.484828,34.013881 -118.484766,34.01383 -118.484698,34.013772 -118.484572,34.013664 -118.48436,34.013482 -118.484299,34.013429 -118.483617,34.012846 -118.483567,34.012803 -118.483437,34.012695 -118.483224,34.012517 -118.483131,34.012439 -118.483067,34.012382 -118.482984,34.012317 -118.482875,34.012226 -118.482657,34.012036 -118.48251,34.011911 -118.482426,34.011841 -118.482334,34.011762 -118.482194,34.011643 -118.482096,34.011562 -118.482048,34.011521 -118.48176,34.011287 -118.481565,34.011122 -118.481428,34.011005 -118.481364,34.01095 -118.481288,34.010889 -118.481202,34.010821 -118.48063,34.010374 -118.480451,34.010231 -118.480157,34.009994 -118.480096,34.009945 -118.479928,34.009807 -118.479784,34.009688 -118.479685,34.009615 -118.4796,34.009548 -118.479507,34.009474 -118.479198,34.009223 -118.478797,34.008903 -118.478487,34.008655 -118.478118,34.008356 -118.477986,34.008248 -118.477786,34.008087 -118.477179,34.007598 -118.476776,34.00729 -118.476663,34.007202 -118.476532,34.0071 -118.476437,34.007026 -118.476341,34.006948 -118.476264,34.006884 -118.47603,34.006706 -118.475932,34.006629 -118.475913,34.006614 -118.475738,34.006478 -118.475642,34.006405 -118.475432,34.006243 -118.475236,34.006086 -118.475138,34.006012 -118.475025,34.005928 -118.474995,34.005905 -118.474883,34.00582 -118.474808,34.005764 -118.474731,34.005712 -118.474577,34.005597 -118.474448,34.005502 -118.474378,34.005451 -118.474124,34.005267 -118.473973,34.005156 -118.473844,34.005062 -118.473757,34.005003 -118.473663,34.004931 -118.473596,34.004879 -118.473524,34.004828 -118.473424,34.004754 -118.473284,34.004651 -118.472887,34.004357 -118.472876,34.004348 -118.472722,34.004234 -118.472577,34.004131 -118.472093,34.003773 -118.472031,34.003727 -118.471729,34.003516 -118.471546,34.003378 -118.4714,34.003272 -118.471225,34.003143 -118.471161,34.003095 -118.471096,34.003053 -118.470907,34.002928 -118.470866,34.0029 -118.470819,34.00287 -118.47074,34.002821 -118.470524,34.002681 -118.470215,34.002494 -118.470187,34.002479 -118.470118,34.002444 -118.469769,34.002263 -118.469684,34.002222 -118.469441,34.002101 -118.469294,34.002027 -118.469117,34.001943 -118.468793,34.001787 -118.468703,34.001741 -118.468443,34.001616 -118.468234,34.001512 -118.468029,34.001416 -118.467895,34.001356 -118.467748,34.001299 -118.467542,34.001197 -118.467334,34.001104 -118.467294,34.001085 -118.467193,34.001036 -118.467153,34.001016 -118.466714,34.000791 -118.466235,34.000556 -118.466129,34.000505 -118.466008,34.000445 -118.465854,34.000371 -118.465519,34.000208 -118.465357,34.000125 -118.465339,34.000116 -118.465106,34.000004 -118.465087,33.999996 -118.464999,33.999953 -118.464908,33.999909 -118.464711,33.999819 -118.464524,33.999732 -118.464422,33.999684 -118.464373,33.999661 -118.464118,33.999542 -118.464035,33.999504 -118.463949,33.999464 -118.463597,33.999298 -118.463418,33.999209 -118.46321,33.999106 -118.463033,33.999019 -118.462806,33.99891 -118.462654,33.998832 -118.462474,33.998743 -118.462257,33.99864 -118.462037,33.998536 -118.46179,33.998411 -118.461494,33.998266 -118.461353,33.9982 -118.461315,33.998182 -118.46121,33.998133 -118.461023,33.998047 -118.460874,33.997976 -118.460776,33.99793 -118.460516,33.997805 -118.460368,33.997733 -118.460062,33.997584 -118.459995,33.99755 -118.459716,33.997415 -118.459692,33.997403 -118.459504,33.997312 -118.45941,33.997267 -118.459361,33.997242 -118.459304,33.997215 -118.459211,33.99717 -118.459031,33.997077 -118.458978,33.997052 -118.458942,33.997035 -118.458821,33.996977 -118.458709,33.996923 -118.458563,33.996855 -118.458522,33.996836 -118.458256,33.996711 -118.45795,33.996563 -118.457894,33.996534 -118.457776,33.996478 -118.457729,33.996456 -118.457689,33.996436 -118.457628,33.996407 -118.457522,33.996356 -118.457436,33.996315 -118.457398,33.996297 -118.457286,33.996244 -118.457024,33.99612 -118.456963,33.99609 -118.456832,33.996025 -118.456644,33.995933 -118.45648,33.995857 -118.456395,33.995817 -118.456308,33.995778 -118.456045,33.995656 -118.456007,33.995637 -118.455962,33.995616 -118.455623,33.995447 -118.455505,33.995391 -118.455278,33.99528 -118.45525,33.995267 -118.45508,33.995185 -118.45495,33.995122 -118.45487,33.995084 -118.45482,33.995059 -118.45454,33.994918 -118.45448,33.994889 -118.454354,33.994831 -118.454115,33.994721 -118.454093,33.994711 -118.453748,33.994545 -118.453655,33.994502 -118.453485,33.994422 -118.453345,33.994356 -118.453179,33.994277 -118.452971,33.99418 -118.452939,33.994164 -118.452831,33.994113 -118.452627,33.99402 -118.452527,33.993973 -118.452482,33.993949 -118.45235,33.993879 -118.452212,33.993808 -118.452141,33.993772 -118.451976,33.993687 -118.451837,33.993622 -118.451709,33.993559 -118.45143,33.993424 -118.451221,33.993321 -118.45107,33.993248 -118.450836,33.993135 -118.450514,33.992979 -118.450292,33.992873 -118.450219,33.992838 -118.450171,33.992814 -118.450053,33.992743 -118.44989,33.992646 -118.449709,33.992523 -118.449694,33.992512 -118.449464,33.992343 -118.449316,33.992223 -118.449143,33.992049 -118.449052,33.991955 -118.44899,33.991892 -118.448677,33.991516 -118.448467,33.991254 -118.448293,33.991039 -118.448175,33.990892 -118.448119,33.990819 -118.447902,33.990547 -118.447825,33.990452 -118.447782,33.990412 -118.447716,33.990346 -118.447596,33.990233 -118.447075,33.989735 -118.446932,33.989598 -118.446848,33.989507 -118.446818,33.989474 -118.446706,33.98935 -118.446541,33.989168 -118.446457,33.989076 -118.446432,33.989049 -118.446112,33.988697 -118.44601,33.988585 -118.445744,33.988292 -118.44565,33.988192 -118.445552,33.988085 -118.445034,33.98752 -118.444751,33.987213 -118.444647,33.987104 -118.444552,33.987 -118.444245,33.986648 -118.444095,33.98646 -118.443979,33.986321 -118.443773,33.986056 -118.443538,33.985745 -118.443475,33.985661 -118.443405,33.98556 -118.443351,33.985481 -118.443238,33.985298 -118.443212,33.985264 -118.443218,33.985142 -118.442987,33.984861 -118.442753,33.984571 -118.442675,33.98448 -118.442512,33.984282 -118.442147,33.983824 -118.441952,33.983539 -118.441718,33.983228 -118.441537,33.982996 -118.441172,33.982564 -118.441159,33.982549 -118.441053,33.982424 -118.440994,33.982359 -118.440969,33.982331 -118.440858,33.982203 -118.440788,33.982122 -118.44072,33.982045 -118.440287,33.981595 -118.440206,33.981511 -118.439893,33.981201 -118.439578,33.980888 -118.439251,33.980574 -118.43923,33.980554 -118.439164,33.98049 -118.439081,33.98041 -118.439015,33.98035 -118.438892,33.980238 -118.438439,33.979844 -118.438137,33.979602 -118.437645,33.979207 -118.437347,33.978989 -118.437272,33.978934 -118.437056,33.978775 -118.436762,33.978563 -118.436732,33.978541 -118.436575,33.978498 -118.436455,33.978415 -118.436064,33.978148 -118.435961,33.978074 -118.435832,33.977983 -118.435612,33.977838 -118.435416,33.977709 -118.434925,33.977386 -118.433948,33.976743 -118.433709,33.976568 -118.433502,33.976396 -118.433339,33.976254 -118.433098,33.976041 -118.432974,33.975917 -118.43295,33.97589 -118.432861,33.975789 -118.432754,33.975673 -118.432628,33.975525 -118.432587,33.975469 -118.432544,33.97541 -118.432028,33.974619 -118.431987,33.974553 -118.431957,33.974507 -118.431438,33.97374 -118.431431,33.973635 -118.431387,33.973564 -118.430975,33.972968 -118.430762,33.972827 -118.430738,33.97279 -118.430396,33.972261 -118.430378,33.972232 -118.430305,33.97212 -118.430237,33.972014 -118.430284,33.971899 -118.428795,33.969437 -118.427958,33.968126 -118.427733,33.967723 -118.427722,33.967705 -118.427675,33.967622 -118.427609,33.967519 -118.42756,33.967436 -118.427164,33.966782 -118.426955,33.966512 -118.426658,33.966235 -118.426284,33.965963 -118.426063,33.96585 -118.425736,33.965677 -118.425457,33.965569 -118.425244,33.965499 -118.424995,33.965434 -118.424962,33.965426 -118.424813,33.965387 -118.424707,33.965359 -118.424618,33.965335 -118.424425,33.965275 -118.424224,33.965198 -118.424022,33.965093 -118.423837,33.964975 -118.423644,33.964828 -118.4235,33.964693 -118.423292,33.96446 -118.423132,33.964393 -118.422725,33.96391 -118.422168,33.963247 -118.422127,33.963199 -118.421953,33.962991 -118.421813,33.962818 -118.421738,33.962734 -118.421677,33.962654 -118.421414,33.962315 -118.421352,33.962244 -118.421176,33.962041 -118.421017,33.961857 -118.420819,33.961624 -118.420755,33.961551 -118.420694,33.961477 -118.420313,33.961011 -118.420012,33.960658 -118.419856,33.960479 -118.419779,33.960392 -118.419702,33.960303 -118.419661,33.960254 -118.419429,33.959974 -118.419408,33.959947 -118.419324,33.959845 -118.41924,33.959736 -118.419224,33.959652 -118.419207,33.959561 -118.418718,33.959099 -118.418697,33.959079 -118.418682,33.959065 -118.418101,33.958517 -118.4175,33.957951 -118.417453,33.957906 -118.41739,33.957846 -118.417283,33.957741 -118.416879,33.957339 -118.416513,33.956976 -118.416392,33.956857 -118.416287,33.956753 -118.416166,33.956634 -118.416143,33.956611 -118.41605,33.956519 -118.415975,33.956446 -118.415523,33.955999 -118.415446,33.955918 -118.415347,33.955817 -118.415157,33.955639 -118.414106,33.954664 -118.413848,33.954456 -118.413612,33.954297 -118.413318,33.954122 -118.41305,33.953978 -118.412671,33.953796 -118.412299,33.95364 -118.411941,33.953516 -118.4116,33.953414 -118.411261,33.953331 -118.410913,33.953262 -118.410544,33.95321 -118.410163,33.953172 -118.409783,33.953151 -118.409391,33.953144 -118.408567,33.953153 -118.407127,33.953152 -118.398958,33.953172 -118.398687,33.953165 -118.398454,33.953149 -118.398211,33.953109 -118.397964,33.953052 -118.397817,33.952999 -118.397736,33.95297 -118.397521,33.952867 -118.397346,33.952766 -118.397182,33.95265 -118.397035,33.95253 -118.396909,33.952417 -118.396797,33.952287 -118.396701,33.952165 -118.396647,33.952084 -118.396621,33.952045 -118.396527,33.951884 -118.396452,33.951717 -118.396329,33.951296 -118.396322,33.951174 -118.396315,33.949253 -118.396308,33.948956 -118.396312,33.948683 -118.396311,33.948534 -118.396311,33.948433 -118.396309,33.94813 -118.396306,33.947328 -118.396303,33.94643 -118.396302,33.946232 -118.396301,33.945616 -118.396302,33.945577 -118.396304,33.9455 -118.396424,33.945487 -118.396639,33.945464 -118.396783,33.94547 -118.397558,33.9455 -118.397757,33.945507 -118.398451,33.945514 -118.398812,33.945486 -118.399396,33.945498 -118.399494,33.9455 -118.399877,33.945506 -118.400172,33.94551 -118.400773,33.945501 -118.400957,33.94549 -118.40102,33.945487 -118.401778,33.945412 -118.403344,33.945256 -118.405022,33.94509 -118.4065,33.944943 -118.407543,33.944839 -118.407709,33.944823 -118.407913,33.944802 -118.408054,33.944764 -118.408203,33.944672 -118.408273,33.944584 -118.408327,33.944442 -118.408264,33.944018 -118.408227,33.943766</coordinates>
        </LineString>
      </Placemark>
      <Placemark>
        <name>Los Angeles International Airport to Denver International Airport (plane)</name>
        <description>&lt;b&gt;Mode:&lt;/b&gt; plane&lt;br&gt;Representative flight UAL1912 (KLAX-KDEN)</description>
        <Style>
          <LineStyle>
            <color>ff2f2fd3</color>
            <width>3</width>
          </LineStyle>
        </Style>
        <LineString>
          <coordinates>-118.4118,33.9366 -118.4268,33.9351 -118.4432,33.9335 -118.4532,33.9324 -118.4616,33.9313 -118.4684,33.9302 -118.4769,33.9283 -118.4905,33.9246 -118.5091,33.9191 -118.5318,33.9119 -118.5482,33.9064 -118.5583,33.9026 -118.5649,33.8991 -118.5708,33.8947 -118.5761,33.8893 -118.5804,33.8835 -118.5833,33.8777 -118.5849,33.8718 -118.5852,33.8658 -118.5842,33.8598 -118.5819,33.8538 -118.5782,33.8481 -118.573,33.8429 -118.5662,33.8383 -118.5585,33.8347 -118.5503,33.8325 -118.5417,33.8316 -118.5331,33.8322 -118.5249,33.8341 -118.517,33.8375 -118.5089,33.843 -118.4998,33.8516 -118.4896,33.8632 -118.4729,33.886 -118.4435,33.9154 -118.4056,33.9449 -118.3591,33.9744 -118.3089,34.0031 -118.2576,34.0323 -118.2016,34.0641 -118.1446,34.0964 -118.0857,34.1298 -118.0255,34.1636 -117.9635,34.1986 -117.9005,34.234 -117.8364,34.2698 -117.7701,34.307 -117.7062,34.3427 -117.6407,34.3807 -117.5759,34.4199 -117.511,34.4587 -117.4443,34.4984 -117.3769,34.5384 -117.309,34.5787 -117.242,34.6183 -117.1738,34.6585 -117.1053,34.6988 -117.0417,34.7372 -116.9787,34.7824 -116.9145,34.8293 -116.8526,34.8744 -116.7937,34.9173 -116.7288,34.9644 -116.6689,35.0081 -116.6063,35.0534 -116.5452,35.0976 -116.4796,35.145 -116.4161,35.1909 -116.3528,35.2365 -116.291,35.281 -116.2275,35.3264 -116.1666,35.37 -116.104,35.4147 -116.0428,35.4584 -115.9803,35.503 -115.9191,35.5465 -115.8581,35.5897 -115.7892,35.6385 -115.7281,35.6818 -115.6656,35.726 -115.6036,35.7696 -115.5425,35.8125 -115.4799,35.8563 -115.4172,35.9002 -115.3542,35.9443 -115.2942,35.9862 -115.2558,36.0118 -115.2236,36.0322 -115.1978,36.0474 -115.1748,36.0597 -115.1515,36.0713 -115.1276,36.0822 -115.0964,36.0948 -115.051,36.1112 -114.9913,36.1315 -114.9138,36.1556 -114.835,36.1798 -114.7542,36.2047 -114.6747,36.229 -114.5992,36.252 -114.5194,36.2762 -114.4436,36.2992 -114.3636,36.3235 -114.289,36.346 -114.2096,36.3699 -114.1327,36.393 -114.0545,36.4163 -113.977,36.4395 -113.9014,36.462 -113.8209,36.4858 -113.744,36.5086 -113.7117,36.5186 -113.6869,36.527 -113.6698,36.5335 -113.6567,36.5395 -113.6441,36.5461 -113.6319,36.5532 -113.6197,36.5616 -113.6069,36.5718 -113.5936,36.5839 -113.5808,36.597 -113.5698,36.6101 -113.5606,36.6234 -113.5512,36.6433 -113.5397,36.6766 -113.5261,36.7232 -113.517,36.7596 -113.5092,36.7867 -113.5026,36.8046 -113.496,36.8177 -113.4884,36.8304 -113.4797,36.8425 -113.4697,36.8542 -113.4583,36.8656 -113.4456,36.8767 -113.4316,36.8872 -113.4166,36.8968 -113.4006,36.9054 -113.3755,36.9157 -113.3332,36.9299 -113.2737,36.9482 -113.1982,36.9702 -113.1211,36.9925 -113.0416,37.0153 -112.9645,37.0373 -112.8861,37.0596 -112.8083,37.0817 -112.7273,37.1047 -112.6536,37.1254 -112.5719,37.1484 -112.4916,37.171 -112.4134,37.1928 -112.3347,37.2148 -112.2545,37.2371 -112.1762,37.2588 -112.0967,37.2807 -112.019,37.3022 -111.9414,37.3235 -111.8616,37.3454 -111.7799,37.3677 -111.698,37.39 -111.6164,37.4121 -111.5327,37.4348 -111.4506,37.4568 -111.3714,37.4781 -111.2912,37.4997 -111.2069,37.5222 -111.1197,37.5454 -111.0419,37.566 -110.9618,37.5872 -110.871,37.6112 -110.7899,37.6325 -110.7094,37.6534 -110.6269,37.6749 -110.5458,37.6961 -110.4617,37.7179 -110.3763,37.7399 -110.2974,37.7602 -110.2126,37.782 -110.1318,37.8027 -110.0499,37.8235 -109.9662,37.8447 -109.8861,37.8649 -109.803,37.8859 -109.7211,37.9065 -109.6393,37.9271 -109.5563,37.9479 -109.4749,37.9682 -109.3939,37.9883 -109.3033,38.0108 -109.2107,38.0336 -109.1633,38.0445 -109.1274,38.0517 -109.1031,38.0555 -109.0834,38.0567 -109.0614,38.0565 -109.0371,38.0549 -109.0108,38.0517 -108.9828,38.0466 -108.9533,38.0397 -108.8774,38.0176 -108.7937,37.9936 -108.7129,37.9705 -108.6301,37.947 -108.5771,37.9356 -108.524,37.9257 -108.4706,37.9173 -108.389,37.9058 -108.3099,37.8948 -108.2248,37.8828 -108.1411,37.8713 -108.0583,37.8602 -107.9794,37.8502 -107.9002,37.8398 -107.8216,37.829 -107.7435,37.819 -107.6676,37.8095 -107.5914,37.8001 -107.5161,37.7909 -107.4427,37.7818 -107.3448,37.7708 -107.2704,37.763 -107.1995,37.756 -107.1555,37.7522 -107.121,37.7503 -107.0962,37.7501 -107.0767,37.7514 -107.0585,37.7542 -107.0414,37.7583 -107.0251,37.7639 -107.0091,37.771 -106.9935,37.7798 -106.9786,37.7902 -106.9651,37.8022 -106.9528,37.8158 -106.9406,37.8356 -106.9271,37.8661 -106.9123,37.9072 -106.8926,37.9719 -106.8751,38.0298 -106.8579,38.0874 -106.8407,38.1442 -106.8219,38.2069 -106.8037,38.2672 -106.7865,38.3239 -106.769,38.3813 -106.7512,38.4406 -106.7316,38.5048 -106.7141,38.5622 -106.6944,38.6256 -106.677,38.6835 -106.6598,38.7399 -106.6496,38.7711 -106.6409,38.7945 -106.6336,38.8102 -106.6265,38.8214 -106.6184,38.8317 -106.6093,38.8411 -106.5927,38.853 -106.562,38.8713 -106.5173,38.8959 -106.4575,38.927 -106.3979,38.9577 -106.3387,38.9881 -106.2783,39.0191 -106.2202,39.0489 -106.1602,39.0795 -106.102,39.1091 -106.0405,39.1403 -105.9835,39.1692 -105.9263,39.1981 -105.871,39.2261 -105.8134,39.2552 -105.7569,39.2836 -105.6986,39.3128 -105.6535,39.3327 -105.5956,39.3536 -105.5362,39.3753 -105.4778,39.3965 -105.4455,39.4096 -105.4059,39.4279 -105.3589,39.4514 -105.307,39.4794 -105.2562,39.507 -105.2077,39.5332 -105.1586,39.5598 -105.1071,39.5874 -105.0606,39.6125 -105.012,39.6386 -104.9637,39.6643 -104.9165,39.6897 -104.8901,39.7043 -104.8712,39.7158 -104.8599,39.724 -104.8531,39.731 -104.8481,39.7385 -104.8448,39.7466 -104.8427,39.7549 -104.8414,39.7632 -104.841,39.7715 -104.8411,39.781 -104.841,39.7931 -104.841,39.8079 -104.8402,39.8507 -104.8396,39.8907 -104.8391,39.9287 -104.8381,39.9658 -104.8373,39.9977 -104.8366,40.0319 -104.8358,40.0665 -104.8349,40.1021 -104.8342,40.1374 -104.8332,40.1513 -104.8312,40.1626 -104.8283,40.1712 -104.8242,40.178 -104.8188,40.1837 -104.812,40.1882 -104.8045,40.1917 -104.7967,40.1941 -104.7886,40.1954 -104.7804,40.1959 -104.7719,40.1961 -104.7633,40.1958 -104.7549,40.1948 -104.7474,40.1926 -104.7407,40.1893 -104.7345,40.185 -104.7286,40.1795 -104.7231,40.1729 -104.7203,40.169 -104.7103,40.1549 -104.7005,40.141 -104.6946,40.132 -104.6904,40.1245 -104.6879,40.1184 -104.6865,40.112 -104.6855,40.1037 -104.685,40.0934 -104.6848,40.0777 -104.6849,40.0626 -104.685,40.0478 -104.6852,40.0348 -104.6854,40.0175 -104.6857,39.99 -104.6861,39.9644 -104.6863,39.941 -104.6865,39.9332 -104.6865,39.9295 -104.6866,39.9187 -104.6868,39.9072 -104.6868,39.8959 -104.6869,39.8855</coordinates>
        </LineString>
      </Placemark>
      <Placemark>
        <name>Denver International Airport to Denver Union Station (train)</name>
        <description>&lt;b&gt;Mode:&lt;/b&gt; train&lt;br&gt;RTD A Line</description>
        <Style>
          <LineStyle>
            <color>ff2f2fd3</color>
            <width>3</width>
          </LineStyle>
        </Style>
        <LineString>
          <coordinates>-104.67368,39.852050000000006 -104.67394,39.85204 -104.67462,39.85201 -104.67490000000001,39.852030000000006 -104.67511,39.85204 -104.67676,39.852050000000006 -104.67779,39.85206 -104.67831000000001,39.852070000000005 -104.67834,39.852070000000005 -104.67854000000001,39.85206 -104.67877000000001,39.852050000000006 -104.67878,39.852050000000006 -104.67901,39.852030000000006 -104.67902000000001,39.852030000000006 -104.67903000000001,39.85202 -104.67924000000001,39.85199 -104.67943000000001,39.85195 -104.67946,39.851940000000006 -104.67966000000001,39.8519 -104.67969000000001,39.851890000000004 -104.67970000000001,39.851890000000004 -104.67982,39.851850000000006 -104.67991,39.851820000000004 -104.68007000000001,39.85177 -104.68034000000002,39.851670000000006 -104.68053,39.851580000000006 -104.68073000000001,39.851490000000005 -104.68094,39.851400000000005 -104.68105000000001,39.85134 -104.68129,39.851150000000004 -104.68142,39.85107 -104.68164,39.85083 -104.68180000000001,39.850640000000006 -104.68191,39.850480000000005 -104.68206,39.85025 -104.68226000000001,39.84985 -104.68233000000001,39.84967 -104.68238000000001,39.849500000000006 -104.68241,39.849360000000004 -104.68243000000001,39.849230000000006 -104.68244000000001,39.84911 -104.68245,39.849030000000006 -104.68246,39.848780000000005 -104.68246,39.848600000000005 -104.68246,39.84839 -104.68221000000001,39.84839 -104.68221000000001,39.848650000000006 -104.68221000000001,39.84873 -104.68221000000001,39.848980000000005 -104.68220000000001,39.849120000000006 -104.68220000000001,39.84917 -104.68220000000001,39.84921000000001 -104.68219,39.849250000000005 -104.68219,39.84929 -104.68218,39.849320000000006 -104.68218,39.84935 -104.68217000000001,39.84939000000001 -104.68216000000001,39.84944 -104.68215000000001,39.84948 -104.68214,39.849520000000005 -104.68213000000002,39.849540000000005 -104.68214,39.84967 -104.68212000000001,39.849720000000005 -104.68211000000001,39.84975 -104.6821,39.84978 -104.68208000000001,39.84982 -104.68207000000001,39.84985 -104.68205,39.849900000000005 -104.68202000000001,39.84995 -104.682,39.849990000000005 -104.68198000000001,39.850030000000004 -104.68196,39.85007 -104.68194000000001,39.85011 -104.68192,39.85014 -104.68189000000001,39.85018 -104.68187,39.85022 -104.68185000000001,39.85025 -104.68183,39.85027 -104.68180000000001,39.85031 -104.68178,39.85034 -104.68175000000001,39.85038 -104.68169,39.85045 -104.68164,39.85051 -104.68161,39.85054 -104.68158000000001,39.85058 -104.68153000000001,39.85063 -104.68149000000001,39.850660000000005 -104.68149000000001,39.85067 -104.68145000000001,39.8507 -104.68142,39.850730000000006 -104.68139000000001,39.85076 -104.68135000000001,39.85079 -104.68132000000001,39.850820000000006 -104.68128000000002,39.85085 -104.68125,39.850880000000004 -104.6812,39.850910000000006 -104.68116,39.85094 -104.68112,39.850970000000004 -104.68108000000001,39.851000000000006 -104.68099000000001,39.851060000000004 -104.68086000000001,39.8511 -104.68079,39.85114 -104.68073000000001,39.85118000000001 -104.68068000000001,39.851200000000006 -104.68060000000001,39.851240000000004 -104.68054000000001,39.85127000000001 -104.68046000000001,39.8513 -104.6804,39.851330000000004 -104.68034000000002,39.851350000000004 -104.68028000000001,39.851380000000006 -104.68021,39.851400000000005 -104.68009,39.851440000000004 -104.68001000000001,39.851470000000006 -104.67993000000001,39.851490000000005 -104.67986,39.851510000000005 -104.67979000000001,39.85152 -104.67971000000001,39.85154 -104.67957000000001,39.851600000000005 -104.6795,39.85161 -104.67938000000001,39.85163 -104.67932,39.85163 -104.67928,39.85164 -104.67922000000002,39.85165000000001 -104.67916000000001,39.85165000000001 -104.67911000000001,39.85165000000001 -104.67905,39.85166 -104.679,39.85166 -104.67895000000001,39.85166 -104.67876000000001,39.851670000000006 -104.67867000000001,39.851670000000006 -104.67841000000001,39.85168 -104.67826000000001,39.85168 -104.67783000000001,39.8517 -104.67769000000001,39.8517 -104.67726,39.85172 -104.67715000000001,39.85172 -104.67708,39.85172 -104.67699,39.85172 -104.67689000000001,39.85172 -104.67683000000001,39.85172 -104.67668,39.85172 -104.67656000000001,39.85172 -104.67644000000001,39.85172 -104.67627,39.85172 -104.67622000000001,39.85172 -104.67618,39.85172 -104.67615,39.85172 -104.67611000000001,39.85172 -104.67608000000001,39.851710000000004 -104.67604000000001,39.851710000000004 -104.67598000000001,39.851710000000004 -104.67593000000001,39.8517 -104.67588,39.8517 -104.67583,39.851690000000005 -104.67580000000001,39.85168 -104.67576000000001,39.851670000000006 -104.67572000000001,39.85166 -104.67568000000001,39.85165000000001 -104.67564000000002,39.85164 -104.67561,39.851620000000004 -104.67558000000001,39.85161 -104.67555000000002,39.851600000000005 -104.67552,39.85159 -104.67549000000001,39.851580000000006 -104.67548000000001,39.85157 -104.67546000000002,39.851560000000006 -104.67544000000001,39.85155 -104.67542,39.85154 -104.67540000000001,39.85152 -104.67538,39.851510000000005 -104.67536000000001,39.8515 -104.67533,39.85148 -104.67530000000001,39.85146 -104.67528000000001,39.851440000000004 -104.67526000000001,39.85143 -104.67523000000001,39.85141 -104.6752,39.851380000000006 -104.67518000000001,39.85136000000001 -104.67515,39.851330000000004 -104.67512,39.8513 -104.67510000000001,39.85128 -104.67508000000001,39.85125 -104.67507,39.85123 -104.67505000000001,39.85121 -104.67504000000001,39.85119 -104.67502,39.851150000000004 -104.67500000000001,39.851130000000005 -104.67499000000001,39.8511 -104.67497,39.85107 -104.67496000000001,39.85103 -104.67495000000001,39.85101 -104.67494,39.85099 -104.67494,39.850970000000004 -104.67493,39.850950000000005 -104.67493,39.85092 -104.67492000000001,39.85089000000001 -104.67492000000001,39.850860000000004 -104.67491000000001,39.85083 -104.67491000000001,39.85080000000001 -104.67491000000001,39.850750000000005 -104.67491000000001,39.8507 -104.67491000000001,39.850640000000006 -104.67491000000001,39.850590000000004 -104.67491000000001,39.850570000000005 -104.67485,39.850370000000005 -104.67486000000001,39.85034 -104.67487000000001,39.85023 -104.67487000000001,39.850190000000005 -104.67487000000001,39.850150000000006 -104.67487000000001,39.85009 -104.67487000000001,39.85002 -104.67487000000001,39.84996 -104.67487000000001,39.84989 -104.67487000000001,39.849880000000006 -104.67487000000001,39.84982 -104.67487000000001,39.8498 -104.67487000000001,39.84973 -104.67472000000001,39.84975 -104.67468000000001,39.849740000000004 -104.67403,39.84935 -104.67399,39.846720000000005 -104.67392000000001,39.846720000000005 -104.67391,39.84657 -104.67369000000001,39.843500000000006 -104.67413,39.8414 -104.67489,39.840360000000004 -104.6761,39.83906 -104.67940000000002,39.838620000000006 -104.68364000000001,39.83858 -104.69585000000001,39.83854 -104.72486,39.83899 -104.73141000000001,39.838950000000004 -104.73344,39.838480000000004 -104.73517000000001,39.837740000000004 -104.73631,39.83662 -104.73686000000001,39.8357 -104.73722000000001,39.834610000000005 -104.73808000000001,39.83234 -104.73882,39.83126 -104.74141,39.829600000000006 -104.74526,39.828610000000005 -104.76102,39.828660000000006 -104.77457000000001,39.828120000000006 -104.77807000000001,39.82732 -104.78045,39.82584000000001 -104.78254000000001,39.82276 -104.78371000000001,39.8181 -104.78398000000001,39.80895 -104.784,39.80731 -104.78405000000001,39.80731 -104.78404,39.807030000000005 -104.78401000000001,39.80621 -104.78399,39.805460000000004 -104.78398000000001,39.80528 -104.78397000000001,39.80474 -104.78397000000001,39.80463 -104.78394000000002,39.803740000000005 -104.78393000000001,39.80348 -104.78393000000001,39.80321 -104.78392000000001,39.80312 -104.78392000000001,39.80283 -104.78391,39.802710000000005 -104.78391,39.802580000000006 -104.7839,39.80237 -104.7839,39.802220000000005 -104.78389000000001,39.802040000000005 -104.78389000000001,39.801860000000005 -104.78388000000001,39.801790000000004 -104.78388000000001,39.80163 -104.78388000000001,39.80158 -104.78387000000001,39.801520000000004 -104.78387000000001,39.801480000000005 -104.78386,39.801080000000006 -104.78386,39.80102 -104.78386,39.80096 -104.78385000000002,39.80059000000001 -104.78384000000001,39.80046 -104.78384000000001,39.80042 -104.78384000000001,39.800340000000006 -104.78384000000001,39.80003000000001 -104.78385000000002,39.799640000000004 -104.78385000000002,39.79963 -104.78387000000001,39.79932 -104.78388000000001,39.79916 -104.78389000000001,39.79903 -104.78392000000001,39.79876 -104.78395,39.798500000000004 -104.78396000000001,39.79844000000001 -104.78398000000001,39.79829 -104.78399,39.79827 -104.78405000000001,39.79791 -104.78405000000001,39.79789 -104.78408,39.797740000000005 -104.78412,39.79753 -104.78416000000001,39.797380000000004 -104.78418,39.797290000000004 -104.78424000000001,39.79702 -104.78427,39.796940000000006 -104.78438000000001,39.796530000000004 -104.78442000000001,39.79643 -104.78445,39.796310000000005 -104.78450000000001,39.796150000000004 -104.78464000000001,39.79572 -104.78467,39.79562000000001 -104.78491000000001,39.794900000000005 -104.78507,39.7944 -104.78508000000001,39.794380000000004 -104.78521,39.793980000000005 -104.78528000000001,39.79377 -104.78532000000001,39.793620000000004 -104.78536000000001,39.7935 -104.78554000000001,39.79296 -104.78581000000001,39.79213 -104.78582000000002,39.792100000000005 -104.78599000000001,39.79157 -104.78612000000001,39.79117 -104.78631000000001,39.790580000000006 -104.78643000000001,39.79021 -104.78648000000001,39.790040000000005 -104.78684000000001,39.788940000000004 -104.78694000000002,39.78864 -104.78711000000001,39.7881 -104.78722,39.78777 -104.78726,39.78766 -104.78739,39.787240000000004 -104.78752000000001,39.78681 -104.78758,39.78663 -104.78764000000001,39.786370000000005 -104.78770000000002,39.786120000000004 -104.78775,39.78584 -104.78779000000002,39.785540000000005 -104.78782000000001,39.78535 -104.78782000000001,39.78530000000001 -104.78784,39.78517 -104.78785,39.785000000000004 -104.78785,39.784940000000006 -104.78786000000001,39.78479 -104.78787000000001,39.784580000000005 -104.78787000000001,39.78446 -104.78787000000001,39.784310000000005 -104.78787000000001,39.7841 -104.78787000000001,39.784040000000005 -104.78787000000001,39.78398000000001 -104.78787000000001,39.783910000000006 -104.78787000000001,39.783750000000005 -104.78787000000001,39.783730000000006 -104.78787000000001,39.783590000000004 -104.78787000000001,39.78323 -104.78787000000001,39.7832 -104.78786000000001,39.78307 -104.78786000000001,39.78305 -104.78786000000001,39.78295000000001 -104.78786000000001,39.78287 -104.78786000000001,39.78197 -104.78786000000001,39.781690000000005 -104.78785,39.78119 -104.78785,39.781020000000005 -104.78785,39.78089000000001 -104.78785,39.780170000000005 -104.78784,39.77944 -104.78784,39.779270000000004 -104.78784,39.778850000000006 -104.78783000000001,39.77873 -104.78782000000001,39.77819 -104.78782000000001,39.7781 -104.7878,39.7775 -104.78779000000002,39.77714 -104.78779000000002,39.777120000000004 -104.78779000000002,39.776920000000004 -104.78777000000001,39.77637 -104.78776,39.77597 -104.78775,39.775690000000004 -104.78774000000001,39.77525 -104.78773000000001,39.774980000000006 -104.78772000000001,39.774210000000004 -104.78771,39.773880000000005 -104.78771,39.773860000000006 -104.78771,39.773700000000005 -104.78771,39.773520000000005 -104.78771,39.773360000000004 -104.78770000000002,39.772960000000005 -104.78771,39.772920000000006 -104.78770000000002,39.772780000000004 -104.78770000000002,39.77268 -104.78769000000001,39.77214 -104.78769000000001,39.77160000000001 -104.78769000000001,39.77158 -104.78769000000001,39.770900000000005 -104.78769000000001,39.7704 -104.78769000000001,39.770320000000005 -104.78768000000001,39.76972000000001 -104.78768000000001,39.76944 -104.78768000000001,39.76885 -104.78764000000001,39.76803 -104.78762,39.76765 -104.78762,39.76735 -104.78761000000002,39.767140000000005 -104.78763000000001,39.766830000000006 -104.78764000000001,39.76664 -104.78765000000001,39.766540000000006 -104.78765000000001,39.76648 -104.78766,39.76639 -104.78768000000001,39.76623 -104.78771,39.76603 -104.78774000000001,39.76581 -104.78777000000001,39.76567 -104.7878,39.765530000000005 -104.78781000000001,39.7655 -104.78785,39.76532 -104.78787000000001,39.76523 -104.78790000000001,39.76514 -104.78797000000002,39.76487 -104.78800000000001,39.764790000000005 -104.78802,39.76473 -104.78806,39.76462 -104.78808000000001,39.76456 -104.78809000000001,39.76453 -104.78818000000001,39.76427 -104.78819000000001,39.764250000000004 -104.78825,39.76409 -104.78832000000001,39.76393 -104.78840000000001,39.763760000000005 -104.78856,39.76342 -104.78858000000001,39.763380000000005 -104.78868000000001,39.763200000000005 -104.78874,39.763090000000005 -104.78884000000001,39.762930000000004 -104.78893000000001,39.76276 -104.78899000000001,39.76265 -104.78902000000001,39.762600000000006 -104.78920000000001,39.7623 -104.78922000000001,39.76227 -104.78925000000001,39.76221 -104.78931000000001,39.762100000000004 -104.78934000000001,39.762060000000005 -104.78947000000001,39.76184000000001 -104.78951,39.761770000000006 -104.78955,39.76171 -104.78956000000001,39.76169 -104.78964,39.761540000000004 -104.78972,39.7614 -104.78974000000001,39.76138 -104.78983000000001,39.761210000000005 -104.78993000000001,39.761050000000004 -104.78999,39.760940000000005 -104.79002000000001,39.76089 -104.79012,39.760720000000006 -104.79041000000001,39.76023 -104.79051000000001,39.760070000000006 -104.79060000000001,39.7599 -104.79070000000002,39.75974 -104.79077000000001,39.759620000000005 -104.7908,39.759570000000004 -104.79097,39.759280000000004 -104.79107,39.75911 -104.79109000000001,39.759080000000004 -104.79116,39.758950000000006 -104.79126000000001,39.758790000000005 -104.79134,39.75865 -104.79137000000001,39.758590000000005 -104.79153000000001,39.758320000000005 -104.79154000000001,39.758300000000006 -104.79163000000001,39.75815 -104.79172000000001,39.75799000000001 -104.79176000000001,39.757920000000006 -104.79183,39.7578 -104.79190000000001,39.757690000000004 -104.79192,39.75766 -104.79197,39.757580000000004 -104.79203000000001,39.757490000000004 -104.79208000000001,39.75743000000001 -104.79215,39.75735 -104.79223,39.757250000000006 -104.79235000000001,39.757130000000004 -104.79247000000001,39.757020000000004 -104.79255,39.75695 -104.79266000000001,39.756870000000006 -104.79270000000001,39.756840000000004 -104.79273,39.756820000000005 -104.79279000000001,39.756780000000006 -104.79288000000001,39.75672 -104.79294,39.756690000000006 -104.79296000000001,39.75668 -104.79305000000001,39.75663 -104.79315000000001,39.75658000000001 -104.79325000000001,39.756530000000005 -104.79349,39.75643 -104.79361000000002,39.75639 -104.79371,39.75636 -104.79377000000001,39.75634 -104.79387000000001,39.756310000000006 -104.79393,39.7563 -104.79400000000001,39.756280000000004 -104.79424,39.756240000000005 -104.79434,39.756220000000006 -104.79447,39.75621 -104.79459000000001,39.7562 -104.79469,39.756190000000004 -104.79481000000001,39.756190000000004 -104.79486000000001,39.756190000000004 -104.79492,39.756190000000004 -104.79509,39.756190000000004 -104.79524,39.7562 -104.79532,39.7562 -104.79545,39.75621 -104.79573,39.756240000000005 -104.79661000000002,39.75634 -104.79697,39.75638 -104.79723000000001,39.75641 -104.79767000000001,39.75647 -104.79787,39.7565 -104.7981,39.75654 -104.79833,39.75658000000001 -104.79866000000001,39.75665 -104.79909,39.756750000000004 -104.79944,39.75683 -104.79967,39.756890000000006 -104.7998,39.75692 -104.79989,39.75694 -104.80244,39.75762 -104.80383,39.75799000000001 -104.80474000000001,39.75824 -104.80543000000002,39.75842 -104.80707000000001,39.758860000000006 -104.80741,39.758950000000006 -104.80818000000001,39.75916 -104.80932000000001,39.759460000000004 -104.81071000000001,39.75983 -104.81211,39.760200000000005 -104.81603000000001,39.761250000000004 -104.81679000000001,39.76146000000001 -104.81818000000001,39.76182 -104.81862000000001,39.76194 -104.81948000000001,39.762170000000005 -104.82017,39.76236 -104.82062,39.76247 -104.82128,39.76263 -104.82247000000001,39.76292 -104.82303,39.763070000000006 -104.82400000000001,39.76333 -104.82495000000002,39.76359 -104.82524000000001,39.763670000000005 -104.82564,39.763780000000004 -104.82599,39.763870000000004 -104.82621,39.76393 -104.82624000000001,39.763940000000005 -104.82665000000001,39.764050000000005 -104.8268,39.76409 -104.82687000000001,39.76411 -104.82753000000001,39.76429 -104.82775000000001,39.76435 -104.82864000000001,39.764590000000005 -104.82886,39.76465 -104.82952,39.76483 -104.82961,39.76485 -104.83017000000001,39.765 -104.83186,39.765460000000004 -104.83233000000001,39.76559 -104.83344000000001,39.765890000000006 -104.83354000000001,39.765910000000005 -104.83393000000001,39.766000000000005 -104.83434000000001,39.7661 -104.83464000000001,39.766160000000006 -104.83488000000001,39.76621 -104.83516,39.76626 -104.83531,39.76628 -104.83551000000001,39.76632 -104.83581000000001,39.76637 -104.83621000000001,39.766420000000004 -104.83641000000001,39.766450000000006 -104.83672000000001,39.766490000000005 -104.83691,39.766510000000004 -104.83699000000001,39.76652 -104.837,39.76652 -104.83728,39.76655 -104.83756000000001,39.76657 -104.83798,39.76661 -104.84296,39.766980000000004 -104.84327,39.767010000000006 -104.84410000000001,39.767070000000004 -104.84413,39.767070000000004 -104.84550000000002,39.76717 -104.84691000000001,39.76727 -104.84922,39.76744 -104.84997000000001,39.767500000000005 -104.85062,39.76755 -104.85242000000001,39.767680000000006 -104.85304000000001,39.76773 -104.85357,39.76778 -104.85358000000001,39.76778 -104.85771000000001,39.76809 -104.85857000000001,39.768150000000006 -104.85953,39.76822000000001 -104.86092000000001,39.768330000000006 -104.8615,39.768370000000004 -104.86278000000001,39.76847 -104.86341,39.768510000000006 -104.86416000000001,39.76856 -104.86566,39.76867 -104.86582000000001,39.76868 -104.86723,39.76879 -104.87235000000001,39.76917 -104.87398,39.769290000000005 -104.87678000000001,39.7695 -104.87794000000001,39.76959 -104.87981,39.76973 -104.88237000000001,39.769920000000006 -104.88354000000001,39.770010000000006 -104.88424,39.77006 -104.88471000000001,39.770100000000006 -104.88564000000001,39.77017 -104.88611,39.7702 -104.88704000000001,39.770270000000004 -104.88867,39.770390000000006 -104.89110000000001,39.77058 -104.89333,39.77074 -104.89412000000002,39.7708 -104.89423000000001,39.770810000000004 -104.89439000000002,39.77082 -104.89516,39.77089 -104.89531000000001,39.770900000000005 -104.89547,39.770920000000004 -104.8957,39.770950000000006 -104.89593,39.77098 -104.89651,39.77107 -104.89836000000001,39.771330000000006 -104.89877000000001,39.771390000000004 -104.89949000000001,39.77149 -104.90017,39.77158 -104.90108000000001,39.771710000000006 -104.90154000000001,39.771770000000004 -104.90247000000001,39.7719 -104.90303000000002,39.771980000000006 -104.90316000000001,39.772000000000006 -104.90339,39.77203 -104.90363,39.77206 -104.90501,39.77225000000001 -104.90524,39.77228 -104.91079,39.773050000000005 -104.91194000000002,39.773210000000006 -104.91377000000001,39.77346 -104.91705,39.77391 -104.91766000000001,39.774 -104.91835,39.77411 -104.9188,39.77418 -104.91932000000001,39.77427 -104.91964000000002,39.77432 -104.92027,39.77441 -104.92086,39.77449 -104.92113,39.774530000000006 -104.92138000000001,39.77456 -104.92151000000001,39.77458 -104.92232000000001,39.77469000000001 -104.92264000000002,39.77474 -104.92325000000001,39.774820000000005 -104.92340000000002,39.774840000000005 -104.92419000000001,39.774950000000004 -104.92465000000001,39.77501 -104.92477000000001,39.77503 -104.92488,39.77505 -104.92534,39.775110000000005 -104.92557000000001,39.77514 -104.92924000000001,39.775650000000006 -104.93104000000001,39.7759 -104.93173,39.77599 -104.93181000000001,39.77601000000001 -104.93206,39.77604 -104.93254,39.77611 -104.93274000000001,39.77613 -104.93291,39.77615 -104.93312,39.776180000000004 -104.93334000000002,39.7762 -104.93344,39.776210000000006 -104.93349,39.77622 -104.9337,39.77624 -104.93390000000001,39.776250000000005 -104.93422000000001,39.77628 -104.93446000000002,39.77629 -104.93466000000001,39.776300000000006 -104.93484000000001,39.77631 -104.93517000000001,39.77633 -104.93559,39.776340000000005 -104.93597000000001,39.776340000000005 -104.9364,39.776340000000005 -104.93675,39.77633 -104.93710000000002,39.776320000000005 -104.93738,39.776300000000006 -104.93753000000001,39.77629 -104.93817000000001,39.77626 -104.93871000000001,39.776230000000005 -104.93949,39.77619 -104.94000000000001,39.776160000000004 -104.94101,39.77611 -104.94204,39.776050000000005 -104.94228000000001,39.77604 -104.94413000000002,39.775940000000006 -104.94438000000001,39.77593 -104.94479000000001,39.775920000000006 -104.94511000000001,39.775920000000006 -104.94554000000001,39.77591 -104.94571,39.7759 -104.94576,39.7759 -104.94614000000001,39.77588 -104.94690000000001,39.77584 -104.94778000000001,39.775800000000004 -104.94929,39.77572 -104.94981000000001,39.7757 -104.95177000000001,39.77559 -104.95294000000001,39.77553 -104.95349,39.7755 -104.95416,39.775470000000006 -104.95496000000001,39.775420000000004 -104.95551,39.77539 -104.95552,39.77539 -104.95567000000001,39.775380000000006 -104.95574,39.77537 -104.95578,39.77537 -104.95589000000001,39.77535 -104.95596,39.775330000000004 -104.95601,39.77532 -104.95608000000001,39.775290000000005 -104.95615000000001,39.775270000000006 -104.95630000000001,39.77521 -104.95639000000001,39.77516000000001 -104.95646,39.77512 -104.95653000000001,39.77508 -104.95660000000001,39.77503 -104.95668,39.77496 -104.95673000000001,39.77492 -104.95679000000001,39.774860000000004 -104.95686,39.77478 -104.95686,39.774770000000004 -104.95692000000001,39.774680000000004 -104.95698,39.77459 -104.95702000000001,39.77449 -104.95716,39.77411 -104.95717,39.774080000000005 -104.95728000000001,39.7738 -104.95732000000001,39.77373 -104.9574,39.7736 -104.95746000000001,39.773540000000004 -104.95753,39.77347 -104.95761,39.773390000000006 -104.95768000000001,39.77333 -104.95781000000001,39.773250000000004 -104.95792000000002,39.77318 -104.95803000000001,39.77313 -104.95808000000001,39.77311 -104.95812000000001,39.77309 -104.95822000000001,39.77306 -104.95830000000001,39.77304 -104.95837,39.77302 -104.95846,39.773 -104.9586,39.77297 -104.95873,39.772960000000005 -104.95886000000002,39.772960000000005 -104.95896,39.772960000000005 -104.95922,39.77295 -104.95928,39.77295 -104.95945,39.77295 -104.96061,39.772960000000005 -104.96101,39.772960000000005 -104.96189000000001,39.772960000000005 -104.96248000000001,39.772960000000005 -104.96303,39.772960000000005 -104.96482,39.772960000000005 -104.9654,39.772960000000005 -104.96752000000001,39.77297 -104.96950000000001,39.77297 -104.9697,39.77297 -104.96973000000001,39.772960000000005 -104.96997,39.77295 -104.97027000000001,39.77291 -104.97057000000001,39.77284 -104.97083,39.77275 -104.97109,39.77264 -104.97125000000001,39.772560000000006 -104.97138000000001,39.77248 -104.97144000000002,39.77244 -104.9715,39.772400000000005 -104.97161000000001,39.77232 -104.97194,39.77206 -104.97201000000001,39.77201 -104.97211000000001,39.77194 -104.97277000000001,39.771420000000006 -104.97297,39.771260000000005 -104.97306,39.77118 -104.97309000000001,39.77116 -104.97313000000001,39.77113000000001 -104.97328,39.77102 -104.97331000000001,39.771 -104.97337,39.770950000000006 -104.97358000000001,39.77111 -104.97371000000001,39.771010000000004 -104.97381000000001,39.77094 -104.97404,39.77076 -104.97428000000001,39.77058 -104.97463,39.770360000000004 -104.97497000000001,39.770100000000006 -104.97525,39.76988 -104.97553,39.769670000000005 -104.97572000000001,39.769540000000006 -104.97595000000001,39.769400000000005 -104.97625000000001,39.76921 -104.97668,39.768950000000004 -104.97687,39.768840000000004 -104.97708000000002,39.768710000000006 -104.97763,39.768420000000006 -104.9779,39.768280000000004 -104.97874,39.767830000000004 -104.97984000000001,39.767230000000005 -104.98125,39.766470000000005 -104.98204000000001,39.76605 -104.98221000000001,39.765950000000004 -104.98239000000001,39.765840000000004 -104.98262000000001,39.765690000000006 -104.98282,39.76554 -104.98304,39.76538 -104.98408,39.764570000000006 -104.98458000000001,39.76418 -104.98602000000001,39.76306 -104.98619000000001,39.76294 -104.98646000000001,39.762730000000005 -104.98664000000001,39.76263 -104.98682000000001,39.762530000000005 -104.98712,39.76234 -104.98752,39.76207 -104.98781000000001,39.761860000000006 -104.98811,39.76165 -104.98833,39.76149 -104.98836000000001,39.761480000000006 -104.98865,39.761280000000006 -104.98897000000001,39.76106 -104.98942000000001,39.76075 -104.98955000000001,39.76066 -104.98997000000001,39.76037 -104.99051000000001,39.760000000000005 -104.99075,39.75983 -104.99098000000001,39.75968 -104.99126000000001,39.75952 -104.99144000000001,39.75943 -104.99172000000002,39.7593 -104.99213,39.75912 -104.99253,39.758950000000006 -104.99279000000001,39.758860000000006 -104.99335,39.758680000000005 -104.99349000000001,39.758630000000004 -104.99384,39.75851 -104.99396000000002,39.75846000000001 -104.99409000000001,39.7584 -104.99426000000001,39.75831 -104.99434000000001,39.75826 -104.99442,39.7582 -104.99454000000001,39.75811 -104.99465000000001,39.758030000000005 -104.99478,39.757920000000006 -104.99488000000001,39.757830000000006 -104.99490000000002,39.75782 -104.99510000000001,39.757690000000004 -104.99588000000001,39.75708 -104.99623000000001,39.756820000000005 -104.99668000000001,39.75647 -104.99678000000002,39.75639 -104.99703000000001,39.7562 -104.99712000000001,39.756130000000006 -104.99726000000001,39.75602000000001 -104.99746,39.755880000000005 -104.99774000000001,39.755680000000005 -104.99791,39.75556 -104.99811000000001,39.75542 -104.99827,39.755320000000005 -104.99858,39.75508000000001 -104.99883000000001,39.75488 -104.99941000000001,39.75444 -104.99956,39.75432 -104.99957,39.754310000000004 -104.99974,39.754180000000005 -104.99990000000001,39.75406 -104.99992,39.75404 -105.00007000000001,39.753930000000004 -105.00023,39.753800000000005 -105.00028,39.75376 -105.0002,39.7537 -104.99967000000001,39.75383 -104.99969000000002,39.75381 -104.99973000000001,39.753840000000004 -104.99978000000002,39.75381 -104.99995000000001,39.75368 -105.00029,39.753420000000006 -105.00038,39.75336 -105.0005,39.75327 -105.00024,39.753080000000004</coordinates>
        </LineString>
      </Placemark>
    </Folder>
  </Document>
</kml>