<?xml version='1.0' encoding='utf-8'?>
<kml xmlns="http://www.opengis.net/kml/2.2">
  <Document>
    <name>Season 6: Jet Lag Japan</name>
    <Folder>
      <name>Sam Denby &amp; Scotty Allen</name>
      <Placemark>
        <name>Marunouchi Square</name>
        <description>&lt;b&gt;Team:&lt;/b&gt; Sam Denby &amp; Scotty Allen&lt;br&gt;&lt;b&gt;Notes:&lt;/b&gt;&lt;ul&gt;&lt;li&gt;The starting point of Jet Lag: Japan (Season 6)
Members who visited: 
1) Sam
2) Scott
3) Adam
4) Ben&lt;/li&gt;&lt;/ul&gt;</description>
        <Style>
          <IconStyle>
            <color>fff5a542</color>
            <scale>1.2</scale>
            <Icon>
              <href>https://maps.google.com/mapfiles/kml/pushpin/wht-blank.png</href>
            </Icon>
          </IconStyle>
        </Style>
        <Point>
          <coordinates>139.7654768,35.6815604</coordinates>
        </Point>
      </Placemark>
      <Placemark>
        <name>Tokyo Station</name>
        <description>&lt;b&gt;Team:&lt;/b&gt; Sam Denby &amp; Scotty Allen&lt;br&gt;&lt;b&gt;Notes:&lt;/b&gt;&lt;ul&gt;&lt;li&gt;Present in Jet Lag: Japan (Season 6) 
Members who visited:
1) Sam
2) Scott
3) Adam
4) Ben
Challenge: Paint or draw a local landscape (Sam and Scotty)
Challenge: Find 3 Mario Kart Items (Ben)
Challenge: Meet your local Yuru-Chara (Scotty)&lt;/li&gt;&lt;/ul&gt;</description>
        <Style>
          <IconStyle>
            <color>fff5a542</color>
            <scale>1.2</scale>
            <Icon>
              <href>https://maps.google.com/mapfiles/kml/pushpin/wht-blank.png</href>
            </Icon>
          </IconStyle>
        </Style>
        <Point>
          <coordinates>139.7671248,35.6812362</coordinates>
        </Point>
      </Placemark>
      <Placemark>
        <name>Shinagawa Station</name>
        <description>&lt;b&gt;Team:&lt;/b&gt; Sam Denby &amp; Scotty Allen&lt;br&gt;&lt;b&gt;Notes:&lt;/b&gt;&lt;ul&gt;&lt;li&gt;Present in Jet Lag: Japan (Season 6) 
Members who visited:
1) Sam
2) Scotty
3) Adam
4) Ben
Challenge: Play Sake Pong (Sam and Scotty)
Challenge: Find 3 new friends (Sam and Scotty)
Challenge: Paint or draw a local landscape (Sam and Scotty)
Challenge: Spend 15 minutes in a museum (Ben and Adam)
The spot of the second capture of Season 6 (Adam catches Sam and Scotty)&lt;/li&gt;&lt;/ul&gt;</description>
        <Style>
          <IconStyle>
            <color>fff5a542</color>
            <scale>1.2</scale>
            <Icon>
              <href>https://maps.google.com/mapfiles/kml/pushpin/wht-blank.png</href>
            </Icon>
          </IconStyle>
        </Style>
        <Point>
          <coordinates>139.7387597,35.6284713</coordinates>
        </Point>
      </Placemark>
      <Placemark>
        <name>NewDays Shinagawa Central</name>
        <description>&lt;b&gt;Team:&lt;/b&gt; Sam Denby &amp; Scotty Allen&lt;br&gt;&lt;b&gt;Notes:&lt;/b&gt;&lt;ul&gt;&lt;li&gt;Present in Jet Lag: Japan (Season 6) 
Members who visited:
1) Sam
2) Scott
Challenge: Play Sake Pong&lt;/li&gt;&lt;/ul&gt;</description>
        <Style>
          <IconStyle>
            <color>fff5a542</color>
            <scale>1.2</scale>
            <Icon>
              <href>https://maps.google.com/mapfiles/kml/pushpin/wht-blank.png</href>
            </Icon>
          </IconStyle>
        </Style>
        <Point>
          <coordinates>139.7390416,35.6287457</coordinates>
        </Point>
      </Placemark>
      <Placemark>
        <name>Sam and Scotty Sake Pong Spot</name>
        <description>&lt;b&gt;Team:&lt;/b&gt; Sam Denby &amp; Scotty Allen&lt;br&gt;&lt;b&gt;Notes:&lt;/b&gt;&lt;ul&gt;&lt;li&gt;Present in Jet Lag: Japan (Season 6) 
Members who visited:
1) Sam
2) Scott
Challenge: Play Sake Pong&lt;/li&gt;&lt;/ul&gt;</description>
        <Style>
          <IconStyle>
            <color>fff5a542</color>
            <scale>1.2</scale>
            <Icon>
              <href>https://maps.google.com/mapfiles/kml/pushpin/wht-blank.png</href>
            </Icon>
          </IconStyle>
        </Style>
        <Point>
          <coordinates>139.7380278,35.6287778</coordinates>
        </Point>
      </Placemark>
      <Placemark>
        <name>Chiba Station</name>
        <description>&lt;b&gt;Team:&lt;/b&gt; Sam Denby &amp; Scotty Allen&lt;br&gt;&lt;b&gt;Notes:&lt;/b&gt;&lt;ul&gt;&lt;li&gt;Present in Jet Lag: Japan (Season 6) 
Members who visited:
1) Sam
2) Scotty
3) Adam
4) Ben
Challenge: Translate this card (Adam and Ben)
Challenge: Go Super Saiyan (Adam and Ben)&lt;/li&gt;&lt;/ul&gt;</description>
        <Style>
          <IconStyle>
            <color>fff5a542</color>
            <scale>1.2</scale>
            <Icon>
              <href>https://maps.google.com/mapfiles/kml/pushpin/wht-blank.png</href>
            </Icon>
          </IconStyle>
        </Style>
        <Point>
          <coordinates>140.1133591,35.6131339</coordinates>
        </Point>
      </Placemark>
      <Placemark>
        <name>Chiba Monorail Station</name>
        <description>&lt;b&gt;Players:&lt;/b&gt; Scotty Allen&lt;br&gt;&lt;b&gt;Notes:&lt;/b&gt;&lt;ul&gt;&lt;li&gt;Present in Jet Lag: Japan (Season 6) 
Members who visited:
1) Scotty&lt;/li&gt;&lt;/ul&gt;</description>
        <Style>
          <IconStyle>
            <color>fff5a542</color>
            <scale>1.2</scale>
            <Icon>
              <href>https://maps.google.com/mapfiles/kml/pushpin/wht-blank.png</href>
            </Icon>
          </IconStyle>
        </Style>
        <Point>
          <coordinates>140.1141717348975,35.61208367362701</coordinates>
        </Point>
      </Placemark>
      <Placemark>
        <name>Kencho-Mae Station</name>
        <description>&lt;b&gt;Players:&lt;/b&gt; Scotty Allen&lt;br&gt;&lt;b&gt;Notes:&lt;/b&gt;&lt;ul&gt;&lt;li&gt;Present in Jet Lag: Japan (Season 6) 
Members who visited:
1) Scotty&lt;/li&gt;&lt;/ul&gt;</description>
        <Style>
          <IconStyle>
            <color>fff5a542</color>
            <scale>1.2</scale>
            <Icon>
              <href>https://maps.google.com/mapfiles/kml/pushpin/wht-blank.png</href>
            </Icon>
          </IconStyle>
        </Style>
        <Point>
          <coordinates>140.122211,35.6036441</coordinates>
        </Point>
      </Placemark>
      <Placemark>
        <name>Hon-Chiba Station</name>
        <description>&lt;b&gt;Players:&lt;/b&gt; Scotty Allen&lt;br&gt;&lt;b&gt;Notes:&lt;/b&gt;&lt;ul&gt;&lt;li&gt;Present in Jet Lag: Japan (Season 6) 
Members who visited:
1) Scotty&lt;/li&gt;&lt;/ul&gt;</description>
        <Style>
          <IconStyle>
            <color>fff5a542</color>
            <scale>1.2</scale>
            <Icon>
              <href>https://maps.google.com/mapfiles/kml/pushpin/wht-blank.png</href>
            </Icon>
          </IconStyle>
        </Style>
        <Point>
          <coordinates>140.1207196,35.6018503</coordinates>
        </Point>
      </Placemark>
      <Placemark>
        <name>Phototag Spot</name>
        <description>&lt;b&gt;Players:&lt;/b&gt; Sam Denby&lt;br&gt;&lt;b&gt;Notes:&lt;/b&gt;&lt;ul&gt;&lt;li&gt;Present in Jet Lag: Japan (Season 6) 
Members who visited:
1) Sam
2) Ben (Tagged)
The spot of the first capture of Season 6&lt;/li&gt;&lt;/ul&gt;</description>
        <Style>
          <IconStyle>
            <color>fff5a542</color>
            <scale>1.2</scale>
            <Icon>
              <href>https://maps.google.com/mapfiles/kml/pushpin/wht-blank.png</href>
            </Icon>
          </IconStyle>
        </Style>
        <Point>
          <coordinates>140.1157381906692,35.60913788172684</coordinates>
        </Point>
      </Placemark>
      <Placemark>
        <name>Maxell Aqua Park Shinagawa</name>
        <description>&lt;b&gt;Team:&lt;/b&gt; Sam Denby &amp; Scotty Allen&lt;br&gt;&lt;b&gt;Notes:&lt;/b&gt;&lt;ul&gt;&lt;li&gt;Present in Jet Lag: Japan (Season 6) 
Members who visited:
1) Sam
2) Scotty
Challenge: Find 3 new friends&lt;/li&gt;&lt;/ul&gt;</description>
        <Style>
          <IconStyle>
            <color>fff5a542</color>
            <scale>1.2</scale>
            <Icon>
              <href>https://maps.google.com/mapfiles/kml/pushpin/wht-blank.png</href>
            </Icon>
          </IconStyle>
        </Style>
        <Point>
          <coordinates>139.7352393,35.6282839</coordinates>
        </Point>
      </Placemark>
      <Placemark>
        <name>Yūrakuchō Station</name>
        <description>&lt;b&gt;Team:&lt;/b&gt; Sam Denby &amp; Scotty Allen&lt;br&gt;&lt;b&gt;Notes:&lt;/b&gt;&lt;ul&gt;&lt;li&gt;Present in Jet Lag: Japan (Season 6) 
Members who visited:
1) Sam
2) Scotty
3) Adam
4) Ben
Challenge: Paint or draw a local landscape (Sam and Scotty)
Challenge: Get a half mile from nearest 7-11 (Adam)&lt;/li&gt;&lt;/ul&gt;</description>
        <Style>
          <IconStyle>
            <color>fff5a542</color>
            <scale>1.2</scale>
            <Icon>
              <href>https://maps.google.com/mapfiles/kml/pushpin/wht-blank.png</href>
            </Icon>
          </IconStyle>
        </Style>
        <Point>
          <coordinates>139.7630204,35.6750133</coordinates>
        </Point>
      </Placemark>
      <Placemark>
        <name>NewDays ecute Edition Yurakucho Kyobashiguchi</name>
        <description>&lt;b&gt;Team:&lt;/b&gt; Sam Denby &amp; Scotty Allen&lt;br&gt;&lt;b&gt;Notes:&lt;/b&gt;&lt;ul&gt;&lt;li&gt;Present in Jet Lag: Japan (Season 6) 
Members who visited:
1) Sam
2) Scotty
Challenge: Paint or draw a local landscape&lt;/li&gt;&lt;/ul&gt;</description>
        <Style>
          <IconStyle>
            <color>fff5a542</color>
            <scale>1.2</scale>
            <Icon>
              <href>https://maps.google.com/mapfiles/kml/pushpin/wht-blank.png</href>
            </Icon>
          </IconStyle>
        </Style>
        <Point>
          <coordinates>139.7638647,35.6753725</coordinates>
        </Point>
      </Placemark>
      <Placemark>
        <name>Tokyo Kokusai Forum mae</name>
        <description>&lt;b&gt;Team:&lt;/b&gt; Sam Denby &amp; Scotty Allen&lt;br&gt;&lt;b&gt;Notes:&lt;/b&gt;&lt;ul&gt;&lt;li&gt;Present in Jet Lag: Japan (Season 6) 
Members who visited:
1) Sam
2) Scotty
Challenge: Paint or draw a local landscape&lt;/li&gt;&lt;/ul&gt;</description>
        <Style>
          <IconStyle>
            <color>fff5a542</color>
            <scale>1.2</scale>
            <Icon>
              <href>https://maps.google.com/mapfiles/kml/pushpin/wht-blank.png</href>
            </Icon>
          </IconStyle>
        </Style>
        <Point>
          <coordinates>139.764093,35.677725</coordinates>
        </Point>
      </Placemark>
      <Placemark>
        <name>Lawson</name>
        <description>&lt;b&gt;Team:&lt;/b&gt; Sam Denby &amp; Scotty Allen&lt;br&gt;&lt;b&gt;Notes:&lt;/b&gt;&lt;ul&gt;&lt;li&gt;Present in Jet Lag: Japan (Season 6) 
Members who visited:
1) Sam
2) Scotty
Challenge: Paint or draw a local landscape
Challenge: Play Pocky Hockey&lt;/li&gt;&lt;/ul&gt;</description>
        <Style>
          <IconStyle>
            <color>fff5a542</color>
            <scale>1.2</scale>
            <Icon>
              <href>https://maps.google.com/mapfiles/kml/pushpin/wht-blank.png</href>
            </Icon>
          </IconStyle>
        </Style>
        <Point>
          <coordinates>139.7629866,35.6787659</coordinates>
        </Point>
      </Placemark>
      <Placemark>
        <name>Scotty Drawing Spot</name>
        <description>&lt;b&gt;Players:&lt;/b&gt; Scotty Allen&lt;br&gt;&lt;b&gt;Notes:&lt;/b&gt;&lt;ul&gt;&lt;li&gt;Present in Jet Lag: Japan (Season 6) 
Members who visited:
1) Scotty
Challenge: Paint or draw a local landscape
Challenge: Kawaii-fy your belongings&lt;/li&gt;&lt;/ul&gt;</description>
        <Style>
          <IconStyle>
            <color>fff5a542</color>
            <scale>1.2</scale>
            <Icon>
              <href>https://maps.google.com/mapfiles/kml/pushpin/wht-blank.png</href>
            </Icon>
          </IconStyle>
        </Style>
        <Point>
          <coordinates>139.7603015568961,35.67900689880784</coordinates>
        </Point>
      </Placemark>
      <Placemark>
        <name>Sam and Scotty Kawaii Bench</name>
        <description>&lt;b&gt;Team:&lt;/b&gt; Sam Denby &amp; Scotty Allen&lt;br&gt;&lt;b&gt;Notes:&lt;/b&gt;&lt;ul&gt;&lt;li&gt;Present in Jet Lag: Japan (Season 6) 
Members who visited:
1) Sam
2) Scotty
Challenge: Kawaii-fy your belongings
Challenge: Play Pocky Hockey&lt;/li&gt;&lt;/ul&gt;</description>
        <Style>
          <IconStyle>
            <color>fff5a542</color>
            <scale>1.2</scale>
            <Icon>
              <href>https://maps.google.com/mapfiles/kml/pushpin/wht-blank.png</href>
            </Icon>
          </IconStyle>
        </Style>
        <Point>
          <coordinates>139.7623936838603,35.67884795193113</coordinates>
        </Point>
      </Placemark>
      <Placemark>
        <name>Sam and Scotty Pocky Hockey Spot</name>
        <description>&lt;b&gt;Team:&lt;/b&gt; Sam Denby &amp; Scotty Allen&lt;br&gt;&lt;b&gt;Notes:&lt;/b&gt;&lt;ul&gt;&lt;li&gt;Present in Jet Lag: Japan (Season 6) 
Members who visited:
1) Sam
2) Scotty
Challenge: Play Pocky Hockey&lt;/li&gt;&lt;/ul&gt;</description>
        <Style>
          <IconStyle>
            <color>fff5a542</color>
            <scale>1.2</scale>
            <Icon>
              <href>https://maps.google.com/mapfiles/kml/pushpin/wht-blank.png</href>
            </Icon>
          </IconStyle>
        </Style>
        <Point>
          <coordinates>139.7621058124017,35.67884890515685</coordinates>
        </Point>
      </Placemark>
      <Placemark>
        <name>Sendai Station (Shinkansen)</name>
        <description>&lt;b&gt;Team:&lt;/b&gt; Sam Denby &amp; Scotty Allen&lt;br&gt;&lt;b&gt;Notes:&lt;/b&gt;&lt;ul&gt;&lt;li&gt;Present in Jet Lag: Japan (Season 6) 
Members who visited:
1) Sam
2) Scotty&lt;/li&gt;&lt;/ul&gt;</description>
        <Style>
          <IconStyle>
            <color>fff5a542</color>
            <scale>1.2</scale>
            <Icon>
              <href>https://maps.google.com/mapfiles/kml/pushpin/wht-blank.png</href>
            </Icon>
          </IconStyle>
        </Style>
        <Point>
          <coordinates>140.8818889,38.2593333</coordinates>
        </Point>
      </Placemark>
      <Placemark>
        <name>Round 2 Yellow Flag Vending Machine</name>
        <description>&lt;b&gt;Team:&lt;/b&gt; Sam Denby &amp; Scotty Allen&lt;br&gt;&lt;b&gt;Notes:&lt;/b&gt;&lt;ul&gt;&lt;li&gt;Present in Jet Lag: Japan (Season 6) 
Members who visited:
1) Sam
2) Scotty&lt;/li&gt;&lt;/ul&gt;</description>
        <Style>
          <IconStyle>
            <color>fff5a542</color>
            <scale>1.2</scale>
            <Icon>
              <href>https://maps.google.com/mapfiles/kml/pushpin/wht-blank.png</href>
            </Icon>
          </IconStyle>
        </Style>
        <Point>
          <coordinates>140.8793611,38.2628889</coordinates>
        </Point>
      </Placemark>
      <Placemark>
        <name>Sam walking with flag</name>
        <description>&lt;b&gt;Team:&lt;/b&gt; Sam Denby &amp; Scotty Allen&lt;br&gt;&lt;b&gt;Notes:&lt;/b&gt;&lt;ul&gt;&lt;li&gt;Present in Jet Lag: Japan (Season 6) 
Members who visited:
1) Sam
2) Scotty&lt;/li&gt;&lt;/ul&gt;</description>
        <Style>
          <IconStyle>
            <color>fff5a542</color>
            <scale>1.2</scale>
            <Icon>
              <href>https://maps.google.com/mapfiles/kml/pushpin/wht-blank.png</href>
            </Icon>
          </IconStyle>
        </Style>
        <Point>
          <coordinates>140.8781119295778,38.26331406615908</coordinates>
        </Point>
      </Placemark>
      <Placemark>
        <name>Omiya Station</name>
        <description>&lt;b&gt;Team:&lt;/b&gt; Sam Denby &amp; Scotty Allen&lt;br&gt;&lt;b&gt;Notes:&lt;/b&gt;&lt;ul&gt;&lt;li&gt;Present in Jet Lag: Japan (Season 6) 
Members who visited:
1) Sam
2) Scotty
3) Adam
4) Ben&lt;/li&gt;&lt;/ul&gt;</description>
        <Style>
          <IconStyle>
            <color>fff5a542</color>
            <scale>1.2</scale>
            <Icon>
              <href>https://maps.google.com/mapfiles/kml/pushpin/wht-blank.png</href>
            </Icon>
          </IconStyle>
        </Style>
        <Point>
          <coordinates>139.6240087776324,35.90643008207654</coordinates>
        </Point>
      </Placemark>
      <Placemark>
        <name>Utsunomiya Station</name>
        <description>&lt;b&gt;Team:&lt;/b&gt; Sam Denby &amp; Scotty Allen&lt;br&gt;&lt;b&gt;Notes:&lt;/b&gt;&lt;ul&gt;&lt;li&gt;Present in Jet Lag: Japan (Season 6) 
Members who visited:
1) Sam
2) Scotty&lt;/li&gt;&lt;/ul&gt;</description>
        <Style>
          <IconStyle>
            <color>fff5a542</color>
            <scale>1.2</scale>
            <Icon>
              <href>https://maps.google.com/mapfiles/kml/pushpin/wht-blank.png</href>
            </Icon>
          </IconStyle>
        </Style>
        <Point>
          <coordinates>139.8984595180704,36.55918276428743</coordinates>
        </Point>
      </Placemark>
      <Placemark>
        <name>Tobu Utsunomiya Station</name>
        <description>&lt;b&gt;Players:&lt;/b&gt; Scotty Allen&lt;br&gt;&lt;b&gt;Notes:&lt;/b&gt;&lt;ul&gt;&lt;li&gt;Present in Jet Lag: Japan (Season 6) 
Members who visited:
1) Scotty&lt;/li&gt;&lt;/ul&gt;</description>
        <Style>
          <IconStyle>
            <color>fff5a542</color>
            <scale>1.2</scale>
            <Icon>
              <href>https://maps.google.com/mapfiles/kml/pushpin/wht-blank.png</href>
            </Icon>
          </IconStyle>
        </Style>
        <Point>
          <coordinates>139.880633351056,36.55931719043333</coordinates>
        </Point>
      </Placemark>
      <Placemark>
        <name>Tochigi Station</name>
        <description>&lt;b&gt;Players:&lt;/b&gt; Scotty Allen&lt;br&gt;&lt;b&gt;Notes:&lt;/b&gt;&lt;ul&gt;&lt;li&gt;Present in Jet Lag: Japan (Season 6) 
Members who visited:
1) Scotty&lt;/li&gt;&lt;/ul&gt;</description>
        <Style>
          <IconStyle>
            <color>fff5a542</color>
            <scale>1.2</scale>
            <Icon>
              <href>https://maps.google.com/mapfiles/kml/pushpin/wht-blank.png</href>
            </Icon>
          </IconStyle>
        </Style>
        <Point>
          <coordinates>139.7313164538831,36.37165922790199</coordinates>
        </Point>
      </Placemark>
      <Placemark>
        <name>Scotty Noodle Newdays</name>
        <description>&lt;b&gt;Players:&lt;/b&gt; Scotty Allen&lt;br&gt;&lt;b&gt;Notes:&lt;/b&gt;&lt;ul&gt;&lt;li&gt;Present in Jet Lag: Japan (Season 6) 
Members who visited:
1) Scotty&lt;/li&gt;&lt;/ul&gt;</description>
        <Style>
          <IconStyle>
            <color>fff5a542</color>
            <scale>1.2</scale>
            <Icon>
              <href>https://maps.google.com/mapfiles/kml/pushpin/wht-blank.png</href>
            </Icon>
          </IconStyle>
        </Style>
        <Point>
          <coordinates>139.731187430492,36.37166005220551</coordinates>
        </Point>
      </Placemark>
      <Placemark>
        <name>Pizza Tower</name>
        <description>&lt;b&gt;Team:&lt;/b&gt; Sam Denby &amp; Scotty Allen&lt;br&gt;&lt;b&gt;Notes:&lt;/b&gt;&lt;ul&gt;&lt;li&gt;Present in Jet Lag: Japan (Season 6) 
Members who visited:
1) Sam (Victim)
2) Scotty (Victim)
3) Ben (Placer)&lt;/li&gt;&lt;/ul&gt;</description>
        <Style>
          <IconStyle>
            <color>fff5a542</color>
            <scale>1.2</scale>
            <Icon>
              <href>https://maps.google.com/mapfiles/kml/pushpin/wht-blank.png</href>
            </Icon>
          </IconStyle>
        </Style>
        <Point>
          <coordinates>139.6231826559228,35.90628602566514</coordinates>
        </Point>
      </Placemark>
      <Placemark>
        <name>Trap Tower</name>
        <description>&lt;b&gt;Players:&lt;/b&gt; Sam Denby&lt;br&gt;&lt;b&gt;Notes:&lt;/b&gt;&lt;ul&gt;&lt;li&gt;Present in Jet Lag: Japan (Season 6) 
Members who visited:
1) Sam (Victim)
2) Ben (Placer)&lt;/li&gt;&lt;/ul&gt;</description>
        <Style>
          <IconStyle>
            <color>fff5a542</color>
            <scale>1.2</scale>
            <Icon>
              <href>https://maps.google.com/mapfiles/kml/pushpin/wht-blank.png</href>
            </Icon>
          </IconStyle>
        </Style>
        <Point>
          <coordinates>139.623327228382,35.90631896402311</coordinates>
        </Point>
      </Placemark>
      <Placemark>
        <name>Shimbashi Station</name>
        <description>&lt;b&gt;Team:&lt;/b&gt; Sam Denby &amp; Scotty Allen&lt;br&gt;&lt;b&gt;Notes:&lt;/b&gt;&lt;ul&gt;&lt;li&gt;Present in Jet Lag: Japan (Season 6) 
Members who visited:
1) Sam
2) Scotty
3) Adam
4) Ben
Challenge: Break copyright law (Ben)
Challenge: Catch a Pokemon (Adam)
Challenge: Spend 15 minutes in a museum (Ben and Adam)&lt;/li&gt;&lt;/ul&gt;</description>
        <Style>
          <IconStyle>
            <color>fff5a542</color>
            <scale>1.2</scale>
            <Icon>
              <href>https://maps.google.com/mapfiles/kml/pushpin/wht-blank.png</href>
            </Icon>
          </IconStyle>
        </Style>
        <Point>
          <coordinates>139.758172618751,35.6666909393895</coordinates>
        </Point>
      </Placemark>
      <Placemark>
        <name>Takasaki Station</name>
        <description>&lt;b&gt;Players:&lt;/b&gt; Scotty Allen&lt;br&gt;&lt;b&gt;Notes:&lt;/b&gt;&lt;ul&gt;&lt;li&gt;Present in Jet Lag: Japan (Season 6) 
Members who visited:
1) Scotty&lt;/li&gt;&lt;/ul&gt;</description>
        <Style>
          <IconStyle>
            <color>fff5a542</color>
            <scale>1.2</scale>
            <Icon>
              <href>https://maps.google.com/mapfiles/kml/pushpin/wht-blank.png</href>
            </Icon>
          </IconStyle>
        </Style>
        <Point>
          <coordinates>139.0127780219444,36.3224888622544</coordinates>
        </Point>
      </Placemark>
      <Placemark>
        <name>Phototag Spot</name>
        <description>&lt;b&gt;Players:&lt;/b&gt; Sam Denby&lt;br&gt;&lt;b&gt;Notes:&lt;/b&gt;&lt;ul&gt;&lt;li&gt;Present in Jet Lag: Japan (Season 6) 
Members who visited:
1) Sam 
2) Ben (Tagged)&lt;/li&gt;&lt;/ul&gt;</description>
        <Style>
          <IconStyle>
            <color>fff5a542</color>
            <scale>1.2</scale>
            <Icon>
              <href>https://maps.google.com/mapfiles/kml/pushpin/wht-blank.png</href>
            </Icon>
          </IconStyle>
        </Style>
        <Point>
          <coordinates>139.7579756138032,35.66583654605434</coordinates>
        </Point>
      </Placemark>
      <Placemark>
        <name>Onarimon Station</name>
        <description>&lt;b&gt;Team:&lt;/b&gt; Sam Denby &amp; Scotty Allen&lt;br&gt;&lt;b&gt;Notes:&lt;/b&gt;&lt;ul&gt;&lt;li&gt;Present in Jet Lag: Japan (Season 6) 
Members who visited:
1) Sam
2) Scotty
3) Adam
4) Ben
Challenge: Collect 3 Mario Kart items (Ben)&lt;/li&gt;&lt;/ul&gt;</description>
        <Style>
          <IconStyle>
            <color>fff5a542</color>
            <scale>1.2</scale>
            <Icon>
              <href>https://maps.google.com/mapfiles/kml/pushpin/wht-blank.png</href>
            </Icon>
          </IconStyle>
        </Style>
        <Point>
          <coordinates>139.7512448057718,35.66056989498001</coordinates>
        </Point>
      </Placemark>
      <Placemark>
        <name>Phototag Spot</name>
        <description>&lt;b&gt;Players:&lt;/b&gt; Scotty Allen&lt;br&gt;&lt;b&gt;Notes:&lt;/b&gt;&lt;ul&gt;&lt;li&gt;Present in Jet Lag: Japan (Season 6) 
Members who visited:
1) Ben (Tagged)
2) Scotty
Challenge: Collect 3 Mario Kart items (Ben)&lt;/li&gt;&lt;/ul&gt;</description>
        <Style>
          <IconStyle>
            <color>fff5a542</color>
            <scale>1.2</scale>
            <Icon>
              <href>https://maps.google.com/mapfiles/kml/pushpin/wht-blank.png</href>
            </Icon>
          </IconStyle>
        </Style>
        <Point>
          <coordinates>139.7513194228582,35.66069554402843</coordinates>
        </Point>
      </Placemark>
      <Placemark>
        <name>Round 3 Yellow Flag Vending Machine</name>
        <description>&lt;b&gt;Players:&lt;/b&gt; Scotty Allen&lt;br&gt;&lt;b&gt;Notes:&lt;/b&gt;&lt;ul&gt;&lt;li&gt;Present in Jet Lag: Japan (Season 6) 
Members who visited:
1) Scotty&lt;/li&gt;&lt;/ul&gt;</description>
        <Style>
          <IconStyle>
            <color>fff5a542</color>
            <scale>1.2</scale>
            <Icon>
              <href>https://maps.google.com/mapfiles/kml/pushpin/wht-blank.png</href>
            </Icon>
          </IconStyle>
        </Style>
        <Point>
          <coordinates>139.9079984,35.8389264</coordinates>
        </Point>
      </Placemark>
      <Placemark>
        <name>Minami Nagareyama Station</name>
        <description>&lt;b&gt;Players:&lt;/b&gt; Scotty Allen&lt;br&gt;&lt;b&gt;Notes:&lt;/b&gt;&lt;ul&gt;&lt;li&gt;Present in Jet Lag: Japan (Season 6) 
Members who visited:
1) Scotty&lt;/li&gt;&lt;/ul&gt;</description>
        <Style>
          <IconStyle>
            <color>fff5a542</color>
            <scale>1.2</scale>
            <Icon>
              <href>https://maps.google.com/mapfiles/kml/pushpin/wht-blank.png</href>
            </Icon>
          </IconStyle>
        </Style>
        <Point>
          <coordinates>139.9041397788033,35.83792422771724</coordinates>
        </Point>
      </Placemark>
      <Placemark>
        <name>Nishi-Funabashi Station</name>
        <description>&lt;b&gt;Players:&lt;/b&gt; Scotty Allen&lt;br&gt;&lt;b&gt;Notes:&lt;/b&gt;&lt;ul&gt;&lt;li&gt;Present in Jet Lag: Japan (Season 6) 
Members who visited:
1) Scotty&lt;/li&gt;&lt;/ul&gt;</description>
        <Style>
          <IconStyle>
            <color>fff5a542</color>
            <scale>1.2</scale>
            <Icon>
              <href>https://maps.google.com/mapfiles/kml/pushpin/wht-blank.png</href>
            </Icon>
          </IconStyle>
        </Style>
        <Point>
          <coordinates>139.9589531464844,35.70742401248011</coordinates>
        </Point>
      </Placemark>
      <Placemark>
        <name>Toyocho Station</name>
        <description>&lt;b&gt;Players:&lt;/b&gt; Scotty Allen&lt;br&gt;&lt;b&gt;Notes:&lt;/b&gt;&lt;ul&gt;&lt;li&gt;Present in Jet Lag: Japan (Season 6) 
Members who visited:
1) Scotty&lt;/li&gt;&lt;/ul&gt;</description>
        <Style>
          <IconStyle>
            <color>fff5a542</color>
            <scale>1.2</scale>
            <Icon>
              <href>https://maps.google.com/mapfiles/kml/pushpin/wht-blank.png</href>
            </Icon>
          </IconStyle>
        </Style>
        <Point>
          <coordinates>139.8173142431093,35.66959750039032</coordinates>
        </Point>
      </Placemark>
      <Placemark>
        <name>Shiomi Station</name>
        <description>&lt;b&gt;Players:&lt;/b&gt; Scotty Allen&lt;br&gt;&lt;b&gt;Notes:&lt;/b&gt;&lt;ul&gt;&lt;li&gt;Present in Jet Lag: Japan (Season 6) 
Members who visited:
1) Scotty&lt;/li&gt;&lt;/ul&gt;</description>
        <Style>
          <IconStyle>
            <color>fff5a542</color>
            <scale>1.2</scale>
            <Icon>
              <href>https://maps.google.com/mapfiles/kml/pushpin/wht-blank.png</href>
            </Icon>
          </IconStyle>
        </Style>
        <Point>
          <coordinates>139.8172983471907,35.65882031374605</coordinates>
        </Point>
      </Placemark>
      <Placemark>
        <name>Niigata Station</name>
        <description>&lt;b&gt;Players:&lt;/b&gt; Sam Denby&lt;br&gt;&lt;b&gt;Notes:&lt;/b&gt;&lt;ul&gt;&lt;li&gt;Present in Jet Lag: Japan (Season 6) 
Members who visited:
1) Sam&lt;/li&gt;&lt;/ul&gt;</description>
        <Style>
          <IconStyle>
            <color>fff5a542</color>
            <scale>1.2</scale>
            <Icon>
              <href>https://maps.google.com/mapfiles/kml/pushpin/wht-blank.png</href>
            </Icon>
          </IconStyle>
        </Style>
        <Point>
          <coordinates>139.0614525773255,37.91201431335053</coordinates>
        </Point>
      </Placemark>
      <Placemark>
        <name>Higashi Niigata Station</name>
        <description>&lt;b&gt;Players:&lt;/b&gt; Sam Denby&lt;br&gt;&lt;b&gt;Notes:&lt;/b&gt;&lt;ul&gt;&lt;li&gt;Present in Jet Lag: Japan (Season 6) 
Members who visited:
1) Sam&lt;/li&gt;&lt;/ul&gt;</description>
        <Style>
          <IconStyle>
            <color>fff5a542</color>
            <scale>1.2</scale>
            <Icon>
              <href>https://maps.google.com/mapfiles/kml/pushpin/wht-blank.png</href>
            </Icon>
          </IconStyle>
        </Style>
        <Point>
          <coordinates>139.1088044596231,37.90872336275352</coordinates>
        </Point>
      </Placemark>
      <Placemark>
        <name>Round 3 Yellow Vending Machine</name>
        <description>&lt;b&gt;Players:&lt;/b&gt; Sam Denby&lt;br&gt;&lt;b&gt;Notes:&lt;/b&gt;&lt;ul&gt;&lt;li&gt;Present in Jet Lag: Japan (Season 6) 
Members who visited:
1) Sam&lt;/li&gt;&lt;/ul&gt;</description>
        <Style>
          <IconStyle>
            <color>fff5a542</color>
            <scale>1.2</scale>
            <Icon>
              <href>https://maps.google.com/mapfiles/kml/pushpin/wht-blank.png</href>
            </Icon>
          </IconStyle>
        </Style>
        <Point>
          <coordinates>139.1092063,37.9068796</coordinates>
        </Point>
      </Placemark>
      <Placemark>
        <name>Sam walking with flag</name>
        <description>&lt;b&gt;Players:&lt;/b&gt; Sam Denby&lt;br&gt;&lt;b&gt;Notes:&lt;/b&gt;&lt;ul&gt;&lt;li&gt;Present in Jet Lag: Japan (Season 6) 
Members who visited:
1) Sam&lt;/li&gt;&lt;/ul&gt;</description>
        <Style>
          <IconStyle>
            <color>fff5a542</color>
            <scale>1.2</scale>
            <Icon>
              <href>https://maps.google.com/mapfiles/kml/pushpin/wht-blank.png</href>
            </Icon>
          </IconStyle>
        </Style>
        <Point>
          <coordinates>139.1110312,37.9051177</coordinates>
        </Point>
      </Placemark>
      <Placemark>
        <name>Urasa Station</name>
        <description>&lt;b&gt;Players:&lt;/b&gt; Sam Denby&lt;br&gt;&lt;b&gt;Notes:&lt;/b&gt;&lt;ul&gt;&lt;li&gt;Present in Jet Lag: Japan (Season 6) 
Members who visited:
1) Sam
2) Adam&lt;/li&gt;&lt;/ul&gt;</description>
        <Style>
          <IconStyle>
            <color>fff5a542</color>
            <scale>1.2</scale>
            <Icon>
              <href>https://maps.google.com/mapfiles/kml/pushpin/wht-blank.png</href>
            </Icon>
          </IconStyle>
        </Style>
        <Point>
          <coordinates>138.9228357073569,37.16764905412104</coordinates>
        </Point>
      </Placemark>
      <Placemark>
        <name>Lightning Tower</name>
        <description>&lt;b&gt;Players:&lt;/b&gt; Sam Denby&lt;br&gt;&lt;b&gt;Notes:&lt;/b&gt;&lt;ul&gt;&lt;li&gt;Present in Jet Lag: Japan (Season 6) 
Members who visited:
1) Sam (Victim)
2) Adam (Placer)&lt;/li&gt;&lt;/ul&gt;</description>
        <Style>
          <IconStyle>
            <color>fff5a542</color>
            <scale>1.2</scale>
            <Icon>
              <href>https://maps.google.com/mapfiles/kml/pushpin/wht-blank.png</href>
            </Icon>
          </IconStyle>
        </Style>
        <Point>
          <coordinates>138.922828513229,37.16751009997988</coordinates>
        </Point>
      </Placemark>
      <Placemark>
        <name>Trap Tower</name>
        <description>&lt;b&gt;Players:&lt;/b&gt; Sam Denby&lt;br&gt;&lt;b&gt;Notes:&lt;/b&gt;&lt;ul&gt;&lt;li&gt;Present in Jet Lag: Japan (Season 6) 
Members who visited:
1) Sam (Victim)
2) Adam (Placer)&lt;/li&gt;&lt;/ul&gt;</description>
        <Style>
          <IconStyle>
            <color>fff5a542</color>
            <scale>1.2</scale>
            <Icon>
              <href>https://maps.google.com/mapfiles/kml/pushpin/wht-blank.png</href>
            </Icon>
          </IconStyle>
        </Style>
        <Point>
          <coordinates>138.9228307269431,37.16750359962077</coordinates>
        </Point>
      </Placemark>
      <Placemark>
        <name>Akihabara Station</name>
        <description>&lt;b&gt;Team:&lt;/b&gt; Sam Denby &amp; Scotty Allen&lt;br&gt;&lt;b&gt;Notes:&lt;/b&gt;&lt;ul&gt;&lt;li&gt;Present in Jet Lag: Japan (Season 6) 
Members who visited:
1) Sam
2) Scotty
3) Adam
Challenge: Meet your local Yuru-Chara (Scotty)&lt;/li&gt;&lt;/ul&gt;</description>
        <Style>
          <IconStyle>
            <color>fff5a542</color>
            <scale>1.2</scale>
            <Icon>
              <href>https://maps.google.com/mapfiles/kml/pushpin/wht-blank.png</href>
            </Icon>
          </IconStyle>
        </Style>
        <Point>
          <coordinates>139.7731692049207,35.69835467875529</coordinates>
        </Point>
      </Placemark>
      <Placemark>
        <name>Yairo Station</name>
        <description>&lt;b&gt;Players:&lt;/b&gt; Sam Denby&lt;br&gt;&lt;b&gt;Notes:&lt;/b&gt;&lt;ul&gt;&lt;li&gt;Present in Jet Lag: Japan (Season 6) 
Members who visited:
1) Sam
2) Adam&lt;/li&gt;&lt;/ul&gt;</description>
        <Style>
          <IconStyle>
            <color>fff5a542</color>
            <scale>1.2</scale>
            <Icon>
              <href>https://maps.google.com/mapfiles/kml/pushpin/wht-blank.png</href>
            </Icon>
          </IconStyle>
        </Style>
        <Point>
          <coordinates>138.9350453360557,37.19180671963453</coordinates>
        </Point>
      </Placemark>
      <Placemark>
        <name>Jail Tower</name>
        <description>&lt;b&gt;Players:&lt;/b&gt; Sam Denby&lt;br&gt;&lt;b&gt;Notes:&lt;/b&gt;&lt;ul&gt;&lt;li&gt;Present in Jet Lag: Japan (Season 6) 
Members who visited:
1) Sam (Placer)
2) Adam (Victim)&lt;/li&gt;&lt;/ul&gt;</description>
        <Style>
          <IconStyle>
            <color>fff5a542</color>
            <scale>1.2</scale>
            <Icon>
              <href>https://maps.google.com/mapfiles/kml/pushpin/wht-blank.png</href>
            </Icon>
          </IconStyle>
        </Style>
        <Point>
          <coordinates>138.9350355,37.1922989</coordinates>
        </Point>
      </Placemark>
      <Placemark>
        <name>Phototag Spot</name>
        <description>&lt;b&gt;Players:&lt;/b&gt; Sam Denby&lt;br&gt;&lt;b&gt;Notes:&lt;/b&gt;&lt;ul&gt;&lt;li&gt;Present in Jet Lag: Japan (Season 6) 
Members who visited:
1) Sam (Tagged)
2) Adam&lt;/li&gt;&lt;/ul&gt;</description>
        <Style>
          <IconStyle>
            <color>fff5a542</color>
            <scale>1.2</scale>
            <Icon>
              <href>https://maps.google.com/mapfiles/kml/pushpin/wht-blank.png</href>
            </Icon>
          </IconStyle>
        </Style>
        <Point>
          <coordinates>138.9359816262092,37.19264922984872</coordinates>
        </Point>
      </Placemark>
      <Placemark>
        <name>Shinjuku Station</name>
        <description>&lt;b&gt;Players:&lt;/b&gt; Scotty Allen&lt;br&gt;&lt;b&gt;Notes:&lt;/b&gt;&lt;ul&gt;&lt;li&gt;Present in Jet Lag: Japan (Season 6) 
Members who visited:
1) Scotty
2) Ben
Challenge: Clean up 3 pieces of litter (Ben)&lt;/li&gt;&lt;/ul&gt;</description>
        <Style>
          <IconStyle>
            <color>fff5a542</color>
            <scale>1.2</scale>
            <Icon>
              <href>https://maps.google.com/mapfiles/kml/pushpin/wht-blank.png</href>
            </Icon>
          </IconStyle>
        </Style>
        <Point>
          <coordinates>139.7010527004626,35.68860566483347</coordinates>
        </Point>
      </Placemark>
      <Placemark>
        <name>Kofu Station</name>
        <description>&lt;b&gt;Players:&lt;/b&gt; Scotty Allen&lt;br&gt;&lt;b&gt;Notes:&lt;/b&gt;&lt;ul&gt;&lt;li&gt;Present in Jet Lag: Japan (Season 6) 
Members who visited:
1) Scotty
2) Ben
Challenge: Clean up 3 pieces of litter (Ben)
Challenge: Spend exactly 940 yen (Ben)&lt;/li&gt;&lt;/ul&gt;</description>
        <Style>
          <IconStyle>
            <color>fff5a542</color>
            <scale>1.2</scale>
            <Icon>
              <href>https://maps.google.com/mapfiles/kml/pushpin/wht-blank.png</href>
            </Icon>
          </IconStyle>
        </Style>
        <Point>
          <coordinates>138.5690320192994,35.66722603469459</coordinates>
        </Point>
      </Placemark>
      <Placemark>
        <name>Mud Tower</name>
        <description>&lt;b&gt;Players:&lt;/b&gt; Scotty Allen&lt;br&gt;&lt;b&gt;Notes:&lt;/b&gt;&lt;ul&gt;&lt;li&gt;Present in Jet Lag: Japan (Season 6) 
Members who visited:
1) Scotty (Victim)
2) Ben (Placer)&lt;/li&gt;&lt;/ul&gt;</description>
        <Style>
          <IconStyle>
            <color>fff5a542</color>
            <scale>1.2</scale>
            <Icon>
              <href>https://maps.google.com/mapfiles/kml/pushpin/wht-blank.png</href>
            </Icon>
          </IconStyle>
        </Style>
        <Point>
          <coordinates>138.5692413907929,35.66720452856953</coordinates>
        </Point>
      </Placemark>
      <Placemark>
        <name>Pizza Tower</name>
        <description>&lt;b&gt;Players:&lt;/b&gt; Scotty Allen&lt;br&gt;&lt;b&gt;Notes:&lt;/b&gt;&lt;ul&gt;&lt;li&gt;Present in Jet Lag: Japan (Season 6) 
Members who visited:
1) Scotty (Placer)
2) Ben (Victim)&lt;/li&gt;&lt;/ul&gt;</description>
        <Style>
          <IconStyle>
            <color>fff5a542</color>
            <scale>1.2</scale>
            <Icon>
              <href>https://maps.google.com/mapfiles/kml/pushpin/wht-blank.png</href>
            </Icon>
          </IconStyle>
        </Style>
        <Point>
          <coordinates>138.5693319231909,35.6672227469594</coordinates>
        </Point>
      </Placemark>
      <Placemark>
        <name>Jail Tower</name>
        <description>&lt;b&gt;Players:&lt;/b&gt; Scotty Allen&lt;br&gt;&lt;b&gt;Notes:&lt;/b&gt;&lt;ul&gt;&lt;li&gt;Present in Jet Lag: Japan (Season 6) 
Members who visited:
1) Scotty (Placer)
2) Ben (Victim)&lt;/li&gt;&lt;/ul&gt;</description>
        <Style>
          <IconStyle>
            <color>fff5a542</color>
            <scale>1.2</scale>
            <Icon>
              <href>https://maps.google.com/mapfiles/kml/pushpin/wht-blank.png</href>
            </Icon>
          </IconStyle>
        </Style>
        <Point>
          <coordinates>138.5693084309393,35.6672091594922</coordinates>
        </Point>
      </Placemark>
      <Placemark>
        <name>Phototag Spot</name>
        <description>&lt;b&gt;Players:&lt;/b&gt; Scotty Allen&lt;br&gt;&lt;b&gt;Notes:&lt;/b&gt;&lt;ul&gt;&lt;li&gt;Present in Jet Lag: Japan (Season 6) 
Members who visited:
1) Scotty
2) Ben (Tagged)&lt;/li&gt;&lt;/ul&gt;</description>
        <Style>
          <IconStyle>
            <color>fff5a542</color>
            <scale>1.2</scale>
            <Icon>
              <href>https://maps.google.com/mapfiles/kml/pushpin/wht-blank.png</href>
            </Icon>
          </IconStyle>
        </Style>
        <Point>
          <coordinates>138.5662767484128,35.67111118938712</coordinates>
        </Point>
      </Placemark>
      <Placemark>
        <name>Vampire Tower</name>
        <description>&lt;b&gt;Players:&lt;/b&gt; Sam Denby&lt;br&gt;&lt;b&gt;Notes:&lt;/b&gt;&lt;ul&gt;&lt;li&gt;Present in Jet Lag: Japan (Season 6) 
Members who visited:
1) Sam (Victim)
2) Adam (Placer)&lt;/li&gt;&lt;/ul&gt;</description>
        <Style>
          <IconStyle>
            <color>fff5a542</color>
            <scale>1.2</scale>
            <Icon>
              <href>https://maps.google.com/mapfiles/kml/pushpin/wht-blank.png</href>
            </Icon>
          </IconStyle>
        </Style>
        <Point>
          <coordinates>139.7566892180072,35.66634099335241</coordinates>
        </Point>
      </Placemark>
      <Placemark>
        <name>Phototag Spot</name>
        <description>&lt;b&gt;Players:&lt;/b&gt; Sam Denby&lt;br&gt;&lt;b&gt;Notes:&lt;/b&gt;&lt;ul&gt;&lt;li&gt;Present in Jet Lag: Japan (Season 6) 
Members who visited:
1) Sam 
2) Adam (Tagged)
Challenge: Eat wagyu (Adam)&lt;/li&gt;&lt;/ul&gt;</description>
        <Style>
          <IconStyle>
            <color>fff5a542</color>
            <scale>1.2</scale>
            <Icon>
              <href>https://maps.google.com/mapfiles/kml/pushpin/wht-blank.png</href>
            </Icon>
          </IconStyle>
        </Style>
        <Point>
          <coordinates>139.7535196,35.6618674</coordinates>
        </Point>
      </Placemark>
      <Placemark>
        <name>Phototag Spot</name>
        <description>&lt;b&gt;Players:&lt;/b&gt; Sam Denby&lt;br&gt;&lt;b&gt;Notes:&lt;/b&gt;&lt;ul&gt;&lt;li&gt;Present in Jet Lag: Japan (Season 6) 
Members who visited:
1) Sam 
2) Adam (Tagged)
Challenge: Get a half mile from nearest 7-11 (Adam)&lt;/li&gt;&lt;/ul&gt;</description>
        <Style>
          <IconStyle>
            <color>fff5a542</color>
            <scale>1.2</scale>
            <Icon>
              <href>https://maps.google.com/mapfiles/kml/pushpin/wht-blank.png</href>
            </Icon>
          </IconStyle>
        </Style>
        <Point>
          <coordinates>139.7556332,35.6778493</coordinates>
        </Point>
      </Placemark>
      <Placemark>
        <name>Odawara Station</name>
        <description>&lt;b&gt;Team:&lt;/b&gt; Sam Denby &amp; Scotty Allen&lt;br&gt;&lt;b&gt;Notes:&lt;/b&gt;&lt;ul&gt;&lt;li&gt;Present in Jet Lag: Japan (Season 6) 
Members who visited:
1) Sam
2) Scotty
3) Adam
4) Ben
Challenge: Spend 15 minutes in a museum (Ben and Adam)
Challenge: Do 100 squats (Ben and Adam)&lt;/li&gt;&lt;/ul&gt;</description>
        <Style>
          <IconStyle>
            <color>fff5a542</color>
            <scale>1.2</scale>
            <Icon>
              <href>https://maps.google.com/mapfiles/kml/pushpin/wht-blank.png</href>
            </Icon>
          </IconStyle>
        </Style>
        <Point>
          <coordinates>139.1553932,35.2564449</coordinates>
        </Point>
      </Placemark>
      <Placemark>
        <name>Tokiwa Kimon Samurai Centre</name>
        <description>&lt;b&gt;Players:&lt;/b&gt; Sam Denby&lt;br&gt;&lt;b&gt;Notes:&lt;/b&gt;&lt;ul&gt;&lt;li&gt;Present in Jet Lag: Japan (Season 6) 
Members who visited:
1) Sam
2) Adam
3) Ben 
Challenge: Spend 15 minutes in a museum (Ben and Adam)&lt;/li&gt;&lt;/ul&gt;</description>
        <Style>
          <IconStyle>
            <color>fff5a542</color>
            <scale>1.2</scale>
            <Icon>
              <href>https://maps.google.com/mapfiles/kml/pushpin/wht-blank.png</href>
            </Icon>
          </IconStyle>
        </Style>
        <Point>
          <coordinates>139.1545956,35.2505602</coordinates>
        </Point>
      </Placemark>
      <Placemark>
        <name>Ice Tower</name>
        <description>&lt;b&gt;Team:&lt;/b&gt; Sam Denby &amp; Scotty Allen&lt;br&gt;&lt;b&gt;Notes:&lt;/b&gt;&lt;ul&gt;&lt;li&gt;Present in Jet Lag: Japan (Season 6) 
Members who visited:
1) Sam (Victim)
2) Scotty (Victim)
3) Adam (Placer)
4) Ben (Placer)&lt;/li&gt;&lt;/ul&gt;</description>
        <Style>
          <IconStyle>
            <color>fff5a542</color>
            <scale>1.2</scale>
            <Icon>
              <href>https://maps.google.com/mapfiles/kml/pushpin/wht-blank.png</href>
            </Icon>
          </IconStyle>
        </Style>
        <Point>
          <coordinates>139.1547385169059,35.25064257712651</coordinates>
        </Point>
      </Placemark>
      <Placemark>
        <name>Castle</name>
        <description>&lt;b&gt;Players:&lt;/b&gt; Sam Denby&lt;br&gt;&lt;b&gt;Notes:&lt;/b&gt;&lt;ul&gt;&lt;li&gt;Present in Jet Lag: Japan (Season 6) 
Members who visited:
1) Sam&lt;/li&gt;&lt;/ul&gt;</description>
        <Style>
          <IconStyle>
            <color>fff5a542</color>
            <scale>1.2</scale>
            <Icon>
              <href>https://maps.google.com/mapfiles/kml/pushpin/wht-blank.png</href>
            </Icon>
          </IconStyle>
        </Style>
        <Point>
          <coordinates>139.1534209592911,35.25110645321137</coordinates>
        </Point>
      </Placemark>
      <Placemark>
        <name>Phototag Spot</name>
        <description>&lt;b&gt;Players:&lt;/b&gt; Sam Denby&lt;br&gt;&lt;b&gt;Notes:&lt;/b&gt;&lt;ul&gt;&lt;li&gt;Present in Jet Lag: Japan (Season 6) 
Members who visited:
1) Sam
2) Adam (Tagged)
3) Ben (Tagged)&lt;/li&gt;&lt;/ul&gt;</description>
        <Style>
          <IconStyle>
            <color>fff5a542</color>
            <scale>1.2</scale>
            <Icon>
              <href>https://maps.google.com/mapfiles/kml/pushpin/wht-blank.png</href>
            </Icon>
          </IconStyle>
        </Style>
        <Point>
          <coordinates>139.1548055934446,35.25064676796121</coordinates>
        </Point>
      </Placemark>
      <Placemark>
        <name>Shin Yokohama Station</name>
        <description>&lt;b&gt;Team:&lt;/b&gt; Sam Denby &amp; Scotty Allen&lt;br&gt;&lt;b&gt;Notes:&lt;/b&gt;&lt;ul&gt;&lt;li&gt;Present in Jet Lag: Japan (Season 6) 
Members who visited:
1) Sam
2) Scotty&lt;/li&gt;&lt;/ul&gt;</description>
        <Style>
          <IconStyle>
            <color>fff5a542</color>
            <scale>1.2</scale>
            <Icon>
              <href>https://maps.google.com/mapfiles/kml/pushpin/wht-blank.png</href>
            </Icon>
          </IconStyle>
        </Style>
        <Point>
          <coordinates>139.6177262290807,35.50748154296164</coordinates>
        </Point>
      </Placemark>
      <Placemark>
        <name>Gravity Tower</name>
        <description>&lt;b&gt;Team:&lt;/b&gt; Sam Denby &amp; Scotty Allen&lt;br&gt;&lt;b&gt;Notes:&lt;/b&gt;&lt;ul&gt;&lt;li&gt;Present in Jet Lag: Japan (Season 6) 
Members who visited:
1) Sam (Victim)
2) Scotty (Victim)
3) Adam (Placer)
4) Ben (Placer)&lt;/li&gt;&lt;/ul&gt;</description>
        <Style>
          <IconStyle>
            <color>fff5a542</color>
            <scale>1.2</scale>
            <Icon>
              <href>https://maps.google.com/mapfiles/kml/pushpin/wht-blank.png</href>
            </Icon>
          </IconStyle>
        </Style>
        <Point>
          <coordinates>139.1548354321285,35.25624254318172</coordinates>
        </Point>
      </Placemark>
      <Placemark>
        <name>Vampire Tower</name>
        <description>&lt;b&gt;Team:&lt;/b&gt; Sam Denby &amp; Scotty Allen&lt;br&gt;&lt;b&gt;Notes:&lt;/b&gt;&lt;ul&gt;&lt;li&gt;Present in Jet Lag: Japan (Season 6) 
Members who visited:
1) Sam (Placer)
2) Scotty (Placer)
3) Adam (Victim)
4) Ben (Victim)&lt;/li&gt;&lt;/ul&gt;</description>
        <Style>
          <IconStyle>
            <color>fff5a542</color>
            <scale>1.2</scale>
            <Icon>
              <href>https://maps.google.com/mapfiles/kml/pushpin/wht-blank.png</href>
            </Icon>
          </IconStyle>
        </Style>
        <Point>
          <coordinates>139.1548130448286,35.25616405963451</coordinates>
        </Point>
      </Placemark>
      <Placemark>
        <name>Jail Tower</name>
        <description>&lt;b&gt;Team:&lt;/b&gt; Sam Denby &amp; Scotty Allen&lt;br&gt;&lt;b&gt;Notes:&lt;/b&gt;&lt;ul&gt;&lt;li&gt;Present in Jet Lag: Japan (Season 6) 
Members who visited:
1) Sam (Placer)
2) Scotty (Placer)
3) Adam (Victim)
4) Ben (Victim)&lt;/li&gt;&lt;/ul&gt;</description>
        <Style>
          <IconStyle>
            <color>fff5a542</color>
            <scale>1.2</scale>
            <Icon>
              <href>https://maps.google.com/mapfiles/kml/pushpin/wht-blank.png</href>
            </Icon>
          </IconStyle>
        </Style>
        <Point>
          <coordinates>139.1548093831907,35.25617566521269</coordinates>
        </Point>
      </Placemark>
      <Placemark>
        <name>Mishima Station</name>
        <description>&lt;b&gt;Players:&lt;/b&gt; Scotty Allen&lt;br&gt;&lt;b&gt;Notes:&lt;/b&gt;&lt;ul&gt;&lt;li&gt;Present in Jet Lag: Japan (Season 6) 
Members who visited:
1) Scotty
2) Adam 
3) Ben&lt;/li&gt;&lt;/ul&gt;</description>
        <Style>
          <IconStyle>
            <color>fff5a542</color>
            <scale>1.2</scale>
            <Icon>
              <href>https://maps.google.com/mapfiles/kml/pushpin/wht-blank.png</href>
            </Icon>
          </IconStyle>
        </Style>
        <Point>
          <coordinates>138.9101551384619,35.1266594398869</coordinates>
        </Point>
      </Placemark>
      <Placemark>
        <name>Hamamatsu Station</name>
        <description>&lt;b&gt;Players:&lt;/b&gt; Scotty Allen&lt;br&gt;&lt;b&gt;Notes:&lt;/b&gt;&lt;ul&gt;&lt;li&gt;Present in Jet Lag: Japan (Season 6) 
Members who visited:
1) Scotty
2) Adam 
3) Ben
Curse: Get on a late train (Ben and Adam)&lt;/li&gt;&lt;/ul&gt;</description>
        <Style>
          <IconStyle>
            <color>fff5a542</color>
            <scale>1.2</scale>
            <Icon>
              <href>https://maps.google.com/mapfiles/kml/pushpin/wht-blank.png</href>
            </Icon>
          </IconStyle>
        </Style>
        <Point>
          <coordinates>137.7352298964205,34.70387874019868</coordinates>
        </Point>
      </Placemark>
      <Placemark>
        <name>Mud Tower</name>
        <description>&lt;b&gt;Players:&lt;/b&gt; Scotty Allen&lt;br&gt;&lt;b&gt;Notes:&lt;/b&gt;&lt;ul&gt;&lt;li&gt;Present in Jet Lag: Japan (Season 6) 
Members who visited:
1) Scotty (Victim)
2) Adam (Placer)
3) Ben (Placer)&lt;/li&gt;&lt;/ul&gt;</description>
        <Style>
          <IconStyle>
            <color>fff5a542</color>
            <scale>1.2</scale>
            <Icon>
              <href>https://maps.google.com/mapfiles/kml/pushpin/wht-blank.png</href>
            </Icon>
          </IconStyle>
        </Style>
        <Point>
          <coordinates>137.7349383632585,34.70347786231753</coordinates>
        </Point>
      </Placemark>
      <Placemark>
        <name>Phototag Spot</name>
        <description>&lt;b&gt;Players:&lt;/b&gt; Scotty Allen&lt;br&gt;&lt;b&gt;Notes:&lt;/b&gt;&lt;ul&gt;&lt;li&gt;Present in Jet Lag: Japan (Season 6) 
Members who visited:
1) Scotty
2) Adam (Tagged)
3) Ben (Tagged)&lt;/li&gt;&lt;/ul&gt;</description>
        <Style>
          <IconStyle>
            <color>fff5a542</color>
            <scale>1.2</scale>
            <Icon>
              <href>https://maps.google.com/mapfiles/kml/pushpin/wht-blank.png</href>
            </Icon>
          </IconStyle>
        </Style>
        <Point>
          <coordinates>137.734875421144,34.70341910068586</coordinates>
        </Point>
      </Placemark>
      <Placemark>
        <name>Tameike-sannō Sta.</name>
        <description>&lt;b&gt;Players:&lt;/b&gt; Scotty Allen&lt;br&gt;&lt;b&gt;Notes:&lt;/b&gt;&lt;ul&gt;&lt;li&gt;Present in Jet Lag: Japan (Season 6) 
Members who visited:
1) Scotty
2) Ben&lt;/li&gt;&lt;/ul&gt;</description>
        <Style>
          <IconStyle>
            <color>fff5a542</color>
            <scale>1.2</scale>
            <Icon>
              <href>https://maps.google.com/mapfiles/kml/pushpin/wht-blank.png</href>
            </Icon>
          </IconStyle>
        </Style>
        <Point>
          <coordinates>139.7414004,35.6721312</coordinates>
        </Point>
      </Placemark>
      <Placemark>
        <name>Phototag Spot</name>
        <description>&lt;b&gt;Players:&lt;/b&gt; Sam Denby&lt;br&gt;&lt;b&gt;Notes:&lt;/b&gt;&lt;ul&gt;&lt;li&gt;Present in Jet Lag: Japan (Season 6) 
Members who visited:
1) Sam (Tagged)
2) Adam&lt;/li&gt;&lt;/ul&gt;</description>
        <Style>
          <IconStyle>
            <color>fff5a542</color>
            <scale>1.2</scale>
            <Icon>
              <href>https://maps.google.com/mapfiles/kml/pushpin/wht-blank.png</href>
            </Icon>
          </IconStyle>
        </Style>
        <Point>
          <coordinates>139.7717881172849,35.69585755585052</coordinates>
        </Point>
      </Placemark>
      <Placemark>
        <name>Akasaka-Mitsuke Station</name>
        <description>&lt;b&gt;Players:&lt;/b&gt; Scotty Allen&lt;br&gt;&lt;b&gt;Notes:&lt;/b&gt;&lt;ul&gt;&lt;li&gt;Present in Jet Lag: Japan (Season 6) 
Members who visited:
1) Scotty
2) Ben&lt;/li&gt;&lt;/ul&gt;</description>
        <Style>
          <IconStyle>
            <color>fff5a542</color>
            <scale>1.2</scale>
            <Icon>
              <href>https://maps.google.com/mapfiles/kml/pushpin/wht-blank.png</href>
            </Icon>
          </IconStyle>
        </Style>
        <Point>
          <coordinates>139.7372686,35.6767946</coordinates>
        </Point>
      </Placemark>
      <Placemark>
        <name>Awajichō Sta.</name>
        <description>&lt;b&gt;Players:&lt;/b&gt; Sam Denby&lt;br&gt;&lt;b&gt;Notes:&lt;/b&gt;&lt;ul&gt;&lt;li&gt;Present in Jet Lag: Japan (Season 6) 
Members who visited:
1) Sam&lt;/li&gt;&lt;/ul&gt;</description>
        <Style>
          <IconStyle>
            <color>fff5a542</color>
            <scale>1.2</scale>
            <Icon>
              <href>https://maps.google.com/mapfiles/kml/pushpin/wht-blank.png</href>
            </Icon>
          </IconStyle>
        </Style>
        <Point>
          <coordinates>139.7674597,35.69496</coordinates>
        </Point>
      </Placemark>
      <Placemark>
        <name>Korakuen Sta.</name>
        <description>&lt;b&gt;Players:&lt;/b&gt; Sam Denby&lt;br&gt;&lt;b&gt;Notes:&lt;/b&gt;&lt;ul&gt;&lt;li&gt;Present in Jet Lag: Japan (Season 6) 
Members who visited:
1) Sam&lt;/li&gt;&lt;/ul&gt;</description>
        <Style>
          <IconStyle>
            <color>fff5a542</color>
            <scale>1.2</scale>
            <Icon>
              <href>https://maps.google.com/mapfiles/kml/pushpin/wht-blank.png</href>
            </Icon>
          </IconStyle>
        </Style>
        <Point>
          <coordinates>139.7518216,35.7084859</coordinates>
        </Point>
      </Placemark>
      <Placemark>
        <name>Kokkai-gijidōmae Sta.</name>
        <description>&lt;b&gt;Players:&lt;/b&gt; Scotty Allen&lt;br&gt;&lt;b&gt;Notes:&lt;/b&gt;&lt;ul&gt;&lt;li&gt;Present in Jet Lag: Japan (Season 6) 
Members who visited:
1) Scotty&lt;/li&gt;&lt;/ul&gt;</description>
        <Style>
          <IconStyle>
            <color>fff5a542</color>
            <scale>1.2</scale>
            <Icon>
              <href>https://maps.google.com/mapfiles/kml/pushpin/wht-blank.png</href>
            </Icon>
          </IconStyle>
        </Style>
        <Point>
          <coordinates>139.7449634,35.6738959</coordinates>
        </Point>
      </Placemark>
      <Placemark>
        <name>Tiebreaker Flag</name>
        <description>&lt;b&gt;Players:&lt;/b&gt; Sam Denby&lt;br&gt;&lt;b&gt;Notes:&lt;/b&gt;&lt;ul&gt;&lt;li&gt;Present in Jet Lag: Japan (Season 6) 
Members who visited:
1) Sam&lt;/li&gt;&lt;/ul&gt;</description>
        <Style>
          <IconStyle>
            <color>fff5a542</color>
            <scale>1.2</scale>
            <Icon>
              <href>https://maps.google.com/mapfiles/kml/pushpin/wht-blank.png</href>
            </Icon>
          </IconStyle>
        </Style>
        <Point>
          <coordinates>139.7546418,35.7057886</coordinates>
        </Point>
      </Placemark>
      <Placemark>
        <name>Suidōbashi Station</name>
        <description>&lt;b&gt;Players:&lt;/b&gt; Sam Denby&lt;br&gt;&lt;b&gt;Notes:&lt;/b&gt;&lt;ul&gt;&lt;li&gt;Present in Jet Lag: Japan (Season 6) 
Members who visited:
1) Sam&lt;/li&gt;&lt;/ul&gt;</description>
        <Style>
          <IconStyle>
            <color>fff5a542</color>
            <scale>1.2</scale>
            <Icon>
              <href>https://maps.google.com/mapfiles/kml/pushpin/wht-blank.png</href>
            </Icon>
          </IconStyle>
        </Style>
        <Point>
          <coordinates>139.7535016,35.7020484</coordinates>
        </Point>
      </Placemark>
      <Placemark>
        <name>Ochanomizu Station</name>
        <description>&lt;b&gt;Players:&lt;/b&gt; Sam Denby&lt;br&gt;&lt;b&gt;Notes:&lt;/b&gt;&lt;ul&gt;&lt;li&gt;Present in Jet Lag: Japan (Season 6) 
Members who visited:
1) Sam
2) Ben&lt;/li&gt;&lt;/ul&gt;</description>
        <Style>
          <IconStyle>
            <color>fff5a542</color>
            <scale>1.2</scale>
            <Icon>
              <href>https://maps.google.com/mapfiles/kml/pushpin/wht-blank.png</href>
            </Icon>
          </IconStyle>
        </Style>
        <Point>
          <coordinates>139.7644404,35.6997175</coordinates>
        </Point>
      </Placemark>
      <Placemark>
        <name>Tiebreaker Flag</name>
        <description>&lt;b&gt;Players:&lt;/b&gt; Scotty Allen&lt;br&gt;&lt;b&gt;Notes:&lt;/b&gt;&lt;ul&gt;&lt;li&gt;Present in Jet Lag: Japan (Season 6) 
Members who visited:
1) Scotty&lt;/li&gt;&lt;/ul&gt;</description>
        <Style>
          <IconStyle>
            <color>fff5a542</color>
            <scale>1.2</scale>
            <Icon>
              <href>https://maps.google.com/mapfiles/kml/pushpin/wht-blank.png</href>
            </Icon>
          </IconStyle>
        </Style>
        <Point>
          <coordinates>139.7456842,35.65830529999999</coordinates>
        </Point>
      </Placemark>
      <Placemark>
        <name>Kanda Station</name>
        <description>&lt;b&gt;Players:&lt;/b&gt; Sam Denby&lt;br&gt;&lt;b&gt;Notes:&lt;/b&gt;&lt;ul&gt;&lt;li&gt;Present in Jet Lag: Japan (Season 6) 
Members who visited:
1) Sam
2) Ben&lt;/li&gt;&lt;/ul&gt;</description>
        <Style>
          <IconStyle>
            <color>fff5a542</color>
            <scale>1.2</scale>
            <Icon>
              <href>https://maps.google.com/mapfiles/kml/pushpin/wht-blank.png</href>
            </Icon>
          </IconStyle>
        </Style>
        <Point>
          <coordinates>139.7709318,35.6918216</coordinates>
        </Point>
      </Placemark>
    </Folder>
    <Folder>
      <name>Adam Chase &amp; Ben Doyle</name>
      <Placemark>
        <name>Marunouchi Square</name>
        <description>&lt;b&gt;Team:&lt;/b&gt; Adam Chase &amp; Ben Doyle&lt;br&gt;&lt;b&gt;Notes:&lt;/b&gt;&lt;ul&gt;&lt;li&gt;The starting point of Jet Lag: Japan (Season 6)
Members who visited: 
1) Sam
2) Scott
3) Adam
4) Ben&lt;/li&gt;&lt;/ul&gt;</description>
        <Style>
          <IconStyle>
            <color>ff2f2fd3</color>
            <scale>1.2</scale>
            <Icon>
              <href>https://maps.google.com/mapfiles/kml/pushpin/wht-blank.png</href>
            </Icon>
          </IconStyle>
        </Style>
        <Point>
          <coordinates>139.7654768,35.6815604</coordinates>
        </Point>
      </Placemark>
      <Placemark>
        <name>Tokyo Station</name>
        <description>&lt;b&gt;Team:&lt;/b&gt; Adam Chase &amp; Ben Doyle&lt;br&gt;&lt;b&gt;Notes:&lt;/b&gt;&lt;ul&gt;&lt;li&gt;Present in Jet Lag: Japan (Season 6) 
Members who visited:
1) Sam
2) Scott
3) Adam
4) Ben
Challenge: Paint or draw a local landscape (Sam and Scotty)
Challenge: Find 3 Mario Kart Items (Ben)
Challenge: Meet your local Yuru-Chara (Scotty)&lt;/li&gt;&lt;/ul&gt;</description>
        <Style>
          <IconStyle>
            <color>ff2f2fd3</color>
            <scale>1.2</scale>
            <Icon>
              <href>https://maps.google.com/mapfiles/kml/pushpin/wht-blank.png</href>
            </Icon>
          </IconStyle>
        </Style>
        <Point>
          <coordinates>139.7671248,35.6812362</coordinates>
        </Point>
      </Placemark>
      <Placemark>
        <name>Shinagawa Station</name>
        <description>&lt;b&gt;Team:&lt;/b&gt; Adam Chase &amp; Ben Doyle&lt;br&gt;&lt;b&gt;Notes:&lt;/b&gt;&lt;ul&gt;&lt;li&gt;Present in Jet Lag: Japan (Season 6) 
Members who visited:
1) Sam
2) Scotty
3) Adam
4) Ben
Challenge: Play Sake Pong (Sam and Scotty)
Challenge: Find 3 new friends (Sam and Scotty)
Challenge: Paint or draw a local landscape (Sam and Scotty)
Challenge: Spend 15 minutes in a museum (Ben and Adam)
The spot of the second capture of Season 6 (Adam catches Sam and Scotty)&lt;/li&gt;&lt;/ul&gt;</description>
        <Style>
          <IconStyle>
            <color>ff2f2fd3</color>
            <scale>1.2</scale>
            <Icon>
              <href>https://maps.google.com/mapfiles/kml/pushpin/wht-blank.png</href>
            </Icon>
          </IconStyle>
        </Style>
        <Point>
          <coordinates>139.7387597,35.6284713</coordinates>
        </Point>
      </Placemark>
      <Placemark>
        <name>Ueno Station</name>
        <description>&lt;b&gt;Team:&lt;/b&gt; Adam Chase &amp; Ben Doyle&lt;br&gt;&lt;b&gt;Notes:&lt;/b&gt;&lt;ul&gt;&lt;li&gt;Present in Jet Lag: Japan (Season 6) 
Members who visited:
1) Adam
2) Ben&lt;/li&gt;&lt;/ul&gt;</description>
        <Style>
          <IconStyle>
            <color>ff2f2fd3</color>
            <scale>1.2</scale>
            <Icon>
              <href>https://maps.google.com/mapfiles/kml/pushpin/wht-blank.png</href>
            </Icon>
          </IconStyle>
        </Style>
        <Point>
          <coordinates>139.7774091,35.7141672</coordinates>
        </Point>
      </Placemark>
      <Placemark>
        <name>Kinshichō Station</name>
        <description>&lt;b&gt;Players:&lt;/b&gt; Ben Doyle&lt;br&gt;&lt;b&gt;Notes:&lt;/b&gt;&lt;ul&gt;&lt;li&gt;Present in Jet Lag: Japan (Season 6) 
Members who visited:
1) Ben
Challenge: Stalk a bird&lt;/li&gt;&lt;/ul&gt;</description>
        <Style>
          <IconStyle>
            <color>ff2f2fd3</color>
            <scale>1.2</scale>
            <Icon>
              <href>https://maps.google.com/mapfiles/kml/pushpin/wht-blank.png</href>
            </Icon>
          </IconStyle>
        </Style>
        <Point>
          <coordinates>139.8139718,35.696779</coordinates>
        </Point>
      </Placemark>
      <Placemark>
        <name>錦糸町駅南口広場</name>
        <description>&lt;b&gt;Players:&lt;/b&gt; Ben Doyle&lt;br&gt;&lt;b&gt;Notes:&lt;/b&gt;&lt;ul&gt;&lt;li&gt;Present in Jet Lag: Japan (Season 6) 
Members who visited:
1) Ben
Challenge: Stalk a bird&lt;/li&gt;&lt;/ul&gt;</description>
        <Style>
          <IconStyle>
            <color>ff2f2fd3</color>
            <scale>1.2</scale>
            <Icon>
              <href>https://maps.google.com/mapfiles/kml/pushpin/wht-blank.png</href>
            </Icon>
          </IconStyle>
        </Style>
        <Point>
          <coordinates>139.8140039,35.696102</coordinates>
        </Point>
      </Placemark>
      <Placemark>
        <name>Ben Bird Stalking Spot</name>
        <description>&lt;b&gt;Players:&lt;/b&gt; Ben Doyle&lt;br&gt;&lt;b&gt;Notes:&lt;/b&gt;&lt;ul&gt;&lt;li&gt;Present in Jet Lag: Japan (Season 6) 
Members who visited:
1) Ben
Challenge: Stalk a bird&lt;/li&gt;&lt;/ul&gt;</description>
        <Style>
          <IconStyle>
            <color>ff2f2fd3</color>
            <scale>1.2</scale>
            <Icon>
              <href>https://maps.google.com/mapfiles/kml/pushpin/wht-blank.png</href>
            </Icon>
          </IconStyle>
        </Style>
        <Point>
          <coordinates>139.8142077,35.6961198</coordinates>
        </Point>
      </Placemark>
      <Placemark>
        <name>TERMINA 2</name>
        <description>&lt;b&gt;Players:&lt;/b&gt; Ben Doyle&lt;br&gt;&lt;b&gt;Notes:&lt;/b&gt;&lt;ul&gt;&lt;li&gt;Present in Jet Lag: Japan (Season 6) 
Members who visited:
1) Ben
Challenge: Become Totoro&lt;/li&gt;&lt;/ul&gt;</description>
        <Style>
          <IconStyle>
            <color>ff2f2fd3</color>
            <scale>1.2</scale>
            <Icon>
              <href>https://maps.google.com/mapfiles/kml/pushpin/wht-blank.png</href>
            </Icon>
          </IconStyle>
        </Style>
        <Point>
          <coordinates>139.8138754683714,35.69640430435776</coordinates>
        </Point>
      </Placemark>
      <Placemark>
        <name>NewDays Kinshicho 2</name>
        <description>&lt;b&gt;Players:&lt;/b&gt; Ben Doyle&lt;br&gt;&lt;b&gt;Notes:&lt;/b&gt;&lt;ul&gt;&lt;li&gt;Present in Jet Lag: Japan (Season 6) 
Members who visited:
1) Ben
Challenge: Become Totoro&lt;/li&gt;&lt;/ul&gt;</description>
        <Style>
          <IconStyle>
            <color>ff2f2fd3</color>
            <scale>1.2</scale>
            <Icon>
              <href>https://maps.google.com/mapfiles/kml/pushpin/wht-blank.png</href>
            </Icon>
          </IconStyle>
        </Style>
        <Point>
          <coordinates>139.8142541,35.6963376</coordinates>
        </Point>
      </Placemark>
      <Placemark>
        <name>Kinshichō Sta.</name>
        <description>&lt;b&gt;Players:&lt;/b&gt; Ben Doyle&lt;br&gt;&lt;b&gt;Notes:&lt;/b&gt;&lt;ul&gt;&lt;li&gt;Present in Jet Lag: Japan (Season 6) 
Members who visited:
1) Ben
Challenge: Become Totoro&lt;/li&gt;&lt;/ul&gt;</description>
        <Style>
          <IconStyle>
            <color>ff2f2fd3</color>
            <scale>1.2</scale>
            <Icon>
              <href>https://maps.google.com/mapfiles/kml/pushpin/wht-blank.png</href>
            </Icon>
          </IconStyle>
        </Style>
        <Point>
          <coordinates>139.8141259,35.69599669999999</coordinates>
        </Point>
      </Placemark>
      <Placemark>
        <name>Chiba Station</name>
        <description>&lt;b&gt;Team:&lt;/b&gt; Adam Chase &amp; Ben Doyle&lt;br&gt;&lt;b&gt;Notes:&lt;/b&gt;&lt;ul&gt;&lt;li&gt;Present in Jet Lag: Japan (Season 6) 
Members who visited:
1) Sam
2) Scotty
3) Adam
4) Ben
Challenge: Translate this card (Adam and Ben)
Challenge: Go Super Saiyan (Adam and Ben)&lt;/li&gt;&lt;/ul&gt;</description>
        <Style>
          <IconStyle>
            <color>ff2f2fd3</color>
            <scale>1.2</scale>
            <Icon>
              <href>https://maps.google.com/mapfiles/kml/pushpin/wht-blank.png</href>
            </Icon>
          </IconStyle>
        </Style>
        <Point>
          <coordinates>140.1133591,35.6131339</coordinates>
        </Point>
      </Placemark>
      <Placemark>
        <name>Adam Phone Call Spot</name>
        <description>&lt;b&gt;Players:&lt;/b&gt; Adam Chase&lt;br&gt;&lt;b&gt;Notes:&lt;/b&gt;&lt;ul&gt;&lt;li&gt;Present in Jet Lag: Japan (Season 6) 
Members who visited:
1) Adam&lt;/li&gt;&lt;/ul&gt;</description>
        <Style>
          <IconStyle>
            <color>ff2f2fd3</color>
            <scale>1.2</scale>
            <Icon>
              <href>https://maps.google.com/mapfiles/kml/pushpin/wht-blank.png</href>
            </Icon>
          </IconStyle>
        </Style>
        <Point>
          <coordinates>139.6277222,35.4450556</coordinates>
        </Point>
      </Placemark>
      <Placemark>
        <name>Round 1 Yellow Flag Vending Machine</name>
        <description>&lt;b&gt;Players:&lt;/b&gt; Adam Chase&lt;br&gt;&lt;b&gt;Notes:&lt;/b&gt;&lt;ul&gt;&lt;li&gt;Present in Jet Lag: Japan (Season 6) 
Members who visited:
1) Adam
Challenge: Translate this card&lt;/li&gt;&lt;/ul&gt;</description>
        <Style>
          <IconStyle>
            <color>ff2f2fd3</color>
            <scale>1.2</scale>
            <Icon>
              <href>https://maps.google.com/mapfiles/kml/pushpin/wht-blank.png</href>
            </Icon>
          </IconStyle>
        </Style>
        <Point>
          <coordinates>140.1195865303525,35.61010664444289</coordinates>
        </Point>
      </Placemark>
      <Placemark>
        <name>Yoshikawakoen Station</name>
        <description>&lt;b&gt;Players:&lt;/b&gt; Ben Doyle&lt;br&gt;&lt;b&gt;Notes:&lt;/b&gt;&lt;ul&gt;&lt;li&gt;Present in Jet Lag: Japan (Season 6) 
Members who visited:
1) Ben
Challenge: Translate this card&lt;/li&gt;&lt;/ul&gt;</description>
        <Style>
          <IconStyle>
            <color>ff2f2fd3</color>
            <scale>1.2</scale>
            <Icon>
              <href>https://maps.google.com/mapfiles/kml/pushpin/wht-blank.png</href>
            </Icon>
          </IconStyle>
        </Style>
        <Point>
          <coordinates>140.1201432,35.6088834</coordinates>
        </Point>
      </Placemark>
      <Placemark>
        <name>Phototag Spot</name>
        <description>&lt;b&gt;Players:&lt;/b&gt; Ben Doyle&lt;br&gt;&lt;b&gt;Notes:&lt;/b&gt;&lt;ul&gt;&lt;li&gt;Present in Jet Lag: Japan (Season 6) 
Members who visited:
1) Sam
2) Ben (Tagged)
The spot of the first capture of Season 6&lt;/li&gt;&lt;/ul&gt;</description>
        <Style>
          <IconStyle>
            <color>ff2f2fd3</color>
            <scale>1.2</scale>
            <Icon>
              <href>https://maps.google.com/mapfiles/kml/pushpin/wht-blank.png</href>
            </Icon>
          </IconStyle>
        </Style>
        <Point>
          <coordinates>140.1157381906692,35.60913788172684</coordinates>
        </Point>
      </Placemark>
      <Placemark>
        <name>Adam Noodle Eating Spot</name>
        <description>&lt;b&gt;Players:&lt;/b&gt; Adam Chase&lt;br&gt;&lt;b&gt;Notes:&lt;/b&gt;&lt;ul&gt;&lt;li&gt;Present in Jet Lag: Japan (Season 6) 
Members who visited:
1) Adam&lt;/li&gt;&lt;/ul&gt;</description>
        <Style>
          <IconStyle>
            <color>ff2f2fd3</color>
            <scale>1.2</scale>
            <Icon>
              <href>https://maps.google.com/mapfiles/kml/pushpin/wht-blank.png</href>
            </Icon>
          </IconStyle>
        </Style>
        <Point>
          <coordinates>139.6279027326528,35.44476828720086</coordinates>
        </Point>
      </Placemark>
      <Placemark>
        <name>Sakuragichō Station</name>
        <description>&lt;b&gt;Players:&lt;/b&gt; Adam Chase&lt;br&gt;&lt;b&gt;Notes:&lt;/b&gt;&lt;ul&gt;&lt;li&gt;Present in Jet Lag: Japan (Season 6) 
Members who visited:
1) Adam&lt;/li&gt;&lt;/ul&gt;</description>
        <Style>
          <IconStyle>
            <color>ff2f2fd3</color>
            <scale>1.2</scale>
            <Icon>
              <href>https://maps.google.com/mapfiles/kml/pushpin/wht-blank.png</href>
            </Icon>
          </IconStyle>
        </Style>
        <Point>
          <coordinates>139.6310595,35.4509136</coordinates>
        </Point>
      </Placemark>
      <Placemark>
        <name>Bashamichi Station</name>
        <description>&lt;b&gt;Players:&lt;/b&gt; Adam Chase&lt;br&gt;&lt;b&gt;Notes:&lt;/b&gt;&lt;ul&gt;&lt;li&gt;Present in Jet Lag: Japan (Season 6) 
Members who visited:
1) Adam&lt;/li&gt;&lt;/ul&gt;</description>
        <Style>
          <IconStyle>
            <color>ff2f2fd3</color>
            <scale>1.2</scale>
            <Icon>
              <href>https://maps.google.com/mapfiles/kml/pushpin/wht-blank.png</href>
            </Icon>
          </IconStyle>
        </Style>
        <Point>
          <coordinates>139.636271,35.4501774</coordinates>
        </Point>
      </Placemark>
      <Placemark>
        <name>Tamachi Station</name>
        <description>&lt;b&gt;Players:&lt;/b&gt; Ben Doyle&lt;br&gt;&lt;b&gt;Notes:&lt;/b&gt;&lt;ul&gt;&lt;li&gt;Present in Jet Lag: Japan (Season 6) 
Members who visited:
1) Ben&lt;/li&gt;&lt;/ul&gt;</description>
        <Style>
          <IconStyle>
            <color>ff2f2fd3</color>
            <scale>1.2</scale>
            <Icon>
              <href>https://maps.google.com/mapfiles/kml/pushpin/wht-blank.png</href>
            </Icon>
          </IconStyle>
        </Style>
        <Point>
          <coordinates>139.7475624,35.6457361</coordinates>
        </Point>
      </Placemark>
      <Placemark>
        <name>Yokohama Station</name>
        <description>&lt;b&gt;Players:&lt;/b&gt; Adam Chase&lt;br&gt;&lt;b&gt;Notes:&lt;/b&gt;&lt;ul&gt;&lt;li&gt;Present in Jet Lag: Japan (Season 6) 
Members who visited:
1) Adam&lt;/li&gt;&lt;/ul&gt;</description>
        <Style>
          <IconStyle>
            <color>ff2f2fd3</color>
            <scale>1.2</scale>
            <Icon>
              <href>https://maps.google.com/mapfiles/kml/pushpin/wht-blank.png</href>
            </Icon>
          </IconStyle>
        </Style>
        <Point>
          <coordinates>139.622062,35.4659811</coordinates>
        </Point>
      </Placemark>
      <Placemark>
        <name>Yūrakuchō Station</name>
        <description>&lt;b&gt;Team:&lt;/b&gt; Adam Chase &amp; Ben Doyle&lt;br&gt;&lt;b&gt;Notes:&lt;/b&gt;&lt;ul&gt;&lt;li&gt;Present in Jet Lag: Japan (Season 6) 
Members who visited:
1) Sam
2) Scotty
3) Adam
4) Ben
Challenge: Paint or draw a local landscape (Sam and Scotty)
Challenge: Get a half mile from nearest 7-11 (Adam)&lt;/li&gt;&lt;/ul&gt;</description>
        <Style>
          <IconStyle>
            <color>ff2f2fd3</color>
            <scale>1.2</scale>
            <Icon>
              <href>https://maps.google.com/mapfiles/kml/pushpin/wht-blank.png</href>
            </Icon>
          </IconStyle>
        </Style>
        <Point>
          <coordinates>139.7630204,35.6750133</coordinates>
        </Point>
      </Placemark>
      <Placemark>
        <name>Shin-Nihombashi Station</name>
        <description>&lt;b&gt;Players:&lt;/b&gt; Ben Doyle&lt;br&gt;&lt;b&gt;Notes:&lt;/b&gt;&lt;ul&gt;&lt;li&gt;Present in Jet Lag: Japan (Season 6) 
Members who visited:
1) Ben
Challenge: Get a snack on a stick&lt;/li&gt;&lt;/ul&gt;</description>
        <Style>
          <IconStyle>
            <color>ff2f2fd3</color>
            <scale>1.2</scale>
            <Icon>
              <href>https://maps.google.com/mapfiles/kml/pushpin/wht-blank.png</href>
            </Icon>
          </IconStyle>
        </Style>
        <Point>
          <coordinates>139.774265,35.6890164</coordinates>
        </Point>
      </Placemark>
      <Placemark>
        <name>Kawasaki Station</name>
        <description>&lt;b&gt;Players:&lt;/b&gt; Ben Doyle&lt;br&gt;&lt;b&gt;Notes:&lt;/b&gt;&lt;ul&gt;&lt;li&gt;Present in Jet Lag: Japan (Season 6) 
Members who visited:
1) Ben&lt;/li&gt;&lt;/ul&gt;</description>
        <Style>
          <IconStyle>
            <color>ff2f2fd3</color>
            <scale>1.2</scale>
            <Icon>
              <href>https://maps.google.com/mapfiles/kml/pushpin/wht-blank.png</href>
            </Icon>
          </IconStyle>
        </Style>
        <Point>
          <coordinates>139.6974630101938,35.53167410377898</coordinates>
        </Point>
      </Placemark>
      <Placemark>
        <name>Round 2 Red Flag Vending Machine</name>
        <description>&lt;b&gt;Players:&lt;/b&gt; Ben Doyle&lt;br&gt;&lt;b&gt;Notes:&lt;/b&gt;&lt;ul&gt;&lt;li&gt;Present in Jet Lag: Japan (Season 6) 
Members who visited:
1) Ben&lt;/li&gt;&lt;/ul&gt;</description>
        <Style>
          <IconStyle>
            <color>ff2f2fd3</color>
            <scale>1.2</scale>
            <Icon>
              <href>https://maps.google.com/mapfiles/kml/pushpin/wht-blank.png</href>
            </Icon>
          </IconStyle>
        </Style>
        <Point>
          <coordinates>139.6987130216566,35.52723761669384</coordinates>
        </Point>
      </Placemark>
      <Placemark>
        <name>Omiya Station</name>
        <description>&lt;b&gt;Team:&lt;/b&gt; Adam Chase &amp; Ben Doyle&lt;br&gt;&lt;b&gt;Notes:&lt;/b&gt;&lt;ul&gt;&lt;li&gt;Present in Jet Lag: Japan (Season 6) 
Members who visited:
1) Sam
2) Scotty
3) Adam
4) Ben&lt;/li&gt;&lt;/ul&gt;</description>
        <Style>
          <IconStyle>
            <color>ff2f2fd3</color>
            <scale>1.2</scale>
            <Icon>
              <href>https://maps.google.com/mapfiles/kml/pushpin/wht-blank.png</href>
            </Icon>
          </IconStyle>
        </Style>
        <Point>
          <coordinates>139.6240087776324,35.90643008207654</coordinates>
        </Point>
      </Placemark>
      <Placemark>
        <name>Toyohashi Station</name>
        <description>&lt;b&gt;Players:&lt;/b&gt; Adam Chase&lt;br&gt;&lt;b&gt;Notes:&lt;/b&gt;&lt;ul&gt;&lt;li&gt;Present in Jet Lag: Japan (Season 6) 
Members who visited:
1) Adam&lt;/li&gt;&lt;/ul&gt;</description>
        <Style>
          <IconStyle>
            <color>ff2f2fd3</color>
            <scale>1.2</scale>
            <Icon>
              <href>https://maps.google.com/mapfiles/kml/pushpin/wht-blank.png</href>
            </Icon>
          </IconStyle>
        </Style>
        <Point>
          <coordinates>137.3818192937414,34.76282673084975</coordinates>
        </Point>
      </Placemark>
      <Placemark>
        <name>Shin-Anjo Station</name>
        <description>&lt;b&gt;Players:&lt;/b&gt; Adam Chase&lt;br&gt;&lt;b&gt;Notes:&lt;/b&gt;&lt;ul&gt;&lt;li&gt;Present in Jet Lag: Japan (Season 6) 
Members who visited:
1) Adam&lt;/li&gt;&lt;/ul&gt;</description>
        <Style>
          <IconStyle>
            <color>ff2f2fd3</color>
            <scale>1.2</scale>
            <Icon>
              <href>https://maps.google.com/mapfiles/kml/pushpin/wht-blank.png</href>
            </Icon>
          </IconStyle>
        </Style>
        <Point>
          <coordinates>137.0850471594737,34.98715846656231</coordinates>
        </Point>
      </Placemark>
      <Placemark>
        <name>Nishio Station</name>
        <description>&lt;b&gt;Players:&lt;/b&gt; Adam Chase&lt;br&gt;&lt;b&gt;Notes:&lt;/b&gt;&lt;ul&gt;&lt;li&gt;Present in Jet Lag: Japan (Season 6) 
Members who visited:
1) Adam&lt;/li&gt;&lt;/ul&gt;</description>
        <Style>
          <IconStyle>
            <color>ff2f2fd3</color>
            <scale>1.2</scale>
            <Icon>
              <href>https://maps.google.com/mapfiles/kml/pushpin/wht-blank.png</href>
            </Icon>
          </IconStyle>
        </Style>
        <Point>
          <coordinates>137.0577256675954,34.8638022285479</coordinates>
        </Point>
      </Placemark>
      <Placemark>
        <name>Round 2 Red Flag Vending Machine</name>
        <description>&lt;b&gt;Players:&lt;/b&gt; Adam Chase&lt;br&gt;&lt;b&gt;Notes:&lt;/b&gt;&lt;ul&gt;&lt;li&gt;Present in Jet Lag: Japan (Season 6) 
Members who visited:
1) Adam&lt;/li&gt;&lt;/ul&gt;</description>
        <Style>
          <IconStyle>
            <color>ff2f2fd3</color>
            <scale>1.2</scale>
            <Icon>
              <href>https://maps.google.com/mapfiles/kml/pushpin/wht-blank.png</href>
            </Icon>
          </IconStyle>
        </Style>
        <Point>
          <coordinates>137.0587712924581,34.86318938724817</coordinates>
        </Point>
      </Placemark>
      <Placemark>
        <name>Eat an Egg Card Pull</name>
        <description>&lt;b&gt;Players:&lt;/b&gt; Adam Chase&lt;br&gt;&lt;b&gt;Notes:&lt;/b&gt;&lt;ul&gt;&lt;li&gt;Present in Jet Lag: Japan (Season 6) 
Members who visited:
1) Adam
Challenge: Eat an Egg&lt;/li&gt;&lt;/ul&gt;</description>
        <Style>
          <IconStyle>
            <color>ff2f2fd3</color>
            <scale>1.2</scale>
            <Icon>
              <href>https://maps.google.com/mapfiles/kml/pushpin/wht-blank.png</href>
            </Icon>
          </IconStyle>
        </Style>
        <Point>
          <coordinates>137.0924591147479,34.95240488062401</coordinates>
        </Point>
      </Placemark>
      <Placemark>
        <name>Eat an Egg Daiso and Drugstore</name>
        <description>&lt;b&gt;Players:&lt;/b&gt; Adam Chase&lt;br&gt;&lt;b&gt;Notes:&lt;/b&gt;&lt;ul&gt;&lt;li&gt;Present in Jet Lag: Japan (Season 6) 
Members who visited:
1) Adam
Challenge: Eat an Egg&lt;/li&gt;&lt;/ul&gt;</description>
        <Style>
          <IconStyle>
            <color>ff2f2fd3</color>
            <scale>1.2</scale>
            <Icon>
              <href>https://maps.google.com/mapfiles/kml/pushpin/wht-blank.png</href>
            </Icon>
          </IconStyle>
        </Style>
        <Point>
          <coordinates>137.0917389507559,34.95453442470768</coordinates>
        </Point>
      </Placemark>
      <Placemark>
        <name>Japanese Curse Pull</name>
        <description>&lt;b&gt;Players:&lt;/b&gt; Adam Chase&lt;br&gt;&lt;b&gt;Notes:&lt;/b&gt;&lt;ul&gt;&lt;li&gt;Present in Jet Lag: Japan (Season 6) 
Members who visited:
1) Adam
Curse: Set your phone to Japanese&lt;/li&gt;&lt;/ul&gt;</description>
        <Style>
          <IconStyle>
            <color>ff2f2fd3</color>
            <scale>1.2</scale>
            <Icon>
              <href>https://maps.google.com/mapfiles/kml/pushpin/wht-blank.png</href>
            </Icon>
          </IconStyle>
        </Style>
        <Point>
          <coordinates>137.088218880486,34.95723517186744</coordinates>
        </Point>
      </Placemark>
      <Placemark>
        <name>Anjo Station</name>
        <description>&lt;b&gt;Players:&lt;/b&gt; Adam Chase&lt;br&gt;&lt;b&gt;Notes:&lt;/b&gt;&lt;ul&gt;&lt;li&gt;Present in Jet Lag: Japan (Season 6) 
Members who visited:
1) Adam
Curse: Set your phone to Japanese&lt;/li&gt;&lt;/ul&gt;</description>
        <Style>
          <IconStyle>
            <color>ff2f2fd3</color>
            <scale>1.2</scale>
            <Icon>
              <href>https://maps.google.com/mapfiles/kml/pushpin/wht-blank.png</href>
            </Icon>
          </IconStyle>
        </Style>
        <Point>
          <coordinates>137.087233028098,34.96017804005412</coordinates>
        </Point>
      </Placemark>
      <Placemark>
        <name>Mikawa Anjo Station</name>
        <description>&lt;b&gt;Players:&lt;/b&gt; Adam Chase&lt;br&gt;&lt;b&gt;Notes:&lt;/b&gt;&lt;ul&gt;&lt;li&gt;Present in Jet Lag: Japan (Season 6) 
Members who visited:
1) Adam
Curse: Set your phone to Japanese&lt;/li&gt;&lt;/ul&gt;</description>
        <Style>
          <IconStyle>
            <color>ff2f2fd3</color>
            <scale>1.2</scale>
            <Icon>
              <href>https://maps.google.com/mapfiles/kml/pushpin/wht-blank.png</href>
            </Icon>
          </IconStyle>
        </Style>
        <Point>
          <coordinates>137.0615725907848,34.96962622402053</coordinates>
        </Point>
      </Placemark>
      <Placemark>
        <name>Pizza Tower</name>
        <description>&lt;b&gt;Players:&lt;/b&gt; Ben Doyle&lt;br&gt;&lt;b&gt;Notes:&lt;/b&gt;&lt;ul&gt;&lt;li&gt;Present in Jet Lag: Japan (Season 6) 
Members who visited:
1) Sam (Victim)
2) Scotty (Victim)
3) Ben (Placer)&lt;/li&gt;&lt;/ul&gt;</description>
        <Style>
          <IconStyle>
            <color>ff2f2fd3</color>
            <scale>1.2</scale>
            <Icon>
              <href>https://maps.google.com/mapfiles/kml/pushpin/wht-blank.png</href>
            </Icon>
          </IconStyle>
        </Style>
        <Point>
          <coordinates>139.6231826559228,35.90628602566514</coordinates>
        </Point>
      </Placemark>
      <Placemark>
        <name>Trap Tower</name>
        <description>&lt;b&gt;Players:&lt;/b&gt; Ben Doyle&lt;br&gt;&lt;b&gt;Notes:&lt;/b&gt;&lt;ul&gt;&lt;li&gt;Present in Jet Lag: Japan (Season 6) 
Members who visited:
1) Sam (Victim)
2) Ben (Placer)&lt;/li&gt;&lt;/ul&gt;</description>
        <Style>
          <IconStyle>
            <color>ff2f2fd3</color>
            <scale>1.2</scale>
            <Icon>
              <href>https://maps.google.com/mapfiles/kml/pushpin/wht-blank.png</href>
            </Icon>
          </IconStyle>
        </Style>
        <Point>
          <coordinates>139.623327228382,35.90631896402311</coordinates>
        </Point>
      </Placemark>
      <Placemark>
        <name>Ben Music Starbucks</name>
        <description>&lt;b&gt;Players:&lt;/b&gt; Ben Doyle&lt;br&gt;&lt;b&gt;Notes:&lt;/b&gt;&lt;ul&gt;&lt;li&gt;Present in Jet Lag: Japan (Season 6) 
Members who visited:
1) Ben
Challenge: Break Copyright Law&lt;/li&gt;&lt;/ul&gt;</description>
        <Style>
          <IconStyle>
            <color>ff2f2fd3</color>
            <scale>1.2</scale>
            <Icon>
              <href>https://maps.google.com/mapfiles/kml/pushpin/wht-blank.png</href>
            </Icon>
          </IconStyle>
        </Style>
        <Point>
          <coordinates>139.7584122956957,35.66697702468272</coordinates>
        </Point>
      </Placemark>
      <Placemark>
        <name>Ben Music Bridge</name>
        <description>&lt;b&gt;Players:&lt;/b&gt; Ben Doyle&lt;br&gt;&lt;b&gt;Notes:&lt;/b&gt;&lt;ul&gt;&lt;li&gt;Present in Jet Lag: Japan (Season 6) 
Members who visited:
1) Ben
Challenge: Break Copyright Law&lt;/li&gt;&lt;/ul&gt;</description>
        <Style>
          <IconStyle>
            <color>ff2f2fd3</color>
            <scale>1.2</scale>
            <Icon>
              <href>https://maps.google.com/mapfiles/kml/pushpin/wht-blank.png</href>
            </Icon>
          </IconStyle>
        </Style>
        <Point>
          <coordinates>139.7582302815832,35.6682233251741</coordinates>
        </Point>
      </Placemark>
      <Placemark>
        <name>Ben Music Building</name>
        <description>&lt;b&gt;Players:&lt;/b&gt; Ben Doyle&lt;br&gt;&lt;b&gt;Notes:&lt;/b&gt;&lt;ul&gt;&lt;li&gt;Present in Jet Lag: Japan (Season 6) 
Members who visited:
1) Ben
Chellenge: Break Copyright Law&lt;/li&gt;&lt;/ul&gt;</description>
        <Style>
          <IconStyle>
            <color>ff2f2fd3</color>
            <scale>1.2</scale>
            <Icon>
              <href>https://maps.google.com/mapfiles/kml/pushpin/wht-blank.png</href>
            </Icon>
          </IconStyle>
        </Style>
        <Point>
          <coordinates>139.7575340212465,35.66721965010145</coordinates>
        </Point>
      </Placemark>
      <Placemark>
        <name>Ben Music Pachinko</name>
        <description>&lt;b&gt;Players:&lt;/b&gt; Ben Doyle&lt;br&gt;&lt;b&gt;Notes:&lt;/b&gt;&lt;ul&gt;&lt;li&gt;Present in Jet Lag: Japan (Season 6) 
Members who visited:
1) Ben
Challenge: Break Copyright Law&lt;/li&gt;&lt;/ul&gt;</description>
        <Style>
          <IconStyle>
            <color>ff2f2fd3</color>
            <scale>1.2</scale>
            <Icon>
              <href>https://maps.google.com/mapfiles/kml/pushpin/wht-blank.png</href>
            </Icon>
          </IconStyle>
        </Style>
        <Point>
          <coordinates>139.756466120667,35.66602217236496</coordinates>
        </Point>
      </Placemark>
      <Placemark>
        <name>Shimbashi Station</name>
        <description>&lt;b&gt;Team:&lt;/b&gt; Adam Chase &amp; Ben Doyle&lt;br&gt;&lt;b&gt;Notes:&lt;/b&gt;&lt;ul&gt;&lt;li&gt;Present in Jet Lag: Japan (Season 6) 
Members who visited:
1) Sam
2) Scotty
3) Adam
4) Ben
Challenge: Break copyright law (Ben)
Challenge: Catch a Pokemon (Adam)
Challenge: Spend 15 minutes in a museum (Ben and Adam)&lt;/li&gt;&lt;/ul&gt;</description>
        <Style>
          <IconStyle>
            <color>ff2f2fd3</color>
            <scale>1.2</scale>
            <Icon>
              <href>https://maps.google.com/mapfiles/kml/pushpin/wht-blank.png</href>
            </Icon>
          </IconStyle>
        </Style>
        <Point>
          <coordinates>139.758172618751,35.6666909393895</coordinates>
        </Point>
      </Placemark>
      <Placemark>
        <name>Phototag Spot</name>
        <description>&lt;b&gt;Players:&lt;/b&gt; Ben Doyle&lt;br&gt;&lt;b&gt;Notes:&lt;/b&gt;&lt;ul&gt;&lt;li&gt;Present in Jet Lag: Japan (Season 6) 
Members who visited:
1) Sam 
2) Ben (Tagged)&lt;/li&gt;&lt;/ul&gt;</description>
        <Style>
          <IconStyle>
            <color>ff2f2fd3</color>
            <scale>1.2</scale>
            <Icon>
              <href>https://maps.google.com/mapfiles/kml/pushpin/wht-blank.png</href>
            </Icon>
          </IconStyle>
        </Style>
        <Point>
          <coordinates>139.7579756138032,35.66583654605434</coordinates>
        </Point>
      </Placemark>
      <Placemark>
        <name>Maneki Neko</name>
        <description>&lt;b&gt;Players:&lt;/b&gt; Ben Doyle&lt;br&gt;&lt;b&gt;Notes:&lt;/b&gt;&lt;ul&gt;&lt;li&gt;Present in Jet Lag: Japan (Season 6) 
Members who visited:
1) Ben
Challenge: Find a maneki neko&lt;/li&gt;&lt;/ul&gt;</description>
        <Style>
          <IconStyle>
            <color>ff2f2fd3</color>
            <scale>1.2</scale>
            <Icon>
              <href>https://maps.google.com/mapfiles/kml/pushpin/wht-blank.png</href>
            </Icon>
          </IconStyle>
        </Style>
        <Point>
          <coordinates>139.7557727963303,35.66769600740604</coordinates>
        </Point>
      </Placemark>
      <Placemark>
        <name>Ben Card Pull</name>
        <description>&lt;b&gt;Players:&lt;/b&gt; Ben Doyle&lt;br&gt;&lt;b&gt;Notes:&lt;/b&gt;&lt;ul&gt;&lt;li&gt;Present in Jet Lag: Japan (Season 6) 
Members who visited:
1) Ben
Challenge: Collect 3 Mario Kart items&lt;/li&gt;&lt;/ul&gt;</description>
        <Style>
          <IconStyle>
            <color>ff2f2fd3</color>
            <scale>1.2</scale>
            <Icon>
              <href>https://maps.google.com/mapfiles/kml/pushpin/wht-blank.png</href>
            </Icon>
          </IconStyle>
        </Style>
        <Point>
          <coordinates>139.7540396217889,35.66615252648129</coordinates>
        </Point>
      </Placemark>
      <Placemark>
        <name>Onarimon Station</name>
        <description>&lt;b&gt;Team:&lt;/b&gt; Adam Chase &amp; Ben Doyle&lt;br&gt;&lt;b&gt;Notes:&lt;/b&gt;&lt;ul&gt;&lt;li&gt;Present in Jet Lag: Japan (Season 6) 
Members who visited:
1) Sam
2) Scotty
3) Adam
4) Ben
Challenge: Collect 3 Mario Kart items (Ben)&lt;/li&gt;&lt;/ul&gt;</description>
        <Style>
          <IconStyle>
            <color>ff2f2fd3</color>
            <scale>1.2</scale>
            <Icon>
              <href>https://maps.google.com/mapfiles/kml/pushpin/wht-blank.png</href>
            </Icon>
          </IconStyle>
        </Style>
        <Point>
          <coordinates>139.7512448057718,35.66056989498001</coordinates>
        </Point>
      </Placemark>
      <Placemark>
        <name>Phototag Spot</name>
        <description>&lt;b&gt;Players:&lt;/b&gt; Ben Doyle&lt;br&gt;&lt;b&gt;Notes:&lt;/b&gt;&lt;ul&gt;&lt;li&gt;Present in Jet Lag: Japan (Season 6) 
Members who visited:
1) Ben (Tagged)
2) Scotty
Challenge: Collect 3 Mario Kart items (Ben)&lt;/li&gt;&lt;/ul&gt;</description>
        <Style>
          <IconStyle>
            <color>ff2f2fd3</color>
            <scale>1.2</scale>
            <Icon>
              <href>https://maps.google.com/mapfiles/kml/pushpin/wht-blank.png</href>
            </Icon>
          </IconStyle>
        </Style>
        <Point>
          <coordinates>139.7513194228582,35.66069554402843</coordinates>
        </Point>
      </Placemark>
      <Placemark>
        <name>Musashi-Sakai Station</name>
        <description>&lt;b&gt;Players:&lt;/b&gt; Adam Chase&lt;br&gt;&lt;b&gt;Notes:&lt;/b&gt;&lt;ul&gt;&lt;li&gt;Present in Jet Lag: Japan (Season 6) 
Members who visited:
1) Adam&lt;/li&gt;&lt;/ul&gt;</description>
        <Style>
          <IconStyle>
            <color>ff2f2fd3</color>
            <scale>1.2</scale>
            <Icon>
              <href>https://maps.google.com/mapfiles/kml/pushpin/wht-blank.png</href>
            </Icon>
          </IconStyle>
        </Style>
        <Point>
          <coordinates>139.5440534,35.702047</coordinates>
        </Point>
      </Placemark>
      <Placemark>
        <name>Koremasa Station</name>
        <description>&lt;b&gt;Players:&lt;/b&gt; Adam Chase&lt;br&gt;&lt;b&gt;Notes:&lt;/b&gt;&lt;ul&gt;&lt;li&gt;Present in Jet Lag: Japan (Season 6) 
Members who visited:
1) Adam&lt;/li&gt;&lt;/ul&gt;</description>
        <Style>
          <IconStyle>
            <color>ff2f2fd3</color>
            <scale>1.2</scale>
            <Icon>
              <href>https://maps.google.com/mapfiles/kml/pushpin/wht-blank.png</href>
            </Icon>
          </IconStyle>
        </Style>
        <Point>
          <coordinates>139.4890711962112,35.65632941189584</coordinates>
        </Point>
      </Placemark>
      <Placemark>
        <name>Round 3 Red Flag Vending Machine</name>
        <description>&lt;b&gt;Players:&lt;/b&gt; Adam Chase&lt;br&gt;&lt;b&gt;Notes:&lt;/b&gt;&lt;ul&gt;&lt;li&gt;Present in Jet Lag: Japan (Season 6) 
Members who visited:
1) Adam&lt;/li&gt;&lt;/ul&gt;</description>
        <Style>
          <IconStyle>
            <color>ff2f2fd3</color>
            <scale>1.2</scale>
            <Icon>
              <href>https://maps.google.com/mapfiles/kml/pushpin/wht-blank.png</href>
            </Icon>
          </IconStyle>
        </Style>
        <Point>
          <coordinates>139.4880822,35.6598991</coordinates>
        </Point>
      </Placemark>
      <Placemark>
        <name>Adam Card Pull</name>
        <description>&lt;b&gt;Players:&lt;/b&gt; Adam Chase&lt;br&gt;&lt;b&gt;Notes:&lt;/b&gt;&lt;ul&gt;&lt;li&gt;Present in Jet Lag: Japan (Season 6) 
Members who visited:
1) Adam
Challenge: See a great wave&lt;/li&gt;&lt;/ul&gt;</description>
        <Style>
          <IconStyle>
            <color>ff2f2fd3</color>
            <scale>1.2</scale>
            <Icon>
              <href>https://maps.google.com/mapfiles/kml/pushpin/wht-blank.png</href>
            </Icon>
          </IconStyle>
        </Style>
        <Point>
          <coordinates>139.4829371,35.6599367</coordinates>
        </Point>
      </Placemark>
      <Placemark>
        <name>Adam Great Wave</name>
        <description>&lt;b&gt;Players:&lt;/b&gt; Adam Chase&lt;br&gt;&lt;b&gt;Notes:&lt;/b&gt;&lt;ul&gt;&lt;li&gt;Present in Jet Lag: Japan (Season 6) 
Members who visited:
1) Adam
Challenge: See a great wave&lt;/li&gt;&lt;/ul&gt;</description>
        <Style>
          <IconStyle>
            <color>ff2f2fd3</color>
            <scale>1.2</scale>
            <Icon>
              <href>https://maps.google.com/mapfiles/kml/pushpin/wht-blank.png</href>
            </Icon>
          </IconStyle>
        </Style>
        <Point>
          <coordinates>139.4831853,35.6599404</coordinates>
        </Point>
      </Placemark>
      <Placemark>
        <name>Adam Curse Pull</name>
        <description>&lt;b&gt;Players:&lt;/b&gt; Adam Chase&lt;br&gt;&lt;b&gt;Notes:&lt;/b&gt;&lt;ul&gt;&lt;li&gt;Present in Jet Lag: Japan (Season 6) 
Members who visited:
1) Adam
Curse: Become Hello Kitty (Adam)&lt;/li&gt;&lt;/ul&gt;</description>
        <Style>
          <IconStyle>
            <color>ff2f2fd3</color>
            <scale>1.2</scale>
            <Icon>
              <href>https://maps.google.com/mapfiles/kml/pushpin/wht-blank.png</href>
            </Icon>
          </IconStyle>
        </Style>
        <Point>
          <coordinates>139.4825483,35.6600232</coordinates>
        </Point>
      </Placemark>
      <Placemark>
        <name>Hatchobori Station</name>
        <description>&lt;b&gt;Players:&lt;/b&gt; Ben Doyle&lt;br&gt;&lt;b&gt;Notes:&lt;/b&gt;&lt;ul&gt;&lt;li&gt;Present in Jet Lag: Japan (Season 6) 
Members who visited:
1) Ben&lt;/li&gt;&lt;/ul&gt;</description>
        <Style>
          <IconStyle>
            <color>ff2f2fd3</color>
            <scale>1.2</scale>
            <Icon>
              <href>https://maps.google.com/mapfiles/kml/pushpin/wht-blank.png</href>
            </Icon>
          </IconStyle>
        </Style>
        <Point>
          <coordinates>139.7769789787339,35.67463451530852</coordinates>
        </Point>
      </Placemark>
      <Placemark>
        <name>Kayabacho Station</name>
        <description>&lt;b&gt;Players:&lt;/b&gt; Ben Doyle&lt;br&gt;&lt;b&gt;Notes:&lt;/b&gt;&lt;ul&gt;&lt;li&gt;Present in Jet Lag: Japan (Season 6) 
Members who visited:
1) Ben&lt;/li&gt;&lt;/ul&gt;</description>
        <Style>
          <IconStyle>
            <color>ff2f2fd3</color>
            <scale>1.2</scale>
            <Icon>
              <href>https://maps.google.com/mapfiles/kml/pushpin/wht-blank.png</href>
            </Icon>
          </IconStyle>
        </Style>
        <Point>
          <coordinates>139.7801827878116,35.67993453906711</coordinates>
        </Point>
      </Placemark>
      <Placemark>
        <name>Monzen Nakacho Station</name>
        <description>&lt;b&gt;Players:&lt;/b&gt; Ben Doyle&lt;br&gt;&lt;b&gt;Notes:&lt;/b&gt;&lt;ul&gt;&lt;li&gt;Present in Jet Lag: Japan (Season 6) 
Members who visited:
1) Ben&lt;/li&gt;&lt;/ul&gt;</description>
        <Style>
          <IconStyle>
            <color>ff2f2fd3</color>
            <scale>1.2</scale>
            <Icon>
              <href>https://maps.google.com/mapfiles/kml/pushpin/wht-blank.png</href>
            </Icon>
          </IconStyle>
        </Style>
        <Point>
          <coordinates>139.7948626756068,35.67240600326512</coordinates>
        </Point>
      </Placemark>
      <Placemark>
        <name>Tsukishima Station</name>
        <description>&lt;b&gt;Players:&lt;/b&gt; Ben Doyle&lt;br&gt;&lt;b&gt;Notes:&lt;/b&gt;&lt;ul&gt;&lt;li&gt;Present in Jet Lag: Japan (Season 6) 
Members who visited:
1) Ben&lt;/li&gt;&lt;/ul&gt;</description>
        <Style>
          <IconStyle>
            <color>ff2f2fd3</color>
            <scale>1.2</scale>
            <Icon>
              <href>https://maps.google.com/mapfiles/kml/pushpin/wht-blank.png</href>
            </Icon>
          </IconStyle>
        </Style>
        <Point>
          <coordinates>139.7848458273662,35.66443461589972</coordinates>
        </Point>
      </Placemark>
      <Placemark>
        <name>Shin-Kiba Station</name>
        <description>&lt;b&gt;Players:&lt;/b&gt; Ben Doyle&lt;br&gt;&lt;b&gt;Notes:&lt;/b&gt;&lt;ul&gt;&lt;li&gt;Present in Jet Lag: Japan (Season 6) 
Members who visited:
1) Ben&lt;/li&gt;&lt;/ul&gt;</description>
        <Style>
          <IconStyle>
            <color>ff2f2fd3</color>
            <scale>1.2</scale>
            <Icon>
              <href>https://maps.google.com/mapfiles/kml/pushpin/wht-blank.png</href>
            </Icon>
          </IconStyle>
        </Style>
        <Point>
          <coordinates>139.8270077724637,35.64616742911839</coordinates>
        </Point>
      </Placemark>
      <Placemark>
        <name>Hello Kitty Lawson</name>
        <description>&lt;b&gt;Players:&lt;/b&gt; Adam Chase&lt;br&gt;&lt;b&gt;Notes:&lt;/b&gt;&lt;ul&gt;&lt;li&gt;Present in Jet Lag: Japan (Season 6) 
Members who visited:
1) Adam
Curse: Become Hello Kitty (Adam)&lt;/li&gt;&lt;/ul&gt;</description>
        <Style>
          <IconStyle>
            <color>ff2f2fd3</color>
            <scale>1.2</scale>
            <Icon>
              <href>https://maps.google.com/mapfiles/kml/pushpin/wht-blank.png</href>
            </Icon>
          </IconStyle>
        </Style>
        <Point>
          <coordinates>139.4791156855743,35.66540872863524</coordinates>
        </Point>
      </Placemark>
      <Placemark>
        <name>Fuchu Honmachi Station</name>
        <description>&lt;b&gt;Players:&lt;/b&gt; Adam Chase&lt;br&gt;&lt;b&gt;Notes:&lt;/b&gt;&lt;ul&gt;&lt;li&gt;Present in Jet Lag: Japan (Season 6) 
Members who visited:
1) Adam
Curse: Become Hello Kitty&lt;/li&gt;&lt;/ul&gt;</description>
        <Style>
          <IconStyle>
            <color>ff2f2fd3</color>
            <scale>1.2</scale>
            <Icon>
              <href>https://maps.google.com/mapfiles/kml/pushpin/wht-blank.png</href>
            </Icon>
          </IconStyle>
        </Style>
        <Point>
          <coordinates>139.4770927636207,35.66630117904</coordinates>
        </Point>
      </Placemark>
      <Placemark>
        <name>Musashi Uwara Station</name>
        <description>&lt;b&gt;Players:&lt;/b&gt; Adam Chase&lt;br&gt;&lt;b&gt;Notes:&lt;/b&gt;&lt;ul&gt;&lt;li&gt;Present in Jet Lag: Japan (Season 6) 
Members who visited:
1) Adam&lt;/li&gt;&lt;/ul&gt;</description>
        <Style>
          <IconStyle>
            <color>ff2f2fd3</color>
            <scale>1.2</scale>
            <Icon>
              <href>https://maps.google.com/mapfiles/kml/pushpin/wht-blank.png</href>
            </Icon>
          </IconStyle>
        </Style>
        <Point>
          <coordinates>139.6469201097184,35.84598739843526</coordinates>
        </Point>
      </Placemark>
      <Placemark>
        <name>Urasa Station</name>
        <description>&lt;b&gt;Players:&lt;/b&gt; Adam Chase&lt;br&gt;&lt;b&gt;Notes:&lt;/b&gt;&lt;ul&gt;&lt;li&gt;Present in Jet Lag: Japan (Season 6) 
Members who visited:
1) Sam
2) Adam&lt;/li&gt;&lt;/ul&gt;</description>
        <Style>
          <IconStyle>
            <color>ff2f2fd3</color>
            <scale>1.2</scale>
            <Icon>
              <href>https://maps.google.com/mapfiles/kml/pushpin/wht-blank.png</href>
            </Icon>
          </IconStyle>
        </Style>
        <Point>
          <coordinates>138.9228357073569,37.16764905412104</coordinates>
        </Point>
      </Placemark>
      <Placemark>
        <name>Lightning Tower</name>
        <description>&lt;b&gt;Players:&lt;/b&gt; Adam Chase&lt;br&gt;&lt;b&gt;Notes:&lt;/b&gt;&lt;ul&gt;&lt;li&gt;Present in Jet Lag: Japan (Season 6) 
Members who visited:
1) Sam (Victim)
2) Adam (Placer)&lt;/li&gt;&lt;/ul&gt;</description>
        <Style>
          <IconStyle>
            <color>ff2f2fd3</color>
            <scale>1.2</scale>
            <Icon>
              <href>https://maps.google.com/mapfiles/kml/pushpin/wht-blank.png</href>
            </Icon>
          </IconStyle>
        </Style>
        <Point>
          <coordinates>138.922828513229,37.16751009997988</coordinates>
        </Point>
      </Placemark>
      <Placemark>
        <name>Trap Tower</name>
        <description>&lt;b&gt;Players:&lt;/b&gt; Adam Chase&lt;br&gt;&lt;b&gt;Notes:&lt;/b&gt;&lt;ul&gt;&lt;li&gt;Present in Jet Lag: Japan (Season 6) 
Members who visited:
1) Sam (Victim)
2) Adam (Placer)&lt;/li&gt;&lt;/ul&gt;</description>
        <Style>
          <IconStyle>
            <color>ff2f2fd3</color>
            <scale>1.2</scale>
            <Icon>
              <href>https://maps.google.com/mapfiles/kml/pushpin/wht-blank.png</href>
            </Icon>
          </IconStyle>
        </Style>
        <Point>
          <coordinates>138.9228307269431,37.16750359962077</coordinates>
        </Point>
      </Placemark>
      <Placemark>
        <name>Akihabara Station</name>
        <description>&lt;b&gt;Players:&lt;/b&gt; Adam Chase&lt;br&gt;&lt;b&gt;Notes:&lt;/b&gt;&lt;ul&gt;&lt;li&gt;Present in Jet Lag: Japan (Season 6) 
Members who visited:
1) Sam
2) Scotty
3) Adam
Challenge: Meet your local Yuru-Chara (Scotty)&lt;/li&gt;&lt;/ul&gt;</description>
        <Style>
          <IconStyle>
            <color>ff2f2fd3</color>
            <scale>1.2</scale>
            <Icon>
              <href>https://maps.google.com/mapfiles/kml/pushpin/wht-blank.png</href>
            </Icon>
          </IconStyle>
        </Style>
        <Point>
          <coordinates>139.7731692049207,35.69835467875529</coordinates>
        </Point>
      </Placemark>
      <Placemark>
        <name>Mario Kart Grocery Store</name>
        <description>&lt;b&gt;Players:&lt;/b&gt; Ben Doyle&lt;br&gt;&lt;b&gt;Notes:&lt;/b&gt;&lt;ul&gt;&lt;li&gt;Present in Jet Lag: Japan (Season 6) 
Members who visited:
1) Ben
Challenge: Find 3 Mario Kart Items&lt;/li&gt;&lt;/ul&gt;</description>
        <Style>
          <IconStyle>
            <color>ff2f2fd3</color>
            <scale>1.2</scale>
            <Icon>
              <href>https://maps.google.com/mapfiles/kml/pushpin/wht-blank.png</href>
            </Icon>
          </IconStyle>
        </Style>
        <Point>
          <coordinates>139.7589162,35.6657591</coordinates>
        </Point>
      </Placemark>
      <Placemark>
        <name>Nagaoka Station</name>
        <description>&lt;b&gt;Players:&lt;/b&gt; Adam Chase&lt;br&gt;&lt;b&gt;Notes:&lt;/b&gt;&lt;ul&gt;&lt;li&gt;Present in Jet Lag: Japan (Season 6) 
Members who visited:
1) Adam&lt;/li&gt;&lt;/ul&gt;</description>
        <Style>
          <IconStyle>
            <color>ff2f2fd3</color>
            <scale>1.2</scale>
            <Icon>
              <href>https://maps.google.com/mapfiles/kml/pushpin/wht-blank.png</href>
            </Icon>
          </IconStyle>
        </Style>
        <Point>
          <coordinates>138.8538308145184,37.44778112516327</coordinates>
        </Point>
      </Placemark>
      <Placemark>
        <name>Yairo Station</name>
        <description>&lt;b&gt;Players:&lt;/b&gt; Adam Chase&lt;br&gt;&lt;b&gt;Notes:&lt;/b&gt;&lt;ul&gt;&lt;li&gt;Present in Jet Lag: Japan (Season 6) 
Members who visited:
1) Sam
2) Adam&lt;/li&gt;&lt;/ul&gt;</description>
        <Style>
          <IconStyle>
            <color>ff2f2fd3</color>
            <scale>1.2</scale>
            <Icon>
              <href>https://maps.google.com/mapfiles/kml/pushpin/wht-blank.png</href>
            </Icon>
          </IconStyle>
        </Style>
        <Point>
          <coordinates>138.9350453360557,37.19180671963453</coordinates>
        </Point>
      </Placemark>
      <Placemark>
        <name>Jail Tower</name>
        <description>&lt;b&gt;Players:&lt;/b&gt; Adam Chase&lt;br&gt;&lt;b&gt;Notes:&lt;/b&gt;&lt;ul&gt;&lt;li&gt;Present in Jet Lag: Japan (Season 6) 
Members who visited:
1) Sam (Placer)
2) Adam (Victim)&lt;/li&gt;&lt;/ul&gt;</description>
        <Style>
          <IconStyle>
            <color>ff2f2fd3</color>
            <scale>1.2</scale>
            <Icon>
              <href>https://maps.google.com/mapfiles/kml/pushpin/wht-blank.png</href>
            </Icon>
          </IconStyle>
        </Style>
        <Point>
          <coordinates>138.9350355,37.1922989</coordinates>
        </Point>
      </Placemark>
      <Placemark>
        <name>Phototag Spot</name>
        <description>&lt;b&gt;Players:&lt;/b&gt; Adam Chase&lt;br&gt;&lt;b&gt;Notes:&lt;/b&gt;&lt;ul&gt;&lt;li&gt;Present in Jet Lag: Japan (Season 6) 
Members who visited:
1) Sam (Tagged)
2) Adam&lt;/li&gt;&lt;/ul&gt;</description>
        <Style>
          <IconStyle>
            <color>ff2f2fd3</color>
            <scale>1.2</scale>
            <Icon>
              <href>https://maps.google.com/mapfiles/kml/pushpin/wht-blank.png</href>
            </Icon>
          </IconStyle>
        </Style>
        <Point>
          <coordinates>138.9359816262092,37.19264922984872</coordinates>
        </Point>
      </Placemark>
      <Placemark>
        <name>Shinjuku Station</name>
        <description>&lt;b&gt;Players:&lt;/b&gt; Ben Doyle&lt;br&gt;&lt;b&gt;Notes:&lt;/b&gt;&lt;ul&gt;&lt;li&gt;Present in Jet Lag: Japan (Season 6) 
Members who visited:
1) Scotty
2) Ben
Challenge: Clean up 3 pieces of litter (Ben)&lt;/li&gt;&lt;/ul&gt;</description>
        <Style>
          <IconStyle>
            <color>ff2f2fd3</color>
            <scale>1.2</scale>
            <Icon>
              <href>https://maps.google.com/mapfiles/kml/pushpin/wht-blank.png</href>
            </Icon>
          </IconStyle>
        </Style>
        <Point>
          <coordinates>139.7010527004626,35.68860566483347</coordinates>
        </Point>
      </Placemark>
      <Placemark>
        <name>Kofu Station</name>
        <description>&lt;b&gt;Players:&lt;/b&gt; Ben Doyle&lt;br&gt;&lt;b&gt;Notes:&lt;/b&gt;&lt;ul&gt;&lt;li&gt;Present in Jet Lag: Japan (Season 6) 
Members who visited:
1) Scotty
2) Ben
Challenge: Clean up 3 pieces of litter (Ben)
Challenge: Spend exactly 940 yen (Ben)&lt;/li&gt;&lt;/ul&gt;</description>
        <Style>
          <IconStyle>
            <color>ff2f2fd3</color>
            <scale>1.2</scale>
            <Icon>
              <href>https://maps.google.com/mapfiles/kml/pushpin/wht-blank.png</href>
            </Icon>
          </IconStyle>
        </Style>
        <Point>
          <coordinates>138.5690320192994,35.66722603469459</coordinates>
        </Point>
      </Placemark>
      <Placemark>
        <name>Mud Tower</name>
        <description>&lt;b&gt;Players:&lt;/b&gt; Ben Doyle&lt;br&gt;&lt;b&gt;Notes:&lt;/b&gt;&lt;ul&gt;&lt;li&gt;Present in Jet Lag: Japan (Season 6) 
Members who visited:
1) Scotty (Victim)
2) Ben (Placer)&lt;/li&gt;&lt;/ul&gt;</description>
        <Style>
          <IconStyle>
            <color>ff2f2fd3</color>
            <scale>1.2</scale>
            <Icon>
              <href>https://maps.google.com/mapfiles/kml/pushpin/wht-blank.png</href>
            </Icon>
          </IconStyle>
        </Style>
        <Point>
          <coordinates>138.5692413907929,35.66720452856953</coordinates>
        </Point>
      </Placemark>
      <Placemark>
        <name>Ben looking for stuff</name>
        <description>&lt;b&gt;Players:&lt;/b&gt; Ben Doyle&lt;br&gt;&lt;b&gt;Notes:&lt;/b&gt;&lt;ul&gt;&lt;li&gt;Present in Jet Lag: Japan (Season 6) 
Members who visited:
1) Ben
Challenge: Spend exactly 940 yen&lt;/li&gt;&lt;/ul&gt;</description>
        <Style>
          <IconStyle>
            <color>ff2f2fd3</color>
            <scale>1.2</scale>
            <Icon>
              <href>https://maps.google.com/mapfiles/kml/pushpin/wht-blank.png</href>
            </Icon>
          </IconStyle>
        </Style>
        <Point>
          <coordinates>138.5730982312436,35.66366903835227</coordinates>
        </Point>
      </Placemark>
      <Placemark>
        <name>940 yen vending machine</name>
        <description>&lt;b&gt;Players:&lt;/b&gt; Ben Doyle&lt;br&gt;&lt;b&gt;Notes:&lt;/b&gt;&lt;ul&gt;&lt;li&gt;Present in Jet Lag: Japan (Season 6) 
Members who visited:
1) Ben
Challenge: Spend exactly 940 yen&lt;/li&gt;&lt;/ul&gt;</description>
        <Style>
          <IconStyle>
            <color>ff2f2fd3</color>
            <scale>1.2</scale>
            <Icon>
              <href>https://maps.google.com/mapfiles/kml/pushpin/wht-blank.png</href>
            </Icon>
          </IconStyle>
        </Style>
        <Point>
          <coordinates>138.5723850470139,35.66604577269639</coordinates>
        </Point>
      </Placemark>
      <Placemark>
        <name>Ben spinning around</name>
        <description>&lt;b&gt;Players:&lt;/b&gt; Ben Doyle&lt;br&gt;&lt;b&gt;Notes:&lt;/b&gt;&lt;ul&gt;&lt;li&gt;Present in Jet Lag: Japan (Season 6) 
Members who visited:
1) Ben&lt;/li&gt;&lt;/ul&gt;</description>
        <Style>
          <IconStyle>
            <color>ff2f2fd3</color>
            <scale>1.2</scale>
            <Icon>
              <href>https://maps.google.com/mapfiles/kml/pushpin/wht-blank.png</href>
            </Icon>
          </IconStyle>
        </Style>
        <Point>
          <coordinates>138.5743894740176,35.66163065160283</coordinates>
        </Point>
      </Placemark>
      <Placemark>
        <name>Pizza Tower</name>
        <description>&lt;b&gt;Players:&lt;/b&gt; Ben Doyle&lt;br&gt;&lt;b&gt;Notes:&lt;/b&gt;&lt;ul&gt;&lt;li&gt;Present in Jet Lag: Japan (Season 6) 
Members who visited:
1) Scotty (Placer)
2) Ben (Victim)&lt;/li&gt;&lt;/ul&gt;</description>
        <Style>
          <IconStyle>
            <color>ff2f2fd3</color>
            <scale>1.2</scale>
            <Icon>
              <href>https://maps.google.com/mapfiles/kml/pushpin/wht-blank.png</href>
            </Icon>
          </IconStyle>
        </Style>
        <Point>
          <coordinates>138.5693319231909,35.6672227469594</coordinates>
        </Point>
      </Placemark>
      <Placemark>
        <name>Jail Tower</name>
        <description>&lt;b&gt;Players:&lt;/b&gt; Ben Doyle&lt;br&gt;&lt;b&gt;Notes:&lt;/b&gt;&lt;ul&gt;&lt;li&gt;Present in Jet Lag: Japan (Season 6) 
Members who visited:
1) Scotty (Placer)
2) Ben (Victim)&lt;/li&gt;&lt;/ul&gt;</description>
        <Style>
          <IconStyle>
            <color>ff2f2fd3</color>
            <scale>1.2</scale>
            <Icon>
              <href>https://maps.google.com/mapfiles/kml/pushpin/wht-blank.png</href>
            </Icon>
          </IconStyle>
        </Style>
        <Point>
          <coordinates>138.5693084309393,35.6672091594922</coordinates>
        </Point>
      </Placemark>
      <Placemark>
        <name>Phototag Spot</name>
        <description>&lt;b&gt;Players:&lt;/b&gt; Ben Doyle&lt;br&gt;&lt;b&gt;Notes:&lt;/b&gt;&lt;ul&gt;&lt;li&gt;Present in Jet Lag: Japan (Season 6) 
Members who visited:
1) Scotty
2) Ben (Tagged)&lt;/li&gt;&lt;/ul&gt;</description>
        <Style>
          <IconStyle>
            <color>ff2f2fd3</color>
            <scale>1.2</scale>
            <Icon>
              <href>https://maps.google.com/mapfiles/kml/pushpin/wht-blank.png</href>
            </Icon>
          </IconStyle>
        </Style>
        <Point>
          <coordinates>138.5662767484128,35.67111118938712</coordinates>
        </Point>
      </Placemark>
      <Placemark>
        <name>Pokemon 7-11</name>
        <description>&lt;b&gt;Players:&lt;/b&gt; Adam Chase&lt;br&gt;&lt;b&gt;Notes:&lt;/b&gt;&lt;ul&gt;&lt;li&gt;Present in Jet Lag: Japan (Season 6) 
Members who visited:
1) Adam
Challenge: Catch a pokemon
Challenge: Show off your chopstick skills&lt;/li&gt;&lt;/ul&gt;</description>
        <Style>
          <IconStyle>
            <color>ff2f2fd3</color>
            <scale>1.2</scale>
            <Icon>
              <href>https://maps.google.com/mapfiles/kml/pushpin/wht-blank.png</href>
            </Icon>
          </IconStyle>
        </Style>
        <Point>
          <coordinates>139.7582784506983,35.66773250137084</coordinates>
        </Point>
      </Placemark>
      <Placemark>
        <name>Chopsticks Spot</name>
        <description>&lt;b&gt;Players:&lt;/b&gt; Adam Chase&lt;br&gt;&lt;b&gt;Notes:&lt;/b&gt;&lt;ul&gt;&lt;li&gt;Present in Jet Lag: Japan (Season 6) 
Members who visited:
1) Adam
Challenge: Show off your chopstick skills
Challenge: Eat wagyu&lt;/li&gt;&lt;/ul&gt;</description>
        <Style>
          <IconStyle>
            <color>ff2f2fd3</color>
            <scale>1.2</scale>
            <Icon>
              <href>https://maps.google.com/mapfiles/kml/pushpin/wht-blank.png</href>
            </Icon>
          </IconStyle>
        </Style>
        <Point>
          <coordinates>139.758336811206,35.6676553664557</coordinates>
        </Point>
      </Placemark>
      <Placemark>
        <name>Yakiniku restaurant</name>
        <description>&lt;b&gt;Players:&lt;/b&gt; Adam Chase&lt;br&gt;&lt;b&gt;Notes:&lt;/b&gt;&lt;ul&gt;&lt;li&gt;Present in Jet Lag: Japan (Season 6) 
Members who visited:
1) Adam
Challenge: Eat wagyu&lt;/li&gt;&lt;/ul&gt;</description>
        <Style>
          <IconStyle>
            <color>ff2f2fd3</color>
            <scale>1.2</scale>
            <Icon>
              <href>https://maps.google.com/mapfiles/kml/pushpin/wht-blank.png</href>
            </Icon>
          </IconStyle>
        </Style>
        <Point>
          <coordinates>139.7567143,35.6663216</coordinates>
        </Point>
      </Placemark>
      <Placemark>
        <name>Vampire Tower</name>
        <description>&lt;b&gt;Players:&lt;/b&gt; Adam Chase&lt;br&gt;&lt;b&gt;Notes:&lt;/b&gt;&lt;ul&gt;&lt;li&gt;Present in Jet Lag: Japan (Season 6) 
Members who visited:
1) Sam (Victim)
2) Adam (Placer)&lt;/li&gt;&lt;/ul&gt;</description>
        <Style>
          <IconStyle>
            <color>ff2f2fd3</color>
            <scale>1.2</scale>
            <Icon>
              <href>https://maps.google.com/mapfiles/kml/pushpin/wht-blank.png</href>
            </Icon>
          </IconStyle>
        </Style>
        <Point>
          <coordinates>139.7566892180072,35.66634099335241</coordinates>
        </Point>
      </Placemark>
      <Placemark>
        <name>Phototag Spot</name>
        <description>&lt;b&gt;Players:&lt;/b&gt; Adam Chase&lt;br&gt;&lt;b&gt;Notes:&lt;/b&gt;&lt;ul&gt;&lt;li&gt;Present in Jet Lag: Japan (Season 6) 
Members who visited:
1) Sam 
2) Adam (Tagged)
Challenge: Eat wagyu (Adam)&lt;/li&gt;&lt;/ul&gt;</description>
        <Style>
          <IconStyle>
            <color>ff2f2fd3</color>
            <scale>1.2</scale>
            <Icon>
              <href>https://maps.google.com/mapfiles/kml/pushpin/wht-blank.png</href>
            </Icon>
          </IconStyle>
        </Style>
        <Point>
          <coordinates>139.7535196,35.6618674</coordinates>
        </Point>
      </Placemark>
      <Placemark>
        <name>Adam Jaywalk Spot</name>
        <description>&lt;b&gt;Players:&lt;/b&gt; Adam Chase&lt;br&gt;&lt;b&gt;Notes:&lt;/b&gt;&lt;ul&gt;&lt;li&gt;Present in Jet Lag: Japan (Season 6) 
Members who visited:
1) Adam
Challenge: Get a half mile from nearest 7-11&lt;/li&gt;&lt;/ul&gt;</description>
        <Style>
          <IconStyle>
            <color>ff2f2fd3</color>
            <scale>1.2</scale>
            <Icon>
              <href>https://maps.google.com/mapfiles/kml/pushpin/wht-blank.png</href>
            </Icon>
          </IconStyle>
        </Style>
        <Point>
          <coordinates>139.7634597,35.6778103</coordinates>
        </Point>
      </Placemark>
      <Placemark>
        <name>Phototag Spot</name>
        <description>&lt;b&gt;Players:&lt;/b&gt; Adam Chase&lt;br&gt;&lt;b&gt;Notes:&lt;/b&gt;&lt;ul&gt;&lt;li&gt;Present in Jet Lag: Japan (Season 6) 
Members who visited:
1) Sam 
2) Adam (Tagged)
Challenge: Get a half mile from nearest 7-11 (Adam)&lt;/li&gt;&lt;/ul&gt;</description>
        <Style>
          <IconStyle>
            <color>ff2f2fd3</color>
            <scale>1.2</scale>
            <Icon>
              <href>https://maps.google.com/mapfiles/kml/pushpin/wht-blank.png</href>
            </Icon>
          </IconStyle>
        </Style>
        <Point>
          <coordinates>139.7556332,35.6778493</coordinates>
        </Point>
      </Placemark>
      <Placemark>
        <name>Odawara Station</name>
        <description>&lt;b&gt;Team:&lt;/b&gt; Adam Chase &amp; Ben Doyle&lt;br&gt;&lt;b&gt;Notes:&lt;/b&gt;&lt;ul&gt;&lt;li&gt;Present in Jet Lag: Japan (Season 6) 
Members who visited:
1) Sam
2) Scotty
3) Adam
4) Ben
Challenge: Spend 15 minutes in a museum (Ben and Adam)
Challenge: Do 100 squats (Ben and Adam)&lt;/li&gt;&lt;/ul&gt;</description>
        <Style>
          <IconStyle>
            <color>ff2f2fd3</color>
            <scale>1.2</scale>
            <Icon>
              <href>https://maps.google.com/mapfiles/kml/pushpin/wht-blank.png</href>
            </Icon>
          </IconStyle>
        </Style>
        <Point>
          <coordinates>139.1553932,35.2564449</coordinates>
        </Point>
      </Placemark>
      <Placemark>
        <name>Tokiwa Kimon Samurai Centre</name>
        <description>&lt;b&gt;Team:&lt;/b&gt; Adam Chase &amp; Ben Doyle&lt;br&gt;&lt;b&gt;Notes:&lt;/b&gt;&lt;ul&gt;&lt;li&gt;Present in Jet Lag: Japan (Season 6) 
Members who visited:
1) Sam
2) Adam
3) Ben 
Challenge: Spend 15 minutes in a museum (Ben and Adam)&lt;/li&gt;&lt;/ul&gt;</description>
        <Style>
          <IconStyle>
            <color>ff2f2fd3</color>
            <scale>1.2</scale>
            <Icon>
              <href>https://maps.google.com/mapfiles/kml/pushpin/wht-blank.png</href>
            </Icon>
          </IconStyle>
        </Style>
        <Point>
          <coordinates>139.1545956,35.2505602</coordinates>
        </Point>
      </Placemark>
      <Placemark>
        <name>Ice Tower</name>
        <description>&lt;b&gt;Team:&lt;/b&gt; Adam Chase &amp; Ben Doyle&lt;br&gt;&lt;b&gt;Notes:&lt;/b&gt;&lt;ul&gt;&lt;li&gt;Present in Jet Lag: Japan (Season 6) 
Members who visited:
1) Sam (Victim)
2) Scotty (Victim)
3) Adam (Placer)
4) Ben (Placer)&lt;/li&gt;&lt;/ul&gt;</description>
        <Style>
          <IconStyle>
            <color>ff2f2fd3</color>
            <scale>1.2</scale>
            <Icon>
              <href>https://maps.google.com/mapfiles/kml/pushpin/wht-blank.png</href>
            </Icon>
          </IconStyle>
        </Style>
        <Point>
          <coordinates>139.1547385169059,35.25064257712651</coordinates>
        </Point>
      </Placemark>
      <Placemark>
        <name>Phototag Spot</name>
        <description>&lt;b&gt;Team:&lt;/b&gt; Adam Chase &amp; Ben Doyle&lt;br&gt;&lt;b&gt;Notes:&lt;/b&gt;&lt;ul&gt;&lt;li&gt;Present in Jet Lag: Japan (Season 6) 
Members who visited:
1) Sam
2) Adam (Tagged)
3) Ben (Tagged)&lt;/li&gt;&lt;/ul&gt;</description>
        <Style>
          <IconStyle>
            <color>ff2f2fd3</color>
            <scale>1.2</scale>
            <Icon>
              <href>https://maps.google.com/mapfiles/kml/pushpin/wht-blank.png</href>
            </Icon>
          </IconStyle>
        </Style>
        <Point>
          <coordinates>139.1548055934446,35.25064676796121</coordinates>
        </Point>
      </Placemark>
      <Placemark>
        <name>Curse Pull</name>
        <description>&lt;b&gt;Team:&lt;/b&gt; Adam Chase &amp; Ben Doyle&lt;br&gt;&lt;b&gt;Notes:&lt;/b&gt;&lt;ul&gt;&lt;li&gt;Present in Jet Lag: Japan (Season 6) 
Members who visited:
1) Adam
2) Ben 
 
Curse: Melon (Ben and Adam)&lt;/li&gt;&lt;/ul&gt;</description>
        <Style>
          <IconStyle>
            <color>ff2f2fd3</color>
            <scale>1.2</scale>
            <Icon>
              <href>https://maps.google.com/mapfiles/kml/pushpin/wht-blank.png</href>
            </Icon>
          </IconStyle>
        </Style>
        <Point>
          <coordinates>139.1535807,35.2517131</coordinates>
        </Point>
      </Placemark>
      <Placemark>
        <name>Odd Tower Pull</name>
        <description>&lt;b&gt;Team:&lt;/b&gt; Adam Chase &amp; Ben Doyle&lt;br&gt;&lt;b&gt;Notes:&lt;/b&gt;&lt;ul&gt;&lt;li&gt;Present in Jet Lag: Japan (Season 6) 
Members who visited:
1) Adam
2) Ben 
 
Curse: Melon (Ben and Adam)&lt;/li&gt;&lt;/ul&gt;</description>
        <Style>
          <IconStyle>
            <color>ff2f2fd3</color>
            <scale>1.2</scale>
            <Icon>
              <href>https://maps.google.com/mapfiles/kml/pushpin/wht-blank.png</href>
            </Icon>
          </IconStyle>
        </Style>
        <Point>
          <coordinates>139.1544339,35.2532192</coordinates>
        </Point>
      </Placemark>
      <Placemark>
        <name>Lusca Odawara</name>
        <description>&lt;b&gt;Team:&lt;/b&gt; Adam Chase &amp; Ben Doyle&lt;br&gt;&lt;b&gt;Notes:&lt;/b&gt;&lt;ul&gt;&lt;li&gt;Present in Jet Lag: Japan (Season 6) 
Members who visited:
1) Adam
2) Ben 
 
Curse: Melon (Ben and Adam)&lt;/li&gt;&lt;/ul&gt;</description>
        <Style>
          <IconStyle>
            <color>ff2f2fd3</color>
            <scale>1.2</scale>
            <Icon>
              <href>https://maps.google.com/mapfiles/kml/pushpin/wht-blank.png</href>
            </Icon>
          </IconStyle>
        </Style>
        <Point>
          <coordinates>139.1559269,35.2556598</coordinates>
        </Point>
      </Placemark>
      <Placemark>
        <name>Gravity Tower</name>
        <description>&lt;b&gt;Team:&lt;/b&gt; Adam Chase &amp; Ben Doyle&lt;br&gt;&lt;b&gt;Notes:&lt;/b&gt;&lt;ul&gt;&lt;li&gt;Present in Jet Lag: Japan (Season 6) 
Members who visited:
1) Sam (Victim)
2) Scotty (Victim)
3) Adam (Placer)
4) Ben (Placer)&lt;/li&gt;&lt;/ul&gt;</description>
        <Style>
          <IconStyle>
            <color>ff2f2fd3</color>
            <scale>1.2</scale>
            <Icon>
              <href>https://maps.google.com/mapfiles/kml/pushpin/wht-blank.png</href>
            </Icon>
          </IconStyle>
        </Style>
        <Point>
          <coordinates>139.1548354321285,35.25624254318172</coordinates>
        </Point>
      </Placemark>
      <Placemark>
        <name>Vampire Tower</name>
        <description>&lt;b&gt;Team:&lt;/b&gt; Adam Chase &amp; Ben Doyle&lt;br&gt;&lt;b&gt;Notes:&lt;/b&gt;&lt;ul&gt;&lt;li&gt;Present in Jet Lag: Japan (Season 6) 
Members who visited:
1) Sam (Placer)
2) Scotty (Placer)
3) Adam (Victim)
4) Ben (Victim)&lt;/li&gt;&lt;/ul&gt;</description>
        <Style>
          <IconStyle>
            <color>ff2f2fd3</color>
            <scale>1.2</scale>
            <Icon>
              <href>https://maps.google.com/mapfiles/kml/pushpin/wht-blank.png</href>
            </Icon>
          </IconStyle>
        </Style>
        <Point>
          <coordinates>139.1548130448286,35.25616405963451</coordinates>
        </Point>
      </Placemark>
      <Placemark>
        <name>Jail Tower</name>
        <description>&lt;b&gt;Team:&lt;/b&gt; Adam Chase &amp; Ben Doyle&lt;br&gt;&lt;b&gt;Notes:&lt;/b&gt;&lt;ul&gt;&lt;li&gt;Present in Jet Lag: Japan (Season 6) 
Members who visited:
1) Sam (Placer)
2) Scotty (Placer)
3) Adam (Victim)
4) Ben (Victim)&lt;/li&gt;&lt;/ul&gt;</description>
        <Style>
          <IconStyle>
            <color>ff2f2fd3</color>
            <scale>1.2</scale>
            <Icon>
              <href>https://maps.google.com/mapfiles/kml/pushpin/wht-blank.png</href>
            </Icon>
          </IconStyle>
        </Style>
        <Point>
          <coordinates>139.1548093831907,35.25617566521269</coordinates>
        </Point>
      </Placemark>
      <Placemark>
        <name>Mishima Station</name>
        <description>&lt;b&gt;Team:&lt;/b&gt; Adam Chase &amp; Ben Doyle&lt;br&gt;&lt;b&gt;Notes:&lt;/b&gt;&lt;ul&gt;&lt;li&gt;Present in Jet Lag: Japan (Season 6) 
Members who visited:
1) Scotty
2) Adam 
3) Ben&lt;/li&gt;&lt;/ul&gt;</description>
        <Style>
          <IconStyle>
            <color>ff2f2fd3</color>
            <scale>1.2</scale>
            <Icon>
              <href>https://maps.google.com/mapfiles/kml/pushpin/wht-blank.png</href>
            </Icon>
          </IconStyle>
        </Style>
        <Point>
          <coordinates>138.9101551384619,35.1266594398869</coordinates>
        </Point>
      </Placemark>
      <Placemark>
        <name>Hamamatsu Station</name>
        <description>&lt;b&gt;Team:&lt;/b&gt; Adam Chase &amp; Ben Doyle&lt;br&gt;&lt;b&gt;Notes:&lt;/b&gt;&lt;ul&gt;&lt;li&gt;Present in Jet Lag: Japan (Season 6) 
Members who visited:
1) Scotty
2) Adam 
3) Ben
Curse: Get on a late train (Ben and Adam)&lt;/li&gt;&lt;/ul&gt;</description>
        <Style>
          <IconStyle>
            <color>ff2f2fd3</color>
            <scale>1.2</scale>
            <Icon>
              <href>https://maps.google.com/mapfiles/kml/pushpin/wht-blank.png</href>
            </Icon>
          </IconStyle>
        </Style>
        <Point>
          <coordinates>137.7352298964205,34.70387874019868</coordinates>
        </Point>
      </Placemark>
      <Placemark>
        <name>Mud Tower</name>
        <description>&lt;b&gt;Team:&lt;/b&gt; Adam Chase &amp; Ben Doyle&lt;br&gt;&lt;b&gt;Notes:&lt;/b&gt;&lt;ul&gt;&lt;li&gt;Present in Jet Lag: Japan (Season 6) 
Members who visited:
1) Scotty (Victim)
2) Adam (Placer)
3) Ben (Placer)&lt;/li&gt;&lt;/ul&gt;</description>
        <Style>
          <IconStyle>
            <color>ff2f2fd3</color>
            <scale>1.2</scale>
            <Icon>
              <href>https://maps.google.com/mapfiles/kml/pushpin/wht-blank.png</href>
            </Icon>
          </IconStyle>
        </Style>
        <Point>
          <coordinates>137.7349383632585,34.70347786231753</coordinates>
        </Point>
      </Placemark>
      <Placemark>
        <name>Phototag Spot</name>
        <description>&lt;b&gt;Team:&lt;/b&gt; Adam Chase &amp; Ben Doyle&lt;br&gt;&lt;b&gt;Notes:&lt;/b&gt;&lt;ul&gt;&lt;li&gt;Present in Jet Lag: Japan (Season 6) 
Members who visited:
1) Scotty
2) Adam (Tagged)
3) Ben (Tagged)&lt;/li&gt;&lt;/ul&gt;</description>
        <Style>
          <IconStyle>
            <color>ff2f2fd3</color>
            <scale>1.2</scale>
            <Icon>
              <href>https://maps.google.com/mapfiles/kml/pushpin/wht-blank.png</href>
            </Icon>
          </IconStyle>
        </Style>
        <Point>
          <coordinates>137.734875421144,34.70341910068586</coordinates>
        </Point>
      </Placemark>
      <Placemark>
        <name>Tameike-sannō Sta.</name>
        <description>&lt;b&gt;Players:&lt;/b&gt; Ben Doyle&lt;br&gt;&lt;b&gt;Notes:&lt;/b&gt;&lt;ul&gt;&lt;li&gt;Present in Jet Lag: Japan (Season 6) 
Members who visited:
1) Scotty
2) Ben&lt;/li&gt;&lt;/ul&gt;</description>
        <Style>
          <IconStyle>
            <color>ff2f2fd3</color>
            <scale>1.2</scale>
            <Icon>
              <href>https://maps.google.com/mapfiles/kml/pushpin/wht-blank.png</href>
            </Icon>
          </IconStyle>
        </Style>
        <Point>
          <coordinates>139.7414004,35.6721312</coordinates>
        </Point>
      </Placemark>
      <Placemark>
        <name>Tiebreaker Flag</name>
        <description>&lt;b&gt;Players:&lt;/b&gt; Adam Chase&lt;br&gt;&lt;b&gt;Notes:&lt;/b&gt;&lt;ul&gt;&lt;li&gt;Present in Jet Lag: Japan (Season 6) 
Members who visited:
1) Adam&lt;/li&gt;&lt;/ul&gt;</description>
        <Style>
          <IconStyle>
            <color>ff2f2fd3</color>
            <scale>1.2</scale>
            <Icon>
              <href>https://maps.google.com/mapfiles/kml/pushpin/wht-blank.png</href>
            </Icon>
          </IconStyle>
        </Style>
        <Point>
          <coordinates>139.7713654,35.6966524</coordinates>
        </Point>
      </Placemark>
      <Placemark>
        <name>Phototag Spot</name>
        <description>&lt;b&gt;Players:&lt;/b&gt; Adam Chase&lt;br&gt;&lt;b&gt;Notes:&lt;/b&gt;&lt;ul&gt;&lt;li&gt;Present in Jet Lag: Japan (Season 6) 
Members who visited:
1) Sam (Tagged)
2) Adam&lt;/li&gt;&lt;/ul&gt;</description>
        <Style>
          <IconStyle>
            <color>ff2f2fd3</color>
            <scale>1.2</scale>
            <Icon>
              <href>https://maps.google.com/mapfiles/kml/pushpin/wht-blank.png</href>
            </Icon>
          </IconStyle>
        </Style>
        <Point>
          <coordinates>139.7717881172849,35.69585755585052</coordinates>
        </Point>
      </Placemark>
      <Placemark>
        <name>Tiebreaker Flag</name>
        <description>&lt;b&gt;Players:&lt;/b&gt; Ben Doyle&lt;br&gt;&lt;b&gt;Notes:&lt;/b&gt;&lt;ul&gt;&lt;li&gt;Present in Jet Lag: Japan (Season 6) 
Members who visited:
1)  Ben&lt;/li&gt;&lt;/ul&gt;</description>
        <Style>
          <IconStyle>
            <color>ff2f2fd3</color>
            <scale>1.2</scale>
            <Icon>
              <href>https://maps.google.com/mapfiles/kml/pushpin/wht-blank.png</href>
            </Icon>
          </IconStyle>
        </Style>
        <Point>
          <coordinates>139.7390462,35.6739291</coordinates>
        </Point>
      </Placemark>
      <Placemark>
        <name>Akasaka-Mitsuke Station</name>
        <description>&lt;b&gt;Players:&lt;/b&gt; Ben Doyle&lt;br&gt;&lt;b&gt;Notes:&lt;/b&gt;&lt;ul&gt;&lt;li&gt;Present in Jet Lag: Japan (Season 6) 
Members who visited:
1) Scotty
2) Ben&lt;/li&gt;&lt;/ul&gt;</description>
        <Style>
          <IconStyle>
            <color>ff2f2fd3</color>
            <scale>1.2</scale>
            <Icon>
              <href>https://maps.google.com/mapfiles/kml/pushpin/wht-blank.png</href>
            </Icon>
          </IconStyle>
        </Style>
        <Point>
          <coordinates>139.7372686,35.6767946</coordinates>
        </Point>
      </Placemark>
      <Placemark>
        <name>Mitsukoshimae Station</name>
        <description>&lt;b&gt;Players:&lt;/b&gt; Adam Chase&lt;br&gt;&lt;b&gt;Notes:&lt;/b&gt;&lt;ul&gt;&lt;li&gt;Present in Jet Lag: Japan (Season 6) 
Members who visited:
1) Adam&lt;/li&gt;&lt;/ul&gt;</description>
        <Style>
          <IconStyle>
            <color>ff2f2fd3</color>
            <scale>1.2</scale>
            <Icon>
              <href>https://maps.google.com/mapfiles/kml/pushpin/wht-blank.png</href>
            </Icon>
          </IconStyle>
        </Style>
        <Point>
          <coordinates>139.7735707,35.6871555</coordinates>
        </Point>
      </Placemark>
      <Placemark>
        <name>Tiebreaker Flag</name>
        <description>&lt;b&gt;Players:&lt;/b&gt; Adam Chase&lt;br&gt;&lt;b&gt;Notes:&lt;/b&gt;&lt;ul&gt;&lt;li&gt;Present in Jet Lag: Japan (Season 6) 
Members who visited:
1) Adam&lt;/li&gt;&lt;/ul&gt;</description>
        <Style>
          <IconStyle>
            <color>ff2f2fd3</color>
            <scale>1.2</scale>
            <Icon>
              <href>https://maps.google.com/mapfiles/kml/pushpin/wht-blank.png</href>
            </Icon>
          </IconStyle>
        </Style>
        <Point>
          <coordinates>139.7705088,35.7121932</coordinates>
        </Point>
      </Placemark>
      <Placemark>
        <name>Ochanomizu Station</name>
        <description>&lt;b&gt;Players:&lt;/b&gt; Ben Doyle&lt;br&gt;&lt;b&gt;Notes:&lt;/b&gt;&lt;ul&gt;&lt;li&gt;Present in Jet Lag: Japan (Season 6) 
Members who visited:
1) Sam
2) Ben&lt;/li&gt;&lt;/ul&gt;</description>
        <Style>
          <IconStyle>
            <color>ff2f2fd3</color>
            <scale>1.2</scale>
            <Icon>
              <href>https://maps.google.com/mapfiles/kml/pushpin/wht-blank.png</href>
            </Icon>
          </IconStyle>
        </Style>
        <Point>
          <coordinates>139.7644404,35.6997175</coordinates>
        </Point>
      </Placemark>
      <Placemark>
        <name>Asakusa Sta.</name>
        <description>&lt;b&gt;Players:&lt;/b&gt; Adam Chase&lt;br&gt;&lt;b&gt;Notes:&lt;/b&gt;&lt;ul&gt;&lt;li&gt;Present in Jet Lag: Japan (Season 6) 
Members who visited:
1) Adam&lt;/li&gt;&lt;/ul&gt;</description>
        <Style>
          <IconStyle>
            <color>ff2f2fd3</color>
            <scale>1.2</scale>
            <Icon>
              <href>https://maps.google.com/mapfiles/kml/pushpin/wht-blank.png</href>
            </Icon>
          </IconStyle>
        </Style>
        <Point>
          <coordinates>139.7977621,35.7107924</coordinates>
        </Point>
      </Placemark>
      <Placemark>
        <name>Tiebreaker Flag</name>
        <description>&lt;b&gt;Players:&lt;/b&gt; Adam Chase&lt;br&gt;&lt;b&gt;Notes:&lt;/b&gt;&lt;ul&gt;&lt;li&gt;Present in Jet Lag: Japan (Season 6) 
Members who visited:
1) Adam&lt;/li&gt;&lt;/ul&gt;</description>
        <Style>
          <IconStyle>
            <color>ff2f2fd3</color>
            <scale>1.2</scale>
            <Icon>
              <href>https://maps.google.com/mapfiles/kml/pushpin/wht-blank.png</href>
            </Icon>
          </IconStyle>
        </Style>
        <Point>
          <coordinates>139.7965305,35.7110098</coordinates>
        </Point>
      </Placemark>
      <Placemark>
        <name>Kanda Station</name>
        <description>&lt;b&gt;Players:&lt;/b&gt; Ben Doyle&lt;br&gt;&lt;b&gt;Notes:&lt;/b&gt;&lt;ul&gt;&lt;li&gt;Present in Jet Lag: Japan (Season 6) 
Members who visited:
1) Sam
2) Ben&lt;/li&gt;&lt;/ul&gt;</description>
        <Style>
          <IconStyle>
            <color>ff2f2fd3</color>
            <scale>1.2</scale>
            <Icon>
              <href>https://maps.google.com/mapfiles/kml/pushpin/wht-blank.png</href>
            </Icon>
          </IconStyle>
        </Style>
        <Point>
          <coordinates>139.7709318,35.6918216</coordinates>
        </Point>
      </Placemark>
    </Folder>
  </Document>
</kml>