<?xml version='1.0' encoding='utf-8'?>
<kml xmlns="http://www.opengis.net/kml/2.2">
  <Document>
    <name>Season 14: Snake</name>
    <Folder>
      <name>Adam Chase</name>
      <Placemark>
        <name>Yongsan Station</name>
        <description>&lt;b&gt;Team:&lt;/b&gt; Adam Chase&lt;br&gt;&lt;b&gt;Notes:&lt;/b&gt;&lt;ul&gt;&lt;li&gt;Blocker (with Sam) at game start, Day 1 of Ben&amp;#x27;s run; blockers start 7:00 per doc&lt;/li&gt;&lt;li&gt;Adam&amp;#x27;s 07:22 KST social post from Yongsan 잔디광장 (37.52811, 126.96601)&lt;/li&gt;&lt;li&gt;Seed: Day 1 timeline — 7:05 KTX toward Shin Haeundae, Yongsan→Cheonan-Asan→Osong&lt;/li&gt;&lt;/ul&gt;</description>
        <TimeSpan>
          <begin>2025-04-02T07:00:00</begin>
        </TimeSpan>
        <Style>
          <IconStyle>
            <color>ff2f2fd3</color>
            <scale>1.2</scale>
            <Icon>
              <href>https://maps.google.com/mapfiles/kml/pushpin/wht-blank.png</href>
            </Icon>
          </IconStyle>
        </Style>
        <Point>
          <coordinates>126.9648276,37.52995733</coordinates>
        </Point>
      </Placemark>
      <Placemark>
        <name>Cheonan-Asan</name>
        <description>&lt;b&gt;Team:&lt;/b&gt; Adam Chase&lt;br&gt;&lt;b&gt;Notes:&lt;/b&gt;&lt;ul&gt;&lt;li&gt;Pass-through node on the 07:05 KTX (with Sam), blockers&amp;#x27; ride to Osong&lt;/li&gt;&lt;/ul&gt;</description>
        <Style>
          <IconStyle>
            <color>ff2f2fd3</color>
            <scale>1.2</scale>
            <Icon>
              <href>https://maps.google.com/mapfiles/kml/pushpin/wht-blank.png</href>
            </Icon>
          </IconStyle>
        </Style>
        <Point>
          <coordinates>127.1045762,36.7943331</coordinates>
        </Point>
      </Placemark>
      <Placemark>
        <name>Osong Station</name>
        <description>&lt;b&gt;Team:&lt;/b&gt; Adam Chase&lt;br&gt;&lt;b&gt;Notes:&lt;/b&gt;&lt;ul&gt;&lt;li&gt;Blocker hub Day 1 (with Sam); ~4–5 cards drawn en route per doc&lt;/li&gt;&lt;li&gt;Layover ep-1 recap: arrived via Asan; this platform services the Jecheon line&lt;/li&gt;&lt;li&gt;Sam &amp;amp; Adam construction-zone clip at Osong ~10:00 ±1h solar (outside by bus terminal 36.61901, 127.32727)&lt;/li&gt;&lt;li&gt;Doc outline variant instead: ITX-Saemaeul 1081 Yongsan→Jochiwon 07:14–08:38 + Mugunghwa 1705 Jochiwon→Osong 09:15–09:20 — competing reconstruction&lt;/li&gt;&lt;/ul&gt;</description>
        <Style>
          <IconStyle>
            <color>ff2f2fd3</color>
            <scale>1.2</scale>
            <Icon>
              <href>https://maps.google.com/mapfiles/kml/pushpin/wht-blank.png</href>
            </Icon>
          </IconStyle>
        </Style>
        <Point>
          <coordinates>127.327378,36.620453</coordinates>
        </Point>
      </Placemark>
      <Placemark>
        <name>Jecheon</name>
        <description>&lt;b&gt;Team:&lt;/b&gt; Adam Chase&lt;br&gt;&lt;b&gt;Notes:&lt;/b&gt;&lt;ul&gt;&lt;li&gt;Blockers&amp;#x27; (Sam+Adam) Day 1 northeast move during Ben&amp;#x27;s run (Layover-confirmed NE move; exact extent/service unknown)&lt;/li&gt;&lt;/ul&gt;</description>
        <Style>
          <IconStyle>
            <color>ff2f2fd3</color>
            <scale>1.2</scale>
            <Icon>
              <href>https://maps.google.com/mapfiles/kml/pushpin/wht-blank.png</href>
            </Icon>
          </IconStyle>
        </Style>
        <Point>
          <coordinates>128.2059487,37.12707938</coordinates>
        </Point>
      </Placemark>
      <Placemark>
        <name>Osong Station</name>
        <description>&lt;b&gt;Team:&lt;/b&gt; Adam Chase&lt;br&gt;&lt;b&gt;Notes:&lt;/b&gt;&lt;ul&gt;&lt;li&gt;Back at Osong ~11:22 after Ben confirmed heading to Iksan via Hongseong&lt;/li&gt;&lt;li&gt;Took KTX 413 (alt: KTX 509 toward Yeosu EXPO, dep 11:44, arr Iksan 12:19)&lt;/li&gt;&lt;/ul&gt;</description>
        <Style>
          <IconStyle>
            <color>ff2f2fd3</color>
            <scale>1.2</scale>
            <Icon>
              <href>https://maps.google.com/mapfiles/kml/pushpin/wht-blank.png</href>
            </Icon>
          </IconStyle>
        </Style>
        <Point>
          <coordinates>127.327378,36.620453</coordinates>
        </Point>
      </Placemark>
      <Placemark>
        <name>Iksan Station</name>
        <description>&lt;b&gt;Team:&lt;/b&gt; Adam Chase&lt;br&gt;&lt;b&gt;Notes:&lt;/b&gt;&lt;ul&gt;&lt;li&gt;Battle Challenge vs Ben — Ben loses and crashes ~13:00–13:15 (with Sam)&lt;/li&gt;&lt;li&gt;Clip &amp;#x27;implied that Ben misses based on velocity&amp;#x27; at 35.94025, 126.94691&lt;/li&gt;&lt;/ul&gt;</description>
        <TimeSpan>
          <begin>2025-04-02T11:54:00</begin>
        </TimeSpan>
        <Style>
          <IconStyle>
            <color>ff2f2fd3</color>
            <scale>1.2</scale>
            <Icon>
              <href>https://maps.google.com/mapfiles/kml/pushpin/wht-blank.png</href>
            </Icon>
          </IconStyle>
        </Style>
        <Point>
          <coordinates>126.9460147,35.94116804</coordinates>
        </Point>
      </Placemark>
      <Placemark>
        <name>Iksan Station</name>
        <description>&lt;b&gt;Team:&lt;/b&gt; Adam Chase&lt;br&gt;&lt;b&gt;Notes:&lt;/b&gt;&lt;ul&gt;&lt;li&gt;Role switch: becomes blocker (with Ben) for Sam&amp;#x27;s run; blockers start ~13:00–13:30 per doc&lt;/li&gt;&lt;/ul&gt;</description>
        <Style>
          <IconStyle>
            <color>ff2f2fd3</color>
            <scale>1.2</scale>
            <Icon>
              <href>https://maps.google.com/mapfiles/kml/pushpin/wht-blank.png</href>
            </Icon>
          </IconStyle>
        </Style>
        <Point>
          <coordinates>126.9460147,35.94116804</coordinates>
        </Point>
      </Placemark>
      <Placemark>
        <name>Osong Station</name>
        <description>&lt;b&gt;Team:&lt;/b&gt; Adam Chase&lt;br&gt;&lt;b&gt;Notes:&lt;/b&gt;&lt;ul&gt;&lt;li&gt;Roadblock placed (with Ben) — &amp;#x27;Google Maps rating&amp;#x27; challenge proved at a park ~18–20 min walk from Osong&lt;/li&gt;&lt;li&gt;Sam cleared it ~15:00; blockers misread Sam as heading south&lt;/li&gt;&lt;/ul&gt;</description>
        <TimeSpan>
          <begin>2025-04-02T14:11:00</begin>
        </TimeSpan>
        <Style>
          <IconStyle>
            <color>ff2f2fd3</color>
            <scale>1.2</scale>
            <Icon>
              <href>https://maps.google.com/mapfiles/kml/pushpin/wht-blank.png</href>
            </Icon>
          </IconStyle>
        </Style>
        <Point>
          <coordinates>127.327378,36.620453</coordinates>
        </Point>
      </Placemark>
      <Placemark>
        <name>Daejeon Station</name>
        <description>&lt;b&gt;Team:&lt;/b&gt; Adam Chase&lt;br&gt;&lt;b&gt;Notes:&lt;/b&gt;&lt;ul&gt;&lt;li&gt;Roadblock placed (with Ben); Layover: blockers &amp;#x27;placed something in Daejeon then went on&amp;#x27;&lt;/li&gt;&lt;li&gt;Layover: went loosely SE from Daejeon toward Dongdaegu, circled back on the Gyeongbu low-speed line considering a Gimcheon→north connection&lt;/li&gt;&lt;/ul&gt;</description>
        <TimeSpan>
          <begin>2025-04-02T15:03:00</begin>
        </TimeSpan>
        <Style>
          <IconStyle>
            <color>ff2f2fd3</color>
            <scale>1.2</scale>
            <Icon>
              <href>https://maps.google.com/mapfiles/kml/pushpin/wht-blank.png</href>
            </Icon>
          </IconStyle>
        </Style>
        <Point>
          <coordinates>127.4346856,36.33219999</coordinates>
        </Point>
      </Placemark>
      <Placemark>
        <name>Dongdaegu Station</name>
        <description>&lt;b&gt;Team:&lt;/b&gt; Adam Chase&lt;br&gt;&lt;b&gt;Notes:&lt;/b&gt;&lt;ul&gt;&lt;li&gt;Roadblock placed (with Ben); blockers timed out in Daegu end of Day 1 (Layover)&lt;/li&gt;&lt;li&gt;Doc&amp;#x27;s further KTX 045 Dongdaegu→Gyeongju leg doubtful — Layover contradicts (omitted)&lt;/li&gt;&lt;li&gt;Aquarium in the mall next to the station closed minutes before they arrived (Layover)&lt;/li&gt;&lt;/ul&gt;&lt;br&gt;&lt;b&gt;End of day 1&lt;/b&gt;</description>
        <TimeSpan>
          <begin>2025-04-02T16:57:00</begin>
        </TimeSpan>
        <Style>
          <IconStyle>
            <color>ff2f2fd3</color>
            <scale>1.2</scale>
            <Icon>
              <href>https://maps.google.com/mapfiles/kml/pushpin/wht-blank.png</href>
            </Icon>
          </IconStyle>
        </Style>
        <Point>
          <coordinates>128.6282898,35.87916842</coordinates>
        </Point>
      </Placemark>
      <Placemark>
        <name>Seogyeongju Station</name>
        <description>&lt;b&gt;Team:&lt;/b&gt; Adam Chase&lt;br&gt;&lt;b&gt;Notes:&lt;/b&gt;&lt;ul&gt;&lt;li&gt;Day 2 morning: roadblock placed here (with Ben) — later crashes Sam ~14:14&lt;/li&gt;&lt;li&gt;Overnighted in Daegu; morning connection Dongdaegu→Seogyeongju not given in doc (doc guess: ITX-Maum 1251 Gyeongju→Seogyeongju 07:07–07:17, contradicted by Layover&amp;#x27;s Daegu timeout) — leg omitted&lt;/li&gt;&lt;li&gt;Doc: clip &amp;#x27;exact spot&amp;#x27; at 35.88578, 129.17922 near the NEW Seogyeongju station&lt;/li&gt;&lt;/ul&gt;</description>
        <Style>
          <IconStyle>
            <color>ff2f2fd3</color>
            <scale>1.2</scale>
            <Icon>
              <href>https://maps.google.com/mapfiles/kml/pushpin/wht-blank.png</href>
            </Icon>
          </IconStyle>
        </Style>
        <Point>
          <coordinates>129.2011734,35.86876385</coordinates>
        </Point>
      </Placemark>
      <Placemark>
        <name>Pohang Station</name>
        <description>&lt;b&gt;Team:&lt;/b&gt; Adam Chase&lt;br&gt;&lt;b&gt;Notes:&lt;/b&gt;&lt;ul&gt;&lt;li&gt;Pre-positioned (with Ben) for Battle Challenge vs Sam — blockers LOSE&lt;/li&gt;&lt;li&gt;Station entrance clip (robot statue) 36.07166, 129.34140&lt;/li&gt;&lt;/ul&gt;</description>
        <TimeSpan>
          <begin>2025-04-03T11:02:00</begin>
        </TimeSpan>
        <Style>
          <IconStyle>
            <color>ff2f2fd3</color>
            <scale>1.2</scale>
            <Icon>
              <href>https://maps.google.com/mapfiles/kml/pushpin/wht-blank.png</href>
            </Icon>
          </IconStyle>
        </Style>
        <Point>
          <coordinates>129.3415091,36.0718893</coordinates>
        </Point>
      </Placemark>
      <Placemark>
        <name>Seogyeongju Station</name>
        <description>&lt;b&gt;Team:&lt;/b&gt; Adam Chase&lt;br&gt;&lt;b&gt;Notes:&lt;/b&gt;&lt;ul&gt;&lt;li&gt;Returned (with Ben) on the same train Sam rode; Sam crashes here on their roadblock&lt;/li&gt;&lt;/ul&gt;</description>
        <TimeSpan>
          <begin>2025-04-03T14:14:00</begin>
        </TimeSpan>
        <Style>
          <IconStyle>
            <color>ff2f2fd3</color>
            <scale>1.2</scale>
            <Icon>
              <href>https://maps.google.com/mapfiles/kml/pushpin/wht-blank.png</href>
            </Icon>
          </IconStyle>
        </Style>
        <Point>
          <coordinates>129.2011734,35.86876385</coordinates>
        </Point>
      </Placemark>
      <Placemark>
        <name>Seogyeongju Station</name>
        <description>&lt;b&gt;Team:&lt;/b&gt; Adam Chase&lt;br&gt;&lt;b&gt;Notes:&lt;/b&gt;&lt;ul&gt;&lt;li&gt;Adam&amp;#x27;s run starts here (Sam&amp;#x27;s crash point); first train Nuriro 1854 departs 17:47&lt;/li&gt;&lt;li&gt;Run start time not stated in doc (blockers Ben+Sam got their head start at 15:00)&lt;/li&gt;&lt;/ul&gt;</description>
        <Style>
          <IconStyle>
            <color>ff2f2fd3</color>
            <scale>1.2</scale>
            <Icon>
              <href>https://maps.google.com/mapfiles/kml/pushpin/wht-blank.png</href>
            </Icon>
          </IconStyle>
        </Style>
        <Point>
          <coordinates>129.2011734,35.86876385</coordinates>
        </Point>
      </Placemark>
      <Placemark>
        <name>Dongdaegu Station</name>
        <description>&lt;b&gt;Team:&lt;/b&gt; Adam Chase&lt;br&gt;&lt;b&gt;Notes:&lt;/b&gt;&lt;ul&gt;&lt;li&gt;Cleared Dongdaegu roadblock (placed by Ben+Sam earlier); overnight here&lt;/li&gt;&lt;/ul&gt;&lt;br&gt;&lt;b&gt;End of day 2&lt;/b&gt;</description>
        <TimeSpan>
          <begin>2025-04-03T18:41:00</begin>
        </TimeSpan>
        <Style>
          <IconStyle>
            <color>ff2f2fd3</color>
            <scale>1.2</scale>
            <Icon>
              <href>https://maps.google.com/mapfiles/kml/pushpin/wht-blank.png</href>
            </Icon>
          </IconStyle>
        </Style>
        <Point>
          <coordinates>128.6282898,35.87916842</coordinates>
        </Point>
      </Placemark>
      <Placemark>
        <name>Osong Station</name>
        <description>&lt;b&gt;Team:&lt;/b&gt; Adam Chase&lt;br&gt;&lt;b&gt;Notes:&lt;/b&gt;&lt;ul&gt;&lt;li&gt;Cleared Osong roadblock — &amp;#x27;We&amp;#x27;re so back&amp;#x27; clip (solar ~9:00–10:00)&lt;/li&gt;&lt;li&gt;Osong clips: 36.61901, 127.32727 / 36.620118, 127.326375&lt;/li&gt;&lt;/ul&gt;</description>
        <TimeSpan>
          <begin>2025-04-04T08:37:00</begin>
        </TimeSpan>
        <Style>
          <IconStyle>
            <color>ff2f2fd3</color>
            <scale>1.2</scale>
            <Icon>
              <href>https://maps.google.com/mapfiles/kml/pushpin/wht-blank.png</href>
            </Icon>
          </IconStyle>
        </Style>
        <Point>
          <coordinates>127.327378,36.620453</coordinates>
        </Point>
      </Placemark>
      <Placemark>
        <name>Yongsan Station</name>
        <description>&lt;b&gt;Team:&lt;/b&gt; Adam Chase&lt;br&gt;&lt;b&gt;Notes:&lt;/b&gt;&lt;ul&gt;&lt;li&gt;Battle Challenge vs blockers (Ben+Sam) — blindfolded ramen tasting (3 Balduk bowls vs blockers&amp;#x27; 2 a block away)&lt;/li&gt;&lt;li&gt;Outcome UNKNOWN — may have crashed here; doc: &amp;#x27;we don&amp;#x27;t have any further information on his run&amp;#x27;&lt;/li&gt;&lt;li&gt;Run distance per doc: 339.5 vs 536 km (conflicting; 536-km breakdown matches outline variant via Busan — AMBIGUOUS)&lt;/li&gt;&lt;/ul&gt;</description>
        <TimeSpan>
          <begin>2025-04-04T10:59:00</begin>
        </TimeSpan>
        <Style>
          <IconStyle>
            <color>ff2f2fd3</color>
            <scale>1.2</scale>
            <Icon>
              <href>https://maps.google.com/mapfiles/kml/pushpin/wht-blank.png</href>
            </Icon>
          </IconStyle>
        </Style>
        <Point>
          <coordinates>126.9648276,37.52995733</coordinates>
        </Point>
      </Placemark>
      <Placemark>
        <name>Shinyongsan Station</name>
        <description>&lt;b&gt;Team:&lt;/b&gt; Adam Chase&lt;br&gt;&lt;b&gt;Notes:&lt;/b&gt;&lt;ul&gt;&lt;li&gt;Ramen-challenge clip geolocated at/near Shinyongsan Station (37.52924, 126.96644); doc: &amp;#x27;possibly at/near Shinyongsan&amp;#x27;, &amp;#x27;not April 5th, could be April 4th&amp;#x27;&lt;/li&gt;&lt;li&gt;Connection from Yongsan unknown (one subway stop / ~a block) — leg omitted&lt;/li&gt;&lt;li&gt;Last known position of Adam&amp;#x27;s run; post-battle fate unknown (Day 4 completely unknown)&lt;/li&gt;&lt;/ul&gt;&lt;br&gt;&lt;b&gt;End of day 3&lt;/b&gt;</description>
        <Style>
          <IconStyle>
            <color>ff2f2fd3</color>
            <scale>1.2</scale>
            <Icon>
              <href>https://maps.google.com/mapfiles/kml/pushpin/wht-blank.png</href>
            </Icon>
          </IconStyle>
        </Style>
        <Point>
          <coordinates>126.9664411,37.5292355</coordinates>
        </Point>
      </Placemark>
      <Placemark>
        <name>Yongsan Station to Cheonan-Asan (train)</name>
        <description>&lt;b&gt;Mode:&lt;/b&gt; train&lt;br&gt;KTX toward Shin Haeundae (dep 07:05), Yongsan→Cheonan-Asan</description>
        <Style>
          <LineStyle>
            <color>ff2f2fd3</color>
            <width>3</width>
          </LineStyle>
        </Style>
        <LineString>
          <coordinates>126.9648276,37.52995733 126.9649245,37.5297373 126.9633091,37.5285601 126.9632849,37.5285424 126.9625759,37.5280864 126.9623303,37.5279365 126.961419,37.5273156 126.9610373,37.5270542 126.9606967,37.5268136 126.9601692,37.5263757 126.9589229,37.5255955 126.9579539,37.5248777 126.9572216,37.5242224 126.9569965,37.5240057 126.9569115,37.5239239 126.9565951,37.5236829 126.9565184,37.5236101 126.9483791,37.5160089 126.9483698,37.5160002 126.9483327,37.5159656 126.9477839,37.5154621 126.9474205,37.5151995 126.9470894,37.5150012 126.9467091,37.5148249 126.9463213,37.5146778 126.9459739,37.5145752 126.9454585,37.5144678 126.9449902,37.5144024 126.9436217,37.5142447 126.943417,37.5142265 126.9427985,37.5141914 126.942502,37.5141717 126.9418662,37.5141036 126.9410539,37.5140166 126.9399388,37.5139162 126.9385516,37.5137941 126.9379528,37.5137391 126.9372885,37.5136992 126.9365896,37.5136685 126.9338938,37.5136129 126.9306877,37.5135306 126.929085,37.5134677 126.9277436,37.5133625 126.9274886,37.5133478 126.9267516,37.5133054 126.9260933,37.5132907 126.9254126,37.5133157 126.9250248,37.513354 126.924594,37.5134235 126.9241486,37.5135435 126.9236755,37.5137067 126.9231894,37.513928 126.9227942,37.5141422 126.9224889,37.5143461 126.9220767,37.5146406 126.9207588,37.5156572 126.9204353,37.5158845 126.9200184,37.516106 126.9195782,37.5163227 126.9190595,37.5165414 126.9186694,37.516691 126.9182107,37.5168308 126.917449,37.5170093 126.9169035,37.5171016 126.9164824,37.51713 126.9157984,37.5171451 126.9152427,37.517118 126.9147972,37.5170942 126.9142208,37.5170227 126.9141246,37.5170173 126.9136431,37.5169435 126.9134537,37.5169304 126.9127944,37.5168432 126.9124852,37.5168216 126.9118808,37.5167477 126.9114841,37.5167198 126.9111351,37.5166644 126.9107883,37.5166005 126.9104477,37.5165203 126.9101608,37.516427 126.9099296,37.5163271 126.9097105,37.5162152 126.9090086,37.5158599 126.9086556,37.5156748 126.908518,37.515622 126.9071033,37.515031 126.9068741,37.5149356 126.9044255,37.5139244 126.9038611,37.5136838 126.902569,37.5131944 126.9021963,37.5130527 126.9014229,37.5128314 126.900865,37.5126512 126.9007667,37.5126126 126.9005241,37.5125236 126.9000002,37.5123313 126.8992674,37.5120624 126.8975143,37.5113772 126.896433,37.5109058 126.8939987,37.5098196 126.8926803,37.5092562 126.8921457,37.50903 126.8914483,37.5087365 126.890829,37.508452 126.890444,37.5082625 126.8892639,37.507622 126.8882472,37.5069792 126.8866464,37.5059912 126.885376,37.5052149 126.8847184,37.5048085 126.8840937,37.5043599 126.8835589,37.503899 126.8816704,37.5021758 126.8813724,37.5019118 126.881058,37.5015539 126.8807844,37.5012283 126.8805292,37.5008639 126.8802597,37.5004315 126.8799821,37.4998808 126.8798086,37.4994159 126.8796452,37.4988247 126.8795391,37.4983081 126.8794819,37.4975241 126.8794901,37.4969572 126.8795799,37.4960842 126.8796981,37.4940025 126.879848,37.4920763 126.8799287,37.4909423 126.879974,37.4902353 126.8800939,37.4883623 126.8801657,37.4876307 126.8802488,37.4871762 126.8804059,37.4867212 126.8806823,37.4860381 126.8830696,37.4806122 126.8837392,37.4790897 126.8871176,37.4714772 126.8891142,37.4669761 126.8899508,37.4650713 126.8907631,37.463273 126.8919096,37.4604809 126.8922,37.4597649 126.893613,37.4565293 126.8944204,37.4546971 126.8944386,37.454656 126.8946409,37.454234 126.8951976,37.4529548 126.8955157,37.452243 126.8956398,37.4519652 126.8963886,37.4504265 126.8965331,37.4501113 126.8969904,37.4491045 126.8970189,37.4490396 126.8973949,37.4481837 126.897637,37.4477419 126.8982671,37.4462855 126.8987863,37.4449861 126.8994781,37.4434436 126.9006825,37.4407159 126.9013161,37.4392866 126.9016896,37.4383692 126.9018753,37.4377323 126.9020367,37.4371656 126.9021934,37.4364514 126.9025637,37.4345411 126.9026464,37.4341136 126.9027046,37.4337 126.9028188,37.4331526 126.9030087,37.4321189 126.9033313,37.4302897 126.9036816,37.4285001 126.9037892,37.4280178 126.9038794,37.4276761 126.9040599,37.4271855 126.9042091,37.4268176 126.9047228,37.4258534 126.9052745,37.4248664 126.9060627,37.4234103 126.9070023,37.4216739 126.9072087,37.4213583 126.9074881,37.4209766 126.9077345,37.4206762 126.9090056,37.4191207 126.9093082,37.4187505 126.9096818,37.4182555 126.9101854,37.4175913 126.9111985,37.4163306 126.91134,37.4161545 126.911406,37.4160723 126.9136731,37.4132932 126.9138057,37.4131438 126.9138654,37.4130681 126.9159944,37.4103624 126.9167318,37.4094398 126.9168508,37.4092906 126.9197034,37.4057181 126.9200177,37.4053244 126.92062,37.4046005 126.9210456,37.404089 126.9238319,37.4006749 126.9238819,37.4006101 126.9240315,37.4004106 126.9241542,37.400247 126.9246372,37.3996031 126.9247983,37.3993565 126.9254235,37.3986172 126.9263364,37.3975378 126.9272056,37.3966501 126.928175,37.3958418 126.9295414,37.3947771 126.9314378,37.3932769 126.932304,37.3924241 126.9327784,37.3917809 126.9330877,37.3911656 126.9347785,37.3866852 126.9351634,37.385708 126.9359816,37.38345 126.9364105,37.3823506 126.9367785,37.3816389 126.9372455,37.38096 126.9374943,37.3806525 126.9398904,37.3783674 126.9405829,37.3776164 126.9409937,37.3771186 126.9412488,37.3766914 126.9416164,37.376018 126.9429567,37.3733058 126.9438385,37.3714081 126.9448457,37.3692885 126.9456348,37.3676958 126.9464012,37.3660528 126.9472386,37.3642319 126.948063,37.3624829 126.9483686,37.3617594 126.9485167,37.3612306 126.9486145,37.3607084 126.9486478,37.3603819 126.9486019,37.3581094 126.9486449,37.357713 126.9486479,37.3566106 126.9486511,37.3551628 126.9485985,37.3534284 126.9485873,37.3531026 126.9485121,37.3511658 126.9485042,37.3509711 126.9484842,37.3487407 126.9484643,37.3460151 126.9484516,37.3443469 126.9484387,37.3424456 126.9484416,37.3423452 126.9484314,37.3416152 126.9484407,37.3398601 126.9484309,37.3378433 126.9484042,37.3361574 126.9483459,37.3339842 126.9481552,37.3297467 126.9480847,37.3283292 126.947975,37.3260055 126.9479413,37.3247241 126.9479817,37.3237854 126.9481611,37.3215131 126.9482854,37.3193973 126.9482927,37.3192629 126.9483831,37.3177159 126.948471,37.31633 126.9485318,37.3158876 126.9486441,37.3155502 126.9487507,37.3152279 126.9489327,37.314822 126.9493458,37.3141286 126.9507286,37.3119741 126.9509341,37.3116539 126.9511626,37.3112979 126.9514494,37.3107243 126.9523379,37.3093445 126.9530062,37.3083789 126.9537984,37.307507 126.960992,37.3022858 126.9618558,37.3018314 126.962801,37.3014102 126.9636424,37.3011885 126.9667906,37.3007798 126.9696507,37.3004818 126.9721099,37.3001998 126.9729816,37.3000931 126.9735258,37.3000308 126.9743273,37.2999149 126.9751891,37.2997173 126.9759168,37.2994622 126.976517,37.2992054 126.9771235,37.2988666 126.9775842,37.2985361 126.977896,37.2982589 126.978237,37.2979691 126.9791795,37.2969096 126.9804827,37.2954601 126.9813086,37.29452 126.9819334,37.2938012 126.9834222,37.2921241 126.9849513,37.290449 126.9856694,37.2896687 126.9860252,37.2892543 126.9863181,37.2889227 126.9863935,37.2888373 126.9869451,37.288189 126.9873237,37.2877387 126.9877505,37.2871672 126.9883185,37.2862878 126.9890647,37.2850615 126.9902232,37.2830297 126.9909112,37.2817606 126.9916691,37.2804203 126.992439,37.2791008 126.9931801,37.2778058 126.9938358,37.276665 126.994753,37.2750847 126.9954445,37.2739214 126.9957597,37.2733481 126.9959538,37.2729951 126.9963449,37.2722839 126.9964813,37.2720358 126.9965685,37.2718737 126.9969901,37.2710897 126.9974877,37.2701051 126.9977333,37.2696235 126.998559,37.2681545 126.9987076,37.2679033 126.999777,37.2660976 127.0012555,37.2635955 127.0021458,37.262203 127.0024722,37.2616992 127.0026573,37.2614134 127.0030178,37.2608274 127.0031819,37.2605371 127.0033837,37.2601802 127.0035378,37.2598264 127.0037135,37.2595127 127.0038906,37.2592198 127.0040396,37.2589734 127.0041054,37.2588443 127.0041984,37.258662 127.0054308,37.2565913 127.0057832,37.2559993 127.0110203,37.2489008 127.0120174,37.246947 127.0123545,37.2462863 127.0127388,37.2453474 127.0128824,37.2450284 127.013073,37.2446861 127.0143967,37.2421729 127.0146269,37.2417207 127.0147882,37.2414041 127.0149975,37.2411104 127.0153004,37.2405334 127.0157616,37.2396322 127.0160392,37.2392967 127.016496,37.2385702 127.0168592,37.2378817 127.017175,37.2372831 127.018801,37.2342224 127.0190012,37.2338541 127.0228451,37.2264427 127.022919,37.2263002 127.0231039,37.2259599 127.0234482,37.225293 127.0234757,37.2252396 127.0235237,37.2251467 127.0235595,37.2250774 127.024902,37.222477 127.0261565,37.2200661 127.0263361,37.219738 127.0264744,37.2194853 127.0265742,37.2192906 127.0282268,37.2160671 127.030641,37.2114263 127.0307743,37.211147 127.0308499,37.2109884 127.03265,37.2075742 127.0326991,37.2074755 127.0333004,37.2063077 127.033577,37.2057955 127.0337232,37.2054786 127.0345101,37.2039633 127.03459,37.2038095 127.034931,37.2031527 127.0358183,37.2014925 127.0361983,37.2007816 127.0369979,37.1991841 127.0374495,37.1983698 127.0376748,37.1979297 127.0377827,37.1977092 127.0379035,37.197472 127.0392264,37.1949236 127.0405515,37.1924258 127.0408854,37.191787 127.0412529,37.1911203 127.0414153,37.1908068 127.041568,37.1904932 127.0418698,37.1898735 127.0427283,37.1882268 127.042849,37.1879952 127.042894,37.1879084 127.0429485,37.1878118 127.0432051,37.1873538 127.0433585,37.1871178 127.0439443,37.1862845 127.0441533,37.1860175 127.0446284,37.1854621 127.0448886,37.1851832 127.0450991,37.1849736 127.0453916,37.1846943 127.0457013,37.1844278 127.0462733,37.1839181 127.0465611,37.1837011 127.0468396,37.183487 127.0474532,37.1830714 127.0480838,37.1827043 127.0486879,37.1823652 127.0510925,37.1808335 127.0549724,37.1783529 127.0558354,37.1778107 127.0578566,37.1765489 127.0592101,37.1755385 127.0597114,37.1751643 127.0602534,37.1746053 127.0607565,37.1740418 127.0612211,37.1734634 127.0618445,37.1725339 127.0620122,37.1722838 127.0620759,37.1721437 127.0621932,37.1718858 127.0624651,37.171288 127.0627842,37.170328 127.0628225,37.1701756 127.0633106,37.1681712 127.0633569,37.1679751 127.0633844,37.1678595 127.0636199,37.1668698 127.0638397,37.1658217 127.0641217,37.1647715 127.0647275,37.1622403 127.0653671,37.1596836 127.0664697,37.1552759 127.0666115,37.154709 127.0667797,37.1540368 127.0668638,37.15361 127.0670235,37.1527994 127.0672207,37.1517903 127.0672445,37.1515476 127.0672756,37.1510366 127.0672557,37.1505317 127.067154,37.149515 127.0669888,37.1480565 127.066862,37.1470661 127.0666747,37.1457804 127.0664154,37.1439493 127.0663439,37.1434109 127.0663175,37.1430659 127.0662489,37.1424558 127.0661433,37.1412735 127.066066,37.1405151 127.0659625,37.1396529 127.0659401,37.1395358 127.0657817,37.1383187 127.0657684,37.1382073 127.0656676,37.1373607 127.0655374,37.1365669 127.0652771,37.1341919 127.065102,37.1329295 127.064951,37.1316785 127.0647787,37.1304159 127.064639,37.1291548 127.0640237,37.1241289 127.0639604,37.1235082 127.0638947,37.1227953 127.063869,37.1225623 127.0638528,37.122415 127.0637786,37.1217395 127.0634778,37.119429 127.0628903,37.1147949 127.0628602,37.1144961 127.0627177,37.1132881 127.0625209,37.1118689 127.0623998,37.1108867 127.0621659,37.1089902 127.0619622,37.1075908 127.0618495,37.1068175 127.0617631,37.1061415 127.0615773,37.1046783 127.0615465,37.1044588 127.06153,37.1043233 127.0615097,37.1041573 127.0613865,37.103213 127.0613085,37.1025731 127.061271,37.102212 127.0612578,37.1020848 127.0612467,37.1019776 127.0612098,37.1016685 127.0611638,37.1013636 127.0611233,37.1010866 127.06109,37.1008031 127.0610844,37.1007578 127.0610469,37.1004517 127.0609524,37.09968 127.0608831,37.0990894 127.0608109,37.0985414 127.0607124,37.0976114 127.0606766,37.0973749 127.0606442,37.0970998 127.0605882,37.0966838 127.0605004,37.0960218 127.0603601,37.0953956 127.0602483,37.0950451 127.0601352,37.0946716 127.0598607,37.0940343 127.0591286,37.0922492 127.0588748,37.0916635 127.0588423,37.0915885 127.058646,37.091128 127.0583555,37.0904774 127.0581399,37.0899689 127.0575962,37.0886869 127.0573503,37.08811 127.0572894,37.0879747 127.0572067,37.087791 127.057089,37.0875294 127.0568275,37.086834 127.0564123,37.0859398 127.056172,37.0853018 127.0551427,37.0828069 127.0547435,37.0818776 127.054414,37.0810542 127.0541892,37.0801798 127.0540893,37.0795004 127.054056,37.0788461 127.0540683,37.0781291 127.0541196,37.0775418 127.0541242,37.0774851 127.0542119,37.0764052 127.0542197,37.0763102 127.0543374,37.0748604 127.0543796,37.0744589 127.05447,37.0735198 127.0545188,37.0722097 127.054449,37.0711921 127.0542803,37.0697143 127.0541972,37.0690488 127.0541191,37.0684203 127.0536485,37.064045 127.0534107,37.0619031 127.0532202,37.0600915 127.0532003,37.0599078 127.053138,37.0593605 127.0530398,37.0586661 127.0529117,37.0577173 127.0528638,37.0572938 127.0526497,37.0554255 127.0525799,37.0544598 127.0524912,37.0536182 127.0522071,37.0511011 127.0521986,37.0506621 127.0522319,37.0500929 127.0523735,37.0493759 127.0525964,37.0486847 127.0528702,37.0481249 127.0531203,37.0477271 127.0533697,37.0473716 127.0538723,37.0468054 127.054427,37.0463087 127.0549127,37.04592 127.0616173,37.0416147 127.0628554,37.0408391 127.0650419,37.0394673 127.0657784,37.038967 127.0660834,37.0387282 127.0663829,37.0384702 127.0666799,37.0381947 127.0669607,37.0379055 127.0672041,37.03762 127.0674434,37.0372992 127.0676595,37.0369845 127.0678613,37.0366595 127.0680433,37.0363109 127.0682004,37.0359785 127.0683269,37.035638 127.0684472,37.0352822 127.0685501,37.034894 127.0686608,37.0342245 127.0687392,37.0334621 127.0691045,37.0299583 127.0691419,37.0295853 127.0694543,37.026852 127.0697054,37.0248253 127.0697325,37.0246004 127.0699578,37.022531 127.0702086,37.020337 127.0702708,37.0198026 127.0704671,37.0181148 127.070531,37.0174961 127.070537,37.0167328 127.0705417,37.0165411 127.0704821,37.0168348 127.0704217,37.0178023 127.0696972,37.0167548 127.0697294,37.0164425 127.0697598,37.0162853 127.0699141,37.0156195 127.0699436,37.0153614 127.069959,37.0152423 127.0699922,37.0150384 127.0700357,37.014866 127.0701578,37.0144606 127.0702377,37.0141976 127.0702863,37.0138644 127.0703668,37.0133313 127.0704184,37.0127932 127.0705686,37.0118648 127.070958,37.0082374 127.0710439,37.0074226 127.0711166,37.0067336 127.0712752,37.0052298 127.0714057,37.003929 127.0714551,37.0034457 127.0715365,37.0026485 127.0719692,36.9971308 127.0717856,36.9911964 127.0709381,36.9855832 127.0698359,36.9797872 127.0697464,36.9790999 127.069692,36.978682 127.0696062,36.9769335 127.0695449,36.9740692 127.0695391,36.9705209 127.0696311,36.9685246 127.0698435,36.9644413 127.0699111,36.9625645 127.0699691,36.9617967 127.0701116,36.9592642 127.0702747,36.9572279 127.0703452,36.9561508 127.0704441,36.9547249 127.0705614,36.953304 127.0705634,36.9532044 127.0706331,36.9514747 127.0706656,36.9511348 127.0708786,36.9491907 127.0712137,36.9460213 127.0712815,36.945386 127.0716573,36.9415101 127.0719839,36.9377915 127.072292,36.9345851 127.0724096,36.9332668 127.0726344,36.9309039 127.0733558,36.9233322 127.0735726,36.9209275 127.0737395,36.9190676 127.0743432,36.9142023 127.0750957,36.9098608 127.0757399,36.9065498 127.0762849,36.9040367 127.0773254,36.899882 127.0775642,36.8991353 127.0792366,36.8927212 127.080355,36.8883394 127.0814937,36.8838751 127.0820221,36.8816192 127.0830892,36.8777631 127.0842408,36.8731907 127.0848651,36.8707407 127.084945,36.8704147 127.0851925,36.8693039 127.086535,36.8641784 127.0892696,36.8536523 127.0899613,36.8509906 127.0909823,36.8471015 127.0917475,36.8440295 127.0917899,36.8438643 127.0934805,36.8372755 127.094227,36.8344083 127.094666,36.8327458 127.0956936,36.828776 127.0959624,36.8276734 127.0964877,36.8255934 127.0967848,36.824454 127.0977398,36.8207483 127.0994115,36.8144529 127.1001471,36.811422 127.1003237,36.8106946 127.1004776,36.809822 127.1005408,36.8095728 127.100722,36.8088413 127.1008689,36.808225 127.1016285,36.8052661 127.1018212,36.8043153 127.1018775,36.8040683 127.1023293,36.8023506 127.1023723,36.802187 127.1024823,36.8017811 127.1032253,36.7988849 127.1038623,36.7965024 127.10395,36.7961553 127.1048115,36.7927458 127.1045762,36.7943331</coordinates>
        </LineString>
      </Placemark>
      <Placemark>
        <name>Cheonan-Asan to Osong Station (train)</name>
        <description>&lt;b&gt;Mode:&lt;/b&gt; train&lt;br&gt;KTX toward Shin Haeundae, Cheonan-Asan→Osong</description>
        <Style>
          <LineStyle>
            <color>ff2f2fd3</color>
            <width>3</width>
          </LineStyle>
        </Style>
        <LineString>
          <coordinates>127.1045762,36.7943331 127.1048115,36.7927458 127.1049171,36.792328 127.1055404,36.7898477 127.1058431,36.788648 127.1059518,36.788256 127.1064869,36.7864687 127.1066872,36.7857707 127.1071854,36.7838961 127.1072252,36.7837462 127.1074553,36.7828801 127.1075331,36.7825874 127.1087999,36.7774161 127.1095806,36.7742001 127.1098702,36.7731527 127.1104679,36.7708484 127.111103,36.7687834 127.1118129,36.7666884 127.1124947,36.7651022 127.1135221,36.7628575 127.1153621,36.7592284 127.1166697,36.7570958 127.1188272,36.7539379 127.1212276,36.7507649 127.1229555,36.7487518 127.1254119,36.7460501 127.1288584,36.7428618 127.1320246,36.7401898 127.1347327,36.7381836 127.1360934,36.7372398 127.1383421,36.735742 127.1397488,36.7348531 127.1415738,36.7337833 127.1445366,36.7320803 127.1500987,36.7290368 127.1511858,36.7285015 127.1569578,36.7253209 127.1583869,36.7246001 127.1589065,36.7243199 127.1593042,36.7241122 127.1639176,36.721614 127.1691104,36.718776 127.173183,36.7165448 127.1758052,36.7150349 127.1781643,36.7137693 127.1896995,36.707542 127.1927007,36.7058793 127.1960559,36.7040917 127.1970114,36.7035752 127.2003383,36.7017592 127.2053356,36.6990464 127.2062204,36.6985584 127.212053,36.6953801 127.2132776,36.694716 127.2174041,36.6923994 127.2181011,36.6920095 127.219096,36.6914865 127.2360558,36.6822285 127.2506798,36.6742979 127.2556984,36.6715501 127.2588695,36.6698469 127.2621185,36.6680414 127.2639376,36.6670422 127.2696499,36.6639421 127.2730121,36.6621421 127.2761408,36.6603762 127.2781369,36.6592974 127.2839129,36.6561231 127.2855055,36.6551748 127.2922512,36.6510123 127.2952258,36.6488113 127.2980142,36.6464291 127.2987369,36.6458052 127.3043116,36.640992 127.3048959,36.6404545 127.3052706,36.6401098 127.3053575,36.6400299 127.3064039,36.6390673 127.309595,36.6362046 127.3100178,36.6358252 127.3138201,36.6324141 127.3194333,36.6273176 127.3205815,36.626299 127.321504,36.6254276 127.3210586,36.6257994 127.3201802,36.6265523 127.3198126,36.6268231 127.320524,36.6261902 127.3205902,36.6261297 127.3206839,36.6260424 127.3207918,36.6259385 127.3208532,36.6258775 127.3210135,36.6257155 127.3213339,36.6253861 127.321444,36.625272 127.3218493,36.6248543 127.3219889,36.6247111 127.32239,36.6242984 127.3226748,36.6240042 127.3228241,36.6238559 127.3229796,36.6237088 127.3233269,36.6233845 127.3236168,36.6231027 127.3236899,36.6230283 127.323755,36.6229601 127.323859,36.6228479 127.3239597,36.6227351 127.3240086,36.6226767 127.3240651,36.6226072 127.3240982,36.622565 127.3241285,36.6225233 127.3241558,36.6224849 127.3241824,36.6224443 127.3242103,36.6224009 127.3242539,36.622328 127.3242981,36.6222464 127.3243335,36.6221755 127.3243583,36.6221216 127.3243721,36.6220898 127.3243896,36.6220475 127.3244075,36.6220027 127.3244252,36.6219538 127.3244379,36.621917 127.3244451,36.6218954 127.3244553,36.6218633 127.3244655,36.6218297 127.3244776,36.6217866 127.3244846,36.6217608 127.3244891,36.6217423 127.3244936,36.6217238 127.3245018,36.6216901 127.3245118,36.6216418 127.3245209,36.6215966 127.3245275,36.621555 127.3245336,36.6215152 127.324538,36.6214811 127.3245438,36.6214324 127.3245481,36.6213848 127.3245517,36.6213363 127.3245537,36.6212886 127.324555,36.6212407 127.3245553,36.6211937 127.324553,36.6211156 127.3245493,36.6210492 127.324542,36.6209675 127.3245255,36.6208499 127.3245088,36.6207632 127.3244933,36.6206934 127.3244754,36.6206248 127.3244558,36.6205598 127.324437,36.6205012 127.3244164,36.6204441 127.3243923,36.6203819 127.324373,36.6203359 127.3243549,36.6202945 127.3243314,36.6202476 127.3242871,36.6201643 127.3240464,36.6197709 127.3238035,36.6193886 127.3236879,36.6192113 127.3236198,36.6191101 127.3233225,36.6186689 127.3229816,36.6182229 127.3226033,36.6178106 127.3222344,36.6174395 127.3215853,36.616896 127.3214666,36.6168043 127.3213137,36.6166902 127.3210737,36.6165126 127.3210039,36.6164609 127.320959,36.6164241 127.3208832,36.6163565 127.3206217,36.6161078 127.3204621,36.6159744 127.3210281,36.6163861 127.3215806,36.6167741 127.3218341,36.6169722 127.3220272,36.6171224 127.3217858,36.6169071 127.3215645,36.6167182 127.3214979,36.6166695 127.3214123,36.616596 127.3213233,36.6165132 127.3212374,36.6164365 127.321141,36.6163568 127.321134,36.6163518 127.320995,36.6162515 127.3208698,36.6161468 127.3207767,36.6160606 127.3206587,36.6159579 127.3209161,36.6161428 127.3209847,36.6161925 127.3213577,36.6164626 127.3216175,36.6166507 127.3221504,36.6170364 127.3242658,36.6185719 127.3255549,36.6195247 127.3274075,36.6208407 127.327378,36.620453</coordinates>
        </LineString>
      </Placemark>
      <Placemark>
        <name>Osong Station to Jecheon (train)</name>
        <description>&lt;b&gt;Mode:&lt;/b&gt; train&lt;br&gt;Chungbuk Line northeast (service unknown; Layover: blockers took a line NE &amp;#x27;to mess with Ben&amp;#x27;)</description>
        <Style>
          <LineStyle>
            <color>ff2f2fd3</color>
            <width>3</width>
          </LineStyle>
        </Style>
        <LineString>
          <coordinates>127.327378,36.620453 127.3274075,36.6208407 127.327469,36.6208835 127.3281385,36.6213698 127.3293415,36.622241 127.3299825,36.6227032 127.3303139,36.6229446 127.3305007,36.6230798 127.3306313,36.6231617 127.330706,36.6232081 127.3307965,36.62326 127.3309488,36.623352 127.3314711,36.6237288 127.3316717,36.6238639 127.3318147,36.6239548 127.3319894,36.6240602 127.3320724,36.6241058 127.3321411,36.6241419 127.3323928,36.6242651 127.3325126,36.6243177 127.3326116,36.6243585 127.3327079,36.6243947 127.3327973,36.6244252 127.3329355,36.6244711 127.3330726,36.6245114 127.3333077,36.6245737 127.3334265,36.6245982 127.3335326,36.62462 127.333762,36.6246567 127.3340331,36.6246916 127.3342731,36.6247048 127.3345228,36.6247131 127.3349447,36.6247146 127.33591,36.6246831 127.3388494,36.6245393 127.342926,36.6244743 127.3470266,36.6243322 127.3492234,36.6242484 127.3531984,36.6240968 127.3574958,36.6239404 127.3579425,36.6239355 127.3583902,36.6239441 127.358799,36.6239668 127.3593334,36.6240165 127.359728,36.6240562 127.3600925,36.6241102 127.3610363,36.6243365 127.3620556,36.6246982 127.3649631,36.6258606 127.3666058,36.6265086 127.3668899,36.6266207 127.3674741,36.6268531 127.3685742,36.6272784 127.3699601,36.6278263 127.3701507,36.6279065 127.3705648,36.6280919 127.3706308,36.6281274 127.3710138,36.6283336 127.37162,36.6287173 127.3719018,36.6289276 127.3731451,36.6299068 127.3735656,36.6302365 127.3737968,36.6303981 127.3743973,36.6307881 127.3746641,36.630952 127.3750486,36.6311652 127.3752387,36.6312688 127.3762081,36.6317554 127.3766599,36.6319561 127.3771369,36.6321553 127.3775704,36.6323288 127.3783956,36.6326114 127.3787342,36.6327344 127.3794023,36.6329555 127.3809051,36.633522 127.3811408,36.6336529 127.3814201,36.6338352 127.3819372,36.6342185 127.3827657,36.6348885 127.3834959,36.6354952 127.3842331,36.6360505 127.3853694,36.6369763 127.3857449,36.6373278 127.3861254,36.6377727 127.3873408,36.6395039 127.3879415,36.6404165 127.3886586,36.641673 127.389633,36.6434239 127.3900064,36.6441428 127.3902255,36.6445163 127.3906395,36.6452277 127.3921903,36.6481472 127.3923418,36.6484194 127.3925242,36.6487594 127.3928729,36.6493738 127.3930258,36.6496568 127.3931626,36.6499226 127.3933007,36.6501743 127.393471,36.6504595 127.3935141,36.6505521 127.3935435,36.6506155 127.3943338,36.6520641 127.3946467,36.6526242 127.3949153,36.6530738 127.3950965,36.6533267 127.3953568,36.6536134 127.3955848,36.6538495 127.3959206,36.6541053 127.3965036,36.6544842 127.3968595,36.6546684 127.3973062,36.6549057 127.3977648,36.6551386 127.3978276,36.6551725 127.3982721,36.6553988 127.3987035,36.65562 127.3994291,36.6559772 127.3998142,36.6561873 127.4001639,36.6563652 127.4005398,36.6565555 127.400928,36.656752 127.4012916,36.6569461 127.4016613,36.6571314 127.4023668,36.657496 127.4027674,36.6576938 127.4030524,36.6578371 127.4032711,36.657952 127.40359,36.6581115 127.403895,36.6582758 127.4040876,36.658371 127.4047177,36.6586911 127.4051213,36.6588888 127.4054571,36.6590668 127.4056697,36.659173 127.406729,36.6597147 127.4071074,36.65991 127.4076623,36.6601921 127.4092397,36.6608819 127.4095528,36.6610009 127.4099532,36.6611477 127.4103557,36.6612798 127.4108578,36.6614265 127.4112562,36.6615292 127.4116546,36.6616287 127.4136734,36.6619886 127.4151326,36.662178 127.4164512,36.6623576 127.4179671,36.6625528 127.419585,36.6627802 127.4206946,36.6629267 127.4220357,36.6631161 127.4242378,36.6634022 127.4257747,36.6636066 127.4265874,36.6637206 127.4274002,36.6638132 127.4282102,36.6638777 127.4292509,36.6639487 127.4301655,36.664009 127.4327056,36.6641682 127.4335278,36.6642533 127.4339808,36.6643395 127.4344874,36.6644856 127.4349615,36.6646616 127.4351317,36.664735 127.4363391,36.6652947 127.4378288,36.6660083 127.4394093,36.6667538 127.4415628,36.6677825 127.4428262,36.6683914 127.4440707,36.6690454 127.4449371,36.6695574 127.445967,36.6701749 127.4472658,36.67095 127.447867,36.6713029 127.4485518,36.6716988 127.4490685,36.6720125 127.4496366,36.6723503 127.4502117,36.6726782 127.4506948,36.6729649 127.4518432,36.6736561 127.4523741,36.6739698 127.4527334,36.6741827 127.4554869,36.6758021 127.4561097,36.6761654 127.4566866,36.6764989 127.4573538,36.6768949 127.4584704,36.6775577 127.4589907,36.6778515 127.4595003,36.6781552 127.4600029,36.6784546 127.460555,36.6788293 127.4610186,36.6791711 127.4613552,36.6794282 127.4618125,36.6797853 127.4622343,36.6801838 127.4624281,36.6803564 127.4626266,36.6805661 127.4629095,36.6808716 127.4630597,36.6810437 127.4633092,36.6813373 127.4637703,36.6819311 127.4639527,36.6821494 127.4641096,36.6823495 127.4643189,36.6825947 127.4645576,36.6828926 127.4647882,36.683169 127.4649103,36.6833207 127.4653609,36.6838756 127.4656201,36.6841845 127.4659407,36.6845612 127.4662256,36.684917 127.4664836,36.6852391 127.4667627,36.6855724 127.4669821,36.6858654 127.4674013,36.6863738 127.467532,36.686561 127.4677072,36.6868007 127.4678461,36.6869627 127.4680352,36.6872089 127.4681386,36.6873668 127.4684135,36.6876892 127.4689237,36.6883333 127.4692312,36.6887008 127.4694135,36.6889293 127.4697019,36.6892769 127.4699249,36.6895565 127.4701992,36.6899311 127.4704115,36.6902802 127.4707336,36.69095 127.471025,36.6917836 127.4711689,36.6922412 127.4714131,36.6930174 127.4715104,36.6933026 127.4716343,36.6936332 127.4717723,36.6939326 127.472259,36.6946861 127.4725191,36.6949897 127.4730465,36.6954963 127.473653,36.6960582 127.4738526,36.6962407 127.47412,36.6964766 127.4743394,36.6966779 127.4792953,36.7012795 127.4796088,36.7015576 127.4803963,36.7022862 127.4816945,36.7035249 127.4821988,36.7042044 127.482526,36.7048023 127.4826212,36.7052558 127.4827944,36.7061308 127.4828094,36.7067056 127.4826938,36.707889 127.4825957,36.7090599 127.4825153,36.7098555 127.4825153,36.7101135 127.4825904,36.7106812 127.4830463,36.7128787 127.4831429,36.71327 127.4832717,36.7135926 127.4834648,36.7139151 127.4839905,36.7145343 127.4843714,36.7148869 127.4848434,36.7152611 127.4852404,36.7155793 127.4875042,36.7173896 127.4880674,36.7180045 127.4885771,36.7188345 127.4894273,36.7211505 127.4896274,36.7217134 127.4896479,36.721771 127.4901594,36.7231991 127.4903311,36.7236705 127.4904317,36.723915 127.4905264,36.7241287 127.4905886,36.7242558 127.4906523,36.7243778 127.4908529,36.7247015 127.4909641,36.7248636 127.4910822,36.7250133 127.491237,36.7251953 127.4914073,36.7253764 127.4916428,36.7255831 127.4918365,36.7257413 127.4923315,36.7260877 127.4930134,36.7264709 127.495009,36.7273308 127.496275,36.727894 127.4969026,36.7280961 127.497659,36.7282724 127.4985888,36.7283129 127.5002804,36.7281783 127.5011479,36.7280142 127.5026017,36.7277885 127.5047776,36.7274383 127.5063257,36.7271556 127.5072537,36.7270266 127.5081196,36.7269873 127.5094049,36.727104 127.5110808,36.7273275 127.5131581,36.7275878 127.5144345,36.7277839 127.5151445,36.7278665 127.5152127,36.7278729 127.5163464,36.7280155 127.5191611,36.7283005 127.5203989,36.7283233 127.521607,36.7283153 127.5242602,36.728285 127.5251816,36.7282839 127.5257109,36.7282929 127.5260154,36.7282981 127.528374,36.7284112 127.5295265,36.7284785 127.529699,36.7284886 127.5322471,36.7286047 127.5326097,36.7286231 127.5333395,36.72866 127.5351332,36.7287508 127.5371797,36.7288338 127.5391816,36.7289259 127.5397216,36.728953 127.5401301,36.7289972 127.5405529,36.7290721 127.5409372,36.7291697 127.5414434,36.7293445 127.5421962,36.729733 127.5426131,36.7300227 127.5428918,36.7302818 127.5432119,36.7306285 127.5434802,36.7310166 127.5436411,36.731309 127.5438146,36.7317442 127.5440692,36.7325619 127.5444348,36.7337969 127.5446355,36.734475 127.5453891,36.737024 127.5456138,36.7377809 127.5458379,36.7383018 127.5466284,36.7399569 127.546763,36.7402647 127.5476991,36.7422714 127.5477486,36.742371 127.5482545,36.7433891 127.5490914,36.7451773 127.549826,36.7467149 127.5499514,36.7470758 127.550148,36.747712 127.5501738,36.7478695 127.5502284,36.7482035 127.5502721,36.7484825 127.5504325,36.7495058 127.5507275,36.7514873 127.5508965,36.7519871 127.5514517,36.752867 127.551779,36.7532495 127.5521974,36.7535933 127.5526265,36.7538297 127.5537772,36.7543468 127.5569932,36.7556736 127.5576262,36.7559658 127.5586159,36.7566161 127.5590263,36.7569887 127.5592324,36.7572103 127.5592462,36.7572251 127.5595735,36.7576721 127.5598766,36.7581977 127.5601233,36.7587865 127.5610541,36.7623007 127.5612311,36.7628207 127.5615101,36.7635126 127.5619445,36.7642604 127.5627975,36.7660782 127.563688,36.7678208 127.5639121,36.7682968 127.564541,36.7694601 127.5648628,36.7698684 127.5652705,36.7702594 127.5657184,36.7705443 127.5661288,36.7708266 127.5665551,36.7710723 127.5672058,36.7713718 127.5684602,36.7719527 127.568786,36.7720761 127.5698892,36.7725454 127.5721396,36.7735264 127.5743954,36.7745177 127.5759913,36.7752409 127.5766994,36.7755116 127.5786654,36.7761634 127.5799717,36.7766159 127.5810939,36.7769905 127.5822972,36.7773923 127.5831936,36.7777078 127.5856848,36.7785281 127.5867332,36.7788527 127.5891119,36.7796703 127.5897137,36.77983 127.5902,36.7799334 127.5907184,36.7800044 127.5914726,36.7800789 127.5926686,36.780202 127.5941659,36.7803355 127.5963143,36.7805431 127.5973282,36.7806378 127.600842,36.7809928 127.6015892,36.7810644 127.6045971,36.7813704 127.6054392,36.7814578 127.6076202,36.7816882 127.6085479,36.7818148 127.6090522,36.7819179 127.6094921,36.7820253 127.6100446,36.7822273 127.6105247,36.7824408 127.6106397,36.7825424 127.6110276,36.7827654 127.6119321,36.7834341 127.6123288,36.7838163 127.6126082,36.7841706 127.612933,36.7845861 127.6131732,36.784985 127.6134228,36.7855497 127.6139296,36.7868168 127.6156729,36.7910312 127.6159471,36.7916954 127.6162477,36.7924252 127.6164598,36.7929159 127.616969,36.7941394 127.6172846,36.794909 127.617507,36.7956005 127.6179088,36.7974387 127.6183582,36.7996303 127.6184974,36.8003266 127.6188174,36.8018429 127.6189129,36.802578 127.6189028,36.8029128 127.6187985,36.8036102 127.6177361,36.8063494 127.6176575,36.8065141 127.6174196,36.8070847 127.6171464,36.8077474 127.6168847,36.8085385 127.616555,36.8093295 127.6162445,36.8100653 127.6156066,36.8115399 127.6153903,36.8119939 127.6152557,36.8122763 127.6145502,36.8140244 127.6141611,36.8149023 127.6137546,36.8158511 127.613484,36.8165119 127.6130665,36.8175307 127.6122559,36.819247 127.6119022,36.8201187 127.611594,36.8210343 127.6107941,36.8228485 127.6107772,36.822899 127.6106753,36.8234991 127.6106724,36.8236708 127.6106903,36.8241282 127.6108012,36.8245379 127.6109996,36.8250357 127.6119471,36.8267744 127.6121605,36.827154 127.6133414,36.8292364 127.6135238,36.829713 127.6136525,36.8301982 127.6136847,36.8303313 127.6138285,36.8315396 127.6141021,36.8335748 127.6142587,36.8346207 127.6143917,36.8354124 127.6144947,36.8358228 127.6153155,36.8379567 127.6156749,36.8390815 127.6157876,36.8397427 127.6164581,36.8434433 127.6172038,36.8473628 127.6173958,36.84809 127.6175578,36.8484145 127.6178089,36.8488111 127.620299,36.8524238 127.6211037,36.8535441 127.6213773,36.8539047 127.621667,36.8542438 127.6222023,36.8547349 127.6225306,36.8549692 127.622933,36.8552525 127.6233568,36.8555015 127.6237041,36.855674 127.6256796,36.856669 127.6258619,36.8567677 127.6265647,36.8572098 127.6281365,36.8584331 127.6286783,36.8588151 127.6290591,36.8590683 127.6294239,36.8592786 127.6298209,36.8594503 127.6302447,36.859592 127.6310332,36.8597722 127.6320632,36.8598881 127.6330127,36.8599911 127.6335706,36.8601027 127.633989,36.8602272 127.6343753,36.8603903 127.6347186,36.8605577 127.6358194,36.8612614 127.6437345,36.8660745 127.6439669,36.8662702 127.6442243,36.8664719 127.6444282,36.8666479 127.6447179,36.8669311 127.6469602,36.8691456 127.6480116,36.8702185 127.6495083,36.8716561 127.6499857,36.8721282 127.6503612,36.8724543 127.6505919,36.8726389 127.6509127,36.8728466 127.6509782,36.8728782 127.6534404,36.874055 127.6544328,36.8745056 127.654631,36.8745979 127.6559484,36.8751654 127.6564331,36.875368 127.6592554,36.8766555 127.6606498,36.8772853 127.6628092,36.8782524 127.6637911,36.8786552 127.6642363,36.8788397 127.6646762,36.8789984 127.6651428,36.8791315 127.6656525,36.8792473 127.6660494,36.8792945 127.6668863,36.8793332 127.6673933,36.8793246 127.6677473,36.879288 127.6710974,36.87908 127.6741498,36.8789233 127.675169,36.8788375 127.675501,36.8788396 127.6763411,36.8788311 127.677203,36.8789309 127.6781646,36.879159 127.6793354,36.8796503 127.6802104,36.8802931 127.6808937,36.8810175 127.6811287,36.8815215 127.6816958,36.8829033 127.6820872,36.8838487 127.6832323,36.8874779 127.6839404,36.8894919 127.6840624,36.8907146 127.6839311,36.8915097 127.6833108,36.8934532 127.6831993,36.8945153 127.6832901,36.8950922 127.6836849,36.896402 127.6839314,36.8970753 127.683987,36.8972462 127.6863691,36.9039034 127.6868015,36.9050062 127.6884489,36.9070435 127.6887125,36.907331 127.6891787,36.9078903 127.6898185,36.9089247 127.6898984,36.9091479 127.6899694,36.9094392 127.690073,36.9100613 127.6900305,36.913368 127.6900823,36.9137069 127.6901177,36.9138639 127.69048,36.9147786 127.6922611,36.9173754 127.6939312,36.9198103 127.6940795,36.9200211 127.6960439,36.9228115 127.6964212,36.9233475 127.6972023,36.9240635 127.6978136,36.9244538 127.698773,36.9248576 127.7001569,36.9252004 127.7002229,36.9252092 127.7033374,36.9256261 127.7039449,36.9257112 127.7077589,36.9262452 127.7091967,36.9264296 127.7121002,36.9268019 127.7123868,36.9268119 127.7139619,36.9270496 127.7219948,36.9280162 127.7224964,36.9279862 127.7236363,36.9278039 127.7255112,36.9273193 127.7263319,36.9271349 127.7270079,36.9271156 127.7301165,36.9273772 127.7308015,36.9273939 127.7312484,36.9273601 127.7326968,36.9271435 127.7361408,36.9264724 127.7381498,36.9260264 127.7468508,36.9236678 127.7487552,36.9233247 127.7503589,36.9231421 127.7515408,36.9230077 127.7519016,36.9229487 127.7599778,36.9219568 127.7601041,36.9219413 127.7603251,36.9219142 127.7608949,36.9218698 127.7619235,36.9219523 127.7623286,36.9220441 127.7627228,36.9221764 127.7631746,36.9223661 127.7638443,36.9227299 127.7642798,36.9230695 127.7645122,36.9232939 127.7650309,36.9239765 127.7651882,36.9242373 127.7653006,36.9245429 127.7653961,36.9249192 127.7654846,36.9254391 127.7653711,36.9281961 127.7653736,36.9282926 127.7654971,36.9293303 127.7657533,36.9300647 127.766172,36.9306432 127.7664846,36.9310565 127.7669694,36.9315035 127.7678917,36.9321446 127.7680766,36.9322792 127.769039,36.9329793 127.7702009,36.9338247 127.7724288,36.9354462 127.773937,36.9366226 127.7744086,36.9370873 127.7746511,36.9374013 127.7752543,36.9383968 127.7763601,36.9406649 127.77847,36.9451521 127.7790107,36.9461561 127.7793929,36.946598 127.7804174,36.9475922 127.7818444,36.9488886 127.7826006,36.9499088 127.7827632,36.9501719 127.7828388,36.9503353 127.783438,36.9516307 127.7847268,36.9547496 127.7849301,36.9552596 127.7853651,36.9561433 127.7873531,36.9593042 127.7883491,36.9609317 127.7885567,36.9612698 127.789394,36.9626339 127.7901176,36.9638618 127.7905201,36.9647681 127.7913698,36.9670776 127.7919105,36.9681365 127.7928252,36.9693643 127.7940783,36.9708112 127.7944015,36.9711019 127.7952634,36.9716995 127.7962716,36.9721705 127.796853,36.9723524 127.7981458,36.9726122 127.7994214,36.9727477 127.7999508,36.9728039 127.8012884,36.9729315 127.8023622,36.973038 127.8041391,36.9732034 127.8052278,36.9733073 127.8084274,36.9736158 127.8093055,36.9736776 127.8098177,36.9736776 127.8102609,36.9736353 127.8104682,36.9736029 127.8149443,36.9728136 127.8160501,36.9725927 127.817286,36.9722095 127.8216442,36.9695298 127.822624,36.9689874 127.823307,36.968695 127.8239818,36.9685034 127.8265878,36.9682013 127.8272198,36.9681342 127.8318444,36.9676394 127.8328527,36.9674575 127.8335774,36.9672352 127.8340967,36.9670739 127.8359044,36.9665115 127.8375388,36.9660228 127.8390588,36.9656828 127.84067,36.9653235 127.8412993,36.9652361 127.8418018,36.9651943 127.8421675,36.9651758 127.8424117,36.9651651 127.8428352,36.9651668 127.8445292,36.9651437 127.846246,36.9651156 127.8467019,36.9650904 127.8474568,36.965038 127.8476551,36.9650221 127.8489516,36.9649567 127.8495525,36.9649052 127.8504703,36.9648375 127.8527821,36.9646318 127.8540047,36.9645366 127.8544986,36.9644937 127.8554135,36.9644301 127.8563427,36.9644035 127.8573736,36.9643743 127.8592877,36.9643392 127.86005,36.9643018 127.860496,36.9642457 127.8618252,36.9640282 127.8642874,36.9636125 127.8668783,36.9631796 127.869303,36.9627638 127.8706429,36.9625412 127.8718623,36.9623062 127.8728594,36.9620653 127.879942,36.9604361 127.8823733,36.959911 127.8828721,36.9598317 127.8834092,36.9597585 127.8838076,36.959721 127.8852715,36.9596067 127.8875008,36.9594578 127.888459,36.9594078 127.8899716,36.9592944 127.8927306,36.9591297 127.8938963,36.9590433 127.8951279,36.9589974 127.8956738,36.9589922 127.8962057,36.9590234 127.8968788,36.9591137 127.8970862,36.959139 127.8972176,36.9591718 127.8973075,36.959196 127.8975258,36.9592612 127.8978851,36.959388 127.8980466,36.9594524 127.8981761,36.9595081 127.8983453,36.9595843 127.898547,36.9596865 127.8986825,36.9597605 127.8989635,36.9599278 127.899265,36.9601357 127.8993596,36.9602062 127.8994652,36.9602906 127.8995623,36.9603709 127.8997153,36.9605071 127.8998478,36.9606343 127.8999721,36.9607623 127.9001463,36.9609631 127.9002939,36.9611466 127.900414,36.9613175 127.9004879,36.9614302 127.9005632,36.9615483 127.9006307,36.9616615 127.9006615,36.9617151 127.9010389,36.9623859 127.9019261,36.9639808 127.9022283,36.9645336 127.9029313,36.9658076 127.9029911,36.965909 127.9031457,36.9661894 127.9033657,36.9665827 127.9046681,36.9689408 127.905429,36.970297 127.9056803,36.9707728 127.9059226,36.9712078 127.9061053,36.9715364 127.9062146,36.9717363 127.9062829,36.9718602 127.9064529,36.9721629 127.906616,36.9724602 127.906751,36.9727057 127.906952,36.9730679 127.9072581,36.9736165 127.907389,36.9738521 127.9076574,36.9743372 127.9086277,36.9760936 127.9087673,36.9763456 127.9090451,36.976849 127.9092244,36.9771734 127.9092919,36.9772901 127.9094832,36.9776377 127.9096526,36.9779451 127.9099057,36.9784879 127.9103896,36.9793611 127.9104861,36.9795407 127.9106241,36.9797868 127.9110911,36.9806178 127.9114645,36.9812907 127.9129141,36.9838927 127.9155065,36.9885401 127.9157463,36.989017 127.9159373,36.9894035 127.9160659,36.9897006 127.91621,36.990079 127.9164157,36.9907871 127.9165246,36.9915284 127.916536,36.9934793 127.9164149,36.9963132 127.9163932,36.9966497 127.9163662,36.9972906 127.9163221,36.9982685 127.9162374,37.0001943 127.9160255,37.0048613 127.9160182,37.0050408 127.9160116,37.0052237 127.9160097,37.0054281 127.9160126,37.0056572 127.9160175,37.0057977 127.9160244,37.0059127 127.9160512,37.0061806 127.9160896,37.0064557 127.9161188,37.0066132 127.916138,37.0067042 127.9162383,37.0071097 127.9163033,37.0073211 127.916347,37.0074452 127.9164874,37.0078068 127.9166618,37.0081194 127.9169674,37.008675 127.9174851,37.0094257 127.9179911,37.0099571 127.9183051,37.0102335 127.918469,37.0103752 127.9193939,37.0110737 127.9199104,37.0113738 127.9205221,37.0116712 127.9213557,37.0120194 127.922341,37.0124535 127.9230707,37.0127283 127.9237372,37.0130001 127.9260625,37.0139851 127.9266961,37.0142588 127.9348977,37.0176255 127.9361363,37.0181258 127.9365524,37.0182583 127.9369929,37.0183642 127.9375578,37.0184638 127.9385954,37.0185088 127.9391788,37.0184572 127.9398905,37.0183531 127.9407009,37.0182237 127.941431,37.0180918 127.9421033,37.0180617 127.9430376,37.018116 127.9445332,37.0183249 127.9497986,37.0190121 127.9525425,37.0194096 127.953984,37.0196194 127.9545568,37.0197402 127.9551267,37.0199256 127.9555076,37.0200822 127.9562665,37.0205676 127.9567002,37.0209549 127.9572108,37.0216383 127.9573571,37.0219121 127.9575738,37.0225201 127.9583646,37.0249724 127.95895,37.0261495 127.9594643,37.0272072 127.9597146,37.0275313 127.9601104,37.0279259 127.9605383,37.0282688 127.9611643,37.0286026 127.9619954,37.0289091 127.9628762,37.0290391 127.9651769,37.0291862 127.9659358,37.029281 127.9664653,37.0294 127.966937,37.0295496 127.967284,37.0296952 127.9676513,37.0298797 127.9679903,37.0300995 127.968565,37.0305959 127.9689348,37.0309764 127.9700318,37.032213 127.9713523,37.0335828 127.9720243,37.034339 127.9722887,37.0346635 127.9725367,37.0351015 127.9728359,37.0360267 127.9728771,37.0363602 127.9729101,37.0366661 127.9728781,37.0369785 127.9728301,37.0372009 127.972673,37.0377427 127.9724957,37.0384922 127.9721315,37.0401642 127.9720122,37.0408724 127.972022,37.0414463 127.9721677,37.0420984 127.9723592,37.04276 127.9724574,37.0429385 127.9727747,37.0434367 127.9738042,37.0444506 127.9744803,37.0448903 127.9789624,37.047192 127.9798063,37.0476017 128.0205161,37.0689606 128.0213637,37.0693459 128.0218465,37.0695941 128.0228811,37.0701266 128.0231877,37.0702616 128.0234022,37.070356 128.0239923,37.0705786 128.0246574,37.0707926 128.0252368,37.0709296 128.0258162,37.0710323 128.0279405,37.0712292 128.0286861,37.0713229 128.0292601,37.0714518 128.0300433,37.0717257 128.0310196,37.0722222 128.0324037,37.0729755 128.0333756,37.073376 128.0353474,37.0735923 128.040807,37.0734448 128.0414109,37.073494 128.0420518,37.0736218 128.0427296,37.0738381 128.0434198,37.0741528 128.0445906,37.0748313 128.0492614,37.0776139 128.0507959,37.078202 128.0512268,37.0783577 128.0520237,37.0786756 128.052357,37.0788053 128.0547323,37.07987 128.0555048,37.0803407 128.0568244,37.0816075 128.0571892,37.0823522 128.0574145,37.0831139 128.0575969,37.0842095 128.0577149,37.085014 128.0578254,37.0853427 128.0580694,37.0859784 128.0594638,37.0889552 128.0598459,37.0893484 128.0602649,37.0896729 128.0606469,37.0898701 128.0630995,37.0910197 128.0637157,37.0914129 128.0643442,37.0919536 128.065352,37.093659 128.0654378,37.0947202 128.0651159,37.0972532 128.0649014,37.0983486 128.0649014,37.0994952 128.065073,37.1009671 128.0656524,37.1021137 128.0674548,37.1034657 128.0686135,37.103808 128.0697079,37.1038764 128.0707956,37.1037482 128.0732647,37.1034812 128.0732841,37.103479 128.0738446,37.1034173 128.0744685,37.103333 128.0745976,37.103312 128.0747035,37.1032921 128.0748143,37.1032695 128.0749908,37.1032298 128.0751261,37.1031928 128.0752389,37.1031586 128.0754799,37.1030791 128.0756757,37.1030016 128.0758509,37.102928 128.075982,37.1028642 128.0760869,37.102808 128.0762177,37.1027364 128.0763203,37.1026778 128.0765025,37.1025616 128.0766943,37.1024273 128.0770212,37.1021717 128.0776661,37.1016366 128.0779736,37.1013791 128.0800189,37.0996749 128.0802163,37.0995104 128.0803862,37.0993301 128.0805501,37.0991728 128.0810699,37.0987425 128.0812564,37.0985972 128.0814139,37.098483 128.0815632,37.0983824 128.0818359,37.0982162 128.0819272,37.0981637 128.0820195,37.098114 128.0821191,37.0980647 128.0822101,37.0980234 128.0823017,37.0979817 128.082403,37.0979399 128.0825992,37.0978644 128.0826991,37.0978301 128.0828127,37.0977932 128.0829326,37.0977571 128.0830966,37.0977124 128.0832032,37.0976863 128.083331,37.0976601 128.083671,37.097601 128.0839112,37.0975712 128.084122,37.0975563 128.0843059,37.0975501 128.0845765,37.097549 128.0848155,37.097559 128.0850157,37.0975764 128.0853128,37.0976151 128.0854545,37.0976379 128.0856014,37.0976663 128.0857314,37.0976976 128.0858783,37.0977329 128.0860156,37.0977721 128.0861539,37.097815 128.0864328,37.0979153 128.0865614,37.0979669 128.0866723,37.0980144 128.0867647,37.0980588 128.0868606,37.0981065 128.0869519,37.098155 128.087048,37.0982082 128.0872963,37.0983574 128.0874142,37.0984355 128.0874696,37.0984763 128.0875157,37.0985103 128.0876154,37.0985858 128.0876879,37.0986442 128.0877761,37.0987205 128.0879823,37.0989132 128.0881075,37.0990488 128.0882317,37.0991914 128.0883284,37.0993207 128.0884044,37.0994251 128.0884581,37.099508 128.0885144,37.0995966 128.0886224,37.0997869 128.0886953,37.0999363 128.0887543,37.1000711 128.0888389,37.1002751 128.0891616,37.1011296 128.0893322,37.1015855 128.0900217,37.1033981 128.0901305,37.103653 128.0902021,37.1038058 128.0902883,37.1039806 128.0903642,37.1041215 128.0904289,37.1042326 128.0905247,37.1043863 128.0906848,37.1046395 128.0911216,37.105278 128.0913813,37.1056368 128.0915049,37.1058155 128.0916849,37.1061073 128.0917676,37.106235 128.091864,37.106374 128.0919543,37.1064988 128.0921216,37.1067022 128.0922147,37.1067933 128.0923253,37.1069051 128.0924592,37.1070144 128.0928074,37.1072691 128.0930775,37.1074325 128.0932833,37.1075467 128.0937098,37.1077398 128.0939292,37.107819 128.0941359,37.1078876 128.0944092,37.1079621 128.0946843,37.1080269 128.0950773,37.108105 128.0987759,37.1088104 128.0997161,37.1090042 128.1000697,37.1090944 128.1002155,37.1091356 128.100327,37.1091723 128.1004909,37.109231 128.1006477,37.1092896 128.1008044,37.1093519 128.1010832,37.1094718 128.1012153,37.1095352 128.1013732,37.1096162 128.1015306,37.1097039 128.1016059,37.1097456 128.1016739,37.1097808 128.101802,37.1098575 128.1021801,37.1101004 128.1022884,37.110174 128.102477,37.1103151 128.1026334,37.110439 128.1027287,37.1105218 128.1028439,37.1106241 128.1029583,37.11073 128.1031489,37.11092 128.1032198,37.1109961 128.1033092,37.1110984 128.1033557,37.1111527 128.1034958,37.1113283 128.1036532,37.1115367 128.103827,37.1118054 128.1046466,37.1132013 128.1050262,37.1138577 128.1052372,37.1142272 128.1053577,37.1144401 128.1054653,37.1146253 128.1056662,37.1149852 128.1057519,37.1151402 128.1063471,37.1160751 128.1065006,37.1163033 128.1066648,37.1166095 128.106769,37.1168384 128.1068416,37.1170665 128.1069865,37.1174009 128.107098,37.1176873 128.1072285,37.118081 128.1072673,37.1182116 128.1073239,37.1184152 128.1073661,37.1185764 128.1074667,37.1189898 128.1076756,37.1198791 128.1079058,37.120866 128.1081401,37.1218564 128.1082141,37.1221672 128.1082863,37.1224631 128.1083335,37.122665 128.1085456,37.1235639 128.1086156,37.1238582 128.1086709,37.1240743 128.1088017,37.1245053 128.108859,37.1246806 128.1089035,37.1247919 128.108957,37.1249285 128.1090188,37.125074 128.1091065,37.1252588 128.1091583,37.1253671 128.1093168,37.1256395 128.1094049,37.1257752 128.1094806,37.1258865 128.1095559,37.1259894 128.1096669,37.126129 128.1098283,37.1263167 128.109937,37.1264329 128.1103896,37.1269534 128.1104948,37.127066 128.1106027,37.1271765 128.1107772,37.1273365 128.1108913,37.1274359 128.1110505,37.1275655 128.1111993,37.1276805 128.1114784,37.1278692 128.1116287,37.127965 128.1117763,37.1280473 128.1120269,37.1281728 128.1122047,37.1282542 128.1124238,37.1283543 128.112602,37.128431 128.1130704,37.1286016 128.1132948,37.1286793 128.1135277,37.1287548 128.1137325,37.1288152 128.1139473,37.1288721 128.1141571,37.1289276 128.1143018,37.1289643 128.1146403,37.1290478 128.1148605,37.1290995 128.1162636,37.1293528 128.1180183,37.1296477 128.1196493,37.1299017 128.1212723,37.1301493 128.1229453,37.1304298 128.1231395,37.1304624 128.1233912,37.130501 128.123659,37.1305338 128.1238799,37.1305582 128.1241688,37.130581 128.1245041,37.1306 128.1252712,37.130614 128.1256101,37.1306012 128.1258626,37.1305809 128.1260797,37.1305548 128.1264337,37.1305056 128.1267801,37.1304513 128.1274291,37.1303459 128.128984,37.1300805 128.1291626,37.13005 128.1298034,37.1299441 128.1300133,37.1299084 128.1309234,37.1297558 128.1349957,37.1290772 128.1365693,37.1288135 128.1377192,37.1286565 128.1378106,37.1286455 128.1380152,37.1286175 128.1388689,37.1284786 128.1399283,37.1282994 128.1405349,37.1281779 128.1408013,37.128121 128.1415817,37.1279221 128.1432227,37.1272852 128.1458775,37.1261741 128.1508896,37.124434 128.1535161,37.1235225 128.1539568,37.1234423 128.1544974,37.1233533 128.1553537,37.1233153 128.1558214,37.1233549 128.1562796,37.1234471 128.1576135,37.1238497 128.1583759,37.1241276 128.1594559,37.1245066 128.1604198,37.1249395 128.162461,37.1258012 128.1630721,37.1260156 128.1633575,37.1261131 128.1635564,37.1261631 128.1640629,37.1262904 128.1651335,37.1264351 128.1660131,37.1265172 128.1717634,37.1267067 128.1718052,37.1267082 128.1720645,37.1267777 128.1723964,37.1267918 128.1726624,37.1268404 128.1731387,37.126941 128.1735123,37.1270638 128.175016,37.1276075 128.1757492,37.1277303 128.1767953,37.1277192 128.1772856,37.1277824 128.178215,37.1280282 128.1793451,37.1282144 128.1801624,37.1283112 128.1810502,37.1283993 128.181993,37.1284787 128.1826375,37.1285606 128.1828896,37.1285792 128.1854157,37.1286643 128.1873794,37.1287568 128.1888625,37.1288357 128.1904949,37.1289834 128.1918291,37.1292604 128.1930239,37.1295309 128.194844,37.129969 128.1951177,37.1300285 128.1955263,37.1300921 128.1957455,37.1301194 128.1968144,37.1301834 128.1972261,37.1301726 128.197608,37.130154 128.1981015,37.1300827 128.19869,37.1299667 128.1990092,37.1298681 128.2000056,37.1295461 128.2020872,37.1287615 128.2028379,37.1284779 128.2060964,37.1272962 128.2059487,37.12707938</coordinates>
        </LineString>
      </Placemark>
      <Placemark>
        <name>Jecheon to Osong Station (train)</name>
        <description>&lt;b&gt;Mode:&lt;/b&gt; train&lt;br&gt;Return to Osong (service unknown) to catch KTX 413 at 11:26</description>
        <Style>
          <LineStyle>
            <color>ff2f2fd3</color>
            <width>3</width>
          </LineStyle>
        </Style>
        <LineString>
          <coordinates>128.2059487,37.12707938 128.2060964,37.1272962 128.2028379,37.1284779 128.2020872,37.1287615 128.2000056,37.1295461 128.1990092,37.1298681 128.19869,37.1299667 128.1981015,37.1300827 128.197608,37.130154 128.1972261,37.1301726 128.1968144,37.1301834 128.1957455,37.1301194 128.1955263,37.1300921 128.1951177,37.1300285 128.194844,37.129969 128.1930239,37.1295309 128.1918291,37.1292604 128.1904949,37.1289834 128.1888625,37.1288357 128.1873794,37.1287568 128.1854157,37.1286643 128.1828896,37.1285792 128.1826375,37.1285606 128.181993,37.1284787 128.1810502,37.1283993 128.1801624,37.1283112 128.1793451,37.1282144 128.178215,37.1280282 128.1772856,37.1277824 128.1767953,37.1277192 128.1757492,37.1277303 128.175016,37.1276075 128.1735123,37.1270638 128.1731387,37.126941 128.1726624,37.1268404 128.1723964,37.1267918 128.1720645,37.1267777 128.1718052,37.1267082 128.1717634,37.1267067 128.1660131,37.1265172 128.1651335,37.1264351 128.1640629,37.1262904 128.1635564,37.1261631 128.1633575,37.1261131 128.1630721,37.1260156 128.162461,37.1258012 128.1604198,37.1249395 128.1594559,37.1245066 128.1583759,37.1241276 128.1576135,37.1238497 128.1562796,37.1234471 128.1558214,37.1233549 128.1553537,37.1233153 128.1544974,37.1233533 128.1539568,37.1234423 128.1535161,37.1235225 128.1508896,37.124434 128.1458775,37.1261741 128.1432227,37.1272852 128.1415817,37.1279221 128.1408013,37.128121 128.1405349,37.1281779 128.1399283,37.1282994 128.1388689,37.1284786 128.1380152,37.1286175 128.1378106,37.1286455 128.1377192,37.1286565 128.1365693,37.1288135 128.1349957,37.1290772 128.1309234,37.1297558 128.1300133,37.1299084 128.1298034,37.1299441 128.1291626,37.13005 128.128984,37.1300805 128.1274291,37.1303459 128.1267801,37.1304513 128.1264337,37.1305056 128.1260797,37.1305548 128.1258626,37.1305809 128.1256101,37.1306012 128.1252712,37.130614 128.1245041,37.1306 128.1241688,37.130581 128.1238799,37.1305582 128.123659,37.1305338 128.1233912,37.130501 128.1231395,37.1304624 128.1229453,37.1304298 128.1212723,37.1301493 128.1196493,37.1299017 128.1180183,37.1296477 128.1162636,37.1293528 128.1148605,37.1290995 128.1146403,37.1290478 128.1143018,37.1289643 128.1141571,37.1289276 128.1139473,37.1288721 128.1137325,37.1288152 128.1135277,37.1287548 128.1132948,37.1286793 128.1130704,37.1286016 128.112602,37.128431 128.1124238,37.1283543 128.1122047,37.1282542 128.1120269,37.1281728 128.1117763,37.1280473 128.1116287,37.127965 128.1114784,37.1278692 128.1111993,37.1276805 128.1110505,37.1275655 128.1108913,37.1274359 128.1107772,37.1273365 128.1106027,37.1271765 128.1104948,37.127066 128.1103896,37.1269534 128.109937,37.1264329 128.1098283,37.1263167 128.1096669,37.126129 128.1095559,37.1259894 128.1094806,37.1258865 128.1094049,37.1257752 128.1093168,37.1256395 128.1091583,37.1253671 128.1091065,37.1252588 128.1090188,37.125074 128.108957,37.1249285 128.1089035,37.1247919 128.108859,37.1246806 128.1088017,37.1245053 128.1086709,37.1240743 128.1086156,37.1238582 128.1085456,37.1235639 128.1083335,37.122665 128.1082863,37.1224631 128.1082141,37.1221672 128.1081401,37.1218564 128.1079058,37.120866 128.1076756,37.1198791 128.1074667,37.1189898 128.1073661,37.1185764 128.1073239,37.1184152 128.1072673,37.1182116 128.1072285,37.118081 128.107098,37.1176873 128.1069865,37.1174009 128.1068416,37.1170665 128.106769,37.1168384 128.1066648,37.1166095 128.1065006,37.1163033 128.1063471,37.1160751 128.1057519,37.1151402 128.1056662,37.1149852 128.1054653,37.1146253 128.1053577,37.1144401 128.1052372,37.1142272 128.1050262,37.1138577 128.1046466,37.1132013 128.103827,37.1118054 128.1036532,37.1115367 128.1034958,37.1113283 128.1033557,37.1111527 128.1033092,37.1110984 128.1032198,37.1109961 128.1031489,37.11092 128.1029583,37.11073 128.1028439,37.1106241 128.1027287,37.1105218 128.1026334,37.110439 128.102477,37.1103151 128.1022884,37.110174 128.1021801,37.1101004 128.101802,37.1098575 128.1016739,37.1097808 128.1016059,37.1097456 128.1015306,37.1097039 128.1013732,37.1096162 128.1012153,37.1095352 128.1010832,37.1094718 128.1008044,37.1093519 128.1006477,37.1092896 128.1004909,37.109231 128.100327,37.1091723 128.1002155,37.1091356 128.1000697,37.1090944 128.0997161,37.1090042 128.0987759,37.1088104 128.0950773,37.108105 128.0946843,37.1080269 128.0944092,37.1079621 128.0941359,37.1078876 128.0939292,37.107819 128.0937098,37.1077398 128.0932833,37.1075467 128.0930775,37.1074325 128.0928074,37.1072691 128.0924592,37.1070144 128.0923253,37.1069051 128.0922147,37.1067933 128.0921216,37.1067022 128.0919543,37.1064988 128.091864,37.106374 128.0917676,37.106235 128.0916849,37.1061073 128.0915049,37.1058155 128.0913813,37.1056368 128.0911216,37.105278 128.0906848,37.1046395 128.0905247,37.1043863 128.0904289,37.1042326 128.0903642,37.1041215 128.0902883,37.1039806 128.0902021,37.1038058 128.0901305,37.103653 128.0900217,37.1033981 128.0893322,37.1015855 128.0891616,37.1011296 128.0888389,37.1002751 128.0887543,37.1000711 128.0886953,37.0999363 128.0886224,37.0997869 128.0885144,37.0995966 128.0884581,37.099508 128.0884044,37.0994251 128.0883284,37.0993207 128.0882317,37.0991914 128.0881075,37.0990488 128.0879823,37.0989132 128.0877761,37.0987205 128.0876879,37.0986442 128.0876154,37.0985858 128.0875157,37.0985103 128.0874696,37.0984763 128.0874142,37.0984355 128.0872963,37.0983574 128.087048,37.0982082 128.0869519,37.098155 128.0868606,37.0981065 128.0867647,37.0980588 128.0866723,37.0980144 128.0865614,37.0979669 128.0864328,37.0979153 128.0861539,37.097815 128.0860156,37.0977721 128.0858783,37.0977329 128.0857314,37.0976976 128.0856014,37.0976663 128.0854545,37.0976379 128.0853128,37.0976151 128.0850157,37.0975764 128.0848155,37.097559 128.0845765,37.097549 128.0843059,37.0975501 128.084122,37.0975563 128.0839112,37.0975712 128.083671,37.097601 128.083331,37.0976601 128.0832032,37.0976863 128.0830966,37.0977124 128.0829326,37.0977571 128.0828127,37.0977932 128.0826991,37.0978301 128.0825992,37.0978644 128.082403,37.0979399 128.0823017,37.0979817 128.0822101,37.0980234 128.0821191,37.0980647 128.0820195,37.098114 128.0819272,37.0981637 128.0818359,37.0982162 128.0815632,37.0983824 128.0814139,37.098483 128.0812564,37.0985972 128.0810699,37.0987425 128.0805501,37.0991728 128.0803862,37.0993301 128.0802163,37.0995104 128.0800189,37.0996749 128.0779736,37.1013791 128.0776661,37.1016366 128.0770212,37.1021717 128.0766943,37.1024273 128.0765025,37.1025616 128.0763203,37.1026778 128.0762177,37.1027364 128.0760869,37.102808 128.075982,37.1028642 128.0758509,37.102928 128.0756757,37.1030016 128.0754799,37.1030791 128.0752389,37.1031586 128.0751261,37.1031928 128.0749908,37.1032298 128.0748143,37.1032695 128.0747035,37.1032921 128.0745976,37.103312 128.0744685,37.103333 128.0738446,37.1034173 128.0732841,37.103479 128.0732647,37.1034812 128.0707956,37.1037482 128.0697079,37.1038764 128.0686135,37.103808 128.0674548,37.1034657 128.0656524,37.1021137 128.065073,37.1009671 128.0649014,37.0994952 128.0649014,37.0983486 128.0651159,37.0972532 128.0654378,37.0947202 128.065352,37.093659 128.0643442,37.0919536 128.0637157,37.0914129 128.0630995,37.0910197 128.0606469,37.0898701 128.0602649,37.0896729 128.0598459,37.0893484 128.0594638,37.0889552 128.0580694,37.0859784 128.0578254,37.0853427 128.0577149,37.085014 128.0575969,37.0842095 128.0574145,37.0831139 128.0571892,37.0823522 128.0568244,37.0816075 128.0555048,37.0803407 128.0547323,37.07987 128.052357,37.0788053 128.0520237,37.0786756 128.0512268,37.0783577 128.0507959,37.078202 128.0492614,37.0776139 128.0445906,37.0748313 128.0434198,37.0741528 128.0427296,37.0738381 128.0420518,37.0736218 128.0414109,37.073494 128.040807,37.0734448 128.0353474,37.0735923 128.0333756,37.073376 128.0324037,37.0729755 128.0310196,37.0722222 128.0300433,37.0717257 128.0292601,37.0714518 128.0286861,37.0713229 128.0279405,37.0712292 128.0258162,37.0710323 128.0252368,37.0709296 128.0246574,37.0707926 128.0239923,37.0705786 128.0234022,37.070356 128.0231877,37.0702616 128.0228811,37.0701266 128.0218465,37.0695941 128.0213637,37.0693459 128.0205161,37.0689606 127.9798063,37.0476017 127.9789624,37.047192 127.9744803,37.0448903 127.9738042,37.0444506 127.9727747,37.0434367 127.9724574,37.0429385 127.9723592,37.04276 127.9721677,37.0420984 127.972022,37.0414463 127.9720122,37.0408724 127.9721315,37.0401642 127.9724957,37.0384922 127.972673,37.0377427 127.9728301,37.0372009 127.9728781,37.0369785 127.9729101,37.0366661 127.9728771,37.0363602 127.9728359,37.0360267 127.9725367,37.0351015 127.9722887,37.0346635 127.9720243,37.034339 127.9713523,37.0335828 127.9700318,37.032213 127.9689348,37.0309764 127.968565,37.0305959 127.9679903,37.0300995 127.9676513,37.0298797 127.967284,37.0296952 127.966937,37.0295496 127.9664653,37.0294 127.9659358,37.029281 127.9651769,37.0291862 127.9628762,37.0290391 127.9619954,37.0289091 127.9611643,37.0286026 127.9605383,37.0282688 127.9601104,37.0279259 127.9597146,37.0275313 127.9594643,37.0272072 127.95895,37.0261495 127.9583646,37.0249724 127.9575738,37.0225201 127.9573571,37.0219121 127.9572108,37.0216383 127.9567002,37.0209549 127.9562665,37.0205676 127.9555076,37.0200822 127.9551267,37.0199256 127.9545568,37.0197402 127.953984,37.0196194 127.9525425,37.0194096 127.9497986,37.0190121 127.9445332,37.0183249 127.9430376,37.018116 127.9421033,37.0180617 127.941431,37.0180918 127.9407009,37.0182237 127.9398905,37.0183531 127.9391788,37.0184572 127.9385954,37.0185088 127.9375578,37.0184638 127.9369929,37.0183642 127.9365524,37.0182583 127.9361363,37.0181258 127.9348977,37.0176255 127.9266961,37.0142588 127.9260625,37.0139851 127.9237372,37.0130001 127.9230707,37.0127283 127.922341,37.0124535 127.9213557,37.0120194 127.9205221,37.0116712 127.9199104,37.0113738 127.9193939,37.0110737 127.918469,37.0103752 127.9183051,37.0102335 127.9179911,37.0099571 127.9174851,37.0094257 127.9169674,37.008675 127.9166618,37.0081194 127.9164874,37.0078068 127.916347,37.0074452 127.9163033,37.0073211 127.9162383,37.0071097 127.916138,37.0067042 127.9161188,37.0066132 127.9160896,37.0064557 127.9160512,37.0061806 127.9160244,37.0059127 127.9160175,37.0057977 127.9160126,37.0056572 127.9160097,37.0054281 127.9160116,37.0052237 127.9160182,37.0050408 127.9160255,37.0048613 127.9162374,37.0001943 127.9163221,36.9982685 127.9163662,36.9972906 127.9163932,36.9966497 127.9164149,36.9963132 127.916536,36.9934793 127.9165246,36.9915284 127.9164157,36.9907871 127.91621,36.990079 127.9160659,36.9897006 127.9159373,36.9894035 127.9157463,36.989017 127.9155065,36.9885401 127.9129141,36.9838927 127.9114645,36.9812907 127.9110911,36.9806178 127.9106241,36.9797868 127.9104861,36.9795407 127.9103896,36.9793611 127.9099057,36.9784879 127.9096526,36.9779451 127.9094832,36.9776377 127.9092919,36.9772901 127.9092244,36.9771734 127.9090451,36.976849 127.9087673,36.9763456 127.9086277,36.9760936 127.9076574,36.9743372 127.907389,36.9738521 127.9072581,36.9736165 127.906952,36.9730679 127.906751,36.9727057 127.906616,36.9724602 127.9064529,36.9721629 127.9062829,36.9718602 127.9062146,36.9717363 127.9061053,36.9715364 127.9059226,36.9712078 127.9056803,36.9707728 127.905429,36.970297 127.9046681,36.9689408 127.9033657,36.9665827 127.9031457,36.9661894 127.9029911,36.965909 127.9029313,36.9658076 127.9022283,36.9645336 127.9019261,36.9639808 127.9010389,36.9623859 127.9006615,36.9617151 127.9006307,36.9616615 127.9005632,36.9615483 127.9004879,36.9614302 127.900414,36.9613175 127.9002939,36.9611466 127.9001463,36.9609631 127.8999721,36.9607623 127.8998478,36.9606343 127.8997153,36.9605071 127.8995623,36.9603709 127.8994652,36.9602906 127.8993596,36.9602062 127.899265,36.9601357 127.8989635,36.9599278 127.8986825,36.9597605 127.898547,36.9596865 127.8983453,36.9595843 127.8981761,36.9595081 127.8980466,36.9594524 127.8978851,36.959388 127.8975258,36.9592612 127.8973075,36.959196 127.8972176,36.9591718 127.8970862,36.959139 127.8968788,36.9591137 127.8962057,36.9590234 127.8956738,36.9589922 127.8951279,36.9589974 127.8938963,36.9590433 127.8927306,36.9591297 127.8899716,36.9592944 127.888459,36.9594078 127.8875008,36.9594578 127.8852715,36.9596067 127.8838076,36.959721 127.8834092,36.9597585 127.8828721,36.9598317 127.8823733,36.959911 127.879942,36.9604361 127.8728594,36.9620653 127.8718623,36.9623062 127.8706429,36.9625412 127.869303,36.9627638 127.8668783,36.9631796 127.8642874,36.9636125 127.8618252,36.9640282 127.860496,36.9642457 127.86005,36.9643018 127.8592877,36.9643392 127.8573736,36.9643743 127.8563427,36.9644035 127.8554135,36.9644301 127.8544986,36.9644937 127.8540047,36.9645366 127.8527821,36.9646318 127.8504703,36.9648375 127.8495525,36.9649052 127.8489516,36.9649567 127.8476551,36.9650221 127.8474568,36.965038 127.8467019,36.9650904 127.846246,36.9651156 127.8445292,36.9651437 127.8428352,36.9651668 127.8424117,36.9651651 127.8421675,36.9651758 127.8418018,36.9651943 127.8412993,36.9652361 127.84067,36.9653235 127.8390588,36.9656828 127.8375388,36.9660228 127.8359044,36.9665115 127.8340967,36.9670739 127.8335774,36.9672352 127.8328527,36.9674575 127.8318444,36.9676394 127.8272198,36.9681342 127.8265878,36.9682013 127.8239818,36.9685034 127.823307,36.968695 127.822624,36.9689874 127.8216442,36.9695298 127.817286,36.9722095 127.8160501,36.9725927 127.8149443,36.9728136 127.8104682,36.9736029 127.8102609,36.9736353 127.8098177,36.9736776 127.8093055,36.9736776 127.8084274,36.9736158 127.8052278,36.9733073 127.8041391,36.9732034 127.8023622,36.973038 127.8012884,36.9729315 127.7999508,36.9728039 127.7994214,36.9727477 127.7981458,36.9726122 127.796853,36.9723524 127.7962716,36.9721705 127.7952634,36.9716995 127.7944015,36.9711019 127.7940783,36.9708112 127.7928252,36.9693643 127.7919105,36.9681365 127.7913698,36.9670776 127.7905201,36.9647681 127.7901176,36.9638618 127.789394,36.9626339 127.7885567,36.9612698 127.7883491,36.9609317 127.7873531,36.9593042 127.7853651,36.9561433 127.7849301,36.9552596 127.7847268,36.9547496 127.783438,36.9516307 127.7828388,36.9503353 127.7827632,36.9501719 127.7826006,36.9499088 127.7818444,36.9488886 127.7804174,36.9475922 127.7793929,36.946598 127.7790107,36.9461561 127.77847,36.9451521 127.7763601,36.9406649 127.7752543,36.9383968 127.7746511,36.9374013 127.7744086,36.9370873 127.773937,36.9366226 127.7724288,36.9354462 127.7702009,36.9338247 127.769039,36.9329793 127.7681542,36.9323356 127.7678917,36.9321446 127.7669694,36.9315035 127.7664846,36.9310565 127.766172,36.9306432 127.7657533,36.9300647 127.7654971,36.9293303 127.7653736,36.9282926 127.7653711,36.9281961 127.7654846,36.9254391 127.7653961,36.9249192 127.7653006,36.9245429 127.7651882,36.9242373 127.7650309,36.9239765 127.7645122,36.9232939 127.7642798,36.9230695 127.7638443,36.9227299 127.7631746,36.9223661 127.7627228,36.9221764 127.7623286,36.9220441 127.7619235,36.9219523 127.7608949,36.9218698 127.7603251,36.9219142 127.7601041,36.9219413 127.7599778,36.9219568 127.7519016,36.9229487 127.7515408,36.9230077 127.7503589,36.9231421 127.7487552,36.9233247 127.7468508,36.9236678 127.7381498,36.9260264 127.7361408,36.9264724 127.7326968,36.9271435 127.7312484,36.9273601 127.7308015,36.9273939 127.7301165,36.9273772 127.7270079,36.9271156 127.7263319,36.9271349 127.7255112,36.9273193 127.7236363,36.9278039 127.7224964,36.9279862 127.7219948,36.9280162 127.7139619,36.9270496 127.7123868,36.9268119 127.7121002,36.9268019 127.7091967,36.9264296 127.7077589,36.9262452 127.7039449,36.9257112 127.7033374,36.9256261 127.7002229,36.9252092 127.7001569,36.9252004 127.698773,36.9248576 127.6978136,36.9244538 127.6972023,36.9240635 127.6964212,36.9233475 127.6960439,36.9228115 127.6940795,36.9200211 127.6939312,36.9198103 127.6922611,36.9173754 127.69048,36.9147786 127.6901177,36.9138639 127.6900823,36.9137069 127.6900305,36.913368 127.690073,36.9100613 127.6899694,36.9094392 127.6898984,36.9091479 127.6898185,36.9089247 127.6891787,36.9078903 127.6887125,36.907331 127.6884489,36.9070435 127.6868015,36.9050062 127.6863691,36.9039034 127.683987,36.8972462 127.6839314,36.8970753 127.6836849,36.896402 127.6832901,36.8950922 127.6831993,36.8945153 127.6833108,36.8934532 127.6839311,36.8915097 127.6840624,36.8907146 127.6839404,36.8894919 127.6832323,36.8874779 127.6820872,36.8838487 127.6816958,36.8829033 127.6811287,36.8815215 127.6808937,36.8810175 127.6802104,36.8802931 127.6793354,36.8796503 127.6781646,36.879159 127.677203,36.8789309 127.6763411,36.8788311 127.675501,36.8788396 127.675169,36.8788375 127.6741498,36.8789233 127.6710974,36.87908 127.6677473,36.879288 127.6673933,36.8793246 127.6668863,36.8793332 127.6660494,36.8792945 127.6656525,36.8792473 127.6651428,36.8791315 127.6646762,36.8789984 127.6642363,36.8788397 127.6637911,36.8786552 127.6628092,36.8782524 127.6606498,36.8772853 127.6592554,36.8766555 127.6564331,36.875368 127.6559484,36.8751654 127.654631,36.8745979 127.6544328,36.8745056 127.6534404,36.874055 127.6509782,36.8728782 127.6509127,36.8728466 127.6505919,36.8726389 127.6503612,36.8724543 127.6499857,36.8721282 127.6495083,36.8716561 127.6480116,36.8702185 127.6469602,36.8691456 127.6447179,36.8669311 127.6444282,36.8666479 127.6442243,36.8664719 127.6439669,36.8662702 127.6437345,36.8660745 127.6358194,36.8612614 127.6347186,36.8605577 127.6343753,36.8603903 127.633989,36.8602272 127.6335706,36.8601027 127.6330127,36.8599911 127.6320632,36.8598881 127.6310332,36.8597722 127.6302447,36.859592 127.6298209,36.8594503 127.6294239,36.8592786 127.6290591,36.8590683 127.6286783,36.8588151 127.6281365,36.8584331 127.6265647,36.8572098 127.6258619,36.8567677 127.6256796,36.856669 127.6237041,36.855674 127.6233568,36.8555015 127.622933,36.8552525 127.6225306,36.8549692 127.6222023,36.8547349 127.621667,36.8542438 127.6213773,36.8539047 127.6211037,36.8535441 127.620299,36.8524238 127.6178089,36.8488111 127.6175578,36.8484145 127.6173958,36.84809 127.6172038,36.8473628 127.6164581,36.8434433 127.6157876,36.8397427 127.6156749,36.8390815 127.6153155,36.8379567 127.6144947,36.8358228 127.6143917,36.8354124 127.6142587,36.8346207 127.6141021,36.8335748 127.6138285,36.8315396 127.6136847,36.8303313 127.6136525,36.8301982 127.6135238,36.829713 127.6133414,36.8292364 127.6121605,36.827154 127.6119471,36.8267744 127.6109996,36.8250357 127.6108012,36.8245379 127.6106903,36.8241282 127.6106724,36.8236708 127.6106753,36.8234991 127.6107772,36.822899 127.6107941,36.8228485 127.611594,36.8210343 127.6119022,36.8201187 127.6122559,36.819247 127.6130665,36.8175307 127.613484,36.8165119 127.6137546,36.8158511 127.6141611,36.8149023 127.6145502,36.8140244 127.6152557,36.8122763 127.6153903,36.8119939 127.6156066,36.8115399 127.6162445,36.8100653 127.616555,36.8093295 127.6168847,36.8085385 127.6171464,36.8077474 127.6174196,36.8070847 127.6176575,36.8065141 127.6177361,36.8063494 127.6187985,36.8036102 127.6189028,36.8029128 127.6189129,36.802578 127.6188174,36.8018429 127.6184974,36.8003266 127.6183582,36.7996303 127.6179088,36.7974387 127.617507,36.7956005 127.6172846,36.794909 127.616969,36.7941394 127.6164598,36.7929159 127.6162477,36.7924252 127.6159471,36.7916954 127.6156729,36.7910312 127.6139296,36.7868168 127.6134228,36.7855497 127.6131732,36.784985 127.612933,36.7845861 127.6126082,36.7841706 127.6123288,36.7838163 127.6119321,36.7834341 127.6110276,36.7827654 127.6106397,36.7825424 127.6105247,36.7824408 127.6100446,36.7822273 127.6094921,36.7820253 127.6090522,36.7819179 127.6085479,36.7818148 127.6076202,36.7816882 127.6054392,36.7814578 127.6045971,36.7813704 127.6015892,36.7810644 127.600842,36.7809928 127.5973282,36.7806378 127.5963143,36.7805431 127.5941659,36.7803355 127.5926686,36.780202 127.5914726,36.7800789 127.5907184,36.7800044 127.5902,36.7799334 127.5897137,36.77983 127.5891119,36.7796703 127.5867332,36.7788527 127.5856848,36.7785281 127.5831936,36.7777078 127.5822972,36.7773923 127.5810939,36.7769905 127.5799717,36.7766159 127.5786654,36.7761634 127.5766994,36.7755116 127.5759913,36.7752409 127.5743954,36.7745177 127.5721396,36.7735264 127.5698892,36.7725454 127.568786,36.7720761 127.5684602,36.7719527 127.5672058,36.7713718 127.5665551,36.7710723 127.5661288,36.7708266 127.5657184,36.7705443 127.5652705,36.7702594 127.5648628,36.7698684 127.564541,36.7694601 127.5639121,36.7682968 127.563688,36.7678208 127.5627975,36.7660782 127.5619445,36.7642604 127.5615101,36.7635126 127.5612311,36.7628207 127.5610541,36.7623007 127.5601233,36.7587865 127.5598766,36.7581977 127.5595735,36.7576721 127.5592462,36.7572251 127.5592324,36.7572103 127.5590263,36.7569887 127.5586159,36.7566161 127.5576262,36.7559658 127.5569932,36.7556736 127.5537772,36.7543468 127.5526265,36.7538297 127.5521974,36.7535933 127.551779,36.7532495 127.5514517,36.752867 127.5508965,36.7519871 127.5507275,36.7514873 127.5504325,36.7495058 127.5502721,36.7484825 127.5502284,36.7482035 127.5501738,36.7478695 127.550148,36.747712 127.5499514,36.7470758 127.549826,36.7467149 127.5490914,36.7451773 127.5482545,36.7433891 127.5477486,36.742371 127.5476991,36.7422714 127.546763,36.7402647 127.5466284,36.7399569 127.5458379,36.7383018 127.5456138,36.7377809 127.5453891,36.737024 127.5446355,36.734475 127.5444348,36.7337969 127.5440692,36.7325619 127.5438146,36.7317442 127.5436411,36.731309 127.5434802,36.7310166 127.5432119,36.7306285 127.5428918,36.7302818 127.5426131,36.7300227 127.5421962,36.729733 127.5414434,36.7293445 127.5409372,36.7291697 127.5405529,36.7290721 127.5401301,36.7289972 127.5397216,36.728953 127.5391816,36.7289259 127.5371797,36.7288338 127.5351332,36.7287508 127.5333395,36.72866 127.5326097,36.7286231 127.5322471,36.7286047 127.529699,36.7284886 127.5295265,36.7284785 127.528374,36.7284112 127.5260154,36.7282981 127.5257109,36.7282929 127.5251816,36.7282839 127.5242602,36.728285 127.521607,36.7283153 127.5203989,36.7283233 127.5191611,36.7283005 127.5163464,36.7280155 127.5152127,36.7278729 127.5151445,36.7278665 127.5144345,36.7277839 127.5131581,36.7275878 127.5110808,36.7273275 127.5094049,36.727104 127.5081196,36.7269873 127.5072537,36.7270266 127.5063257,36.7271556 127.5047776,36.7274383 127.5026017,36.7277885 127.5011479,36.7280142 127.5002804,36.7281783 127.4985888,36.7283129 127.497659,36.7282724 127.4969026,36.7280961 127.496275,36.727894 127.495009,36.7273308 127.4930134,36.7264709 127.4923315,36.7260877 127.4918365,36.7257413 127.4916428,36.7255831 127.4914073,36.7253764 127.491237,36.7251953 127.4910822,36.7250133 127.4909641,36.7248636 127.4908529,36.7247015 127.4906523,36.7243778 127.4905886,36.7242558 127.4905264,36.7241287 127.4904317,36.723915 127.4903311,36.7236705 127.4901594,36.7231991 127.4896479,36.721771 127.4896274,36.7217134 127.4894273,36.7211505 127.4885771,36.7188345 127.4880674,36.7180045 127.4875042,36.7173896 127.4852404,36.7155793 127.4848434,36.7152611 127.4843714,36.7148869 127.4839905,36.7145343 127.4834648,36.7139151 127.4832717,36.7135926 127.4831429,36.71327 127.4830463,36.7128787 127.4825904,36.7106812 127.4825153,36.7101135 127.4825153,36.7098555 127.4825957,36.7090599 127.4826938,36.707889 127.4828094,36.7067056 127.4827944,36.7061308 127.4826212,36.7052558 127.482526,36.7048023 127.4821988,36.7042044 127.4816945,36.7035249 127.4803963,36.7022862 127.4796088,36.7015576 127.4792953,36.7012795 127.4743394,36.6966779 127.47412,36.6964766 127.4738526,36.6962407 127.473653,36.6960582 127.4730465,36.6954963 127.4725191,36.6949897 127.472259,36.6946861 127.4717723,36.6939326 127.4716343,36.6936332 127.4715104,36.6933026 127.4714131,36.6930174 127.4711689,36.6922412 127.471025,36.6917836 127.4707336,36.69095 127.4704115,36.6902802 127.4701992,36.6899311 127.4699249,36.6895565 127.4697019,36.6892769 127.4694135,36.6889293 127.4692312,36.6887008 127.4689237,36.6883333 127.4684135,36.6876892 127.4681386,36.6873668 127.4680352,36.6872089 127.4678461,36.6869627 127.4677072,36.6868007 127.467532,36.686561 127.4674013,36.6863738 127.4669821,36.6858654 127.4667627,36.6855724 127.4664836,36.6852391 127.4662256,36.684917 127.4659407,36.6845612 127.4656201,36.6841845 127.4653609,36.6838756 127.4649103,36.6833207 127.4647882,36.683169 127.4645576,36.6828926 127.4643189,36.6825947 127.4641096,36.6823495 127.4639527,36.6821494 127.4637703,36.6819311 127.4633092,36.6813373 127.4630597,36.6810437 127.4629095,36.6808716 127.4626266,36.6805661 127.4624281,36.6803564 127.4622343,36.6801838 127.4618125,36.6797853 127.4613552,36.6794282 127.4610186,36.6791711 127.460555,36.6788293 127.4600029,36.6784546 127.4595003,36.6781552 127.4589907,36.6778515 127.4584704,36.6775577 127.4573538,36.6768949 127.4566866,36.6764989 127.4561097,36.6761654 127.4554869,36.6758021 127.4527334,36.6741827 127.4523741,36.6739698 127.4518432,36.6736561 127.4506948,36.6729649 127.4502117,36.6726782 127.4496366,36.6723503 127.4490685,36.6720125 127.4485518,36.6716988 127.447867,36.6713029 127.4472658,36.67095 127.445967,36.6701749 127.4449371,36.6695574 127.4440707,36.6690454 127.4428262,36.6683914 127.4415628,36.6677825 127.4394093,36.6667538 127.4378288,36.6660083 127.4363391,36.6652947 127.4351317,36.664735 127.4349615,36.6646616 127.4344874,36.6644856 127.4339808,36.6643395 127.4335278,36.6642533 127.4327056,36.6641682 127.4301655,36.664009 127.4292509,36.6639487 127.4282102,36.6638777 127.4274002,36.6638132 127.4265874,36.6637206 127.4257747,36.6636066 127.4242378,36.6634022 127.4220357,36.6631161 127.4206946,36.6629267 127.419585,36.6627802 127.4179671,36.6625528 127.4164512,36.6623576 127.4151326,36.662178 127.4136734,36.6619886 127.4116546,36.6616287 127.4112562,36.6615292 127.4108578,36.6614265 127.4103557,36.6612798 127.4099532,36.6611477 127.4095528,36.6610009 127.4092397,36.6608819 127.4076623,36.6601921 127.4071074,36.65991 127.406729,36.6597147 127.4056697,36.659173 127.4054571,36.6590668 127.4051213,36.6588888 127.4047177,36.6586911 127.4040876,36.658371 127.403895,36.6582758 127.40359,36.6581115 127.4032711,36.657952 127.4030524,36.6578371 127.4027674,36.6576938 127.4023668,36.657496 127.4016613,36.6571314 127.4012916,36.6569461 127.400928,36.656752 127.4005398,36.6565555 127.4001639,36.6563652 127.3998142,36.6561873 127.3994291,36.6559772 127.3987035,36.65562 127.3982721,36.6553988 127.3978276,36.6551725 127.3977648,36.6551386 127.3973062,36.6549057 127.3968595,36.6546684 127.3965036,36.6544842 127.3959206,36.6541053 127.3955848,36.6538495 127.3953568,36.6536134 127.3950965,36.6533267 127.3949153,36.6530738 127.3946467,36.6526242 127.3943338,36.6520641 127.3935435,36.6506155 127.3935141,36.6505521 127.393471,36.6504595 127.3933007,36.6501743 127.3931626,36.6499226 127.3930258,36.6496568 127.3928729,36.6493738 127.3925242,36.6487594 127.3923418,36.6484194 127.3921903,36.6481472 127.3906395,36.6452277 127.3902255,36.6445163 127.3900064,36.6441428 127.389633,36.6434239 127.3886586,36.641673 127.3879415,36.6404165 127.3873408,36.6395039 127.3861254,36.6377727 127.3857449,36.6373278 127.3853694,36.6369763 127.3842331,36.6360505 127.3834959,36.6354952 127.3827657,36.6348885 127.3819372,36.6342185 127.3814201,36.6338352 127.3811408,36.6336529 127.3809051,36.633522 127.3794023,36.6329555 127.3787342,36.6327344 127.3783956,36.6326114 127.3775704,36.6323288 127.3771369,36.6321553 127.3766599,36.6319561 127.3762081,36.6317554 127.3752387,36.6312688 127.3750486,36.6311652 127.3746641,36.630952 127.3743973,36.6307881 127.3737968,36.6303981 127.3735656,36.6302365 127.3731451,36.6299068 127.3719018,36.6289276 127.37162,36.6287173 127.3710138,36.6283336 127.3706308,36.6281274 127.3705648,36.6280919 127.3701507,36.6279065 127.3699601,36.6278263 127.3685742,36.6272784 127.3674741,36.6268531 127.3668899,36.6266207 127.3666058,36.6265086 127.3649631,36.6258606 127.3620556,36.6246982 127.3610363,36.6243365 127.3600925,36.6241102 127.359728,36.6240562 127.3593334,36.6240165 127.358799,36.6239668 127.3583902,36.6239441 127.3579425,36.6239355 127.3574958,36.6239404 127.3531984,36.6240968 127.3492234,36.6242484 127.3470266,36.6243322 127.342926,36.6244743 127.3388494,36.6245393 127.33591,36.6246831 127.3349447,36.6247146 127.3345228,36.6247131 127.3342731,36.6247048 127.3340331,36.6246916 127.333762,36.6246567 127.3335326,36.62462 127.3334265,36.6245982 127.3333077,36.6245737 127.3330726,36.6245114 127.3329355,36.6244711 127.3327973,36.6244252 127.3327079,36.6243947 127.3326116,36.6243585 127.3325126,36.6243177 127.3323928,36.6242651 127.3321411,36.6241419 127.3320724,36.6241058 127.3319894,36.6240602 127.3318147,36.6239548 127.3316717,36.6238639 127.3314711,36.6237288 127.3309488,36.623352 127.3307965,36.62326 127.330706,36.6232081 127.3306313,36.6231617 127.3305007,36.6230798 127.3303139,36.6229446 127.3299825,36.6227032 127.3293415,36.622241 127.3281385,36.6213698 127.327469,36.6208835 127.3274075,36.6208407 127.327378,36.620453</coordinates>
        </LineString>
      </Placemark>
      <Placemark>
        <name>Osong Station to Iksan Station (train)</name>
        <description>&lt;b&gt;Mode:&lt;/b&gt; train&lt;br&gt;KTX 413 toward Mokpo (dep Osong 11:26, arr Iksan 11:54)</description>
        <Style>
          <LineStyle>
            <color>ff2f2fd3</color>
            <width>3</width>
          </LineStyle>
        </Style>
        <LineString>
          <coordinates>127.327378,36.620453 127.3274075,36.6208407 127.3255549,36.6195247 127.3242658,36.6185719 127.3221504,36.6170364 127.3216175,36.6166507 127.3213577,36.6164626 127.3209847,36.6161925 127.3209161,36.6161428 127.3206587,36.6159579 127.3207767,36.6160606 127.3208698,36.6161468 127.320995,36.6162515 127.321134,36.6163518 127.321141,36.6163568 127.3212374,36.6164365 127.3213233,36.6165132 127.3214123,36.616596 127.3214979,36.6166695 127.3215645,36.6167182 127.3217858,36.6169071 127.3220272,36.6171224 127.3218341,36.6169722 127.3215806,36.6167741 127.3210281,36.6163861 127.3204621,36.6159744 127.3206217,36.6161078 127.3208832,36.6163565 127.320959,36.6164241 127.3210039,36.6164609 127.3210737,36.6165126 127.3213137,36.6166902 127.3214666,36.6168043 127.3215853,36.616896 127.3222344,36.6174395 127.3226033,36.6178106 127.3229816,36.6182229 127.3233225,36.6186689 127.3236198,36.6191101 127.3236879,36.6192113 127.3238035,36.6193886 127.3240464,36.6197709 127.3242871,36.6201643 127.3243314,36.6202476 127.3243549,36.6202945 127.324373,36.6203359 127.3243923,36.6203819 127.3244164,36.6204441 127.324437,36.6205012 127.3244558,36.6205598 127.3244754,36.6206248 127.3244933,36.6206934 127.3245088,36.6207632 127.3245255,36.6208499 127.324542,36.6209675 127.3245493,36.6210492 127.324553,36.6211156 127.3245553,36.6211937 127.324555,36.6212407 127.3245537,36.6212886 127.3245517,36.6213363 127.3245481,36.6213848 127.3245438,36.6214324 127.324538,36.6214811 127.3245336,36.6215152 127.3245275,36.621555 127.3245209,36.6215966 127.3245118,36.6216418 127.3245018,36.6216901 127.3244936,36.6217238 127.3244891,36.6217423 127.3244846,36.6217608 127.3244776,36.6217866 127.3244655,36.6218297 127.3244553,36.6218633 127.3244451,36.6218954 127.3244379,36.621917 127.3244252,36.6219538 127.3244075,36.6220027 127.3243896,36.6220475 127.3243721,36.6220898 127.3243583,36.6221216 127.3243335,36.6221755 127.3242981,36.6222464 127.3242539,36.622328 127.3242103,36.6224009 127.3241824,36.6224443 127.3241558,36.6224849 127.3241285,36.6225233 127.3240982,36.622565 127.3240651,36.6226072 127.3240086,36.6226767 127.3239597,36.6227351 127.323859,36.6228479 127.323755,36.6229601 127.3236899,36.6230283 127.3236168,36.6231027 127.3233269,36.6233845 127.3229796,36.6237088 127.3228241,36.6238559 127.3226748,36.6240042 127.32239,36.6242984 127.3219889,36.6247111 127.3218493,36.6248543 127.321444,36.625272 127.3213339,36.6253861 127.3210135,36.6257155 127.3208532,36.6258775 127.3207918,36.6259385 127.3206839,36.6260424 127.3205902,36.6261297 127.320524,36.6261902 127.3198126,36.6268231 127.3201802,36.6265523 127.3210586,36.6257994 127.321504,36.6254276 127.3218125,36.6251408 127.323027,36.6240296 127.3235548,36.6235537 127.3239946,36.6231396 127.3245109,36.6226455 127.3248408,36.622314 127.3249736,36.6221762 127.3251171,36.6220072 127.325384,36.6217241 127.3255422,36.6215637 127.3256991,36.6214098 127.329253,36.6182198 127.3293267,36.6181487 127.3299968,36.6175458 127.3308805,36.6166988 127.3317951,36.6157817 127.3327251,36.6148858 127.336675,36.6113432 127.3386775,36.6095079 127.3410379,36.6074065 127.3427537,36.6057934 127.3441034,36.6044194 127.3457049,36.6026178 127.3470605,36.600965 127.3482552,36.599375 127.3485429,36.5989689 127.3495889,36.5973235 127.3506967,36.5954365 127.3513044,36.5942904 127.3519413,36.5930501 127.3524307,36.5919133 127.352849,36.5908939 127.3531548,36.5901157 127.3535517,36.5889504 127.3539718,36.5876789 127.3541866,36.5868136 127.3543672,36.5860915 127.3546172,36.5849555 127.3550154,36.5830948 127.3552941,36.5815128 127.3555114,36.5802476 127.3559115,36.5784263 127.3561917,36.5766861 127.3571942,36.5698002 127.3573932,36.568248 127.3575406,36.5670965 127.3578897,36.5643729 127.357902,36.5642835 127.3581185,36.5626055 127.3583402,36.5609279 127.358812,36.5578466 127.3588708,36.5573959 127.3589349,36.5569048 127.3590001,36.5564056 127.3590642,36.5559141 127.3591604,36.5549633 127.3592337,36.5540702 127.3592934,36.5526798 127.3593171,36.5512333 127.3592613,36.5495478 127.3592146,36.5485695 127.3591893,36.5482119 127.3591584,36.5478485 127.3591284,36.547531 127.3590422,36.5464287 127.3589671,36.5459201 127.358774,36.5446789 127.3584897,36.5428559 127.3583187,36.5422415 127.3581497,36.5417115 127.3568975,36.5379225 127.3560844,36.5354661 127.3540803,36.5289809 127.3509317,36.5191638 127.3508965,36.5190475 127.3491218,36.5134023 127.3489651,36.5130049 127.3469438,36.5070771 127.3462906,36.5054723 127.3455019,36.5038774 127.3446145,36.502332 127.3436779,36.5008163 127.3421551,36.498663 127.3412195,36.4973718 127.3403708,36.4961993 127.3386817,36.4939514 127.3373554,36.4923705 127.3355355,36.4903371 127.3338972,36.4886357 127.3322296,36.4870415 127.3308432,36.4857788 127.3296569,36.484752 127.3282344,36.4835426 127.3269475,36.4825702 127.325779,36.4816887 127.3254153,36.4814263 127.3249118,36.4810566 127.3221501,36.4791965 127.3194693,36.477522 127.3182902,36.4768267 127.3174942,36.4763834 127.3170199,36.4761246 127.3141731,36.4746259 127.2831241,36.4576339 127.2828704,36.457479 127.2765659,36.4539092 127.2761965,36.4537386 127.2736418,36.4524106 127.2619787,36.4454525 127.2180385,36.420812 127.2176702,36.4205839 127.2153327,36.4192565 127.2145745,36.418821 127.1482723,36.3812725 127.1468346,36.3804202 127.1443378,36.3789978 127.1434791,36.3785565 127.1359734,36.3743352 127.1348172,36.3736488 127.1344219,36.3734141 127.1340003,36.3731758 127.1334526,36.3728663 127.1171864,36.3633839 127.1160452,36.3624543 127.1131192,36.3599327 127.1113398,36.3583866 127.109934,36.3569635 127.1092231,36.35602 127.1084858,36.3550924 127.1076578,36.3541102 127.1061197,36.352156 127.1053646,36.3509758 127.1036518,36.3481093 127.1028571,36.3466665 127.1019263,36.3447019 127.1003345,36.3410348 127.100149,36.3405995 127.0996272,36.3393799 127.0994924,36.3390631 127.0988698,36.3376138 127.0987588,36.3373525 127.0981614,36.3359593 127.0980146,36.3356085 127.0978456,36.3352309 127.0975072,36.3343677 127.0972168,36.3336906 127.095925,36.3305818 127.0957767,36.3302372 127.0954549,36.3295093 127.0948556,36.3281534 127.0946561,36.3277111 127.0927926,36.3229604 127.0918904,36.3208057 127.0910877,36.3189728 127.0899953,36.3163385 127.0897646,36.3157821 127.0894416,36.3150033 127.0885658,36.3130432 127.0834292,36.3005386 127.0821761,36.2971663 127.0817667,36.29615 127.080335,36.2918175 127.0767276,36.2808362 127.0758409,36.2782901 127.0749485,36.2759894 127.0738496,36.2732523 127.0732623,36.271752 127.0726025,36.2702264 127.0719342,36.2686633 127.0712346,36.2670186 127.0698077,36.263632 127.0689203,36.2616491 127.0669062,36.2568276 127.0655817,36.2536968 127.064682,36.2518165 127.0645105,36.2514313 127.0621514,36.2457513 127.0608297,36.2427874 127.0606252,36.242246 127.0599641,36.2407679 127.0590921,36.2386555 127.0564635,36.2322512 127.0558503,36.2305838 127.0557,36.2301258 127.0555654,36.2296986 127.0550398,36.2280314 127.053898,36.2243312 127.0531171,36.2219076 127.0523923,36.2196538 127.0499189,36.2122572 127.0474662,36.204716 127.0464702,36.2014851 127.0456827,36.1987054 127.0451411,36.1965931 127.0445905,36.1942755 127.0428953,36.1862117 127.0423039,36.1836246 127.0415443,36.1806086 127.0406226,36.1772815 127.0333715,36.1522789 127.0303515,36.1417998 127.0291836,36.1377808 127.0289065,36.1368249 127.028827,36.1365357 127.0285211,36.1354817 127.0263505,36.1281738 127.0236629,36.1188619 127.0215499,36.1116106 127.0212683,36.1106152 127.0209651,36.1095613 127.0206242,36.1084203 127.0203272,36.1075127 127.0201071,36.1067373 127.0200453,36.1065403 127.0200131,36.1064378 127.0198858,36.1060322 127.0196132,36.1053101 127.0193015,36.104591 127.0188479,36.1033441 127.0185768,36.1026788 127.0181706,36.1018106 127.0175449,36.1005959 127.0170467,36.0995844 127.0161894,36.097654 127.0155025,36.0964671 127.0151254,36.0957793 127.0149304,36.095444 127.0144637,36.0946582 127.0117563,36.0906213 127.0100223,36.0880944 127.0099629,36.0880077 127.009611,36.0874949 127.0079488,36.0851321 127.0039894,36.0795612 126.9915644,36.0616326 126.9906251,36.0603418 126.9898953,36.0592987 126.9858938,36.0535522 126.9833847,36.0500576 126.9756316,36.0385173 126.973354,36.0353164 126.9719636,36.0331607 126.9698377,36.0297834 126.9688099,36.0276629 126.9684874,36.0270015 126.9676974,36.0254789 126.9675078,36.02511 126.9668636,36.0238062 126.9660198,36.0221291 126.9654114,36.020901 126.9646383,36.0194557 126.9631087,36.0164336 126.9617901,36.0137852 126.9602118,36.0106247 126.9597981,36.0098046 126.9597466,36.0097025 126.9573054,36.0048933 126.9553398,36.0010749 126.9537557,35.9978436 126.9521527,35.9944801 126.9511146,35.992561 126.9489848,35.9882724 126.9481533,35.9864586 126.9477821,35.9854627 126.9474436,35.9844006 126.9471802,35.9833558 126.9469259,35.9822827 126.9467813,35.9815068 126.9466743,35.9807395 126.9463859,35.9776187 126.946185,35.9739458 126.9461781,35.9738494 126.9461579,35.9734902 126.946134,35.9730272 126.9461199,35.9725839 126.946095,35.9721247 126.9460727,35.9716966 126.9460587,35.9713876 126.9460327,35.9709263 126.9460118,35.9705098 126.9459867,35.9701144 126.9459569,35.9696178 126.9459321,35.9691319 126.9459345,35.968759 126.9459339,35.968444 126.9459499,35.9680296 126.9459765,35.9676745 126.9460134,35.967314 126.9460613,35.9669573 126.9461293,35.9665358 126.9462191,35.9661253 126.9463523,35.9655917 126.9464602,35.9652083 126.9484196,35.9590859 126.948523,35.9586814 126.9486086,35.9582997 126.9486764,35.9579073 126.9487271,35.9575069 126.9487612,35.9571003 126.9487855,35.9566962 126.9488038,35.9563237 126.9488253,35.9559676 126.9488333,35.955592 126.9490251,35.9501052 126.9490264,35.9499369 126.9490224,35.9497643 126.9490117,35.949608 126.9489996,35.9494495 126.9489781,35.9492693 126.94895,35.9491173 126.9489138,35.9489457 126.9487904,35.9485212 126.9487113,35.9482997 126.9486402,35.9481043 126.9481657,35.9468744 126.9480463,35.9466372 126.9478912,35.9463292 126.9477626,35.946041 126.947568,35.9457215 126.94735,35.9453766 126.9466883,35.94431 126.9464889,35.9439251 126.946317,35.9435454 126.9452961,35.9408313 126.9452264,35.9405617 126.9451846,35.9403416 126.9451989,35.9405788 126.9452245,35.9407102 126.945256,35.9408318 126.9453199,35.9410887 126.9453569,35.9411847 126.9460147,35.94116804</coordinates>
        </LineString>
      </Placemark>
      <Placemark>
        <name>Iksan Station to Osong Station (train)</name>
        <description>&lt;b&gt;Mode:&lt;/b&gt; train&lt;br&gt;KTX 510 Iksan→Osong (dep 13:36, arr 14:11)</description>
        <Style>
          <LineStyle>
            <color>ff2f2fd3</color>
            <width>3</width>
          </LineStyle>
        </Style>
        <LineString>
          <coordinates>126.9460147,35.94116804 126.9453569,35.9411847 126.9453199,35.9410887 126.945256,35.9408318 126.9452245,35.9407102 126.9451989,35.9405788 126.9451846,35.9403416 126.9452264,35.9405617 126.9452961,35.9408313 126.946317,35.9435454 126.9464889,35.9439251 126.9466883,35.94431 126.94735,35.9453766 126.947568,35.9457215 126.9477626,35.946041 126.9478912,35.9463292 126.9480463,35.9466372 126.9481657,35.9468744 126.9486402,35.9481043 126.9487113,35.9482997 126.9487904,35.9485212 126.9489138,35.9489457 126.94895,35.9491173 126.9489781,35.9492693 126.9489996,35.9494495 126.9490117,35.949608 126.9490224,35.9497643 126.9490264,35.9499369 126.9490251,35.9501052 126.9488333,35.955592 126.9488253,35.9559676 126.9488038,35.9563237 126.9487783,35.9566374 126.9487502,35.9568947 126.948714,35.9571823 126.9486657,35.9574635 126.9486026,35.9577718 126.9485007,35.9581973 126.9484095,35.9585197 126.9461887,35.9662767 126.9459996,35.9669583 126.9459097,35.9673187 126.9458587,35.9676346 126.9458105,35.9680872 126.9458131,35.9685181 126.9458386,35.9689023 126.9458802,35.9692616 126.9459999,35.9710016 126.9460443,35.9719605 126.9462099,35.9739092 126.9462211,35.974158 126.9464718,35.9776524 126.9466743,35.9807395 126.9467813,35.9815068 126.9469259,35.9822827 126.9471802,35.9833558 126.9474436,35.9844006 126.9477821,35.9854627 126.9481533,35.9864586 126.9489848,35.9882724 126.9511146,35.992561 126.9521527,35.9944801 126.9537557,35.9978436 126.9553398,36.0010749 126.9573054,36.0048933 126.9597466,36.0097025 126.9597981,36.0098046 126.9602118,36.0106247 126.9617901,36.0137852 126.9631087,36.0164336 126.9646383,36.0194557 126.9654114,36.020901 126.9660198,36.0221291 126.9668636,36.0238062 126.9675078,36.02511 126.9676974,36.0254789 126.9684874,36.0270015 126.9688099,36.0276629 126.9698377,36.0297834 126.9719636,36.0331607 126.973354,36.0353164 126.9756316,36.0385173 126.9833847,36.0500576 126.9858938,36.0535522 126.9898953,36.0592987 126.9906251,36.0603418 126.9915644,36.0616326 127.0039894,36.0795612 127.0079488,36.0851321 127.009611,36.0874949 127.0099629,36.0880077 127.0100223,36.0880944 127.0117563,36.0906213 127.0144637,36.0946582 127.0149304,36.095444 127.0151254,36.0957793 127.0155025,36.0964671 127.0161894,36.097654 127.0170467,36.0995844 127.0175449,36.1005959 127.0181706,36.1018106 127.0185768,36.1026788 127.0188479,36.1033441 127.0193015,36.104591 127.0196132,36.1053101 127.0198858,36.1060322 127.0200131,36.1064378 127.0200453,36.1065403 127.0201071,36.1067373 127.0203272,36.1075127 127.0206242,36.1084203 127.0209651,36.1095613 127.0212683,36.1106152 127.0215499,36.1116106 127.0236629,36.1188619 127.0263505,36.1281738 127.0285211,36.1354817 127.028827,36.1365357 127.0289065,36.1368249 127.0291836,36.1377808 127.0303515,36.1417998 127.0333715,36.1522789 127.0406226,36.1772815 127.0415443,36.1806086 127.0423039,36.1836246 127.0428953,36.1862117 127.0445905,36.1942755 127.0451411,36.1965931 127.0456827,36.1987054 127.0464702,36.2014851 127.0474662,36.204716 127.0499189,36.2122572 127.0523923,36.2196538 127.0531171,36.2219076 127.053898,36.2243312 127.0550398,36.2280314 127.0555654,36.2296986 127.0557,36.2301258 127.0558503,36.2305838 127.0564635,36.2322512 127.0590921,36.2386555 127.0599641,36.2407679 127.0606252,36.242246 127.0608297,36.2427874 127.0621514,36.2457513 127.0645105,36.2514313 127.064682,36.2518165 127.0655817,36.2536968 127.0669062,36.2568276 127.0689203,36.2616491 127.0698077,36.263632 127.0712346,36.2670186 127.0719342,36.2686633 127.0726025,36.2702264 127.0732623,36.271752 127.0738496,36.2732523 127.0749485,36.2759894 127.0758409,36.2782901 127.0767276,36.2808362 127.080335,36.2918175 127.0817667,36.29615 127.0821761,36.2971663 127.0834292,36.3005386 127.0885658,36.3130432 127.0894416,36.3150033 127.0897646,36.3157821 127.0899953,36.3163385 127.0910877,36.3189728 127.0918904,36.3208057 127.0927926,36.3229604 127.0946561,36.3277111 127.0948556,36.3281534 127.0954549,36.3295093 127.0957767,36.3302372 127.095925,36.3305818 127.0972168,36.3336906 127.0975072,36.3343677 127.0978456,36.3352309 127.0980146,36.3356085 127.0981614,36.3359593 127.0987588,36.3373525 127.0988698,36.3376138 127.0994924,36.3390631 127.0996272,36.3393799 127.100149,36.3405995 127.1003345,36.3410348 127.1019263,36.3447019 127.1028571,36.3466665 127.1036518,36.3481093 127.1053646,36.3509758 127.1061197,36.352156 127.1076578,36.3541102 127.1084858,36.3550924 127.1092231,36.35602 127.109934,36.3569635 127.1113398,36.3583866 127.1131192,36.3599327 127.1160452,36.3624543 127.1171864,36.3633839 127.1334526,36.3728663 127.1340003,36.3731758 127.1344219,36.3734141 127.1348172,36.3736488 127.1359734,36.3743352 127.1434791,36.3785565 127.1443378,36.3789978 127.1468346,36.3804202 127.1482723,36.3812725 127.2145745,36.418821 127.2153327,36.4192565 127.2176702,36.4205839 127.2180385,36.420812 127.2619787,36.4454525 127.2736418,36.4524106 127.2761965,36.4537386 127.2765659,36.4539092 127.2828704,36.457479 127.2831241,36.4576339 127.3141731,36.4746259 127.3170199,36.4761246 127.3174942,36.4763834 127.3182902,36.4768267 127.3194693,36.477522 127.3221501,36.4791965 127.3249118,36.4810566 127.3254153,36.4814263 127.325779,36.4816887 127.3269475,36.4825702 127.3282344,36.4835426 127.3296569,36.484752 127.3308432,36.4857788 127.3322296,36.4870415 127.3338972,36.4886357 127.3355355,36.4903371 127.3373554,36.4923705 127.3386817,36.4939514 127.3403708,36.4961993 127.3412195,36.4973718 127.3421551,36.498663 127.3436779,36.5008163 127.3446145,36.502332 127.3455019,36.5038774 127.3462906,36.5054723 127.3469438,36.5070771 127.3489651,36.5130049 127.3491218,36.5134023 127.3508965,36.5190475 127.3509317,36.5191638 127.3540803,36.5289809 127.3560844,36.5354661 127.3568975,36.5379225 127.3581497,36.5417115 127.3583187,36.5422415 127.3584897,36.5428559 127.358774,36.5446789 127.3589671,36.5459201 127.3590422,36.5464287 127.3591284,36.547531 127.3591584,36.5478485 127.3591893,36.5482119 127.3592146,36.5485695 127.3592613,36.5495478 127.3593171,36.5512333 127.3592934,36.5526798 127.3592337,36.5540702 127.3591604,36.5549633 127.3590642,36.5559141 127.3590001,36.5564056 127.3589349,36.5569048 127.3588708,36.5573959 127.358812,36.5578466 127.3583402,36.5609279 127.3581185,36.5626055 127.357902,36.5642835 127.3578897,36.5643729 127.3575406,36.5670965 127.3573932,36.568248 127.3571942,36.5698002 127.3561917,36.5766861 127.3559115,36.5784263 127.3555114,36.5802476 127.3552941,36.5815128 127.3550154,36.5830948 127.3546172,36.5849555 127.3543672,36.5860915 127.3541866,36.5868136 127.3539718,36.5876789 127.3535517,36.5889504 127.3531548,36.5901157 127.352849,36.5908939 127.3524307,36.5919133 127.3519413,36.5930501 127.3513044,36.5942904 127.3506967,36.5954365 127.3495889,36.5973235 127.3485429,36.5989689 127.3482552,36.599375 127.3470605,36.600965 127.3457049,36.6026178 127.3441034,36.6044194 127.3427537,36.6057934 127.3410379,36.6074065 127.3386775,36.6095079 127.336675,36.6113432 127.3327251,36.6148858 127.3317951,36.6157817 127.3308805,36.6166988 127.3299968,36.6175458 127.3293267,36.6181487 127.329253,36.6182198 127.3256991,36.6214098 127.3255422,36.6215637 127.325384,36.6217241 127.3251171,36.6220072 127.3249736,36.6221762 127.3248408,36.622314 127.3245109,36.6226455 127.3239946,36.6231396 127.3235548,36.6235537 127.323027,36.6240296 127.3218125,36.6251408 127.321504,36.6254276 127.3210586,36.6257994 127.3201802,36.6265523 127.3198126,36.6268231 127.320524,36.6261902 127.3205902,36.6261297 127.3206839,36.6260424 127.3207918,36.6259385 127.3208532,36.6258775 127.3210135,36.6257155 127.3213339,36.6253861 127.321444,36.625272 127.3218493,36.6248543 127.3219889,36.6247111 127.32239,36.6242984 127.3226748,36.6240042 127.3228241,36.6238559 127.3229796,36.6237088 127.3233269,36.6233845 127.3236168,36.6231027 127.3236899,36.6230283 127.323755,36.6229601 127.323859,36.6228479 127.3239597,36.6227351 127.3240086,36.6226767 127.3240651,36.6226072 127.3240982,36.622565 127.3241285,36.6225233 127.3241558,36.6224849 127.3241824,36.6224443 127.3242103,36.6224009 127.3242539,36.622328 127.3242981,36.6222464 127.3243335,36.6221755 127.3243583,36.6221216 127.3243721,36.6220898 127.3243896,36.6220475 127.3244075,36.6220027 127.3244252,36.6219538 127.3244379,36.621917 127.3244451,36.6218954 127.3244553,36.6218633 127.3244655,36.6218297 127.3244776,36.6217866 127.3244846,36.6217608 127.3244891,36.6217423 127.3244936,36.6217238 127.3245018,36.6216901 127.3245118,36.6216418 127.3245209,36.6215966 127.3245275,36.621555 127.3245336,36.6215152 127.324538,36.6214811 127.3245438,36.6214324 127.3245481,36.6213848 127.3245517,36.6213363 127.3245537,36.6212886 127.324555,36.6212407 127.3245553,36.6211937 127.324553,36.6211156 127.3245493,36.6210492 127.324542,36.6209675 127.3245255,36.6208499 127.3245088,36.6207632 127.3244933,36.6206934 127.3244754,36.6206248 127.3244558,36.6205598 127.324437,36.6205012 127.3244164,36.6204441 127.3243923,36.6203819 127.324373,36.6203359 127.3243549,36.6202945 127.3243314,36.6202476 127.3242871,36.6201643 127.3240464,36.6197709 127.3238035,36.6193886 127.3236879,36.6192113 127.3236198,36.6191101 127.3233225,36.6186689 127.3229816,36.6182229 127.3226033,36.6178106 127.3222344,36.6174395 127.3215853,36.616896 127.3214666,36.6168043 127.3213137,36.6166902 127.3210737,36.6165126 127.3210039,36.6164609 127.320959,36.6164241 127.3208832,36.6163565 127.3206217,36.6161078 127.3204621,36.6159744 127.3210281,36.6163861 127.3215806,36.6167741 127.3218341,36.6169722 127.3220272,36.6171224 127.3217858,36.6169071 127.3215645,36.6167182 127.3214979,36.6166695 127.3214123,36.616596 127.3213233,36.6165132 127.3212374,36.6164365 127.321141,36.6163568 127.321134,36.6163518 127.320995,36.6162515 127.3208698,36.6161468 127.3207767,36.6160606 127.3206587,36.6159579 127.3209161,36.6161428 127.3209847,36.6161925 127.3213577,36.6164626 127.3216175,36.6166507 127.3221504,36.6170364 127.3242658,36.6185719 127.3255549,36.6195247 127.3274075,36.6208407 127.327378,36.620453</coordinates>
        </LineString>
      </Placemark>
      <Placemark>
        <name>Osong Station to Daejeon Station (train)</name>
        <description>&lt;b&gt;Mode:&lt;/b&gt; train&lt;br&gt;KTX 035 Osong→Daejeon (dep 14:48, arr 15:03) — train/time per doc guess (&amp;#x27;pure guess&amp;#x27; zone); Layover confirms Daejeon stop</description>
        <Style>
          <LineStyle>
            <color>ff2f2fd3</color>
            <width>3</width>
          </LineStyle>
        </Style>
        <LineString>
          <coordinates>127.327378,36.620453 127.3274075,36.6208407 127.3255549,36.6195247 127.3242658,36.6185719 127.3221504,36.6170364 127.3216175,36.6166507 127.3213577,36.6164626 127.3209847,36.6161925 127.3209161,36.6161428 127.3206587,36.6159579 127.3207767,36.6160606 127.3208698,36.6161468 127.320995,36.6162515 127.321134,36.6163518 127.321141,36.6163568 127.3212374,36.6164365 127.3213233,36.6165132 127.3214123,36.616596 127.3214979,36.6166695 127.3215645,36.6167182 127.3217858,36.6169071 127.3220272,36.6171224 127.3218341,36.6169722 127.3215806,36.6167741 127.3210281,36.6163861 127.3204621,36.6159744 127.3206217,36.6161078 127.3208832,36.6163565 127.320959,36.6164241 127.3210039,36.6164609 127.3210737,36.6165126 127.3213137,36.6166902 127.3214666,36.6168043 127.3215853,36.616896 127.3222344,36.6174395 127.3226033,36.6178106 127.3229816,36.6182229 127.3233225,36.6186689 127.3236198,36.6191101 127.3236879,36.6192113 127.3238035,36.6193886 127.3240464,36.6197709 127.3242871,36.6201643 127.3243314,36.6202476 127.3243549,36.6202945 127.324373,36.6203359 127.3243923,36.6203819 127.3244164,36.6204441 127.324437,36.6205012 127.3244558,36.6205598 127.3244754,36.6206248 127.3244933,36.6206934 127.3245088,36.6207632 127.3245255,36.6208499 127.324542,36.6209675 127.3245493,36.6210492 127.324553,36.6211156 127.3245553,36.6211937 127.324555,36.6212407 127.3245537,36.6212886 127.3245517,36.6213363 127.3245481,36.6213848 127.3245438,36.6214324 127.324538,36.6214811 127.3245336,36.6215152 127.3245275,36.621555 127.3245209,36.6215966 127.3245118,36.6216418 127.3245018,36.6216901 127.3244936,36.6217238 127.3244891,36.6217423 127.3244846,36.6217608 127.3244776,36.6217866 127.3244655,36.6218297 127.3244553,36.6218633 127.3244451,36.6218954 127.3244379,36.621917 127.3244252,36.6219538 127.3244075,36.6220027 127.3243896,36.6220475 127.3243721,36.6220898 127.3243583,36.6221216 127.3243335,36.6221755 127.3242981,36.6222464 127.3242539,36.622328 127.3242103,36.6224009 127.3241824,36.6224443 127.3241558,36.6224849 127.3241285,36.6225233 127.3240982,36.622565 127.3240651,36.6226072 127.3240086,36.6226767 127.3239597,36.6227351 127.323859,36.6228479 127.323755,36.6229601 127.3236899,36.6230283 127.3236168,36.6231027 127.3233269,36.6233845 127.3229796,36.6237088 127.3228241,36.6238559 127.3226748,36.6240042 127.32239,36.6242984 127.3219889,36.6247111 127.3218493,36.6248543 127.321444,36.625272 127.3213339,36.6253861 127.3210135,36.6257155 127.3208532,36.6258775 127.3207918,36.6259385 127.3206839,36.6260424 127.3205902,36.6261297 127.320524,36.6261902 127.3198126,36.6268231 127.3201802,36.6265523 127.3210586,36.6257994 127.321504,36.6254276 127.3218125,36.6251408 127.323027,36.6240296 127.3235548,36.6235537 127.3239946,36.6231396 127.3258451,36.6214817 127.3262163,36.6211533 127.3293863,36.6182981 127.3312691,36.6165739 127.3317847,36.6161124 127.33293,36.6151166 127.3332599,36.6148292 127.3345059,36.6137486 127.343583,36.6056907 127.350381,36.5996062 127.3538613,36.5964991 127.3557078,36.5948161 127.3561125,36.5944763 127.3581335,36.5926377 127.3591482,36.5917194 127.3623316,36.5888689 127.3641204,36.587268 127.3658711,36.5856961 127.3708018,36.5811356 127.371316,36.5806765 127.3722451,36.5797483 127.3731692,36.5787741 127.3764619,36.5752011 127.37903,36.5716947 127.3792857,36.5713436 127.3798283,36.5705727 127.38036,36.5697723 127.3807871,36.5691183 127.3814131,36.5680893 127.3821952,36.5667193 127.3829762,36.5653122 127.3840716,36.5631295 127.3851078,36.5609033 127.3857236,36.5593246 127.386307,36.5577564 127.3865526,36.5570278 127.3941157,36.5314392 127.3944038,36.5304825 127.3952049,36.5278213 127.3953155,36.5274538 127.3968394,36.5224829 127.3982131,36.5175022 127.4016239,36.5056584 127.4029989,36.5011625 127.4040206,36.4977364 127.4058159,36.4916301 127.4063793,36.4896704 127.407255,36.4866686 127.4083089,36.4830283 127.4088081,36.4814041 127.4094941,36.4789747 127.4100224,36.4771978 127.4109216,36.4740993 127.4127081,36.4679935 127.4127806,36.4677616 127.4142804,36.462673 127.4155137,36.4583442 127.4160647,36.456055 127.4163165,36.4549133 127.4165172,36.4537657 127.4167434,36.4523628 127.4169295,36.4509099 127.4170848,36.4495481 127.4172165,36.4480457 127.4172895,36.4469315 127.4173096,36.446028 127.41731,36.4451588 127.4170446,36.440723 127.4167237,36.4351865 127.4165619,36.4322712 127.4165267,36.4314774 127.4164609,36.4299749 127.4164228,36.4289767 127.4163745,36.4277141 127.4163076,36.4263363 127.4162336,36.425229 127.4160384,36.4229162 127.4156621,36.4191712 127.4153705,36.4118464 127.4150564,36.4093074 127.4149539,36.4057624 127.414717,36.4038009 127.4144799,36.4000886 127.4142354,36.3963555 127.4141225,36.3946704 127.414115,36.3945579 127.4141123,36.3930228 127.4140741,36.3926502 127.4139466,36.3914577 127.4138152,36.3901149 127.4134873,36.3878607 127.41348,36.3870352 127.413564,36.386386 127.4137172,36.3857574 127.4138705,36.3853608 127.4141259,36.384785 127.4144169,36.3843189 127.4149323,36.383654 127.4151768,36.3834043 127.415684,36.3829666 127.4165633,36.3824244 127.4169837,36.3821749 127.4174267,36.3819423 127.4184406,36.3814884 127.4194718,36.3811153 127.4200344,36.3809005 127.4205646,36.380626 127.4210285,36.3803383 127.4212662,36.3801538 127.4215309,36.3799237 127.4218255,36.3796304 127.4220681,36.3793559 127.4222673,36.3790763 127.4224606,36.3787135 127.422633,36.3783686 127.4227811,36.377989 127.4228867,36.3775724 127.4229325,36.3771236 127.4229133,36.376667 127.4228654,36.3762344 127.4227375,36.3756678 127.4224776,36.3747533 127.421988,36.3731836 127.4218876,36.3727994 127.4212563,36.3707827 127.4211268,36.3703691 127.42082,36.3693606 127.419829,36.3661794 127.419255,36.3643376 127.4188924,36.3632426 127.4184441,36.3620125 127.4181849,36.3611612 127.4176024,36.359067 127.4174116,36.3584458 127.4172096,36.357773 127.4170906,36.3572814 127.4170399,36.3569226 127.4169931,36.3563587 127.4169765,36.3560035 127.4170002,36.3556658 127.4170777,36.3552653 127.4171758,36.3549222 127.4172658,36.3546666 127.4173421,36.3544662 127.4176503,36.3539528 127.4179635,36.3534311 127.4183291,36.3528701 127.4186326,36.3523976 127.4189704,36.3519103 127.4197701,36.3506722 127.4206237,36.3495368 127.4208616,36.3492235 127.4218078,36.3480361 127.4225455,36.3471388 127.4230965,36.3465215 127.4236833,36.3459059 127.4238573,36.3457347 127.4245097,36.3451194 127.4249972,36.3446655 127.425756,36.3440164 127.426813,36.3431591 127.4274583,36.342627 127.428821,36.3414561 127.4291429,36.3412012 127.4296022,36.340766 127.4299751,36.340374 127.430219,36.340036 127.4304037,36.3397578 127.4306011,36.339411 127.4309841,36.3388359 127.4311261,36.3385612 127.4312593,36.3382691 127.4313404,36.3381473 127.431444,36.3379919 127.4315437,36.3378026 127.4316956,36.3375135 127.4315838,36.3378461 127.4317516,36.3375318 127.4318444,36.3373589 127.4317043,36.3377467 127.4315375,36.3380755 127.4313951,36.3383342 127.4313134,36.3386273 127.4314528,36.3383387 127.4316822,36.3378759 127.4320164,36.3372849 127.4323726,36.3367401 127.4329725,36.3359791 127.4334338,36.3354543 127.4336584,36.3352181 127.4340019,36.3348273 127.4341879,36.3345836 127.4344233,36.3341744 127.4353952,36.3323014 127.4346856,36.33219999</coordinates>
        </LineString>
      </Placemark>
      <Placemark>
        <name>Daejeon Station to Dongdaegu Station (train)</name>
        <description>&lt;b&gt;Mode:&lt;/b&gt; train&lt;br&gt;KTX-Sancheon 255 Daejeon→Dongdaegu (dep 16:15, arr 16:57) — train/time per doc guess; Layover confirms SE move to Dongdaegu</description>
        <Style>
          <LineStyle>
            <color>ff2f2fd3</color>
            <width>3</width>
          </LineStyle>
        </Style>
        <LineString>
          <coordinates>127.4346856,36.33219999 127.4353952,36.3323014 127.4356621,36.3317609 127.4359394,36.3312066 127.4362463,36.3305968 127.4363132,36.3304661 127.4363923,36.3302763 127.4366551,36.3295385 127.4368275,36.3289387 127.4369204,36.3282419 127.4371948,36.3272327 127.4375845,36.3259961 127.4377884,36.3255851 127.4380096,36.3250752 127.4382219,36.3246924 127.4384628,36.3241611 127.4390064,36.3230652 127.4392347,36.3225964 127.4393807,36.3222565 127.4395955,36.3219588 127.439765,36.3217755 127.4402206,36.3212856 127.4407738,36.320848 127.441119,36.3206062 127.4416124,36.3203206 127.4418854,36.3201766 127.4424709,36.3199478 127.4430181,36.3197655 127.443481,36.3196522 127.4441281,36.3195423 127.4448748,36.3194645 127.4470342,36.3193892 127.4477287,36.3193407 127.4484082,36.3192441 127.4490584,36.3190947 127.449415,36.3189808 127.4499314,36.3187864 127.4505654,36.3185232 127.4509174,36.3183139 127.4514297,36.31797 127.4516498,36.317796 127.4519884,36.31749 127.4523227,36.3171937 127.4531772,36.3163519 127.453562,36.3159978 127.4538313,36.315772 127.4540788,36.3155722 127.4544523,36.315277 127.4547394,36.3150909 127.4550265,36.3149427 127.4553797,36.3147691 127.455666,36.3146365 127.4561696,36.3144638 127.4565231,36.3143513 127.4568563,36.3142776 127.4571468,36.3142064 127.4573181,36.314178 127.4576931,36.3141205 127.458042,36.3140829 127.4583982,36.3140596 127.4587863,36.3140708 127.4591101,36.3140797 127.4594368,36.3140993 127.4598453,36.3141574 127.4610368,36.3143725 127.4625475,36.3147181 127.4632491,36.3148869 127.4641235,36.3150656 127.4643756,36.3151143 127.4646717,36.3151805 127.4663954,36.3153589 127.467316,36.315401 127.4677938,36.3153965 127.4684086,36.3153764 127.4690968,36.3153182 127.4694479,36.3152765 127.4699204,36.3152165 127.4707387,36.3151162 127.4718049,36.3148827 127.4730356,36.3145022 127.4742556,36.3140016 127.4807878,36.3109407 127.4884375,36.3070329 127.4972781,36.3025715 127.5017198,36.3002715 127.5057109,36.2982914 127.511365,36.2954292 127.5127061,36.2947028 127.5156244,36.292982 127.5218843,36.2890936 127.5242688,36.2875201 127.527627,36.2849197 127.5278405,36.284769 127.5311496,36.282833 127.5357195,36.2796898 127.5412663,36.2757458 127.5460943,36.27258 127.5495275,36.2704003 127.5531646,36.2683675 127.5570055,36.2665596 127.5582393,36.2660665 127.5626596,36.2646911 127.5636788,36.2643883 127.5663718,36.2638001 127.5717928,36.2626033 127.5744334,36.2621412 127.5755992,36.2619508 127.576051,36.261877 127.5761928,36.2618538 127.5791253,36.2613746 127.5795793,36.2612985 127.5838903,36.260563 127.5854965,36.2603248 127.5870156,36.26008 127.5877681,36.2599521 127.5885405,36.2598083 127.5892216,36.2596726 127.5898562,36.2595321 127.5918598,36.2591187 127.614072,36.2552621 127.6166197,36.2548771 127.6168831,36.2548397 127.6178817,36.2546722 127.6271404,36.2530673 127.6326155,36.2520073 127.6373058,36.2509618 127.6442546,36.2492205 127.6566719,36.246057 127.6586192,36.2455664 127.6658378,36.2437017 127.6716225,36.2422191 127.6766072,36.240884 127.6779529,36.2404849 127.6843476,36.2383116 127.6919343,36.235098 127.6922759,36.2349533 127.6969972,36.2329534 127.7007209,36.2310668 127.7039485,36.2292607 127.7063054,36.2278627 127.7064747,36.2277717 127.7104125,36.2252426 127.714832,36.2222567 127.7207922,36.2181187 127.7229545,36.2167012 127.7250772,36.2152696 127.7257523,36.2148113 127.726242,36.2144789 127.728491,36.2129521 127.7302329,36.2117511 127.7316039,36.2108396 127.7338807,36.2093096 127.7347502,36.2087404 127.7357982,36.2080946 127.7367067,36.207542 127.7389806,36.2061235 127.740534,36.2051379 127.743399,36.2035275 127.746471,36.2018592 127.7489816,36.2005001 127.749517,36.2001976 127.7550704,36.1971786 127.7584743,36.195317 127.7665975,36.1909052 127.7668903,36.1907764 127.7747078,36.1864064 127.7770131,36.1851895 127.7786915,36.1843034 127.794621,36.1755567 127.7953167,36.1751797 127.7959317,36.1748518 127.8118224,36.1661901 127.8139405,36.1651252 127.8157506,36.1641151 127.8182558,36.1628071 127.820314,36.1615922 127.8221602,36.1606253 127.8232026,36.1600157 127.8243808,36.1593787 127.8269031,36.158028 127.8287172,36.157463 127.8365427,36.156043 127.8451551,36.1542471 127.8620617,36.1507458 127.8749901,36.1480735 127.8786282,36.1474658 127.8822541,36.1469103 127.8935694,36.1454111 127.8937838,36.1454715 127.8946975,36.1454207 127.8967091,36.145309 127.9010835,36.1450661 127.914006,36.1443479 127.9140553,36.1443496 127.9141055,36.1443514 128.0246972,36.1389326 128.0273647,36.1388091 128.0360138,36.1386545 128.0371712,36.1386307 128.0414915,36.1385332 128.0471349,36.1384292 128.0481512,36.1383876 128.0522203,36.1381519 128.0538837,36.1380274 128.0540059,36.1380183 128.056595,36.1377967 128.0582595,36.1376076 128.0583835,36.1375926 128.0603313,36.1373722 128.0646327,36.1367214 128.0655602,36.136581 128.0691504,36.1360378 128.080495,36.1343235 128.0899858,36.1329183 128.1003284,36.1313413 128.1177416,36.1286946 128.1186237,36.1285605 128.1199928,36.1283524 128.1220436,36.1280484 128.1259918,36.1274765 128.1314126,36.1265679 128.1348578,36.1260196 128.1385875,36.1252753 128.1411701,36.1246911 128.1449575,36.1237039 128.1478238,36.1229276 128.1567295,36.1202516 128.1628612,36.1184298 128.1655538,36.1175927 128.1701903,36.1162021 128.1714573,36.1158185 128.1723366,36.1155523 128.1888496,36.1106024 128.189706,36.1103428 128.1911867,36.1098941 128.2092928,36.1045122 128.21624,36.1024085 128.2173671,36.1020672 128.2230705,36.1003394 128.2370558,36.0961364 128.2388889,36.095574 128.2569995,36.0901629 128.2598694,36.0892666 128.2624081,36.088529 128.26427,36.0879537 128.2646392,36.0878397 128.2658859,36.0874468 128.2827669,36.08239 128.2907975,36.0799304 128.2987174,36.0775586 128.3141348,36.0713966 128.3164702,36.0702238 128.3174934,36.0697099 128.3182893,36.0693102 128.3238101,36.0663219 128.3258915,36.0652316 128.3276939,36.0642777 128.328975,36.0636007 128.3292533,36.0634434 128.3325078,36.0616496 128.3336658,36.0609537 128.3366519,36.0593298 128.3401179,36.0575127 128.3445543,36.0551013 128.3495164,36.0523431 128.3550095,36.0492724 128.3594513,36.0466354 128.3620315,36.0450349 128.363989,36.0438185 128.3686651,36.0408895 128.3690393,36.0406575 128.3731858,36.0380861 128.3755498,36.0366202 128.3793908,36.0342382 128.3972382,36.0231408 128.4009933,36.0208153 128.4033629,36.0193414 128.4045124,36.0186285 128.4229818,36.0070948 128.4249459,36.0058745 128.4285219,36.0036384 128.4351675,35.9994549 128.4398989,35.9964877 128.4442089,35.9938748 128.4468766,35.9922321 128.4549792,35.9871021 128.4732579,35.9757951 128.4749589,35.9747086 128.4788562,35.9722632 128.4801357,35.9714688 128.4844521,35.9687343 128.4903735,35.965019 128.4928921,35.9634456 128.4942258,35.9625948 128.4953524,35.9618762 128.4964869,35.9611728 128.4979648,35.9602827 128.4988721,35.9597075 128.4998134,35.9590567 128.5006346,35.9584446 128.5015097,35.9576802 128.5023402,35.9568928 128.5031429,35.9560884 128.5033161,35.955913 128.5039683,35.9552525 128.5046879,35.9544857 128.5055904,35.9535083 128.5066386,35.9521982 128.5074351,35.9510724 128.5080995,35.9499291 128.5085304,35.9490235 128.5089588,35.9479683 128.5092507,35.947014 128.5095177,35.9458888 128.5096868,35.9448369 128.5098122,35.9438787 128.5098783,35.9429138 128.5097591,35.932301 128.5096733,35.9305113 128.509523,35.928687 128.5084982,35.9197905 128.5084627,35.9194605 128.5084209,35.9190821 128.5081127,35.917361 128.5079214,35.9154311 128.5079159,35.9143606 128.5078386,35.913595 128.5078139,35.9133467 128.5065128,35.9015162 128.5065034,35.9009877 128.5065553,35.9006339 128.5066524,35.8996766 128.5067894,35.8988035 128.5068492,35.8985054 128.506914,35.8981823 128.5072389,35.8968799 128.5074268,35.8962984 128.5076117,35.8958192 128.508158,35.8946054 128.5086296,35.8937195 128.5091134,35.8928961 128.5094589,35.8923659 128.5098208,35.891862 128.5102029,35.8913547 128.510956,35.8904158 128.5116186,35.8897027 128.5121355,35.8891831 128.5128733,35.8885048 128.514473,35.8871571 128.5157485,35.8862485 128.5169317,35.8855296 128.5183366,35.8848057 128.5199881,35.8841267 128.5206576,35.8839106 128.5215348,35.8836274 128.5231924,35.8832031 128.5248623,35.8828735 128.5269081,35.882594 128.5311476,35.8821446 128.5335693,35.8819499 128.5352891,35.8817898 128.5360308,35.8817245 128.5376562,35.8816105 128.5382594,35.8815641 128.5399497,35.8814904 128.5417453,35.8813853 128.5429081,35.8813142 128.5447769,35.8812196 128.5458117,35.8811619 128.5465027,35.8811274 128.5503463,35.8809317 128.5522538,35.8808382 128.5537225,35.8807512 128.5542362,35.8807323 128.5545982,35.8807342 128.5547523,35.8807361 128.5552522,35.8807739 128.5554738,35.8807966 128.5559858,35.8808586 128.5562983,35.8809087 128.556574,35.8809599 128.5568482,35.8810148 128.5572288,35.8811051 128.5574358,35.8811581 128.557634,35.881214 128.5580729,35.8813459 128.558763,35.8815825 128.5595434,35.8818435 128.5643762,35.883488 128.5658769,35.8839916 128.5662715,35.8840899 128.5667787,35.884187 128.5672501,35.8842481 128.5677721,35.8842867 128.5680524,35.8842943 128.5684172,35.8842932 128.5687418,35.8842748 128.5690824,35.8842389 128.5694619,35.8841835 128.5700419,35.8840668 128.5703994,35.8839807 128.5708117,35.8838546 128.5711762,35.8837126 128.5716489,35.8834951 128.57194,35.8833303 128.5723082,35.8830969 128.5725094,35.88296 128.5726596,35.8828524 128.5728934,35.8826729 128.5750877,35.8807831 128.5753152,35.8806052 128.5755632,35.880432 128.5758476,35.8802613 128.5761569,35.8801071 128.5764958,35.8799536 128.5767794,35.8798269 128.5771597,35.8796899 128.5774963,35.8795911 128.5778476,35.8794984 128.578157,35.8794271 128.5785081,35.8793481 128.5804578,35.8789676 128.5809145,35.8788784 128.5881309,35.8774699 128.5885167,35.8773946 128.5897263,35.8771455 128.5900402,35.8770879 128.590594,35.8769901 128.5912029,35.8769129 128.5916508,35.8768423 128.5921564,35.8767603 128.5923005,35.8767313 128.5952668,35.8761389 128.5962707,35.8759344 128.5974523,35.8756937 128.5977542,35.8756366 128.5979916,35.8755736 128.598233,35.875503 128.5986514,35.8753802 128.5994668,35.8751487 128.5998692,35.8750424 128.6011947,35.8746702 128.601495,35.8745859 128.6031669,35.8741165 128.6035955,35.8739946 128.603978,35.8739018 128.6043516,35.8738253 128.6047429,35.8737685 128.605027,35.87374 128.6053134,35.8737279 128.6057028,35.8737236 128.6060121,35.8737345 128.6062673,35.8737552 128.6065534,35.8737903 128.6068307,35.8738295 128.6071083,35.8738765 128.6073771,35.8739299 128.6076729,35.8739926 128.6088336,35.8743051 128.6110838,35.8749295 128.61622,35.8763488 128.6166876,35.876473 128.6172122,35.8766123 128.6186868,35.877004 128.6200116,35.8773634 128.6209794,35.8776236 128.6212305,35.8776913 128.6213584,35.8777267 128.6214546,35.8777517 128.6219898,35.8779398 128.6224858,35.8780647 128.6231141,35.87824 128.6237448,35.8784082 128.6243242,35.8785637 128.6246716,35.8786601 128.6249506,35.8787236 128.6252885,35.878797 128.625575,35.8788581 128.6258748,35.878925 128.6261458,35.8789661 128.6269379,35.87916 128.6279042,35.8793974 128.6282898,35.87916842</coordinates>
        </LineString>
      </Placemark>
      <Placemark>
        <name>Seogyeongju Station to Pohang Station (train)</name>
        <description>&lt;b&gt;Mode:&lt;/b&gt; train&lt;br&gt;ITX-Maum 1233 Seogyeongju→Pohang (dep 10:43, arr 11:02)</description>
        <Style>
          <LineStyle>
            <color>ff2f2fd3</color>
            <width>3</width>
          </LineStyle>
        </Style>
        <LineString>
          <coordinates>129.2011734,35.86876385 129.1792456,35.8825723 129.1795924,35.882959 129.1796273,35.882998 129.1796419,35.883014 129.1797718,35.8831563 129.1800441,35.8834546 129.181374,35.884894 129.1818446,35.8853872 129.1823069,35.8859191 129.1828082,35.8865569 129.1830816,35.8869212 129.1832742,35.8871102 129.183784,35.8876482 129.1843417,35.8881578 129.1848675,35.888716 129.1850786,35.8889402 129.1860627,35.8899736 129.1862119,35.8901306 129.1863082,35.890232 129.1868305,35.8907782 129.1870527,35.8910106 129.18719,35.8911542 129.202135,35.9071038 129.202532,35.9075262 129.2028244,35.9078372 129.2030979,35.9081281 129.2035202,35.9085774 129.2074063,35.9128177 129.2079712,35.9134932 129.2084431,35.9141204 129.2088668,35.9147533 129.2091395,35.9152081 129.2093842,35.9156552 129.2189115,35.9343461 129.2196382,35.9360698 129.2198359,35.9364654 129.2204438,35.937682 129.2210925,35.9389803 129.2225995,35.9421139 129.2229885,35.9429676 129.2290732,35.9584908 129.2294371,35.9594291 129.2296306,35.959928 129.2298425,35.9604882 129.2303485,35.9618218 129.2306226,35.9625444 129.2320666,35.9664202 129.2323767,35.9674803 129.2326038,35.9681377 129.2326123,35.9681616 129.2347924,35.9742833 129.2349138,35.9746239 129.2349449,35.9747114 129.2350248,35.9749357 129.2352944,35.9756956 129.2353058,35.9757277 129.2355829,35.9763961 129.2359588,35.977174 129.2363624,35.9778871 129.2368503,35.9786244 129.2372391,35.9790861 129.2376772,35.9795552 129.2384311,35.9802642 129.2488133,35.9889227 129.252226,35.9918206 129.2528942,35.9923771 129.2544103,35.9935484 129.2594035,35.9979098 129.2604343,35.9988157 129.2614693,35.9997185 129.2626571,36.0007899 129.2633557,36.0014285 129.2643844,36.0022014 129.2646294,36.0023161 129.2649165,36.0023981 129.2652481,36.0024476 129.273481,36.0023619 129.2750444,36.0023587 129.2778221,36.0022922 129.2779036,36.0022902 129.2810948,36.0022138 129.2833862,36.0021568 129.2854101,36.0021459 129.2860132,36.0021832 129.2869491,36.0021845 129.2871554,36.0021847 129.2871892,36.0021847 129.2875485,36.0021852 129.2886955,36.002187 129.2897192,36.0023071 129.2903688,36.0024172 129.2908247,36.0025251 129.2909812,36.0025621 129.2910715,36.0025834 129.2913104,36.0026542 129.2919175,36.0028697 129.292387,36.0031277 129.2928211,36.0034464 129.2931474,36.0038053 129.293425,36.0042168 129.3022174,36.0217774 129.3025141,36.0222934 129.3038128,36.0243189 129.3045474,36.0256048 129.305668,36.0272741 129.3075957,36.0300093 129.3085434,36.0313534 129.3102466,36.0345305 129.3126856,36.038832 129.3131634,36.0396164 129.313639,36.040478 129.3149657,36.0427144 129.31697,36.0447481 129.3180109,36.0454952 129.3188399,36.0459382 129.3212679,36.0468928 129.3265907,36.0487911 129.328737,36.0498596 129.3295543,36.0505933 129.3299676,36.0509665 129.3305179,36.0515085 129.3306228,36.0516587 129.3312311,36.0523414 129.3313579,36.0524836 129.3314893,36.052631 129.3315943,36.0527489 129.3322366,36.0536166 129.3329196,36.0546618 129.3338003,36.0560483 129.3361415,36.0601047 129.3367863,36.0612057 129.3378584,36.0630364 129.3398516,36.0664611 129.3403046,36.0674151 129.3403235,36.0674499 129.3399408,36.0668631 129.3401542,36.0672692 129.3404503,36.067889 129.3408728,36.0688967 129.3410582,36.0691552 129.341345,36.0696028 129.3420179,36.0707778 129.3424329,36.0714589 129.3415091,36.0718893</coordinates>
        </LineString>
      </Placemark>
      <Placemark>
        <name>Pohang Station to Seogyeongju Station (train)</name>
        <description>&lt;b&gt;Mode:&lt;/b&gt; train&lt;br&gt;ITX-Maum 1252 Pohang→Seogyeongju (dep 13:54, arr 14:14)</description>
        <Style>
          <LineStyle>
            <color>ff2f2fd3</color>
            <width>3</width>
          </LineStyle>
        </Style>
        <LineString>
          <coordinates>129.3415091,36.0718893 129.3424329,36.0714589 129.3420179,36.0707778 129.341345,36.0696028 129.3410582,36.0691552 129.3408728,36.0688967 129.3404503,36.067889 129.3401542,36.0672692 129.3399408,36.0668631 129.3403235,36.0674499 129.3403046,36.0674151 129.3398516,36.0664611 129.3378584,36.0630364 129.3367863,36.0612057 129.3361415,36.0601047 129.3338003,36.0560483 129.3329196,36.0546618 129.3322366,36.0536166 129.3315943,36.0527489 129.3314893,36.052631 129.3313579,36.0524836 129.3312311,36.0523414 129.3306228,36.0516587 129.3305179,36.0515085 129.3299676,36.0509665 129.3295543,36.0505933 129.328737,36.0498596 129.3265907,36.0487911 129.3212679,36.0468928 129.3188399,36.0459382 129.3180109,36.0454952 129.31697,36.0447481 129.3149657,36.0427144 129.313639,36.040478 129.3131634,36.0396164 129.3126856,36.038832 129.3102466,36.0345305 129.3085434,36.0313534 129.3075957,36.0300093 129.305668,36.0272741 129.3045474,36.0256048 129.3038128,36.0243189 129.3025141,36.0222934 129.3022174,36.0217774 129.293425,36.0042168 129.2931474,36.0038053 129.2928211,36.0034464 129.292387,36.0031277 129.2919175,36.0028697 129.2913104,36.0026542 129.2910715,36.0025834 129.2909812,36.0025621 129.2908247,36.0025251 129.2903688,36.0024172 129.2897192,36.0023071 129.2886955,36.002187 129.2875485,36.0021852 129.2871892,36.0021847 129.2871554,36.0021847 129.2869491,36.0021845 129.2860132,36.0021832 129.2854101,36.0021459 129.2833862,36.0021568 129.2810948,36.0022138 129.2779036,36.0022902 129.2778221,36.0022922 129.2750444,36.0023587 129.273481,36.0023619 129.2652481,36.0024476 129.2649165,36.0023981 129.2646294,36.0023161 129.2643844,36.0022014 129.2633557,36.0014285 129.2626571,36.0007899 129.2614693,35.9997185 129.2604343,35.9988157 129.2594035,35.9979098 129.2544103,35.9935484 129.2528942,35.9923771 129.252226,35.9918206 129.2488133,35.9889227 129.2384311,35.9802642 129.2376772,35.9795552 129.2372391,35.9790861 129.2368503,35.9786244 129.2363624,35.9778871 129.2359588,35.977174 129.2355829,35.9763961 129.2353058,35.9757277 129.2352944,35.9756956 129.2350248,35.9749357 129.2349449,35.9747114 129.2349138,35.9746239 129.2347924,35.9742833 129.2326123,35.9681616 129.2326038,35.9681377 129.2323767,35.9674803 129.2320666,35.9664202 129.2306226,35.9625444 129.2303485,35.9618218 129.2298425,35.9604882 129.2296306,35.959928 129.2294371,35.9594291 129.2290732,35.9584908 129.2229885,35.9429676 129.2225995,35.9421139 129.2210925,35.9389803 129.2204438,35.937682 129.2198359,35.9364654 129.2196382,35.9360698 129.2189115,35.9343461 129.2093842,35.9156552 129.2091395,35.9152081 129.2088668,35.9147533 129.2084431,35.9141204 129.2079712,35.9134932 129.2074063,35.9128177 129.2035202,35.9085774 129.2030979,35.9081281 129.2028244,35.9078372 129.202532,35.9075262 129.202135,35.9071038 129.18719,35.8911542 129.1870527,35.8910106 129.1868305,35.8907782 129.1863082,35.890232 129.1862119,35.8901306 129.1860627,35.8899736 129.1850786,35.8889402 129.1848675,35.888716 129.1843417,35.8881578 129.183784,35.8876482 129.1832742,35.8871102 129.1830816,35.8869212 129.1828082,35.8865569 129.1823069,35.8859191 129.1818446,35.8853872 129.181374,35.884894 129.1800441,35.8834546 129.1797718,35.8831563 129.1796419,35.883014 129.1796273,35.882998 129.1795924,35.882959 129.1792456,35.8825723 129.2011734,35.86876385</coordinates>
        </LineString>
      </Placemark>
      <Placemark>
        <name>Seogyeongju Station to Dongdaegu Station (train)</name>
        <description>&lt;b&gt;Mode:&lt;/b&gt; train&lt;br&gt;Nuriro 1854 Seogyeongju→Dongdaegu (dep 17:47, arr 18:41)</description>
        <Style>
          <LineStyle>
            <color>ff2f2fd3</color>
            <width>3</width>
          </LineStyle>
        </Style>
        <LineString>
          <coordinates>129.2011734,35.86876385 129.1792456,35.8825723 129.1795924,35.882959 129.1791225,35.8825834 129.1787191,35.8822737 129.1786651,35.8822226 129.1783699,35.8819482 129.1782256,35.8817963 129.17688,35.8802284 129.1362325,35.8392682 129.1358685,35.8390544 129.1355294,35.8386847 129.1353751,35.8385118 129.1355556,35.8386681 129.1356771,35.8387715 129.1355689,35.8386624 129.1345904,35.8375769 129.1336243,35.8365071 129.1322745,35.8348816 129.1295291,35.8315409 129.1283406,35.8300746 129.1282641,35.8299761 129.1279061,35.8295469 129.1271003,35.8285151 129.1256446,35.8267448 129.1246745,35.8255325 129.1239745,35.824673 129.1237458,35.8244318 129.1235229,35.8241967 129.1230883,35.8236921 129.1226946,35.8232643 129.122358,35.8229083 129.12166,35.8221636 129.1214849,35.8219823 129.1206076,35.8210639 129.1203526,35.8207885 129.1201793,35.8206013 129.1200202,35.8204295 129.1198411,35.8202361 129.1196778,35.8200597 129.1194062,35.8197663 129.1186235,35.8189267 129.1179379,35.8182161 129.1175863,35.8178768 129.117269,35.8175832 129.1170119,35.8173669 129.1167762,35.8171811 129.116462,35.8169458 129.1161794,35.8167666 129.1158849,35.8165887 129.1156353,35.8164408 129.1152184,35.8162552 129.1147648,35.8160664 129.1142676,35.8159029 129.1136592,35.8157474 129.1130735,35.8156484 129.1123697,35.8155738 129.1115803,35.815534 129.1108492,35.8155387 129.1101738,35.8155838 129.1097381,35.8156481 129.109319,35.8157426 129.1089659,35.8158475 129.1086933,35.8159611 129.1084187,35.816097 129.1077574,35.8164446 129.1061535,35.8172929 129.1047856,35.8180824 129.1026344,35.8193199 129.1019478,35.819694 129.1012772,35.820055 129.1005423,35.8204291 129.0994425,35.8209225 129.0983089,35.821496 129.0975766,35.8218656 129.086556,35.828227 129.0792373,35.8321329 129.0788621,35.8323017 129.0763661,35.8334409 129.0746254,35.8342583 129.0627559,35.8396914 129.0456523,35.8456075 129.0277093,35.8503257 129.0071409,35.8548049 129.0031899,35.8555769 129.0024754,35.8556889 129.0014185,35.8558545 128.9978446,35.8564145 128.9929225,35.8570105 128.989669,35.8572803 128.9886057,35.8573406 128.9879824,35.857376 128.983753,35.8574471 128.9801325,35.857625 128.9772737,35.8575746 128.9709102,35.8572807 128.9611566,35.8563744 128.9509745,35.8553109 128.9388651,35.8538837 128.9365547,35.8536816 128.9266436,35.852779 128.925378,35.8526417 128.9227499,35.8523716 128.9196541,35.8520346 128.9180483,35.8518676 128.9174978,35.8518104 128.9170602,35.8517649 128.9089895,35.850886 128.9084505,35.8508364 128.908229,35.8508097 128.9071761,35.8506842 128.9029615,35.8502566 128.9024839,35.8502061 128.9016622,35.8501468 128.8996279,35.8499105 128.8982764,35.849754 128.8950723,35.8494111 128.8943075,35.8493293 128.8936132,35.8492706 128.8924163,35.8491558 128.8921736,35.8491275 128.8916428,35.8490859 128.890774,35.8490273 128.8903713,35.8490015 128.8897174,35.8489448 128.8874301,35.848719 128.8861811,35.8485632 128.8769615,35.8480483 128.8666025,35.8479593 128.8583815,35.8482843 128.8570015,35.8483389 128.8560473,35.8483766 128.8517709,35.8485529 128.8469391,35.848769 128.8417728,35.8490002 128.8329456,35.8493711 128.8306438,35.8494712 128.8195662,35.8499267 128.7995072,35.8507416 128.7880288,35.8512281 128.7476524,35.8529395 128.742477,35.8531397 128.7404624,35.8531973 128.738905,35.8532614 128.738478,35.8532806 128.7343685,35.8534468 128.7244375,35.8538471 128.7163826,35.8541718 128.7143655,35.8542735 128.71225,35.8543417 128.7120543,35.8543491 128.7066721,35.8545534 128.7007795,35.854777 128.6887814,35.8552281 128.6883071,35.8552526 128.6877923,35.8552987 128.6873121,35.8553679 128.6864596,35.8555108 128.6857128,35.8556762 128.6850307,35.8558557 128.6842983,35.8561023 128.6835433,35.8564077 128.6828451,35.8567036 128.6822426,35.857004 128.6816881,35.8573353 128.681176,35.857677 128.6809357,35.8578372 128.6805163,35.8581494 128.679836,35.8586852 128.6793131,35.859186 128.6787097,35.8598187 128.6778907,35.8608382 128.676431,35.8627174 128.6759464,35.863264 128.6754393,35.8637973 128.6748195,35.8643248 128.6742214,35.8648094 128.6734447,35.8653383 128.6727015,35.8657659 128.6718883,35.8662079 128.671065,35.8665773 128.6687473,35.867609 128.6658647,35.8688099 128.6640872,35.8695926 128.6632776,35.8699317 128.6612228,35.8708266 128.6601795,35.8712139 128.6584835,35.8717402 128.6570085,35.8721956 128.6563879,35.8723879 128.6555327,35.8726516 128.6545058,35.8729692 128.6536721,35.8732087 128.6531526,35.873343 128.6528492,35.8734181 128.652511,35.8734859 128.6514999,35.8736799 128.6507266,35.8738051 128.6502261,35.8738945 128.6500308,35.8739281 128.6498081,35.8739664 128.6493492,35.8740589 128.6489267,35.8741679 128.6485136,35.874305 128.6480324,35.8744917 128.6476656,35.8746715 128.6473147,35.8748656 128.6470421,35.8750396 128.6468762,35.8751462 128.6466803,35.8752907 128.646435,35.875496 128.6462778,35.8756333 128.646159,35.875744 128.6460181,35.8758918 128.6458451,35.8760728 128.6456146,35.8763461 128.6453987,35.876649 128.6435509,35.8792354 128.6434243,35.8793984 128.6432354,35.8796286 128.6430013,35.8798783 128.6427942,35.8800707 128.6425003,35.8803122 128.642161,35.8805534 128.6418663,35.8807306 128.6415983,35.8808726 128.6413348,35.8810156 128.6410861,35.8811302 128.6407487,35.8812674 128.6401569,35.8814386 128.6398971,35.8815172 128.6395147,35.8815959 128.6388671,35.8816694 128.638267,35.8816972 128.6376503,35.8816815 128.637228,35.881634 128.6363986,35.8814638 128.6355931,35.881279 128.6351064,35.8811688 128.6347189,35.8810686 128.6344443,35.8809977 128.634018,35.8808988 128.633782,35.8808371 128.6334283,35.8807612 128.6333334,35.8807401 128.6328956,35.8806795 128.6328721,35.8806748 128.632352,35.8805514 128.6315258,35.8803245 128.6301137,35.879996 128.6300202,35.8799722 128.6287858,35.8796163 128.6285924,35.8795655 128.6279042,35.8793974 128.6282898,35.87916842</coordinates>
        </LineString>
      </Placemark>
      <Placemark>
        <name>Dongdaegu Station to Osong Station (train)</name>
        <description>&lt;b&gt;Mode:&lt;/b&gt; train&lt;br&gt;KTX 102 Dongdaegu→Osong (dep 07:33, arr 08:37) — passes the Gimcheon–Dongdaegu HSR stretch (Chilgok-gun window clip ~07:45 solar, &amp;#x27;almost certain&amp;#x27; Adam and/or blockers)</description>
        <Style>
          <LineStyle>
            <color>ff2f2fd3</color>
            <width>3</width>
          </LineStyle>
        </Style>
        <LineString>
          <coordinates>128.6282898,35.87916842 127.327378,36.620453</coordinates>
        </LineString>
      </Placemark>
      <Placemark>
        <name>Osong Station to Yongsan Station (train)</name>
        <description>&lt;b&gt;Mode:&lt;/b&gt; train&lt;br&gt;KTX-Sancheon 408 Osong→Yongsan (dep 10:03, arr 10:59; Ben+Sam-in-Yongsan clip solar ~10:30, high confidence)</description>
        <Style>
          <LineStyle>
            <color>ff2f2fd3</color>
            <width>3</width>
          </LineStyle>
        </Style>
        <LineString>
          <coordinates>127.327378,36.620453 126.9648276,37.52995733</coordinates>
        </LineString>
      </Placemark>
    </Folder>
    <Folder>
      <name>Ben Doyle</name>
      <Placemark>
        <name>Yongsan Station</name>
        <description>&lt;b&gt;Team:&lt;/b&gt; Ben Doyle&lt;br&gt;&lt;b&gt;Notes:&lt;/b&gt;&lt;ul&gt;&lt;li&gt;Ben&amp;#x27;s run start (Snaker), 8:00 per doc; game start station for all runs&lt;/li&gt;&lt;/ul&gt;</description>
        <TimeSpan>
          <begin>2025-04-02T08:00:00</begin>
        </TimeSpan>
        <Style>
          <IconStyle>
            <color>ff58eeff</color>
            <scale>1.2</scale>
            <Icon>
              <href>https://maps.google.com/mapfiles/kml/pushpin/wht-blank.png</href>
            </Icon>
          </IconStyle>
        </Style>
        <Point>
          <coordinates>126.9648276,37.52995733</coordinates>
        </Point>
      </Placemark>
      <Placemark>
        <name>Pyeongtaek</name>
        <description>&lt;b&gt;Team:&lt;/b&gt; Ben Doyle&lt;br&gt;&lt;b&gt;Notes:&lt;/b&gt;&lt;ul&gt;&lt;li&gt;Pass-through node — doc: &amp;#x27;Ben reaches Pyeongtaek based on his map drawing&amp;#x27;&lt;/li&gt;&lt;/ul&gt;</description>
        <Style>
          <IconStyle>
            <color>ff58eeff</color>
            <scale>1.2</scale>
            <Icon>
              <href>https://maps.google.com/mapfiles/kml/pushpin/wht-blank.png</href>
            </Icon>
          </IconStyle>
        </Style>
        <Point>
          <coordinates>127.0852483,36.99079025</coordinates>
        </Point>
      </Placemark>
      <Placemark>
        <name>Cheonan</name>
        <description>&lt;b&gt;Team:&lt;/b&gt; Ben Doyle&lt;br&gt;&lt;b&gt;Notes:&lt;/b&gt;&lt;ul&gt;&lt;li&gt;&amp;#x27;It&amp;#x27;s milk&amp;#x27; clip at Cheonan-Yeog (not Cheonan-Asan); sun calc ~9:30–10:00&lt;/li&gt;&lt;/ul&gt;</description>
        <TimeSpan>
          <begin>2025-04-02T09:46:00</begin>
        </TimeSpan>
        <Style>
          <IconStyle>
            <color>ff58eeff</color>
            <scale>1.2</scale>
            <Icon>
              <href>https://maps.google.com/mapfiles/kml/pushpin/wht-blank.png</href>
            </Icon>
          </IconStyle>
        </Style>
        <Point>
          <coordinates>127.1481572,36.8090482</coordinates>
        </Point>
      </Placemark>
      <Placemark>
        <name>Onyangoncheon Station</name>
        <description>&lt;b&gt;Team:&lt;/b&gt; Ben Doyle&lt;br&gt;&lt;b&gt;Notes:&lt;/b&gt;&lt;ul&gt;&lt;li&gt;Pass-through (&amp;#x27;via Asan 10:36&amp;#x27;); clip geolocated at Onyangoncheon Station, tied to Ben&amp;#x27;s Yongsan→Pyeongtaek→Cheonan→Hongseong path&lt;/li&gt;&lt;/ul&gt;</description>
        <TimeSpan>
          <begin>2025-04-02T10:36:00</begin>
        </TimeSpan>
        <Style>
          <IconStyle>
            <color>ff58eeff</color>
            <scale>1.2</scale>
            <Icon>
              <href>https://maps.google.com/mapfiles/kml/pushpin/wht-blank.png</href>
            </Icon>
          </IconStyle>
        </Style>
        <Point>
          <coordinates>127.011401,36.7794047</coordinates>
        </Point>
      </Placemark>
      <Placemark>
        <name>Hongseong</name>
        <description>&lt;b&gt;Team:&lt;/b&gt; Ben Doyle&lt;br&gt;&lt;b&gt;Notes:&lt;/b&gt;&lt;ul&gt;&lt;li&gt;Pass-through node 11:22 — blockers notified here that Ben was heading to Iksan&lt;/li&gt;&lt;/ul&gt;</description>
        <TimeSpan>
          <begin>2025-04-02T11:22:00</begin>
        </TimeSpan>
        <Style>
          <IconStyle>
            <color>ff58eeff</color>
            <scale>1.2</scale>
            <Icon>
              <href>https://maps.google.com/mapfiles/kml/pushpin/wht-blank.png</href>
            </Icon>
          </IconStyle>
        </Style>
        <Point>
          <coordinates>126.6812105,36.59930176</coordinates>
        </Point>
      </Placemark>
      <Placemark>
        <name>Iksan Station</name>
        <description>&lt;b&gt;Team:&lt;/b&gt; Ben Doyle&lt;br&gt;&lt;b&gt;Notes:&lt;/b&gt;&lt;ul&gt;&lt;li&gt;Battle Challenge vs blockers (Sam+Adam) — Ben LOSES and crashes ~13:00–13:15 (sun calc ~13:15 ±15–30 min, high confidence)&lt;/li&gt;&lt;li&gt;Frame advance: &amp;#x27;implied that Ben misses based on velocity&amp;#x27; (not confirmed a challenge fail per se)&lt;/li&gt;&lt;li&gt;Run distance per doc: ~252.5–263 km (conflicting figures); Ben&amp;#x27;s run ends here&lt;/li&gt;&lt;/ul&gt;</description>
        <TimeSpan>
          <begin>2025-04-02T12:49:00</begin>
        </TimeSpan>
        <Style>
          <IconStyle>
            <color>ff58eeff</color>
            <scale>1.2</scale>
            <Icon>
              <href>https://maps.google.com/mapfiles/kml/pushpin/wht-blank.png</href>
            </Icon>
          </IconStyle>
        </Style>
        <Point>
          <coordinates>126.9460147,35.94116804</coordinates>
        </Point>
      </Placemark>
      <Placemark>
        <name>Iksan Station</name>
        <description>&lt;b&gt;Team:&lt;/b&gt; Ben Doyle&lt;br&gt;&lt;b&gt;Notes:&lt;/b&gt;&lt;ul&gt;&lt;li&gt;Role switch: becomes blocker (with Adam) for Sam&amp;#x27;s run; blockers start ~13:00–13:30 per doc&lt;/li&gt;&lt;/ul&gt;</description>
        <Style>
          <IconStyle>
            <color>ff58eeff</color>
            <scale>1.2</scale>
            <Icon>
              <href>https://maps.google.com/mapfiles/kml/pushpin/wht-blank.png</href>
            </Icon>
          </IconStyle>
        </Style>
        <Point>
          <coordinates>126.9460147,35.94116804</coordinates>
        </Point>
      </Placemark>
      <Placemark>
        <name>Osong Station</name>
        <description>&lt;b&gt;Team:&lt;/b&gt; Ben Doyle&lt;br&gt;&lt;b&gt;Notes:&lt;/b&gt;&lt;ul&gt;&lt;li&gt;Roadblock placed (with Adam) — &amp;#x27;Google Maps rating&amp;#x27; challenge proved at a park ~18–20 min walk from Osong; Sam cleared it ~15:00&lt;/li&gt;&lt;/ul&gt;</description>
        <TimeSpan>
          <begin>2025-04-02T14:11:00</begin>
        </TimeSpan>
        <Style>
          <IconStyle>
            <color>ff58eeff</color>
            <scale>1.2</scale>
            <Icon>
              <href>https://maps.google.com/mapfiles/kml/pushpin/wht-blank.png</href>
            </Icon>
          </IconStyle>
        </Style>
        <Point>
          <coordinates>127.327378,36.620453</coordinates>
        </Point>
      </Placemark>
      <Placemark>
        <name>Daejeon Station</name>
        <description>&lt;b&gt;Team:&lt;/b&gt; Ben Doyle&lt;br&gt;&lt;b&gt;Notes:&lt;/b&gt;&lt;ul&gt;&lt;li&gt;Roadblock placed (with Adam); Layover: blockers &amp;#x27;placed something in Daejeon then went on&amp;#x27;&lt;/li&gt;&lt;/ul&gt;</description>
        <TimeSpan>
          <begin>2025-04-02T15:03:00</begin>
        </TimeSpan>
        <Style>
          <IconStyle>
            <color>ff58eeff</color>
            <scale>1.2</scale>
            <Icon>
              <href>https://maps.google.com/mapfiles/kml/pushpin/wht-blank.png</href>
            </Icon>
          </IconStyle>
        </Style>
        <Point>
          <coordinates>127.4346856,36.33219999</coordinates>
        </Point>
      </Placemark>
      <Placemark>
        <name>Dongdaegu Station</name>
        <description>&lt;b&gt;Team:&lt;/b&gt; Ben Doyle&lt;br&gt;&lt;b&gt;Notes:&lt;/b&gt;&lt;ul&gt;&lt;li&gt;Timed out in Daegu end of Day 1 (Layover); doc&amp;#x27;s KTX 045 to Gyeongju doubtful (omitted)&lt;/li&gt;&lt;li&gt;Layover: circled back on the Gyeongbu low-speed line considering a Gimcheon→north connection&lt;/li&gt;&lt;/ul&gt;&lt;br&gt;&lt;b&gt;End of day 1&lt;/b&gt;</description>
        <TimeSpan>
          <begin>2025-04-02T16:57:00</begin>
        </TimeSpan>
        <Style>
          <IconStyle>
            <color>ff58eeff</color>
            <scale>1.2</scale>
            <Icon>
              <href>https://maps.google.com/mapfiles/kml/pushpin/wht-blank.png</href>
            </Icon>
          </IconStyle>
        </Style>
        <Point>
          <coordinates>128.6282898,35.87916842</coordinates>
        </Point>
      </Placemark>
      <Placemark>
        <name>Seogyeongju Station</name>
        <description>&lt;b&gt;Team:&lt;/b&gt; Ben Doyle&lt;br&gt;&lt;b&gt;Notes:&lt;/b&gt;&lt;ul&gt;&lt;li&gt;Day 2 morning: roadblock placed here (with Adam) — later crashes Sam ~14:14&lt;/li&gt;&lt;li&gt;Morning connection from Daegu not given in doc (doc guess used Gyeongju, contradicted by Layover) — leg omitted&lt;/li&gt;&lt;/ul&gt;</description>
        <Style>
          <IconStyle>
            <color>ff58eeff</color>
            <scale>1.2</scale>
            <Icon>
              <href>https://maps.google.com/mapfiles/kml/pushpin/wht-blank.png</href>
            </Icon>
          </IconStyle>
        </Style>
        <Point>
          <coordinates>129.2011734,35.86876385</coordinates>
        </Point>
      </Placemark>
      <Placemark>
        <name>Pohang Station</name>
        <description>&lt;b&gt;Team:&lt;/b&gt; Ben Doyle&lt;br&gt;&lt;b&gt;Notes:&lt;/b&gt;&lt;ul&gt;&lt;li&gt;Pre-positioned (with Adam); Battle Challenge vs Sam — blockers LOSE (&amp;#x27;We are going to declare a Battle Challenge&amp;#x27; clip)&lt;/li&gt;&lt;/ul&gt;</description>
        <TimeSpan>
          <begin>2025-04-03T11:02:00</begin>
        </TimeSpan>
        <Style>
          <IconStyle>
            <color>ff58eeff</color>
            <scale>1.2</scale>
            <Icon>
              <href>https://maps.google.com/mapfiles/kml/pushpin/wht-blank.png</href>
            </Icon>
          </IconStyle>
        </Style>
        <Point>
          <coordinates>129.3415091,36.0718893</coordinates>
        </Point>
      </Placemark>
      <Placemark>
        <name>Seogyeongju Station</name>
        <description>&lt;b&gt;Team:&lt;/b&gt; Ben Doyle&lt;br&gt;&lt;b&gt;Notes:&lt;/b&gt;&lt;ul&gt;&lt;li&gt;Returned (with Adam) as Sam crashes here on their roadblock&lt;/li&gt;&lt;li&gt;New blocker duo Ben+Sam for Adam&amp;#x27;s run (departs 15:00)&lt;/li&gt;&lt;/ul&gt;</description>
        <TimeSpan>
          <begin>2025-04-03T14:14:00</begin>
        </TimeSpan>
        <Style>
          <IconStyle>
            <color>ff58eeff</color>
            <scale>1.2</scale>
            <Icon>
              <href>https://maps.google.com/mapfiles/kml/pushpin/wht-blank.png</href>
            </Icon>
          </IconStyle>
        </Style>
        <Point>
          <coordinates>129.2011734,35.86876385</coordinates>
        </Point>
      </Placemark>
      <Placemark>
        <name>Pohang Station</name>
        <description>&lt;b&gt;Team:&lt;/b&gt; Ben Doyle&lt;br&gt;&lt;b&gt;Notes:&lt;/b&gt;&lt;ul&gt;&lt;li&gt;Roadblock placed (with Sam)&lt;/li&gt;&lt;li&gt;Outline variant: blockers end Day 2 at Pohang via KTX 247 (18:28–18:43) instead — AMBIGUOUS, main kept&lt;/li&gt;&lt;/ul&gt;</description>
        <TimeSpan>
          <begin>2025-04-03T15:18:00</begin>
        </TimeSpan>
        <Style>
          <IconStyle>
            <color>ff58eeff</color>
            <scale>1.2</scale>
            <Icon>
              <href>https://maps.google.com/mapfiles/kml/pushpin/wht-blank.png</href>
            </Icon>
          </IconStyle>
        </Style>
        <Point>
          <coordinates>129.3415091,36.0718893</coordinates>
        </Point>
      </Placemark>
      <Placemark>
        <name>Dongdaegu Station</name>
        <description>&lt;b&gt;Team:&lt;/b&gt; Ben Doyle&lt;br&gt;&lt;b&gt;Notes:&lt;/b&gt;&lt;ul&gt;&lt;li&gt;Roadblock placed (with Sam) — Adam clears it on arrival 18:41&lt;/li&gt;&lt;/ul&gt;</description>
        <TimeSpan>
          <begin>2025-04-03T16:56:00</begin>
        </TimeSpan>
        <Style>
          <IconStyle>
            <color>ff58eeff</color>
            <scale>1.2</scale>
            <Icon>
              <href>https://maps.google.com/mapfiles/kml/pushpin/wht-blank.png</href>
            </Icon>
          </IconStyle>
        </Style>
        <Point>
          <coordinates>128.6282898,35.87916842</coordinates>
        </Point>
      </Placemark>
      <Placemark>
        <name>Osong Station</name>
        <description>&lt;b&gt;Team:&lt;/b&gt; Ben Doyle&lt;br&gt;&lt;b&gt;Notes:&lt;/b&gt;&lt;ul&gt;&lt;li&gt;End of Day 2 (with Sam); overnight near Osong&lt;/li&gt;&lt;/ul&gt;&lt;br&gt;&lt;b&gt;End of day 2&lt;/b&gt;</description>
        <TimeSpan>
          <begin>2025-04-03T18:46:00</begin>
        </TimeSpan>
        <Style>
          <IconStyle>
            <color>ff58eeff</color>
            <scale>1.2</scale>
            <Icon>
              <href>https://maps.google.com/mapfiles/kml/pushpin/wht-blank.png</href>
            </Icon>
          </IconStyle>
        </Style>
        <Point>
          <coordinates>127.327378,36.620453</coordinates>
        </Point>
      </Placemark>
      <Placemark>
        <name>Osong Station</name>
        <description>&lt;b&gt;Team:&lt;/b&gt; Ben Doyle&lt;br&gt;&lt;b&gt;Notes:&lt;/b&gt;&lt;ul&gt;&lt;li&gt;Day 3: roadblock placed at Osong (with Sam); Adam clears it ~08:37 (&amp;#x27;We&amp;#x27;re so back&amp;#x27; clip)&lt;/li&gt;&lt;/ul&gt;</description>
        <Style>
          <IconStyle>
            <color>ff58eeff</color>
            <scale>1.2</scale>
            <Icon>
              <href>https://maps.google.com/mapfiles/kml/pushpin/wht-blank.png</href>
            </Icon>
          </IconStyle>
        </Style>
        <Point>
          <coordinates>127.327378,36.620453</coordinates>
        </Point>
      </Placemark>
      <Placemark>
        <name>Yongsan Station</name>
        <description>&lt;b&gt;Team:&lt;/b&gt; Ben Doyle&lt;br&gt;&lt;b&gt;Notes:&lt;/b&gt;&lt;ul&gt;&lt;li&gt;Prep + Battle Challenge vs Adam ~11:00 (blindfolded ramen; Adam&amp;#x27;s outcome unknown)&lt;/li&gt;&lt;li&gt;Blockers&amp;#x27; last documented position&lt;/li&gt;&lt;/ul&gt;&lt;br&gt;&lt;b&gt;End of day 3&lt;/b&gt;</description>
        <TimeSpan>
          <begin>2025-04-04T09:25:00</begin>
        </TimeSpan>
        <Style>
          <IconStyle>
            <color>ff58eeff</color>
            <scale>1.2</scale>
            <Icon>
              <href>https://maps.google.com/mapfiles/kml/pushpin/wht-blank.png</href>
            </Icon>
          </IconStyle>
        </Style>
        <Point>
          <coordinates>126.9648276,37.52995733</coordinates>
        </Point>
      </Placemark>
      <Placemark>
        <name>Yongsan Station to Pyeongtaek (train)</name>
        <description>&lt;b&gt;Mode:&lt;/b&gt; train&lt;br&gt;ITX-Saemaeul 1071 Yongsan→Cheonan (dep 08:44, arr 09:46; direction Gwangju, via Pyeongtaek)</description>
        <Style>
          <LineStyle>
            <color>ff58eeff</color>
            <width>3</width>
          </LineStyle>
        </Style>
        <LineString>
          <coordinates>126.9648276,37.52995733 126.9649245,37.5297373 126.9633091,37.5285601 126.9632849,37.5285424 126.9625759,37.5280864 126.9623303,37.5279365 126.961419,37.5273156 126.9610373,37.5270542 126.9606967,37.5268136 126.9601692,37.5263757 126.9589229,37.5255955 126.9579539,37.5248777 126.9572216,37.5242224 126.9569965,37.5240057 126.9569115,37.5239239 126.9565951,37.5236829 126.9565184,37.5236101 126.9483791,37.5160089 126.9483698,37.5160002 126.9483327,37.5159656 126.9477839,37.5154621 126.9474205,37.5151995 126.9470894,37.5150012 126.9467091,37.5148249 126.9463213,37.5146778 126.9459739,37.5145752 126.9454585,37.5144678 126.9449902,37.5144024 126.9436217,37.5142447 126.943417,37.5142265 126.9427985,37.5141914 126.942502,37.5141717 126.9418662,37.5141036 126.9410539,37.5140166 126.9399388,37.5139162 126.9385516,37.5137941 126.9379528,37.5137391 126.9372885,37.5136992 126.9365896,37.5136685 126.9338938,37.5136129 126.9306877,37.5135306 126.929085,37.5134677 126.9277436,37.5133625 126.9274886,37.5133478 126.9267516,37.5133054 126.9260933,37.5132907 126.9254126,37.5133157 126.9250248,37.513354 126.924594,37.5134235 126.9241486,37.5135435 126.9236755,37.5137067 126.9231894,37.513928 126.9227942,37.5141422 126.9224889,37.5143461 126.9220767,37.5146406 126.9207588,37.5156572 126.9204353,37.5158845 126.9200184,37.516106 126.9195782,37.5163227 126.9190595,37.5165414 126.9186694,37.516691 126.9182107,37.5168308 126.917449,37.5170093 126.9169035,37.5171016 126.9164824,37.51713 126.9157984,37.5171451 126.9152427,37.517118 126.9147972,37.5170942 126.9142208,37.5170227 126.9141246,37.5170173 126.9136431,37.5169435 126.9134537,37.5169304 126.9127944,37.5168432 126.9124852,37.5168216 126.9118808,37.5167477 126.9114841,37.5167198 126.9111351,37.5166644 126.9107883,37.5166005 126.9104477,37.5165203 126.9101608,37.516427 126.9099296,37.5163271 126.9097105,37.5162152 126.9090086,37.5158599 126.9086556,37.5156748 126.908518,37.515622 126.9071033,37.515031 126.9068741,37.5149356 126.9044255,37.5139244 126.9038611,37.5136838 126.902569,37.5131944 126.9021963,37.5130527 126.9014229,37.5128314 126.900865,37.5126512 126.9007667,37.5126126 126.9005241,37.5125236 126.9000002,37.5123313 126.8992674,37.5120624 126.8975143,37.5113772 126.896433,37.5109058 126.8939987,37.5098196 126.8926803,37.5092562 126.8921457,37.50903 126.8914483,37.5087365 126.890829,37.508452 126.890444,37.5082625 126.8892639,37.507622 126.8882472,37.5069792 126.8866464,37.5059912 126.885376,37.5052149 126.8847184,37.5048085 126.8840937,37.5043599 126.8835589,37.503899 126.8816704,37.5021758 126.8813724,37.5019118 126.881058,37.5015539 126.8807844,37.5012283 126.8805292,37.5008639 126.8802597,37.5004315 126.8799821,37.4998808 126.8798086,37.4994159 126.8796452,37.4988247 126.8795391,37.4983081 126.8794819,37.4975241 126.8794901,37.4969572 126.8795799,37.4960842 126.8796981,37.4940025 126.879848,37.4920763 126.8799287,37.4909423 126.879974,37.4902353 126.8800939,37.4883623 126.8801657,37.4876307 126.8802488,37.4871762 126.8804059,37.4867212 126.8806823,37.4860381 126.8830696,37.4806122 126.8837392,37.4790897 126.8871176,37.4714772 126.8891142,37.4669761 126.8899508,37.4650713 126.8907631,37.463273 126.8919096,37.4604809 126.8922,37.4597649 126.893613,37.4565293 126.8944204,37.4546971 126.8944386,37.454656 126.8946409,37.454234 126.8951976,37.4529548 126.8955157,37.452243 126.8956398,37.4519652 126.8963886,37.4504265 126.8965331,37.4501113 126.8969904,37.4491045 126.8970189,37.4490396 126.8973949,37.4481837 126.897637,37.4477419 126.8982671,37.4462855 126.8987863,37.4449861 126.8994781,37.4434436 126.9006825,37.4407159 126.9013161,37.4392866 126.9016896,37.4383692 126.9018753,37.4377323 126.9020367,37.4371656 126.9021934,37.4364514 126.9025637,37.4345411 126.9026464,37.4341136 126.9027046,37.4337 126.9028188,37.4331526 126.9030087,37.4321189 126.9033313,37.4302897 126.9036816,37.4285001 126.9037892,37.4280178 126.9038794,37.4276761 126.9040599,37.4271855 126.9042091,37.4268176 126.9047228,37.4258534 126.9052745,37.4248664 126.9060627,37.4234103 126.9070023,37.4216739 126.9072087,37.4213583 126.9074881,37.4209766 126.9077345,37.4206762 126.9090056,37.4191207 126.9093082,37.4187505 126.9096818,37.4182555 126.9101854,37.4175913 126.9111985,37.4163306 126.91134,37.4161545 126.911406,37.4160723 126.9136731,37.4132932 126.9138057,37.4131438 126.9138654,37.4130681 126.9159944,37.4103624 126.9167318,37.4094398 126.9168508,37.4092906 126.9197034,37.4057181 126.9200177,37.4053244 126.92062,37.4046005 126.9210456,37.404089 126.9238319,37.4006749 126.9238819,37.4006101 126.9240315,37.4004106 126.9241542,37.400247 126.9246372,37.3996031 126.9247983,37.3993565 126.9254235,37.3986172 126.9263364,37.3975378 126.9272056,37.3966501 126.928175,37.3958418 126.9295414,37.3947771 126.9314378,37.3932769 126.932304,37.3924241 126.9327784,37.3917809 126.9330877,37.3911656 126.9347785,37.3866852 126.9351634,37.385708 126.9359816,37.38345 126.9364105,37.3823506 126.9367785,37.3816389 126.9372455,37.38096 126.9374943,37.3806525 126.9398904,37.3783674 126.9405829,37.3776164 126.9409937,37.3771186 126.9412488,37.3766914 126.9416164,37.376018 126.9429567,37.3733058 126.9438385,37.3714081 126.9448457,37.3692885 126.9456348,37.3676958 126.9464012,37.3660528 126.9472386,37.3642319 126.948063,37.3624829 126.9483686,37.3617594 126.9485167,37.3612306 126.9486145,37.3607084 126.9486478,37.3603819 126.9486019,37.3581094 126.9486449,37.357713 126.9486479,37.3566106 126.9486511,37.3551628 126.9485985,37.3534284 126.9485873,37.3531026 126.9485121,37.3511658 126.9485042,37.3509711 126.9484842,37.3487407 126.9484643,37.3460151 126.9484516,37.3443469 126.9484387,37.3424456 126.9484416,37.3423452 126.9484314,37.3416152 126.9484407,37.3398601 126.9484309,37.3378433 126.9484042,37.3361574 126.9483459,37.3339842 126.9481552,37.3297467 126.9480847,37.3283292 126.947975,37.3260055 126.9479413,37.3247241 126.9479817,37.3237854 126.9481611,37.3215131 126.9482854,37.3193973 126.9482927,37.3192629 126.9483831,37.3177159 126.948471,37.31633 126.9485318,37.3158876 126.9486441,37.3155502 126.9487507,37.3152279 126.9489327,37.314822 126.9493458,37.3141286 126.9507286,37.3119741 126.9509341,37.3116539 126.9511626,37.3112979 126.9514494,37.3107243 126.9523379,37.3093445 126.9530062,37.3083789 126.9537984,37.307507 126.960992,37.3022858 126.9618558,37.3018314 126.962801,37.3014102 126.9636424,37.3011885 126.9667906,37.3007798 126.9696507,37.3004818 126.9721099,37.3001998 126.9729816,37.3000931 126.9735258,37.3000308 126.9743273,37.2999149 126.9751891,37.2997173 126.9759168,37.2994622 126.976517,37.2992054 126.9771235,37.2988666 126.9775842,37.2985361 126.977896,37.2982589 126.978237,37.2979691 126.9791795,37.2969096 126.9804827,37.2954601 126.9813086,37.29452 126.9819334,37.2938012 126.9834222,37.2921241 126.9849513,37.290449 126.9856694,37.2896687 126.9860252,37.2892543 126.9863181,37.2889227 126.9863935,37.2888373 126.9869451,37.288189 126.9873237,37.2877387 126.9877505,37.2871672 126.9883185,37.2862878 126.9890647,37.2850615 126.9902232,37.2830297 126.9909112,37.2817606 126.9916691,37.2804203 126.992439,37.2791008 126.9931801,37.2778058 126.9938358,37.276665 126.994753,37.2750847 126.9954445,37.2739214 126.9957597,37.2733481 126.9959538,37.2729951 126.9963449,37.2722839 126.9964813,37.2720358 126.9965685,37.2718737 126.9969901,37.2710897 126.9974877,37.2701051 126.9977333,37.2696235 126.998559,37.2681545 126.9987076,37.2679033 126.999777,37.2660976 127.0012555,37.2635955 127.0021458,37.262203 127.0024722,37.2616992 127.0026573,37.2614134 127.0030178,37.2608274 127.0031819,37.2605371 127.0033837,37.2601802 127.0035378,37.2598264 127.0037135,37.2595127 127.0038906,37.2592198 127.0040396,37.2589734 127.0041054,37.2588443 127.0041984,37.258662 127.0054308,37.2565913 127.0057832,37.2559993 127.0110203,37.2489008 127.0120174,37.246947 127.0123545,37.2462863 127.0127388,37.2453474 127.0128824,37.2450284 127.013073,37.2446861 127.0143967,37.2421729 127.0146269,37.2417207 127.0147882,37.2414041 127.0149975,37.2411104 127.0153004,37.2405334 127.0157616,37.2396322 127.0160392,37.2392967 127.016496,37.2385702 127.0168592,37.2378817 127.017175,37.2372831 127.018801,37.2342224 127.0190012,37.2338541 127.0228451,37.2264427 127.022919,37.2263002 127.0231039,37.2259599 127.0234482,37.225293 127.0234757,37.2252396 127.0235237,37.2251467 127.0235595,37.2250774 127.024902,37.222477 127.0261565,37.2200661 127.0263361,37.219738 127.0264744,37.2194853 127.0265742,37.2192906 127.0282268,37.2160671 127.030641,37.2114263 127.0307743,37.211147 127.0308499,37.2109884 127.03265,37.2075742 127.0326991,37.2074755 127.0333004,37.2063077 127.033577,37.2057955 127.0337232,37.2054786 127.0345101,37.2039633 127.03459,37.2038095 127.034931,37.2031527 127.0358183,37.2014925 127.0361983,37.2007816 127.0369979,37.1991841 127.0374495,37.1983698 127.0376748,37.1979297 127.0377827,37.1977092 127.0379035,37.197472 127.0392264,37.1949236 127.0405515,37.1924258 127.0408854,37.191787 127.0412529,37.1911203 127.0414153,37.1908068 127.041568,37.1904932 127.0418698,37.1898735 127.0427283,37.1882268 127.042849,37.1879952 127.042894,37.1879084 127.0429485,37.1878118 127.0432051,37.1873538 127.0433585,37.1871178 127.0439443,37.1862845 127.0441533,37.1860175 127.0446284,37.1854621 127.0448886,37.1851832 127.0450991,37.1849736 127.0453916,37.1846943 127.0457013,37.1844278 127.0462733,37.1839181 127.0465611,37.1837011 127.0468396,37.183487 127.0474532,37.1830714 127.0480838,37.1827043 127.0486879,37.1823652 127.0510925,37.1808335 127.0549724,37.1783529 127.0558354,37.1778107 127.0578566,37.1765489 127.0592101,37.1755385 127.0597114,37.1751643 127.0602534,37.1746053 127.0607565,37.1740418 127.0612211,37.1734634 127.0618445,37.1725339 127.0620122,37.1722838 127.0620759,37.1721437 127.0621932,37.1718858 127.0624651,37.171288 127.0627842,37.170328 127.0628225,37.1701756 127.0633106,37.1681712 127.0633569,37.1679751 127.0633844,37.1678595 127.0636199,37.1668698 127.0638397,37.1658217 127.0641217,37.1647715 127.0647275,37.1622403 127.0653671,37.1596836 127.0664697,37.1552759 127.0666115,37.154709 127.0667797,37.1540368 127.0668638,37.15361 127.0670235,37.1527994 127.0672207,37.1517903 127.0672445,37.1515476 127.0672756,37.1510366 127.0672557,37.1505317 127.067154,37.149515 127.0669888,37.1480565 127.066862,37.1470661 127.0666747,37.1457804 127.0664154,37.1439493 127.0663439,37.1434109 127.0663175,37.1430659 127.0662489,37.1424558 127.0661433,37.1412735 127.066066,37.1405151 127.0659625,37.1396529 127.0659401,37.1395358 127.0657817,37.1383187 127.0657684,37.1382073 127.0656676,37.1373607 127.0655374,37.1365669 127.0652771,37.1341919 127.065102,37.1329295 127.064951,37.1316785 127.0647787,37.1304159 127.064639,37.1291548 127.0640237,37.1241289 127.0639604,37.1235082 127.0638947,37.1227953 127.063869,37.1225623 127.0638528,37.122415 127.0637786,37.1217395 127.0634778,37.119429 127.0628903,37.1147949 127.0628602,37.1144961 127.0627177,37.1132881 127.0625209,37.1118689 127.0623998,37.1108867 127.0621659,37.1089902 127.0619622,37.1075908 127.0618495,37.1068175 127.0617631,37.1061415 127.0615773,37.1046783 127.0615465,37.1044588 127.06153,37.1043233 127.0615097,37.1041573 127.0613865,37.103213 127.0613085,37.1025731 127.061271,37.102212 127.0612578,37.1020848 127.0612467,37.1019776 127.0612098,37.1016685 127.0611638,37.1013636 127.0611233,37.1010866 127.06109,37.1008031 127.0610844,37.1007578 127.0610469,37.1004517 127.0609524,37.09968 127.0608831,37.0990894 127.0608109,37.0985414 127.0607124,37.0976114 127.0606766,37.0973749 127.0606442,37.0970998 127.0605882,37.0966838 127.0605004,37.0960218 127.0603601,37.0953956 127.0602483,37.0950451 127.0601352,37.0946716 127.0598607,37.0940343 127.0591286,37.0922492 127.0588748,37.0916635 127.0588423,37.0915885 127.058646,37.091128 127.0583555,37.0904774 127.0581399,37.0899689 127.0575962,37.0886869 127.0573503,37.08811 127.0572894,37.0879747 127.0572067,37.087791 127.057089,37.0875294 127.0568275,37.086834 127.0564123,37.0859398 127.056172,37.0853018 127.0551427,37.0828069 127.0547435,37.0818776 127.054414,37.0810542 127.0541892,37.0801798 127.0540893,37.0795004 127.054056,37.0788461 127.0540683,37.0781291 127.0541196,37.0775418 127.0541242,37.0774851 127.0542119,37.0764052 127.0542197,37.0763102 127.0543374,37.0748604 127.0543796,37.0744589 127.05447,37.0735198 127.0545188,37.0722097 127.054449,37.0711921 127.0542803,37.0697143 127.0541972,37.0690488 127.0541191,37.0684203 127.0536485,37.064045 127.0534107,37.0619031 127.0532202,37.0600915 127.0532003,37.0599078 127.053138,37.0593605 127.0530398,37.0586661 127.0529117,37.0577173 127.0528638,37.0572938 127.0526497,37.0554255 127.0525799,37.0544598 127.0524912,37.0536182 127.0522071,37.0511011 127.0521986,37.0506621 127.0522319,37.0500929 127.0523735,37.0493759 127.0525964,37.0486847 127.0528702,37.0481249 127.0531203,37.0477271 127.0533697,37.0473716 127.0538723,37.0468054 127.054427,37.0463087 127.0549127,37.04592 127.0616173,37.0416147 127.0628554,37.0408391 127.0650419,37.0394673 127.0657784,37.038967 127.0660834,37.0387282 127.0663829,37.0384702 127.0666799,37.0381947 127.0669607,37.0379055 127.0672041,37.03762 127.0674434,37.0372992 127.0676595,37.0369845 127.0678613,37.0366595 127.0680433,37.0363109 127.0682004,37.0359785 127.0683269,37.035638 127.0684472,37.0352822 127.0685501,37.034894 127.0686608,37.0342245 127.0687392,37.0334621 127.0691045,37.0299583 127.0691419,37.0295853 127.0694543,37.026852 127.0697054,37.0248253 127.0697325,37.0246004 127.0699578,37.022531 127.0702086,37.020337 127.0702708,37.0198026 127.0704671,37.0181148 127.070531,37.0174961 127.0707629,37.0153853 127.070772,37.0152909 127.0707783,37.0152322 127.0708406,37.0146556 127.0710204,37.0129893 127.071267,37.0107327 127.071523,37.0084757 127.071827,37.006108 127.0719346,37.0055772 127.0720105,37.0053243 127.0721221,37.0050425 127.0722096,37.0048412 127.0723158,37.004617 127.0725301,37.0042429 127.0729707,37.0036406 127.0751494,37.0013393 127.0773602,36.9990426 127.0783982,36.9979667 127.0794421,36.9968675 127.0804524,36.9957996 127.0806178,36.9956269 127.080771,36.9954669 127.0810312,36.9951953 127.0811455,36.9950759 127.0817865,36.9944067 127.0822634,36.9938282 127.0823897,36.9937039 127.0825746,36.9935132 127.0828673,36.99317 127.0829403,36.9930721 127.0833099,36.9924673 127.0839027,36.9918096 127.0842057,36.9914925 127.0857024,36.9899415 127.0866117,36.9889817 127.0870705,36.9885042 127.0872407,36.9882939 127.0874177,36.9881043 127.0876903,36.9878209 127.0873708,36.9881054 127.0869121,36.9885939 127.0862335,36.9893052 127.0858601,36.9907252 127.0852483,36.99079025</coordinates>
        </LineString>
      </Placemark>
      <Placemark>
        <name>Pyeongtaek to Cheonan (train)</name>
        <description>&lt;b&gt;Mode:&lt;/b&gt; train&lt;br&gt;ITX-Saemaeul 1071 (via Pyeongtaek)</description>
        <Style>
          <LineStyle>
            <color>ff58eeff</color>
            <width>3</width>
          </LineStyle>
        </Style>
        <LineString>
          <coordinates>127.0852483,36.99079025 127.0858601,36.9907252 127.0862737,36.9902885 127.0883203,36.988144 127.0891745,36.9872527 127.0893797,36.9869892 127.0896064,36.9866871 127.089939,36.9863315 127.0901455,36.9860529 127.0905358,36.9855529 127.090643,36.985438 127.0906875,36.9853912 127.091096,36.9848925 127.0914446,36.9845269 127.0919636,36.9839846 127.0926912,36.9832251 127.0928106,36.9830986 127.0930416,36.9828191 127.0932235,36.982599 127.0938665,36.9819273 127.0940956,36.9816821 127.0946045,36.9811143 127.0972493,36.9783158 127.0990316,36.9764016 127.0993293,36.9760841 127.099711,36.9756746 127.1023164,36.9730306 127.1035452,36.9717339 127.1048075,36.9703531 127.1058148,36.9693864 127.1086427,36.9664127 127.1089251,36.9661217 127.1102478,36.9647244 127.1107006,36.9642498 127.1117179,36.963194 127.1121898,36.9626818 127.1133072,36.9615146 127.1140983,36.9606152 127.116008,36.9586215 127.1183934,36.9561065 127.1193834,36.9550813 127.1196317,36.9548297 127.1209961,36.953447 127.1218116,36.9526058 127.1225473,36.9517801 127.1228434,36.9514691 127.1230885,36.9511216 127.1236523,36.9503057 127.1240514,36.9494826 127.1242696,36.9488969 127.1244135,36.94834 127.1245393,36.947745 127.1246641,36.9467143 127.1247457,36.9457298 127.1248689,36.9441511 127.1249164,36.9430198 127.1252792,36.9380821 127.125325,36.9373991 127.1253353,36.9372459 127.1255064,36.9346927 127.1258465,36.9299424 127.1260177,36.9278045 127.1260668,36.9271771 127.126566,36.9207106 127.1266316,36.9197469 127.1267514,36.9188365 127.1269175,36.9172889 127.1270569,36.9153776 127.1270697,36.9152027 127.1271423,36.9141805 127.127242,36.9120896 127.1272874,36.9115537 127.12732,36.9111126 127.1273291,36.910931 127.1274314,36.9095036 127.1274368,36.9094093 127.1275182,36.9083072 127.1275908,36.9070897 127.127672,36.9062051 127.1277252,36.9058572 127.1277948,36.9055122 127.1279339,36.9049581 127.1281256,36.9043906 127.1283265,36.9039169 127.1286344,36.903242 127.1289324,36.9026137 127.1293459,36.9017519 127.1297379,36.9008972 127.1300326,36.9002843 127.1306223,36.8991023 127.1309339,36.8984745 127.1311877,36.897911 127.1317077,36.8967783 127.1322924,36.8955814 127.1329323,36.8942194 127.1345377,36.8908004 127.1356386,36.8884488 127.1358293,36.8880415 127.1362339,36.8871767 127.1374055,36.8846657 127.1385397,36.8822764 127.1396349,36.8799296 127.1407762,36.8776145 127.1410492,36.8770274 127.1410993,36.8769295 127.141626,36.8759008 127.1417198,36.8757176 127.1423175,36.8744719 127.1429931,36.8730013 127.1432907,36.8723953 127.143628,36.8716818 127.1443262,36.8701914 127.1444029,36.8700277 127.1446995,36.8694048 127.1447677,36.8692616 127.145283,36.867892 127.145623,36.86718 127.1458359,36.8667462 127.146036,36.8662745 127.1462681,36.8657377 127.1464249,36.8652638 127.1465444,36.86482 127.1466725,36.8643099 127.1467866,36.863625 127.1468149,36.8631561 127.1468273,36.8627595 127.1468304,36.8624602 127.1468206,36.8620148 127.1467514,36.8614598 127.1465277,36.8604568 127.1463502,36.8597212 127.1460882,36.858748 127.1459687,36.8582364 127.1459199,36.8580588 127.1458656,36.8578203 127.145671,36.8570697 127.1455063,36.8562869 127.1454213,36.8557823 127.1453556,36.8554035 127.1453476,36.8547781 127.1454039,36.8538894 127.1454374,36.8535074 127.1456051,36.8526435 127.1459234,36.8511049 127.1460351,36.8505645 127.1463501,36.8490597 127.1465699,36.847938 127.1468166,36.8468045 127.1469599,36.8461937 127.1470138,36.8459639 127.1470308,36.8458914 127.1472435,36.8449633 127.1474295,36.8440392 127.1474614,36.8438895 127.1476205,36.8430905 127.1476695,36.842868 127.1478483,36.8420192 127.1479994,36.8413354 127.1482713,36.8398435 127.1484481,36.8389975 127.1484755,36.8387894 127.1485358,36.8382486 127.1486619,36.8373577 127.1487907,36.8361684 127.1488577,36.8353355 127.148957,36.8342729 127.149142,36.832154 127.1492687,36.8305676 127.1493054,36.8303087 127.1494396,36.8296811 127.1494746,36.8293502 127.1496892,36.826761 127.1497178,36.8264194 127.1482006,36.8181704 127.1477097,36.8130985 127.1470848,36.8087242 127.1481572,36.8090482</coordinates>
        </LineString>
      </Placemark>
      <Placemark>
        <name>Cheonan to Onyangoncheon Station (train)</name>
        <description>&lt;b&gt;Mode:&lt;/b&gt; train&lt;br&gt;Saemaeul 1051 Cheonan→Iksan (dep 10:30, arr 12:49; via Asan 10:36 and Hongseong 11:22)</description>
        <Style>
          <LineStyle>
            <color>ff58eeff</color>
            <width>3</width>
          </LineStyle>
        </Style>
        <LineString>
          <coordinates>127.1481572,36.8090482 127.1470848,36.8087242 127.1463538,36.8090976 127.1462908,36.80843 127.1462329,36.8079579 127.1461531,36.8075504 127.1460935,36.8072473 127.146082,36.8071886 127.145977,36.8066841 127.1458218,36.8063049 127.1456676,36.806045 127.145509,36.8058283 127.1453068,36.8056113 127.1450154,36.8053586 127.1447051,36.8051475 127.144429,36.8050001 127.1439655,36.8048036 127.1422062,36.8041114 127.1406931,36.8035024 127.1393431,36.8029445 127.138613,36.8026401 127.138053,36.8023921 127.1372975,36.8020295 127.1352651,36.8009468 127.1345657,36.8005741 127.133655,36.8002122 127.1327364,36.7998788 127.1316726,36.7995609 127.1308763,36.7993194 127.1305433,36.7992108 127.130069,36.7990431 127.1296048,36.798855 127.1294438,36.7987823 127.1291127,36.7986133 127.1289833,36.798541 127.1282832,36.7981174 127.1269409,36.7970279 127.1263318,36.7965252 127.1256346,36.7960185 127.1250122,36.7956459 127.1241869,36.7952078 127.122952,36.7945594 127.1223949,36.7942549 127.1205757,36.7933314 127.1203705,36.7932273 127.1198168,36.7930013 127.1195147,36.7929031 127.1191759,36.7928002 127.1190488,36.7927681 127.1187744,36.7926987 127.11823,36.7925949 127.1176501,36.7925241 127.1170705,36.7924932 127.1166191,36.7924943 127.1160139,36.7925232 127.1153445,36.7925829 127.114974,36.7926179 127.1136261,36.7927453 127.112392,36.7927934 127.1115347,36.7928271 127.1105517,36.7928174 127.1093855,36.7927689 127.1083192,36.7926767 127.1074471,36.7925487 127.103383,36.7919108 127.1030885,36.7918646 127.1013942,36.7916003 127.0992351,36.7912197 127.0984546,36.7910807 127.0982761,36.7910474 127.0978609,36.7909732 127.0971769,36.79084 127.0965737,36.7907036 127.0946773,36.7904039 127.0944608,36.7903789 127.0937584,36.7902977 127.0929698,36.7901777 127.092137,36.7900463 127.0919514,36.7900157 127.0911646,36.7898953 127.0894306,36.7895815 127.0882598,36.7893388 127.0876134,36.7891603 127.086232,36.7887147 127.0847388,36.7882443 127.0838358,36.7879734 127.0835332,36.7878853 127.0826956,36.7876415 127.0808944,36.7871541 127.07873,36.7864958 127.076725,36.7858674 127.0748622,36.785311 127.0732904,36.7848321 127.0720105,36.7844307 127.0716582,36.784324 127.068732,36.7834196 127.0653899,36.7823971 127.0637364,36.7818793 127.0632617,36.7817322 127.062284,36.7814002 127.0614162,36.7810813 127.0597627,36.7804217 127.0585692,36.779921 127.0575726,36.7795238 127.0574937,36.7794952 127.0554605,36.77866 127.0536577,36.777948 127.0533311,36.7778152 127.0518664,36.7772216 127.0510554,36.776893 127.0506488,36.7767446 127.0502126,36.7765664 127.0493578,36.7762184 127.0490409,36.7760923 127.048478,36.7758674 127.0482526,36.7757427 127.040817,36.7727187 127.0396528,36.7722396 127.0379429,36.7715521 127.0368499,36.7711782 127.0363886,36.7710665 127.0357489,36.7709386 127.0351158,36.7708591 127.034503,36.7708075 127.0335806,36.7708026 127.0329983,36.7708345 127.0324296,36.7709 127.0318517,36.7709891 127.0313688,36.7710848 127.0307772,36.7712502 127.0300767,36.7714896 127.0295816,36.7716842 127.0294802,36.7717248 127.0291045,36.7718817 127.0280066,36.7723484 127.0252732,36.7736832 127.0234733,36.7746169 127.0187393,36.7769242 127.0153888,36.7785572 127.0147817,36.7787933 127.0143432,36.7789382 127.0141938,36.7789831 127.0138202,36.7790654 127.0133704,36.7791538 127.0121084,36.7793068 127.0112265,36.7794016 127.011401,36.7794047</coordinates>
        </LineString>
      </Placemark>
      <Placemark>
        <name>Onyangoncheon Station to Hongseong (train)</name>
        <description>&lt;b&gt;Mode:&lt;/b&gt; train&lt;br&gt;Saemaeul 1051 (via Hongseong)</description>
        <Style>
          <LineStyle>
            <color>ff58eeff</color>
            <width>3</width>
          </LineStyle>
        </Style>
        <LineString>
          <coordinates>127.011401,36.7794047 127.0112265,36.7794016 127.0107134,36.779458 127.0098339,36.7795546 127.0090975,36.7796187 127.0086908,36.7796558 127.0081178,36.7797224 127.007594,36.779794 127.0068052,36.7799149 127.0057932,36.7800737 127.0053972,36.7801468 127.0045277,36.780297 127.002185,36.7806844 126.9999745,36.7810499 126.9996369,36.781142 126.9991369,36.7812999 126.998771,36.7814301 126.9974039,36.7820086 126.9965107,36.7824003 126.9961735,36.7825508 126.9959075,36.7826589 126.9955244,36.7828019 126.995399,36.7828509 126.9949248,36.782989 126.9943991,36.7831006 126.9941011,36.7831564 126.9937335,36.7832117 126.9934617,36.7832344 126.9931609,36.7832637 126.9928588,36.7832766 126.9925293,36.7832826 126.9918476,36.7833099 126.9915066,36.783328 126.9880711,36.7834769 126.9876059,36.7834918 126.987022,36.7834998 126.9866184,36.7834964 126.9863088,36.7835027 126.9856943,36.7834767 126.9849471,36.7834086 126.9844363,36.7833444 126.9839258,36.7832537 126.983479,36.7831426 126.9830783,36.7830432 126.9825576,36.7828956 126.9818877,36.7826838 126.9813287,36.782466 126.9808393,36.7822596 126.9801715,36.7819399 126.9792683,36.7815124 126.9782851,36.7810376 126.9770764,36.7804746 126.9757989,36.7798719 126.9751593,36.7795829 126.9747183,36.7793806 126.9742706,36.7791642 126.9733291,36.7787137 126.9727756,36.7784724 126.9713174,36.7777983 126.9699794,36.7772105 126.963673,36.7742644 126.9619845,36.7734835 126.9609647,36.7730146 126.9600126,36.7726197 126.9588992,36.772149 126.9578846,36.7717919 126.9570245,36.7715026 126.9551076,36.7708921 126.9546848,36.7707496 126.9535887,36.7703373 126.9528164,36.7700017 126.9508911,36.7693318 126.9504032,36.7691621 126.9493729,36.7688139 126.9486415,36.7685772 126.947802,36.7683387 126.9471082,36.7681629 126.9454235,36.7675777 126.9453269,36.7675441 126.9449951,36.7674331 126.9140853,36.7570907 126.9095616,36.75566 126.9067944,36.7548207 126.9064104,36.7547126 126.9063956,36.7547084 126.9058969,36.754568 126.8947578,36.7511258 126.8936255,36.7508214 126.8933433,36.7507297 126.8926177,36.7505011 126.8909096,36.74995 126.888281,36.7491204 126.8871143,36.7487835 126.8858251,36.7483965 126.8852971,36.7482362 126.8844427,36.7479729 126.8834514,36.7476487 126.8824235,36.7473125 126.8814201,36.7469844 126.8802959,36.7466142 126.8793383,36.7463065 126.8784185,36.7460243 126.8780124,36.7458657 126.8779925,36.7458579 126.8777044,36.7457423 126.8774174,36.7456205 126.8729221,36.7437625 126.872516,36.7435847 126.8721411,36.7434155 126.8717709,36.7432365 126.8714079,36.7430358 126.8708615,36.7427336 126.8708038,36.7427017 126.8698237,36.7421275 126.8689139,36.7415081 126.8687397,36.7413902 126.8682275,36.7410434 126.8670435,36.7401349 126.8644129,36.7381841 126.862715,36.7368806 126.8626301,36.7368167 126.862547,36.7367542 126.8624666,36.7366937 126.8589938,36.7341285 126.8559032,36.7318874 126.8538234,36.7303091 126.8537166,36.73023 126.8502565,36.7276654 126.8486378,36.7264241 126.8474085,36.7254387 126.84647,36.7246865 126.845269,36.7238011 126.8446404,36.7232981 126.8442677,36.7229943 126.8436841,36.7224793 126.8431845,36.722017 126.842991,36.7218203 126.8425027,36.721324 126.8414353,36.7201283 126.8413232,36.7199977 126.8412485,36.7199106 126.8410934,36.7197384 126.8401316,36.7186708 126.8399358,36.7184534 126.8398792,36.7183848 126.8398392,36.7183364 126.8386028,36.7169313 126.83727,36.7154511 126.8366276,36.7147309 126.8358432,36.7138515 126.8357316,36.713717 126.8355944,36.7135439 126.835244,36.7131018 126.834762,36.7124416 126.8344326,36.71197 126.8341436,36.7114965 126.8338257,36.7109672 126.8334802,36.7102776 126.8332501,36.7097782 126.8329289,36.7090013 126.8327169,36.7084178 126.8324396,36.7075637 126.8322522,36.7068212 126.8318628,36.7051422 126.8314926,36.7036689 126.8312942,36.7027916 126.8304975,36.6995537 126.8302802,36.6986717 126.8302331,36.6984578 126.8297492,36.6965376 126.8294618,36.6953142 126.8294333,36.6951929 126.8293151,36.6946896 126.8292542,36.6943033 126.8292124,36.6939817 126.8291833,36.6937389 126.8290515,36.6926513 126.8289507,36.6919011 126.8289426,36.6917815 126.8289058,36.6912377 126.8288923,36.6910942 126.8288058,36.6901743 126.8283692,36.6858595 126.8282833,36.6849953 126.8282115,36.6843618 126.8281782,36.6840679 126.8281382,36.6836607 126.8281024,36.6832968 126.8280677,36.6829441 126.8280207,36.6824227 126.8279399,36.6818886 126.8278775,36.6814668 126.8278344,36.6812505 126.8277728,36.6809735 126.8276724,36.6806395 126.827556,36.6803006 126.8274383,36.6800042 126.8272786,36.6796737 126.8272262,36.6795758 126.8271015,36.6793428 126.8268609,36.6789673 126.8267022,36.6787424 126.8266529,36.6786726 126.8264043,36.6783423 126.8262039,36.6781295 126.8259473,36.6778648 126.8256378,36.6775855 126.8253381,36.6773269 126.8250119,36.677074 126.8246771,36.6768445 126.8242562,36.6765805 126.8237489,36.6763078 126.8233501,36.676122 126.8230047,36.6759662 126.822362,36.6757236 126.8217899,36.6755652 126.821325,36.6754483 126.8208455,36.6753557 126.8204078,36.6752906 126.8200028,36.6752517 126.819609,36.6752257 126.8191883,36.6752128 126.8185571,36.6752154 126.8178007,36.6752481 126.8169244,36.6753075 126.7998699,36.6764443 126.7995607,36.676467 126.7990124,36.6765073 126.7982803,36.6765715 126.7974261,36.6766697 126.7967591,36.6767628 126.7944357,36.6771138 126.7905587,36.6776969 126.7873284,36.6781975 126.7839534,36.6787059 126.7825328,36.6789233 126.7815065,36.6790739 126.7809468,36.679146 126.780158,36.6792243 126.7796087,36.6792696 126.7792728,36.679286 126.7786946,36.6793087 126.7775534,36.6793314 126.7766571,36.6793196 126.7622423,36.6791167 126.7614873,36.6791456 126.7608717,36.6791725 126.7607277,36.6791797 126.7605418,36.679189 126.7596213,36.6792561 126.7561812,36.6795069 126.7560768,36.6795145 126.7558138,36.6795285 126.7523677,36.6797625 126.7469836,36.6800872 126.7466269,36.6801118 126.7465227,36.6801217 126.7452407,36.6802022 126.7414318,36.680459 126.7367482,36.6807852 126.7363857,36.6808011 126.73589,36.6808121 126.7354704,36.6808015 126.7351289,36.6807869 126.7347634,36.680761 126.7344707,36.6807347 126.7342045,36.6807045 126.7337396,36.6806464 126.7334105,36.6805972 126.7328418,36.6805003 126.7325655,36.6804425 126.7322398,36.6803666 126.7316628,36.6802116 126.7312171,36.6800768 126.7308359,36.6799464 126.730524,36.6798309 126.7301735,36.6796944 126.7297893,36.6795375 126.7294926,36.6794038 126.7291704,36.6792544 126.7289275,36.6791254 126.7285886,36.6789361 126.728164,36.6786848 126.7273437,36.6781769 126.7270697,36.6779878 126.7267792,36.6777779 126.7265547,36.6776006 126.7262811,36.6773708 126.7259729,36.6770944 126.7197119,36.6705256 126.7195204,36.670296 126.7194129,36.6701602 126.7192376,36.6699345 126.7189894,36.669602 126.7187801,36.669266 126.7182238,36.66819 126.7181071,36.6679265 126.7179368,36.6674471 126.7178025,36.6670084 126.7177331,36.6667368 126.7175671,36.6658964 126.7175287,36.6656301 126.7175114,36.665387 126.7175057,36.6651145 126.7174928,36.6648622 126.7174886,36.6647055 126.7174811,36.664429 126.7175006,36.6641872 126.7175255,36.6639732 126.7175495,36.6638304 126.7176112,36.6634376 126.7176527,36.6632323 126.7176836,36.6630941 126.7177597,36.6627892 126.7178389,36.6625375 126.7182454,36.6614678 126.7203453,36.6576115 126.7204501,36.6573938 126.720749,36.6566446 126.7210198,36.6558803 126.7211046,36.6555538 126.7211931,36.6552116 126.7212627,36.6548987 126.7213312,36.6543826 126.7213598,36.6540987 126.7213761,36.6538243 126.7213828,36.6535828 126.7213187,36.652366 126.7212066,36.6513245 126.7208768,36.6493764 126.7208734,36.6493566 126.7208602,36.6492785 126.7206369,36.6479599 126.7200578,36.6444753 126.719815,36.6429465 126.719685,36.6421949 126.7196396,36.6419582 126.7194433,36.6409349 126.7193493,36.6404614 126.7192492,36.6400102 126.7191305,36.6395446 126.719029,36.6391809 126.7188664,36.6386675 126.7187313,36.6382592 126.7185064,36.637641 126.7182687,36.6370466 126.7180456,36.6365443 126.7174201,36.6351903 126.7150333,36.6300769 126.7141925,36.6282812 126.7137163,36.6272455 126.7136708,36.6271466 126.7132901,36.6263187 126.712214,36.6240538 126.7120882,36.6237749 126.7119561,36.6234968 126.7117448,36.623103 126.7115635,36.6227914 126.7113005,36.6223651 126.711054,36.6220063 126.710813,36.6216847 126.7105792,36.6213844 126.7102428,36.6209972 126.7099068,36.6206119 126.7095433,36.6202413 126.7091818,36.6199174 126.7088134,36.6196252 126.7084634,36.6193508 126.7081295,36.6191107 126.7076976,36.6188222 126.7070834,36.6184304 126.7064558,36.6181032 126.7056404,36.6177243 126.7047928,36.6173885 126.7040579,36.617143 126.7033069,36.6169321 126.7026417,36.6167814 126.7017728,36.6166451 126.7009917,36.6165176 126.6930775,36.6153894 126.6924487,36.6152862 126.6919492,36.6151944 126.6914833,36.6150966 126.6912184,36.6150337 126.6908243,36.6149233 126.6904416,36.6148214 126.6900096,36.6146968 126.6896827,36.6145807 126.6892519,36.6144278 126.688837,36.6142657 126.6885446,36.6141431 126.6882364,36.6140061 126.6879419,36.6138579 126.6876525,36.6137043 126.6872469,36.6134742 126.6868467,36.613228 126.6864428,36.6129637 126.6861045,36.6127235 126.6860411,36.6126785 126.6857717,36.6124695 126.6855248,36.6122536 126.6855212,36.6122506 126.6848807,36.6117164 126.6845637,36.6114115 126.6842782,36.6111065 126.6839706,36.6107573 126.6836789,36.6103733 126.6834864,36.6100879 126.6833321,36.6098472 126.6831742,36.6095951 126.6830604,36.6094027 126.6829091,36.6091359 126.6827182,36.6087843 126.6826154,36.6085837 126.682555,36.6084655 126.6825197,36.6083963 126.6824214,36.6081871 126.6823301,36.6079686 126.6822261,36.6076805 126.682127,36.6073812 126.6820997,36.6072915 126.6820709,36.6071876 126.6819919,36.6069031 126.6819779,36.6068438 126.6818725,36.6063985 126.6817871,36.6059742 126.6817465,36.6057425 126.6816936,36.6053476 126.6816611,36.6049918 126.6816064,36.6042403 126.6814739,36.6027717 126.6814671,36.6026716 126.6814986,36.6017174 126.6814863,36.6009655 126.681469,36.6005781 126.6813966,36.5995187 126.6812105,36.59930176</coordinates>
        </LineString>
      </Placemark>
      <Placemark>
        <name>Hongseong to Iksan Station (train)</name>
        <description>&lt;b&gt;Mode:&lt;/b&gt; train&lt;br&gt;Saemaeul 1051 (arr Iksan 12:49)</description>
        <Style>
          <LineStyle>
            <color>ff58eeff</color>
            <width>3</width>
          </LineStyle>
        </Style>
        <LineString>
          <coordinates>126.6812105,36.59930176 126.9460147,35.94116804</coordinates>
        </LineString>
      </Placemark>
      <Placemark>
        <name>Iksan Station to Osong Station (train)</name>
        <description>&lt;b&gt;Mode:&lt;/b&gt; train&lt;br&gt;KTX 510 Iksan→Osong (dep 13:36, arr 14:11)</description>
        <Style>
          <LineStyle>
            <color>ff58eeff</color>
            <width>3</width>
          </LineStyle>
        </Style>
        <LineString>
          <coordinates>126.9460147,35.94116804 126.9453569,35.9411847 126.9453199,35.9410887 126.945256,35.9408318 126.9452245,35.9407102 126.9451989,35.9405788 126.9451846,35.9403416 126.9452264,35.9405617 126.9452961,35.9408313 126.946317,35.9435454 126.9464889,35.9439251 126.9466883,35.94431 126.94735,35.9453766 126.947568,35.9457215 126.9477626,35.946041 126.9478912,35.9463292 126.9480463,35.9466372 126.9481657,35.9468744 126.9486402,35.9481043 126.9487113,35.9482997 126.9487904,35.9485212 126.9489138,35.9489457 126.94895,35.9491173 126.9489781,35.9492693 126.9489996,35.9494495 126.9490117,35.949608 126.9490224,35.9497643 126.9490264,35.9499369 126.9490251,35.9501052 126.9488333,35.955592 126.9488253,35.9559676 126.9488038,35.9563237 126.9487783,35.9566374 126.9487502,35.9568947 126.948714,35.9571823 126.9486657,35.9574635 126.9486026,35.9577718 126.9485007,35.9581973 126.9484095,35.9585197 126.9461887,35.9662767 126.9459996,35.9669583 126.9459097,35.9673187 126.9458587,35.9676346 126.9458105,35.9680872 126.9458131,35.9685181 126.9458386,35.9689023 126.9458802,35.9692616 126.9459999,35.9710016 126.9460443,35.9719605 126.9462099,35.9739092 126.9462211,35.974158 126.9464718,35.9776524 126.9466743,35.9807395 126.9467813,35.9815068 126.9469259,35.9822827 126.9471802,35.9833558 126.9474436,35.9844006 126.9477821,35.9854627 126.9481533,35.9864586 126.9489848,35.9882724 126.9511146,35.992561 126.9521527,35.9944801 126.9537557,35.9978436 126.9553398,36.0010749 126.9573054,36.0048933 126.9597466,36.0097025 126.9597981,36.0098046 126.9602118,36.0106247 126.9617901,36.0137852 126.9631087,36.0164336 126.9646383,36.0194557 126.9654114,36.020901 126.9660198,36.0221291 126.9668636,36.0238062 126.9675078,36.02511 126.9676974,36.0254789 126.9684874,36.0270015 126.9688099,36.0276629 126.9698377,36.0297834 126.9719636,36.0331607 126.973354,36.0353164 126.9756316,36.0385173 126.9833847,36.0500576 126.9858938,36.0535522 126.9898953,36.0592987 126.9906251,36.0603418 126.9915644,36.0616326 127.0039894,36.0795612 127.0079488,36.0851321 127.009611,36.0874949 127.0099629,36.0880077 127.0100223,36.0880944 127.0117563,36.0906213 127.0144637,36.0946582 127.0149304,36.095444 127.0151254,36.0957793 127.0155025,36.0964671 127.0161894,36.097654 127.0170467,36.0995844 127.0175449,36.1005959 127.0181706,36.1018106 127.0185768,36.1026788 127.0188479,36.1033441 127.0193015,36.104591 127.0196132,36.1053101 127.0198858,36.1060322 127.0200131,36.1064378 127.0200453,36.1065403 127.0201071,36.1067373 127.0203272,36.1075127 127.0206242,36.1084203 127.0209651,36.1095613 127.0212683,36.1106152 127.0215499,36.1116106 127.0236629,36.1188619 127.0263505,36.1281738 127.0285211,36.1354817 127.028827,36.1365357 127.0289065,36.1368249 127.0291836,36.1377808 127.0303515,36.1417998 127.0333715,36.1522789 127.0406226,36.1772815 127.0415443,36.1806086 127.0423039,36.1836246 127.0428953,36.1862117 127.0445905,36.1942755 127.0451411,36.1965931 127.0456827,36.1987054 127.0464702,36.2014851 127.0474662,36.204716 127.0499189,36.2122572 127.0523923,36.2196538 127.0531171,36.2219076 127.053898,36.2243312 127.0550398,36.2280314 127.0555654,36.2296986 127.0557,36.2301258 127.0558503,36.2305838 127.0564635,36.2322512 127.0590921,36.2386555 127.0599641,36.2407679 127.0606252,36.242246 127.0608297,36.2427874 127.0621514,36.2457513 127.0645105,36.2514313 127.064682,36.2518165 127.0655817,36.2536968 127.0669062,36.2568276 127.0689203,36.2616491 127.0698077,36.263632 127.0712346,36.2670186 127.0719342,36.2686633 127.0726025,36.2702264 127.0732623,36.271752 127.0738496,36.2732523 127.0749485,36.2759894 127.0758409,36.2782901 127.0767276,36.2808362 127.080335,36.2918175 127.0817667,36.29615 127.0821761,36.2971663 127.0834292,36.3005386 127.0885658,36.3130432 127.0894416,36.3150033 127.0897646,36.3157821 127.0899953,36.3163385 127.0910877,36.3189728 127.0918904,36.3208057 127.0927926,36.3229604 127.0946561,36.3277111 127.0948556,36.3281534 127.0954549,36.3295093 127.0957767,36.3302372 127.095925,36.3305818 127.0972168,36.3336906 127.0975072,36.3343677 127.0978456,36.3352309 127.0980146,36.3356085 127.0981614,36.3359593 127.0987588,36.3373525 127.0988698,36.3376138 127.0994924,36.3390631 127.0996272,36.3393799 127.100149,36.3405995 127.1003345,36.3410348 127.1019263,36.3447019 127.1028571,36.3466665 127.1036518,36.3481093 127.1053646,36.3509758 127.1061197,36.352156 127.1076578,36.3541102 127.1084858,36.3550924 127.1092231,36.35602 127.109934,36.3569635 127.1113398,36.3583866 127.1131192,36.3599327 127.1160452,36.3624543 127.1171864,36.3633839 127.1334526,36.3728663 127.1340003,36.3731758 127.1344219,36.3734141 127.1348172,36.3736488 127.1359734,36.3743352 127.1434791,36.3785565 127.1443378,36.3789978 127.1468346,36.3804202 127.1482723,36.3812725 127.2145745,36.418821 127.2153327,36.4192565 127.2176702,36.4205839 127.2180385,36.420812 127.2619787,36.4454525 127.2736418,36.4524106 127.2761965,36.4537386 127.2765659,36.4539092 127.2828704,36.457479 127.2831241,36.4576339 127.3141731,36.4746259 127.3170199,36.4761246 127.3174942,36.4763834 127.3182902,36.4768267 127.3194693,36.477522 127.3221501,36.4791965 127.3249118,36.4810566 127.3254153,36.4814263 127.325779,36.4816887 127.3269475,36.4825702 127.3282344,36.4835426 127.3296569,36.484752 127.3308432,36.4857788 127.3322296,36.4870415 127.3338972,36.4886357 127.3355355,36.4903371 127.3373554,36.4923705 127.3386817,36.4939514 127.3403708,36.4961993 127.3412195,36.4973718 127.3421551,36.498663 127.3436779,36.5008163 127.3446145,36.502332 127.3455019,36.5038774 127.3462906,36.5054723 127.3469438,36.5070771 127.3489651,36.5130049 127.3491218,36.5134023 127.3508965,36.5190475 127.3509317,36.5191638 127.3540803,36.5289809 127.3560844,36.5354661 127.3568975,36.5379225 127.3581497,36.5417115 127.3583187,36.5422415 127.3584897,36.5428559 127.358774,36.5446789 127.3589671,36.5459201 127.3590422,36.5464287 127.3591284,36.547531 127.3591584,36.5478485 127.3591893,36.5482119 127.3592146,36.5485695 127.3592613,36.5495478 127.3593171,36.5512333 127.3592934,36.5526798 127.3592337,36.5540702 127.3591604,36.5549633 127.3590642,36.5559141 127.3590001,36.5564056 127.3589349,36.5569048 127.3588708,36.5573959 127.358812,36.5578466 127.3583402,36.5609279 127.3581185,36.5626055 127.357902,36.5642835 127.3578897,36.5643729 127.3575406,36.5670965 127.3573932,36.568248 127.3571942,36.5698002 127.3561917,36.5766861 127.3559115,36.5784263 127.3555114,36.5802476 127.3552941,36.5815128 127.3550154,36.5830948 127.3546172,36.5849555 127.3543672,36.5860915 127.3541866,36.5868136 127.3539718,36.5876789 127.3535517,36.5889504 127.3531548,36.5901157 127.352849,36.5908939 127.3524307,36.5919133 127.3519413,36.5930501 127.3513044,36.5942904 127.3506967,36.5954365 127.3495889,36.5973235 127.3485429,36.5989689 127.3482552,36.599375 127.3470605,36.600965 127.3457049,36.6026178 127.3441034,36.6044194 127.3427537,36.6057934 127.3410379,36.6074065 127.3386775,36.6095079 127.336675,36.6113432 127.3327251,36.6148858 127.3317951,36.6157817 127.3308805,36.6166988 127.3299968,36.6175458 127.3293267,36.6181487 127.329253,36.6182198 127.3256991,36.6214098 127.3255422,36.6215637 127.325384,36.6217241 127.3251171,36.6220072 127.3249736,36.6221762 127.3248408,36.622314 127.3245109,36.6226455 127.3239946,36.6231396 127.3235548,36.6235537 127.323027,36.6240296 127.3218125,36.6251408 127.321504,36.6254276 127.3210586,36.6257994 127.3201802,36.6265523 127.3198126,36.6268231 127.320524,36.6261902 127.3205902,36.6261297 127.3206839,36.6260424 127.3207918,36.6259385 127.3208532,36.6258775 127.3210135,36.6257155 127.3213339,36.6253861 127.321444,36.625272 127.3218493,36.6248543 127.3219889,36.6247111 127.32239,36.6242984 127.3226748,36.6240042 127.3228241,36.6238559 127.3229796,36.6237088 127.3233269,36.6233845 127.3236168,36.6231027 127.3236899,36.6230283 127.323755,36.6229601 127.323859,36.6228479 127.3239597,36.6227351 127.3240086,36.6226767 127.3240651,36.6226072 127.3240982,36.622565 127.3241285,36.6225233 127.3241558,36.6224849 127.3241824,36.6224443 127.3242103,36.6224009 127.3242539,36.622328 127.3242981,36.6222464 127.3243335,36.6221755 127.3243583,36.6221216 127.3243721,36.6220898 127.3243896,36.6220475 127.3244075,36.6220027 127.3244252,36.6219538 127.3244379,36.621917 127.3244451,36.6218954 127.3244553,36.6218633 127.3244655,36.6218297 127.3244776,36.6217866 127.3244846,36.6217608 127.3244891,36.6217423 127.3244936,36.6217238 127.3245018,36.6216901 127.3245118,36.6216418 127.3245209,36.6215966 127.3245275,36.621555 127.3245336,36.6215152 127.324538,36.6214811 127.3245438,36.6214324 127.3245481,36.6213848 127.3245517,36.6213363 127.3245537,36.6212886 127.324555,36.6212407 127.3245553,36.6211937 127.324553,36.6211156 127.3245493,36.6210492 127.324542,36.6209675 127.3245255,36.6208499 127.3245088,36.6207632 127.3244933,36.6206934 127.3244754,36.6206248 127.3244558,36.6205598 127.324437,36.6205012 127.3244164,36.6204441 127.3243923,36.6203819 127.324373,36.6203359 127.3243549,36.6202945 127.3243314,36.6202476 127.3242871,36.6201643 127.3240464,36.6197709 127.3238035,36.6193886 127.3236879,36.6192113 127.3236198,36.6191101 127.3233225,36.6186689 127.3229816,36.6182229 127.3226033,36.6178106 127.3222344,36.6174395 127.3215853,36.616896 127.3214666,36.6168043 127.3213137,36.6166902 127.3210737,36.6165126 127.3210039,36.6164609 127.320959,36.6164241 127.3208832,36.6163565 127.3206217,36.6161078 127.3204621,36.6159744 127.3210281,36.6163861 127.3215806,36.6167741 127.3218341,36.6169722 127.3220272,36.6171224 127.3217858,36.6169071 127.3215645,36.6167182 127.3214979,36.6166695 127.3214123,36.616596 127.3213233,36.6165132 127.3212374,36.6164365 127.321141,36.6163568 127.321134,36.6163518 127.320995,36.6162515 127.3208698,36.6161468 127.3207767,36.6160606 127.3206587,36.6159579 127.3209161,36.6161428 127.3209847,36.6161925 127.3213577,36.6164626 127.3216175,36.6166507 127.3221504,36.6170364 127.3242658,36.6185719 127.3255549,36.6195247 127.3274075,36.6208407 127.327378,36.620453</coordinates>
        </LineString>
      </Placemark>
      <Placemark>
        <name>Osong Station to Daejeon Station (train)</name>
        <description>&lt;b&gt;Mode:&lt;/b&gt; train&lt;br&gt;KTX 035 Osong→Daejeon (dep 14:48, arr 15:03) — train/time per doc guess (&amp;#x27;pure guess&amp;#x27; zone); Layover confirms Daejeon stop</description>
        <Style>
          <LineStyle>
            <color>ff58eeff</color>
            <width>3</width>
          </LineStyle>
        </Style>
        <LineString>
          <coordinates>127.327378,36.620453 127.3274075,36.6208407 127.3255549,36.6195247 127.3242658,36.6185719 127.3221504,36.6170364 127.3216175,36.6166507 127.3213577,36.6164626 127.3209847,36.6161925 127.3209161,36.6161428 127.3206587,36.6159579 127.3207767,36.6160606 127.3208698,36.6161468 127.320995,36.6162515 127.321134,36.6163518 127.321141,36.6163568 127.3212374,36.6164365 127.3213233,36.6165132 127.3214123,36.616596 127.3214979,36.6166695 127.3215645,36.6167182 127.3217858,36.6169071 127.3220272,36.6171224 127.3218341,36.6169722 127.3215806,36.6167741 127.3210281,36.6163861 127.3204621,36.6159744 127.3206217,36.6161078 127.3208832,36.6163565 127.320959,36.6164241 127.3210039,36.6164609 127.3210737,36.6165126 127.3213137,36.6166902 127.3214666,36.6168043 127.3215853,36.616896 127.3222344,36.6174395 127.3226033,36.6178106 127.3229816,36.6182229 127.3233225,36.6186689 127.3236198,36.6191101 127.3236879,36.6192113 127.3238035,36.6193886 127.3240464,36.6197709 127.3242871,36.6201643 127.3243314,36.6202476 127.3243549,36.6202945 127.324373,36.6203359 127.3243923,36.6203819 127.3244164,36.6204441 127.324437,36.6205012 127.3244558,36.6205598 127.3244754,36.6206248 127.3244933,36.6206934 127.3245088,36.6207632 127.3245255,36.6208499 127.324542,36.6209675 127.3245493,36.6210492 127.324553,36.6211156 127.3245553,36.6211937 127.324555,36.6212407 127.3245537,36.6212886 127.3245517,36.6213363 127.3245481,36.6213848 127.3245438,36.6214324 127.324538,36.6214811 127.3245336,36.6215152 127.3245275,36.621555 127.3245209,36.6215966 127.3245118,36.6216418 127.3245018,36.6216901 127.3244936,36.6217238 127.3244891,36.6217423 127.3244846,36.6217608 127.3244776,36.6217866 127.3244655,36.6218297 127.3244553,36.6218633 127.3244451,36.6218954 127.3244379,36.621917 127.3244252,36.6219538 127.3244075,36.6220027 127.3243896,36.6220475 127.3243721,36.6220898 127.3243583,36.6221216 127.3243335,36.6221755 127.3242981,36.6222464 127.3242539,36.622328 127.3242103,36.6224009 127.3241824,36.6224443 127.3241558,36.6224849 127.3241285,36.6225233 127.3240982,36.622565 127.3240651,36.6226072 127.3240086,36.6226767 127.3239597,36.6227351 127.323859,36.6228479 127.323755,36.6229601 127.3236899,36.6230283 127.3236168,36.6231027 127.3233269,36.6233845 127.3229796,36.6237088 127.3228241,36.6238559 127.3226748,36.6240042 127.32239,36.6242984 127.3219889,36.6247111 127.3218493,36.6248543 127.321444,36.625272 127.3213339,36.6253861 127.3210135,36.6257155 127.3208532,36.6258775 127.3207918,36.6259385 127.3206839,36.6260424 127.3205902,36.6261297 127.320524,36.6261902 127.3198126,36.6268231 127.3201802,36.6265523 127.3210586,36.6257994 127.321504,36.6254276 127.3218125,36.6251408 127.323027,36.6240296 127.3235548,36.6235537 127.3239946,36.6231396 127.3258451,36.6214817 127.3262163,36.6211533 127.3293863,36.6182981 127.3312691,36.6165739 127.3317847,36.6161124 127.33293,36.6151166 127.3332599,36.6148292 127.3345059,36.6137486 127.343583,36.6056907 127.350381,36.5996062 127.3538613,36.5964991 127.3557078,36.5948161 127.3561125,36.5944763 127.3581335,36.5926377 127.3591482,36.5917194 127.3623316,36.5888689 127.3641204,36.587268 127.3658711,36.5856961 127.3708018,36.5811356 127.371316,36.5806765 127.3722451,36.5797483 127.3731692,36.5787741 127.3764619,36.5752011 127.37903,36.5716947 127.3792857,36.5713436 127.3798283,36.5705727 127.38036,36.5697723 127.3807871,36.5691183 127.3814131,36.5680893 127.3821952,36.5667193 127.3829762,36.5653122 127.3840716,36.5631295 127.3851078,36.5609033 127.3857236,36.5593246 127.386307,36.5577564 127.3865526,36.5570278 127.3941157,36.5314392 127.3944038,36.5304825 127.3952049,36.5278213 127.3953155,36.5274538 127.3968394,36.5224829 127.3982131,36.5175022 127.4016239,36.5056584 127.4029989,36.5011625 127.4040206,36.4977364 127.4058159,36.4916301 127.4063793,36.4896704 127.407255,36.4866686 127.4083089,36.4830283 127.4088081,36.4814041 127.4094941,36.4789747 127.4100224,36.4771978 127.4109216,36.4740993 127.4127081,36.4679935 127.4127806,36.4677616 127.4142804,36.462673 127.4155137,36.4583442 127.4160647,36.456055 127.4163165,36.4549133 127.4165172,36.4537657 127.4167434,36.4523628 127.4169295,36.4509099 127.4170848,36.4495481 127.4172165,36.4480457 127.4172895,36.4469315 127.4173096,36.446028 127.41731,36.4451588 127.4170446,36.440723 127.4167237,36.4351865 127.4165619,36.4322712 127.4165267,36.4314774 127.4164609,36.4299749 127.4164228,36.4289767 127.4163745,36.4277141 127.4163076,36.4263363 127.4162336,36.425229 127.4160384,36.4229162 127.4156621,36.4191712 127.4153705,36.4118464 127.4150564,36.4093074 127.4149539,36.4057624 127.414717,36.4038009 127.4144799,36.4000886 127.4142354,36.3963555 127.4141225,36.3946704 127.414115,36.3945579 127.4141123,36.3930228 127.4140741,36.3926502 127.4139466,36.3914577 127.4138152,36.3901149 127.4134873,36.3878607 127.41348,36.3870352 127.413564,36.386386 127.4137172,36.3857574 127.4138705,36.3853608 127.4141259,36.384785 127.4144169,36.3843189 127.4149323,36.383654 127.4151768,36.3834043 127.415684,36.3829666 127.4165633,36.3824244 127.4169837,36.3821749 127.4174267,36.3819423 127.4184406,36.3814884 127.4194718,36.3811153 127.4200344,36.3809005 127.4205646,36.380626 127.4210285,36.3803383 127.4212662,36.3801538 127.4215309,36.3799237 127.4218255,36.3796304 127.4220681,36.3793559 127.4222673,36.3790763 127.4224606,36.3787135 127.422633,36.3783686 127.4227811,36.377989 127.4228867,36.3775724 127.4229325,36.3771236 127.4229133,36.376667 127.4228654,36.3762344 127.4227375,36.3756678 127.4224776,36.3747533 127.421988,36.3731836 127.4218876,36.3727994 127.4212563,36.3707827 127.4211268,36.3703691 127.42082,36.3693606 127.419829,36.3661794 127.419255,36.3643376 127.4188924,36.3632426 127.4184441,36.3620125 127.4181849,36.3611612 127.4176024,36.359067 127.4174116,36.3584458 127.4172096,36.357773 127.4170906,36.3572814 127.4170399,36.3569226 127.4169931,36.3563587 127.4169765,36.3560035 127.4170002,36.3556658 127.4170777,36.3552653 127.4171758,36.3549222 127.4172658,36.3546666 127.4173421,36.3544662 127.4176503,36.3539528 127.4179635,36.3534311 127.4183291,36.3528701 127.4186326,36.3523976 127.4189704,36.3519103 127.4197701,36.3506722 127.4206237,36.3495368 127.4208616,36.3492235 127.4218078,36.3480361 127.4225455,36.3471388 127.4230965,36.3465215 127.4236833,36.3459059 127.4238573,36.3457347 127.4245097,36.3451194 127.4249972,36.3446655 127.425756,36.3440164 127.426813,36.3431591 127.4274583,36.342627 127.428821,36.3414561 127.4291429,36.3412012 127.4296022,36.340766 127.4299751,36.340374 127.430219,36.340036 127.4304037,36.3397578 127.4306011,36.339411 127.4309841,36.3388359 127.4311261,36.3385612 127.4312593,36.3382691 127.4313404,36.3381473 127.431444,36.3379919 127.4315437,36.3378026 127.4316956,36.3375135 127.4315838,36.3378461 127.4317516,36.3375318 127.4318444,36.3373589 127.4317043,36.3377467 127.4315375,36.3380755 127.4313951,36.3383342 127.4313134,36.3386273 127.4314528,36.3383387 127.4316822,36.3378759 127.4320164,36.3372849 127.4323726,36.3367401 127.4329725,36.3359791 127.4334338,36.3354543 127.4336584,36.3352181 127.4340019,36.3348273 127.4341879,36.3345836 127.4344233,36.3341744 127.4353952,36.3323014 127.4346856,36.33219999</coordinates>
        </LineString>
      </Placemark>
      <Placemark>
        <name>Daejeon Station to Dongdaegu Station (train)</name>
        <description>&lt;b&gt;Mode:&lt;/b&gt; train&lt;br&gt;KTX-Sancheon 255 Daejeon→Dongdaegu (dep 16:15, arr 16:57) — train/time per doc guess; Layover confirms SE move to Dongdaegu</description>
        <Style>
          <LineStyle>
            <color>ff58eeff</color>
            <width>3</width>
          </LineStyle>
        </Style>
        <LineString>
          <coordinates>127.4346856,36.33219999 127.4353952,36.3323014 127.4356621,36.3317609 127.4359394,36.3312066 127.4362463,36.3305968 127.4363132,36.3304661 127.4363923,36.3302763 127.4366551,36.3295385 127.4368275,36.3289387 127.4369204,36.3282419 127.4371948,36.3272327 127.4375845,36.3259961 127.4377884,36.3255851 127.4380096,36.3250752 127.4382219,36.3246924 127.4384628,36.3241611 127.4390064,36.3230652 127.4392347,36.3225964 127.4393807,36.3222565 127.4395955,36.3219588 127.439765,36.3217755 127.4402206,36.3212856 127.4407738,36.320848 127.441119,36.3206062 127.4416124,36.3203206 127.4418854,36.3201766 127.4424709,36.3199478 127.4430181,36.3197655 127.443481,36.3196522 127.4441281,36.3195423 127.4448748,36.3194645 127.4470342,36.3193892 127.4477287,36.3193407 127.4484082,36.3192441 127.4490584,36.3190947 127.449415,36.3189808 127.4499314,36.3187864 127.4505654,36.3185232 127.4509174,36.3183139 127.4514297,36.31797 127.4516498,36.317796 127.4519884,36.31749 127.4523227,36.3171937 127.4531772,36.3163519 127.453562,36.3159978 127.4538313,36.315772 127.4540788,36.3155722 127.4544523,36.315277 127.4547394,36.3150909 127.4550265,36.3149427 127.4553797,36.3147691 127.455666,36.3146365 127.4561696,36.3144638 127.4565231,36.3143513 127.4568563,36.3142776 127.4571468,36.3142064 127.4573181,36.314178 127.4576931,36.3141205 127.458042,36.3140829 127.4583982,36.3140596 127.4587863,36.3140708 127.4591101,36.3140797 127.4594368,36.3140993 127.4598453,36.3141574 127.4610368,36.3143725 127.4625475,36.3147181 127.4632491,36.3148869 127.4641235,36.3150656 127.4643756,36.3151143 127.4646717,36.3151805 127.4663954,36.3153589 127.467316,36.315401 127.4677938,36.3153965 127.4684086,36.3153764 127.4690968,36.3153182 127.4694479,36.3152765 127.4699204,36.3152165 127.4707387,36.3151162 127.4718049,36.3148827 127.4730356,36.3145022 127.4742556,36.3140016 127.4807878,36.3109407 127.4884375,36.3070329 127.4972781,36.3025715 127.5017198,36.3002715 127.5057109,36.2982914 127.511365,36.2954292 127.5127061,36.2947028 127.5156244,36.292982 127.5218843,36.2890936 127.5242688,36.2875201 127.527627,36.2849197 127.5278405,36.284769 127.5311496,36.282833 127.5357195,36.2796898 127.5412663,36.2757458 127.5460943,36.27258 127.5495275,36.2704003 127.5531646,36.2683675 127.5570055,36.2665596 127.5582393,36.2660665 127.5626596,36.2646911 127.5636788,36.2643883 127.5663718,36.2638001 127.5717928,36.2626033 127.5744334,36.2621412 127.5755992,36.2619508 127.576051,36.261877 127.5761928,36.2618538 127.5791253,36.2613746 127.5795793,36.2612985 127.5838903,36.260563 127.5854965,36.2603248 127.5870156,36.26008 127.5877681,36.2599521 127.5885405,36.2598083 127.5892216,36.2596726 127.5898562,36.2595321 127.5918598,36.2591187 127.614072,36.2552621 127.6166197,36.2548771 127.6168831,36.2548397 127.6178817,36.2546722 127.6271404,36.2530673 127.6326155,36.2520073 127.6373058,36.2509618 127.6442546,36.2492205 127.6566719,36.246057 127.6586192,36.2455664 127.6658378,36.2437017 127.6716225,36.2422191 127.6766072,36.240884 127.6779529,36.2404849 127.6843476,36.2383116 127.6919343,36.235098 127.6922759,36.2349533 127.6969972,36.2329534 127.7007209,36.2310668 127.7039485,36.2292607 127.7063054,36.2278627 127.7064747,36.2277717 127.7104125,36.2252426 127.714832,36.2222567 127.7207922,36.2181187 127.7229545,36.2167012 127.7250772,36.2152696 127.7257523,36.2148113 127.726242,36.2144789 127.728491,36.2129521 127.7302329,36.2117511 127.7316039,36.2108396 127.7338807,36.2093096 127.7347502,36.2087404 127.7357982,36.2080946 127.7367067,36.207542 127.7389806,36.2061235 127.740534,36.2051379 127.743399,36.2035275 127.746471,36.2018592 127.7489816,36.2005001 127.749517,36.2001976 127.7550704,36.1971786 127.7584743,36.195317 127.7665975,36.1909052 127.7668903,36.1907764 127.7747078,36.1864064 127.7770131,36.1851895 127.7786915,36.1843034 127.794621,36.1755567 127.7953167,36.1751797 127.7959317,36.1748518 127.8118224,36.1661901 127.8139405,36.1651252 127.8157506,36.1641151 127.8182558,36.1628071 127.820314,36.1615922 127.8221602,36.1606253 127.8232026,36.1600157 127.8243808,36.1593787 127.8269031,36.158028 127.8287172,36.157463 127.8365427,36.156043 127.8451551,36.1542471 127.8620617,36.1507458 127.8749901,36.1480735 127.8786282,36.1474658 127.8822541,36.1469103 127.8935694,36.1454111 127.8937838,36.1454715 127.8946975,36.1454207 127.8967091,36.145309 127.9010835,36.1450661 127.914006,36.1443479 127.9140553,36.1443496 127.9141055,36.1443514 128.0246972,36.1389326 128.0273647,36.1388091 128.0360138,36.1386545 128.0371712,36.1386307 128.0414915,36.1385332 128.0471349,36.1384292 128.0481512,36.1383876 128.0522203,36.1381519 128.0538837,36.1380274 128.0540059,36.1380183 128.056595,36.1377967 128.0582595,36.1376076 128.0583835,36.1375926 128.0603313,36.1373722 128.0646327,36.1367214 128.0655602,36.136581 128.0691504,36.1360378 128.080495,36.1343235 128.0899858,36.1329183 128.1003284,36.1313413 128.1177416,36.1286946 128.1186237,36.1285605 128.1199928,36.1283524 128.1220436,36.1280484 128.1259918,36.1274765 128.1314126,36.1265679 128.1348578,36.1260196 128.1385875,36.1252753 128.1411701,36.1246911 128.1449575,36.1237039 128.1478238,36.1229276 128.1567295,36.1202516 128.1628612,36.1184298 128.1655538,36.1175927 128.1701903,36.1162021 128.1714573,36.1158185 128.1723366,36.1155523 128.1888496,36.1106024 128.189706,36.1103428 128.1911867,36.1098941 128.2092928,36.1045122 128.21624,36.1024085 128.2173671,36.1020672 128.2230705,36.1003394 128.2370558,36.0961364 128.2388889,36.095574 128.2569995,36.0901629 128.2598694,36.0892666 128.2624081,36.088529 128.26427,36.0879537 128.2646392,36.0878397 128.2658859,36.0874468 128.2827669,36.08239 128.2907975,36.0799304 128.2987174,36.0775586 128.3141348,36.0713966 128.3164702,36.0702238 128.3174934,36.0697099 128.3182893,36.0693102 128.3238101,36.0663219 128.3258915,36.0652316 128.3276939,36.0642777 128.328975,36.0636007 128.3292533,36.0634434 128.3325078,36.0616496 128.3336658,36.0609537 128.3366519,36.0593298 128.3401179,36.0575127 128.3445543,36.0551013 128.3495164,36.0523431 128.3550095,36.0492724 128.3594513,36.0466354 128.3620315,36.0450349 128.363989,36.0438185 128.3686651,36.0408895 128.3690393,36.0406575 128.3731858,36.0380861 128.3755498,36.0366202 128.3793908,36.0342382 128.3972382,36.0231408 128.4009933,36.0208153 128.4033629,36.0193414 128.4045124,36.0186285 128.4229818,36.0070948 128.4249459,36.0058745 128.4285219,36.0036384 128.4351675,35.9994549 128.4398989,35.9964877 128.4442089,35.9938748 128.4468766,35.9922321 128.4549792,35.9871021 128.4732579,35.9757951 128.4749589,35.9747086 128.4788562,35.9722632 128.4801357,35.9714688 128.4844521,35.9687343 128.4903735,35.965019 128.4928921,35.9634456 128.4942258,35.9625948 128.4953524,35.9618762 128.4964869,35.9611728 128.4979648,35.9602827 128.4988721,35.9597075 128.4998134,35.9590567 128.5006346,35.9584446 128.5015097,35.9576802 128.5023402,35.9568928 128.5031429,35.9560884 128.5033161,35.955913 128.5039683,35.9552525 128.5046879,35.9544857 128.5055904,35.9535083 128.5066386,35.9521982 128.5074351,35.9510724 128.5080995,35.9499291 128.5085304,35.9490235 128.5089588,35.9479683 128.5092507,35.947014 128.5095177,35.9458888 128.5096868,35.9448369 128.5098122,35.9438787 128.5098783,35.9429138 128.5097591,35.932301 128.5096733,35.9305113 128.509523,35.928687 128.5084982,35.9197905 128.5084627,35.9194605 128.5084209,35.9190821 128.5081127,35.917361 128.5079214,35.9154311 128.5079159,35.9143606 128.5078386,35.913595 128.5078139,35.9133467 128.5065128,35.9015162 128.5065034,35.9009877 128.5065553,35.9006339 128.5066524,35.8996766 128.5067894,35.8988035 128.5068492,35.8985054 128.506914,35.8981823 128.5072389,35.8968799 128.5074268,35.8962984 128.5076117,35.8958192 128.508158,35.8946054 128.5086296,35.8937195 128.5091134,35.8928961 128.5094589,35.8923659 128.5098208,35.891862 128.5102029,35.8913547 128.510956,35.8904158 128.5116186,35.8897027 128.5121355,35.8891831 128.5128733,35.8885048 128.514473,35.8871571 128.5157485,35.8862485 128.5169317,35.8855296 128.5183366,35.8848057 128.5199881,35.8841267 128.5206576,35.8839106 128.5215348,35.8836274 128.5231924,35.8832031 128.5248623,35.8828735 128.5269081,35.882594 128.5311476,35.8821446 128.5335693,35.8819499 128.5352891,35.8817898 128.5360308,35.8817245 128.5376562,35.8816105 128.5382594,35.8815641 128.5399497,35.8814904 128.5417453,35.8813853 128.5429081,35.8813142 128.5447769,35.8812196 128.5458117,35.8811619 128.5465027,35.8811274 128.5503463,35.8809317 128.5522538,35.8808382 128.5537225,35.8807512 128.5542362,35.8807323 128.5545982,35.8807342 128.5547523,35.8807361 128.5552522,35.8807739 128.5554738,35.8807966 128.5559858,35.8808586 128.5562983,35.8809087 128.556574,35.8809599 128.5568482,35.8810148 128.5572288,35.8811051 128.5574358,35.8811581 128.557634,35.881214 128.5580729,35.8813459 128.558763,35.8815825 128.5595434,35.8818435 128.5643762,35.883488 128.5658769,35.8839916 128.5662715,35.8840899 128.5667787,35.884187 128.5672501,35.8842481 128.5677721,35.8842867 128.5680524,35.8842943 128.5684172,35.8842932 128.5687418,35.8842748 128.5690824,35.8842389 128.5694619,35.8841835 128.5700419,35.8840668 128.5703994,35.8839807 128.5708117,35.8838546 128.5711762,35.8837126 128.5716489,35.8834951 128.57194,35.8833303 128.5723082,35.8830969 128.5725094,35.88296 128.5726596,35.8828524 128.5728934,35.8826729 128.5750877,35.8807831 128.5753152,35.8806052 128.5755632,35.880432 128.5758476,35.8802613 128.5761569,35.8801071 128.5764958,35.8799536 128.5767794,35.8798269 128.5771597,35.8796899 128.5774963,35.8795911 128.5778476,35.8794984 128.578157,35.8794271 128.5785081,35.8793481 128.5804578,35.8789676 128.5809145,35.8788784 128.5881309,35.8774699 128.5885167,35.8773946 128.5897263,35.8771455 128.5900402,35.8770879 128.590594,35.8769901 128.5912029,35.8769129 128.5916508,35.8768423 128.5921564,35.8767603 128.5923005,35.8767313 128.5952668,35.8761389 128.5962707,35.8759344 128.5974523,35.8756937 128.5977542,35.8756366 128.5979916,35.8755736 128.598233,35.875503 128.5986514,35.8753802 128.5994668,35.8751487 128.5998692,35.8750424 128.6011947,35.8746702 128.601495,35.8745859 128.6031669,35.8741165 128.6035955,35.8739946 128.603978,35.8739018 128.6043516,35.8738253 128.6047429,35.8737685 128.605027,35.87374 128.6053134,35.8737279 128.6057028,35.8737236 128.6060121,35.8737345 128.6062673,35.8737552 128.6065534,35.8737903 128.6068307,35.8738295 128.6071083,35.8738765 128.6073771,35.8739299 128.6076729,35.8739926 128.6088336,35.8743051 128.6110838,35.8749295 128.61622,35.8763488 128.6166876,35.876473 128.6172122,35.8766123 128.6186868,35.877004 128.6200116,35.8773634 128.6209794,35.8776236 128.6212305,35.8776913 128.6213584,35.8777267 128.6214546,35.8777517 128.6219898,35.8779398 128.6224858,35.8780647 128.6231141,35.87824 128.6237448,35.8784082 128.6243242,35.8785637 128.6246716,35.8786601 128.6249506,35.8787236 128.6252885,35.878797 128.625575,35.8788581 128.6258748,35.878925 128.6261458,35.8789661 128.6269379,35.87916 128.6279042,35.8793974 128.6282898,35.87916842</coordinates>
        </LineString>
      </Placemark>
      <Placemark>
        <name>Seogyeongju Station to Pohang Station (train)</name>
        <description>&lt;b&gt;Mode:&lt;/b&gt; train&lt;br&gt;ITX-Maum 1233 Seogyeongju→Pohang (dep 10:43, arr 11:02)</description>
        <Style>
          <LineStyle>
            <color>ff58eeff</color>
            <width>3</width>
          </LineStyle>
        </Style>
        <LineString>
          <coordinates>129.2011734,35.86876385 129.1792456,35.8825723 129.1795924,35.882959 129.1796273,35.882998 129.1796419,35.883014 129.1797718,35.8831563 129.1800441,35.8834546 129.181374,35.884894 129.1818446,35.8853872 129.1823069,35.8859191 129.1828082,35.8865569 129.1830816,35.8869212 129.1832742,35.8871102 129.183784,35.8876482 129.1843417,35.8881578 129.1848675,35.888716 129.1850786,35.8889402 129.1860627,35.8899736 129.1862119,35.8901306 129.1863082,35.890232 129.1868305,35.8907782 129.1870527,35.8910106 129.18719,35.8911542 129.202135,35.9071038 129.202532,35.9075262 129.2028244,35.9078372 129.2030979,35.9081281 129.2035202,35.9085774 129.2074063,35.9128177 129.2079712,35.9134932 129.2084431,35.9141204 129.2088668,35.9147533 129.2091395,35.9152081 129.2093842,35.9156552 129.2189115,35.9343461 129.2196382,35.9360698 129.2198359,35.9364654 129.2204438,35.937682 129.2210925,35.9389803 129.2225995,35.9421139 129.2229885,35.9429676 129.2290732,35.9584908 129.2294371,35.9594291 129.2296306,35.959928 129.2298425,35.9604882 129.2303485,35.9618218 129.2306226,35.9625444 129.2320666,35.9664202 129.2323767,35.9674803 129.2326038,35.9681377 129.2326123,35.9681616 129.2347924,35.9742833 129.2349138,35.9746239 129.2349449,35.9747114 129.2350248,35.9749357 129.2352944,35.9756956 129.2353058,35.9757277 129.2355829,35.9763961 129.2359588,35.977174 129.2363624,35.9778871 129.2368503,35.9786244 129.2372391,35.9790861 129.2376772,35.9795552 129.2384311,35.9802642 129.2488133,35.9889227 129.252226,35.9918206 129.2528942,35.9923771 129.2544103,35.9935484 129.2594035,35.9979098 129.2604343,35.9988157 129.2614693,35.9997185 129.2626571,36.0007899 129.2633557,36.0014285 129.2643844,36.0022014 129.2646294,36.0023161 129.2649165,36.0023981 129.2652481,36.0024476 129.273481,36.0023619 129.2750444,36.0023587 129.2778221,36.0022922 129.2779036,36.0022902 129.2810948,36.0022138 129.2833862,36.0021568 129.2854101,36.0021459 129.2860132,36.0021832 129.2869491,36.0021845 129.2871554,36.0021847 129.2871892,36.0021847 129.2875485,36.0021852 129.2886955,36.002187 129.2897192,36.0023071 129.2903688,36.0024172 129.2908247,36.0025251 129.2909812,36.0025621 129.2910715,36.0025834 129.2913104,36.0026542 129.2919175,36.0028697 129.292387,36.0031277 129.2928211,36.0034464 129.2931474,36.0038053 129.293425,36.0042168 129.3022174,36.0217774 129.3025141,36.0222934 129.3038128,36.0243189 129.3045474,36.0256048 129.305668,36.0272741 129.3075957,36.0300093 129.3085434,36.0313534 129.3102466,36.0345305 129.3126856,36.038832 129.3131634,36.0396164 129.313639,36.040478 129.3149657,36.0427144 129.31697,36.0447481 129.3180109,36.0454952 129.3188399,36.0459382 129.3212679,36.0468928 129.3265907,36.0487911 129.328737,36.0498596 129.3295543,36.0505933 129.3299676,36.0509665 129.3305179,36.0515085 129.3306228,36.0516587 129.3312311,36.0523414 129.3313579,36.0524836 129.3314893,36.052631 129.3315943,36.0527489 129.3322366,36.0536166 129.3329196,36.0546618 129.3338003,36.0560483 129.3361415,36.0601047 129.3367863,36.0612057 129.3378584,36.0630364 129.3398516,36.0664611 129.3403046,36.0674151 129.3403235,36.0674499 129.3399408,36.0668631 129.3401542,36.0672692 129.3404503,36.067889 129.3408728,36.0688967 129.3410582,36.0691552 129.341345,36.0696028 129.3420179,36.0707778 129.3424329,36.0714589 129.3415091,36.0718893</coordinates>
        </LineString>
      </Placemark>
      <Placemark>
        <name>Pohang Station to Seogyeongju Station (train)</name>
        <description>&lt;b&gt;Mode:&lt;/b&gt; train&lt;br&gt;ITX-Maum 1252 Pohang→Seogyeongju (dep 13:54, arr 14:14)</description>
        <Style>
          <LineStyle>
            <color>ff58eeff</color>
            <width>3</width>
          </LineStyle>
        </Style>
        <LineString>
          <coordinates>129.3415091,36.0718893 129.3424329,36.0714589 129.3420179,36.0707778 129.341345,36.0696028 129.3410582,36.0691552 129.3408728,36.0688967 129.3404503,36.067889 129.3401542,36.0672692 129.3399408,36.0668631 129.3403235,36.0674499 129.3403046,36.0674151 129.3398516,36.0664611 129.3378584,36.0630364 129.3367863,36.0612057 129.3361415,36.0601047 129.3338003,36.0560483 129.3329196,36.0546618 129.3322366,36.0536166 129.3315943,36.0527489 129.3314893,36.052631 129.3313579,36.0524836 129.3312311,36.0523414 129.3306228,36.0516587 129.3305179,36.0515085 129.3299676,36.0509665 129.3295543,36.0505933 129.328737,36.0498596 129.3265907,36.0487911 129.3212679,36.0468928 129.3188399,36.0459382 129.3180109,36.0454952 129.31697,36.0447481 129.3149657,36.0427144 129.313639,36.040478 129.3131634,36.0396164 129.3126856,36.038832 129.3102466,36.0345305 129.3085434,36.0313534 129.3075957,36.0300093 129.305668,36.0272741 129.3045474,36.0256048 129.3038128,36.0243189 129.3025141,36.0222934 129.3022174,36.0217774 129.293425,36.0042168 129.2931474,36.0038053 129.2928211,36.0034464 129.292387,36.0031277 129.2919175,36.0028697 129.2913104,36.0026542 129.2910715,36.0025834 129.2909812,36.0025621 129.2908247,36.0025251 129.2903688,36.0024172 129.2897192,36.0023071 129.2886955,36.002187 129.2875485,36.0021852 129.2871892,36.0021847 129.2871554,36.0021847 129.2869491,36.0021845 129.2860132,36.0021832 129.2854101,36.0021459 129.2833862,36.0021568 129.2810948,36.0022138 129.2779036,36.0022902 129.2778221,36.0022922 129.2750444,36.0023587 129.273481,36.0023619 129.2652481,36.0024476 129.2649165,36.0023981 129.2646294,36.0023161 129.2643844,36.0022014 129.2633557,36.0014285 129.2626571,36.0007899 129.2614693,35.9997185 129.2604343,35.9988157 129.2594035,35.9979098 129.2544103,35.9935484 129.2528942,35.9923771 129.252226,35.9918206 129.2488133,35.9889227 129.2384311,35.9802642 129.2376772,35.9795552 129.2372391,35.9790861 129.2368503,35.9786244 129.2363624,35.9778871 129.2359588,35.977174 129.2355829,35.9763961 129.2353058,35.9757277 129.2352944,35.9756956 129.2350248,35.9749357 129.2349449,35.9747114 129.2349138,35.9746239 129.2347924,35.9742833 129.2326123,35.9681616 129.2326038,35.9681377 129.2323767,35.9674803 129.2320666,35.9664202 129.2306226,35.9625444 129.2303485,35.9618218 129.2298425,35.9604882 129.2296306,35.959928 129.2294371,35.9594291 129.2290732,35.9584908 129.2229885,35.9429676 129.2225995,35.9421139 129.2210925,35.9389803 129.2204438,35.937682 129.2198359,35.9364654 129.2196382,35.9360698 129.2189115,35.9343461 129.2093842,35.9156552 129.2091395,35.9152081 129.2088668,35.9147533 129.2084431,35.9141204 129.2079712,35.9134932 129.2074063,35.9128177 129.2035202,35.9085774 129.2030979,35.9081281 129.2028244,35.9078372 129.202532,35.9075262 129.202135,35.9071038 129.18719,35.8911542 129.1870527,35.8910106 129.1868305,35.8907782 129.1863082,35.890232 129.1862119,35.8901306 129.1860627,35.8899736 129.1850786,35.8889402 129.1848675,35.888716 129.1843417,35.8881578 129.183784,35.8876482 129.1832742,35.8871102 129.1830816,35.8869212 129.1828082,35.8865569 129.1823069,35.8859191 129.1818446,35.8853872 129.181374,35.884894 129.1800441,35.8834546 129.1797718,35.8831563 129.1796419,35.883014 129.1796273,35.882998 129.1795924,35.882959 129.1792456,35.8825723 129.2011734,35.86876385</coordinates>
        </LineString>
      </Placemark>
      <Placemark>
        <name>Seogyeongju Station to Pohang Station (train)</name>
        <description>&lt;b&gt;Mode:&lt;/b&gt; train&lt;br&gt;ITX-Maum 1255 Seogyeongju→Pohang (dep 15:00, arr 15:18)</description>
        <Style>
          <LineStyle>
            <color>ff58eeff</color>
            <width>3</width>
          </LineStyle>
        </Style>
        <LineString>
          <coordinates>129.2011734,35.86876385 129.1792456,35.8825723 129.1795924,35.882959 129.1796273,35.882998 129.1796419,35.883014 129.1797718,35.8831563 129.1800441,35.8834546 129.181374,35.884894 129.1818446,35.8853872 129.1823069,35.8859191 129.1828082,35.8865569 129.1830816,35.8869212 129.1832742,35.8871102 129.183784,35.8876482 129.1843417,35.8881578 129.1848675,35.888716 129.1850786,35.8889402 129.1860627,35.8899736 129.1862119,35.8901306 129.1863082,35.890232 129.1868305,35.8907782 129.1870527,35.8910106 129.18719,35.8911542 129.202135,35.9071038 129.202532,35.9075262 129.2028244,35.9078372 129.2030979,35.9081281 129.2035202,35.9085774 129.2074063,35.9128177 129.2079712,35.9134932 129.2084431,35.9141204 129.2088668,35.9147533 129.2091395,35.9152081 129.2093842,35.9156552 129.2189115,35.9343461 129.2196382,35.9360698 129.2198359,35.9364654 129.2204438,35.937682 129.2210925,35.9389803 129.2225995,35.9421139 129.2229885,35.9429676 129.2290732,35.9584908 129.2294371,35.9594291 129.2296306,35.959928 129.2298425,35.9604882 129.2303485,35.9618218 129.2306226,35.9625444 129.2320666,35.9664202 129.2323767,35.9674803 129.2326038,35.9681377 129.2326123,35.9681616 129.2347924,35.9742833 129.2349138,35.9746239 129.2349449,35.9747114 129.2350248,35.9749357 129.2352944,35.9756956 129.2353058,35.9757277 129.2355829,35.9763961 129.2359588,35.977174 129.2363624,35.9778871 129.2368503,35.9786244 129.2372391,35.9790861 129.2376772,35.9795552 129.2384311,35.9802642 129.2488133,35.9889227 129.252226,35.9918206 129.2528942,35.9923771 129.2544103,35.9935484 129.2594035,35.9979098 129.2604343,35.9988157 129.2614693,35.9997185 129.2626571,36.0007899 129.2633557,36.0014285 129.2643844,36.0022014 129.2646294,36.0023161 129.2649165,36.0023981 129.2652481,36.0024476 129.273481,36.0023619 129.2750444,36.0023587 129.2778221,36.0022922 129.2779036,36.0022902 129.2810948,36.0022138 129.2833862,36.0021568 129.2854101,36.0021459 129.2860132,36.0021832 129.2869491,36.0021845 129.2871554,36.0021847 129.2871892,36.0021847 129.2875485,36.0021852 129.2886955,36.002187 129.2897192,36.0023071 129.2903688,36.0024172 129.2908247,36.0025251 129.2909812,36.0025621 129.2910715,36.0025834 129.2913104,36.0026542 129.2919175,36.0028697 129.292387,36.0031277 129.2928211,36.0034464 129.2931474,36.0038053 129.293425,36.0042168 129.3022174,36.0217774 129.3025141,36.0222934 129.3038128,36.0243189 129.3045474,36.0256048 129.305668,36.0272741 129.3075957,36.0300093 129.3085434,36.0313534 129.3102466,36.0345305 129.3126856,36.038832 129.3131634,36.0396164 129.313639,36.040478 129.3149657,36.0427144 129.31697,36.0447481 129.3180109,36.0454952 129.3188399,36.0459382 129.3212679,36.0468928 129.3265907,36.0487911 129.328737,36.0498596 129.3295543,36.0505933 129.3299676,36.0509665 129.3305179,36.0515085 129.3306228,36.0516587 129.3312311,36.0523414 129.3313579,36.0524836 129.3314893,36.052631 129.3315943,36.0527489 129.3322366,36.0536166 129.3329196,36.0546618 129.3338003,36.0560483 129.3361415,36.0601047 129.3367863,36.0612057 129.3378584,36.0630364 129.3398516,36.0664611 129.3403046,36.0674151 129.3403235,36.0674499 129.3399408,36.0668631 129.3401542,36.0672692 129.3404503,36.067889 129.3408728,36.0688967 129.3410582,36.0691552 129.341345,36.0696028 129.3420179,36.0707778 129.3424329,36.0714589 129.3415091,36.0718893</coordinates>
        </LineString>
      </Placemark>
      <Placemark>
        <name>Pohang Station to Dongdaegu Station (train)</name>
        <description>&lt;b&gt;Mode:&lt;/b&gt; train&lt;br&gt;KTX-Sancheon 248 Pohang→Dongdaegu (dep 16:21, arr 16:56)</description>
        <Style>
          <LineStyle>
            <color>ff58eeff</color>
            <width>3</width>
          </LineStyle>
        </Style>
        <LineString>
          <coordinates>129.3415091,36.0718893 128.6282898,35.87916842</coordinates>
        </LineString>
      </Placemark>
      <Placemark>
        <name>Dongdaegu Station to Osong Station (train)</name>
        <description>&lt;b&gt;Mode:&lt;/b&gt; train&lt;br&gt;KTX 050 Dongdaegu→Osong (dep 17:48, arr 18:46)</description>
        <Style>
          <LineStyle>
            <color>ff58eeff</color>
            <width>3</width>
          </LineStyle>
        </Style>
        <LineString>
          <coordinates>128.6282898,35.87916842 127.327378,36.620453</coordinates>
        </LineString>
      </Placemark>
      <Placemark>
        <name>Osong Station to Yongsan Station (train)</name>
        <description>&lt;b&gt;Mode:&lt;/b&gt; train&lt;br&gt;KTX 472 Osong→Yongsan (dep 08:30, arr 09:25) — blockers eat 호두과자 north of Cheonan-Asan on this ride (Hwaseong-si/Bongdam-eup clip, no coords in doc)</description>
        <Style>
          <LineStyle>
            <color>ff58eeff</color>
            <width>3</width>
          </LineStyle>
        </Style>
        <LineString>
          <coordinates>127.327378,36.620453 126.9648276,37.52995733</coordinates>
        </LineString>
      </Placemark>
    </Folder>
    <Folder>
      <name>Sam Denby</name>
      <Placemark>
        <name>Yongsan Station</name>
        <description>&lt;b&gt;Team:&lt;/b&gt; Sam Denby&lt;br&gt;&lt;b&gt;Notes:&lt;/b&gt;&lt;ul&gt;&lt;li&gt;Blocker (with Adam) start Day 1 of Ben&amp;#x27;s run, 7:00 per doc&lt;/li&gt;&lt;li&gt;Sam&amp;#x27;s 07:17 KST social post on Apr 2&lt;/li&gt;&lt;/ul&gt;</description>
        <TimeSpan>
          <begin>2025-04-02T07:00:00</begin>
        </TimeSpan>
        <Style>
          <IconStyle>
            <color>ff007cf5</color>
            <scale>1.2</scale>
            <Icon>
              <href>https://maps.google.com/mapfiles/kml/pushpin/wht-blank.png</href>
            </Icon>
          </IconStyle>
        </Style>
        <Point>
          <coordinates>126.9648276,37.52995733</coordinates>
        </Point>
      </Placemark>
      <Placemark>
        <name>Cheonan-Asan</name>
        <description>&lt;b&gt;Team:&lt;/b&gt; Sam Denby&lt;br&gt;&lt;b&gt;Notes:&lt;/b&gt;&lt;ul&gt;&lt;li&gt;Pass-through node on the 07:05 KTX (with Adam)&lt;/li&gt;&lt;/ul&gt;</description>
        <Style>
          <IconStyle>
            <color>ff007cf5</color>
            <scale>1.2</scale>
            <Icon>
              <href>https://maps.google.com/mapfiles/kml/pushpin/wht-blank.png</href>
            </Icon>
          </IconStyle>
        </Style>
        <Point>
          <coordinates>127.1045762,36.7943331</coordinates>
        </Point>
      </Placemark>
      <Placemark>
        <name>Osong Station</name>
        <description>&lt;b&gt;Team:&lt;/b&gt; Sam Denby&lt;br&gt;&lt;b&gt;Notes:&lt;/b&gt;&lt;ul&gt;&lt;li&gt;Blocker hub Day 1 (with Adam); ~4–5 cards drawn en route&lt;/li&gt;&lt;li&gt;Layover ep-1 recap: arrived via Asan; this platform services the Jecheon line&lt;/li&gt;&lt;li&gt;Sam &amp;amp; Adam construction-zone clip ~10:00 ±1h solar (36.61901, 127.32727)&lt;/li&gt;&lt;li&gt;Doc outline variant instead: ITX-Saemaeul 1081 via Jochiwon — competing reconstruction&lt;/li&gt;&lt;/ul&gt;</description>
        <Style>
          <IconStyle>
            <color>ff007cf5</color>
            <scale>1.2</scale>
            <Icon>
              <href>https://maps.google.com/mapfiles/kml/pushpin/wht-blank.png</href>
            </Icon>
          </IconStyle>
        </Style>
        <Point>
          <coordinates>127.327378,36.620453</coordinates>
        </Point>
      </Placemark>
      <Placemark>
        <name>Jecheon</name>
        <description>&lt;b&gt;Team:&lt;/b&gt; Sam Denby&lt;br&gt;&lt;b&gt;Notes:&lt;/b&gt;&lt;ul&gt;&lt;li&gt;Blockers&amp;#x27; (Sam+Adam) Day 1 northeast move during Ben&amp;#x27;s run; exact extent/service unknown&lt;/li&gt;&lt;/ul&gt;</description>
        <Style>
          <IconStyle>
            <color>ff007cf5</color>
            <scale>1.2</scale>
            <Icon>
              <href>https://maps.google.com/mapfiles/kml/pushpin/wht-blank.png</href>
            </Icon>
          </IconStyle>
        </Style>
        <Point>
          <coordinates>128.2059487,37.12707938</coordinates>
        </Point>
      </Placemark>
      <Placemark>
        <name>Osong Station</name>
        <description>&lt;b&gt;Team:&lt;/b&gt; Sam Denby&lt;br&gt;&lt;b&gt;Notes:&lt;/b&gt;&lt;ul&gt;&lt;li&gt;~11:22: Ben confirmed heading to Iksan via Hongseong&lt;/li&gt;&lt;li&gt;Took KTX 413 (alt: KTX 509 toward Yeosu EXPO, dep 11:44, arr Iksan 12:19)&lt;/li&gt;&lt;/ul&gt;</description>
        <Style>
          <IconStyle>
            <color>ff007cf5</color>
            <scale>1.2</scale>
            <Icon>
              <href>https://maps.google.com/mapfiles/kml/pushpin/wht-blank.png</href>
            </Icon>
          </IconStyle>
        </Style>
        <Point>
          <coordinates>127.327378,36.620453</coordinates>
        </Point>
      </Placemark>
      <Placemark>
        <name>Iksan Station</name>
        <description>&lt;b&gt;Team:&lt;/b&gt; Sam Denby&lt;br&gt;&lt;b&gt;Notes:&lt;/b&gt;&lt;ul&gt;&lt;li&gt;Battle Challenge vs Ben (with Adam) — Ben loses and crashes ~13:00–13:15&lt;/li&gt;&lt;/ul&gt;</description>
        <TimeSpan>
          <begin>2025-04-02T11:54:00</begin>
        </TimeSpan>
        <Style>
          <IconStyle>
            <color>ff007cf5</color>
            <scale>1.2</scale>
            <Icon>
              <href>https://maps.google.com/mapfiles/kml/pushpin/wht-blank.png</href>
            </Icon>
          </IconStyle>
        </Style>
        <Point>
          <coordinates>126.9460147,35.94116804</coordinates>
        </Point>
      </Placemark>
      <Placemark>
        <name>Iksan Station</name>
        <description>&lt;b&gt;Team:&lt;/b&gt; Sam Denby&lt;br&gt;&lt;b&gt;Notes:&lt;/b&gt;&lt;ul&gt;&lt;li&gt;Sam&amp;#x27;s run starts ~14:00–14:30 (approximate per doc) from Iksan, Ben&amp;#x27;s crash point&lt;/li&gt;&lt;/ul&gt;</description>
        <Style>
          <IconStyle>
            <color>ff007cf5</color>
            <scale>1.2</scale>
            <Icon>
              <href>https://maps.google.com/mapfiles/kml/pushpin/wht-blank.png</href>
            </Icon>
          </IconStyle>
        </Style>
        <Point>
          <coordinates>126.9460147,35.94116804</coordinates>
        </Point>
      </Placemark>
      <Placemark>
        <name>Osong Station</name>
        <description>&lt;b&gt;Team:&lt;/b&gt; Sam Denby&lt;br&gt;&lt;b&gt;Notes:&lt;/b&gt;&lt;ul&gt;&lt;li&gt;Roadblock CLEARED — &amp;#x27;Google Maps rating&amp;#x27; challenge (Layover-confirmed; blockers&amp;#x27; 20-min delay let Sam deduce the park)&lt;/li&gt;&lt;li&gt;Waited at Osong &amp;#x27;on the high speed line... one direction or the other&amp;#x27; while blockers misread him as going south (Layover)&lt;/li&gt;&lt;li&gt;Platform 13 clip (Chungbuk Line toward Cheongju/Jecheon/Yeongju, person with Sam) — presumably during Sam&amp;#x27;s run&lt;/li&gt;&lt;/ul&gt;</description>
        <TimeSpan>
          <begin>2025-04-02T15:03:00</begin>
        </TimeSpan>
        <Style>
          <IconStyle>
            <color>ff007cf5</color>
            <scale>1.2</scale>
            <Icon>
              <href>https://maps.google.com/mapfiles/kml/pushpin/wht-blank.png</href>
            </Icon>
          </IconStyle>
        </Style>
        <Point>
          <coordinates>127.327378,36.620453</coordinates>
        </Point>
      </Placemark>
      <Placemark>
        <name>Yongsan Station</name>
        <description>&lt;b&gt;Team:&lt;/b&gt; Sam Denby&lt;br&gt;&lt;b&gt;Notes:&lt;/b&gt;&lt;ul&gt;&lt;li&gt;Layover: crowded trains, little footage until &amp;#x27;back to Yongsan and Seoul&amp;#x27;&lt;/li&gt;&lt;/ul&gt;</description>
        <TimeSpan>
          <begin>2025-04-02T17:22:00</begin>
        </TimeSpan>
        <Style>
          <IconStyle>
            <color>ff007cf5</color>
            <scale>1.2</scale>
            <Icon>
              <href>https://maps.google.com/mapfiles/kml/pushpin/wht-blank.png</href>
            </Icon>
          </IconStyle>
        </Style>
        <Point>
          <coordinates>126.9648276,37.52995733</coordinates>
        </Point>
      </Placemark>
      <Placemark>
        <name>Sangbong Station</name>
        <description>&lt;b&gt;Team:&lt;/b&gt; Sam Denby&lt;br&gt;&lt;b&gt;Notes:&lt;/b&gt;&lt;ul&gt;&lt;li&gt;Timed out in Seoul end of Day 1; &amp;#x27;perfect connection the following morning&amp;#x27; (~7:12 per transcript / 7:16 per doc)&lt;/li&gt;&lt;/ul&gt;&lt;br&gt;&lt;b&gt;End of day 1&lt;/b&gt;</description>
        <TimeSpan>
          <begin>2025-04-02T18:16:00</begin>
        </TimeSpan>
        <Style>
          <IconStyle>
            <color>ff007cf5</color>
            <scale>1.2</scale>
            <Icon>
              <href>https://maps.google.com/mapfiles/kml/pushpin/wht-blank.png</href>
            </Icon>
          </IconStyle>
        </Style>
        <Point>
          <coordinates>127.085664,37.59701805</coordinates>
        </Point>
      </Placemark>
      <Placemark>
        <name>Sangbong Station</name>
        <description>&lt;b&gt;Team:&lt;/b&gt; Sam Denby&lt;br&gt;&lt;b&gt;Notes:&lt;/b&gt;&lt;ul&gt;&lt;li&gt;Day 2 start; doc: KTX 841 from Sangbong 07:16 (or boarded Cheongnyangni / Yangpyeong 07:44 — ambiguous)&lt;/li&gt;&lt;/ul&gt;</description>
        <Style>
          <IconStyle>
            <color>ff007cf5</color>
            <scale>1.2</scale>
            <Icon>
              <href>https://maps.google.com/mapfiles/kml/pushpin/wht-blank.png</href>
            </Icon>
          </IconStyle>
        </Style>
        <Point>
          <coordinates>127.085664,37.59701805</coordinates>
        </Point>
      </Placemark>
      <Placemark>
        <name>Jinbu Station</name>
        <description>&lt;b&gt;Team:&lt;/b&gt; Sam Denby&lt;br&gt;&lt;b&gt;Notes:&lt;/b&gt;&lt;ul&gt;&lt;li&gt;KTX 841 timepoint arr 08:42 dep 08:43; &amp;#x27;I really hope we don&amp;#x27;t have a Battle Challenge&amp;#x27; clip&lt;/li&gt;&lt;/ul&gt;</description>
        <TimeSpan>
          <begin>2025-04-03T08:42:00</begin>
        </TimeSpan>
        <Style>
          <IconStyle>
            <color>ff007cf5</color>
            <scale>1.2</scale>
            <Icon>
              <href>https://maps.google.com/mapfiles/kml/pushpin/wht-blank.png</href>
            </Icon>
          </IconStyle>
        </Style>
        <Point>
          <coordinates>128.575125,37.6427627</coordinates>
        </Point>
      </Placemark>
      <Placemark>
        <name>Donghae Station</name>
        <description>&lt;b&gt;Team:&lt;/b&gt; Sam Denby&lt;br&gt;&lt;b&gt;Notes:&lt;/b&gt;&lt;ul&gt;&lt;li&gt;KTX 841 terminates here (unusually express, per Layover)&lt;/li&gt;&lt;li&gt;Beach clip ~9:30 solar at Hanseom Beach, Mukho (37.51987, 129.12237)&lt;/li&gt;&lt;li&gt;Blockers had planned to cover &amp;#x27;Yeongju or Donghae&amp;#x27; but their first train wouldn&amp;#x27;t leave (delay) (Layover)&lt;/li&gt;&lt;/ul&gt;</description>
        <TimeSpan>
          <begin>2025-04-03T09:39:00</begin>
        </TimeSpan>
        <Style>
          <IconStyle>
            <color>ff007cf5</color>
            <scale>1.2</scale>
            <Icon>
              <href>https://maps.google.com/mapfiles/kml/pushpin/wht-blank.png</href>
            </Icon>
          </IconStyle>
        </Style>
        <Point>
          <coordinates>129.1225982,37.49755738</coordinates>
        </Point>
      </Placemark>
      <Placemark>
        <name>Pohang Station</name>
        <description>&lt;b&gt;Team:&lt;/b&gt; Sam Denby&lt;br&gt;&lt;b&gt;Notes:&lt;/b&gt;&lt;ul&gt;&lt;li&gt;Battle Challenge vs blockers (Ben+Adam) — Sam WINS&lt;/li&gt;&lt;li&gt;&amp;#x27;We are going to declare a Battle Challenge&amp;#x27; clip at station entrance (robot statue 36.07166, 129.34140)&lt;/li&gt;&lt;/ul&gt;</description>
        <TimeSpan>
          <begin>2025-04-03T12:37:00</begin>
        </TimeSpan>
        <Style>
          <IconStyle>
            <color>ff007cf5</color>
            <scale>1.2</scale>
            <Icon>
              <href>https://maps.google.com/mapfiles/kml/pushpin/wht-blank.png</href>
            </Icon>
          </IconStyle>
        </Style>
        <Point>
          <coordinates>129.3415091,36.0718893</coordinates>
        </Point>
      </Placemark>
      <Placemark>
        <name>Seogyeongju Station</name>
        <description>&lt;b&gt;Team:&lt;/b&gt; Sam Denby&lt;br&gt;&lt;b&gt;Notes:&lt;/b&gt;&lt;ul&gt;&lt;li&gt;CRASH — roadblock placed by blockers earlier on Day 2; Sam&amp;#x27;s run ends&lt;/li&gt;&lt;li&gt;Run distance per doc: ~672.2–699 km (conflicting figures)&lt;/li&gt;&lt;li&gt;SRT 393 via Dongdaegu variant crossed out in doc (SRT likely not in play; solar times don&amp;#x27;t fit)&lt;/li&gt;&lt;/ul&gt;</description>
        <TimeSpan>
          <begin>2025-04-03T14:14:00</begin>
        </TimeSpan>
        <Style>
          <IconStyle>
            <color>ff007cf5</color>
            <scale>1.2</scale>
            <Icon>
              <href>https://maps.google.com/mapfiles/kml/pushpin/wht-blank.png</href>
            </Icon>
          </IconStyle>
        </Style>
        <Point>
          <coordinates>129.2011734,35.86876385</coordinates>
        </Point>
      </Placemark>
      <Placemark>
        <name>Seogyeongju Station</name>
        <description>&lt;b&gt;Team:&lt;/b&gt; Sam Denby&lt;br&gt;&lt;b&gt;Notes:&lt;/b&gt;&lt;ul&gt;&lt;li&gt;Role switch: becomes blocker (with Ben) for Adam&amp;#x27;s run; departs 15:00&lt;/li&gt;&lt;/ul&gt;</description>
        <Style>
          <IconStyle>
            <color>ff007cf5</color>
            <scale>1.2</scale>
            <Icon>
              <href>https://maps.google.com/mapfiles/kml/pushpin/wht-blank.png</href>
            </Icon>
          </IconStyle>
        </Style>
        <Point>
          <coordinates>129.2011734,35.86876385</coordinates>
        </Point>
      </Placemark>
      <Placemark>
        <name>Pohang Station</name>
        <description>&lt;b&gt;Team:&lt;/b&gt; Sam Denby&lt;br&gt;&lt;b&gt;Notes:&lt;/b&gt;&lt;ul&gt;&lt;li&gt;Roadblock placed (with Ben)&lt;/li&gt;&lt;li&gt;Outline variant: Day 2 ends at Pohang via KTX 247 — AMBIGUOUS, main kept&lt;/li&gt;&lt;/ul&gt;</description>
        <TimeSpan>
          <begin>2025-04-03T15:18:00</begin>
        </TimeSpan>
        <Style>
          <IconStyle>
            <color>ff007cf5</color>
            <scale>1.2</scale>
            <Icon>
              <href>https://maps.google.com/mapfiles/kml/pushpin/wht-blank.png</href>
            </Icon>
          </IconStyle>
        </Style>
        <Point>
          <coordinates>129.3415091,36.0718893</coordinates>
        </Point>
      </Placemark>
      <Placemark>
        <name>Dongdaegu Station</name>
        <description>&lt;b&gt;Team:&lt;/b&gt; Sam Denby&lt;br&gt;&lt;b&gt;Notes:&lt;/b&gt;&lt;ul&gt;&lt;li&gt;Roadblock placed (with Ben) — Adam clears it on arrival 18:41&lt;/li&gt;&lt;/ul&gt;</description>
        <TimeSpan>
          <begin>2025-04-03T16:56:00</begin>
        </TimeSpan>
        <Style>
          <IconStyle>
            <color>ff007cf5</color>
            <scale>1.2</scale>
            <Icon>
              <href>https://maps.google.com/mapfiles/kml/pushpin/wht-blank.png</href>
            </Icon>
          </IconStyle>
        </Style>
        <Point>
          <coordinates>128.6282898,35.87916842</coordinates>
        </Point>
      </Placemark>
      <Placemark>
        <name>Osong Station</name>
        <description>&lt;b&gt;Team:&lt;/b&gt; Sam Denby&lt;br&gt;&lt;b&gt;Notes:&lt;/b&gt;&lt;ul&gt;&lt;li&gt;End of Day 2 (with Ben)&lt;/li&gt;&lt;/ul&gt;&lt;br&gt;&lt;b&gt;End of day 2&lt;/b&gt;</description>
        <TimeSpan>
          <begin>2025-04-03T18:46:00</begin>
        </TimeSpan>
        <Style>
          <IconStyle>
            <color>ff007cf5</color>
            <scale>1.2</scale>
            <Icon>
              <href>https://maps.google.com/mapfiles/kml/pushpin/wht-blank.png</href>
            </Icon>
          </IconStyle>
        </Style>
        <Point>
          <coordinates>127.327378,36.620453</coordinates>
        </Point>
      </Placemark>
      <Placemark>
        <name>Osong Station</name>
        <description>&lt;b&gt;Team:&lt;/b&gt; Sam Denby&lt;br&gt;&lt;b&gt;Notes:&lt;/b&gt;&lt;ul&gt;&lt;li&gt;Day 3: roadblock placed at Osong (with Ben)&lt;/li&gt;&lt;/ul&gt;</description>
        <Style>
          <IconStyle>
            <color>ff007cf5</color>
            <scale>1.2</scale>
            <Icon>
              <href>https://maps.google.com/mapfiles/kml/pushpin/wht-blank.png</href>
            </Icon>
          </IconStyle>
        </Style>
        <Point>
          <coordinates>127.327378,36.620453</coordinates>
        </Point>
      </Placemark>
      <Placemark>
        <name>Yongsan Station</name>
        <description>&lt;b&gt;Team:&lt;/b&gt; Sam Denby&lt;br&gt;&lt;b&gt;Notes:&lt;/b&gt;&lt;ul&gt;&lt;li&gt;Prep + Battle Challenge vs Adam ~11:00 (blindfolded ramen) — outcome unknown&lt;/li&gt;&lt;li&gt;Day 5 (Apr 6) unknown: Sam&amp;#x27;s Strava puts him running in Seoul seconds before the game — either Day 5 not played (runs 4+5 folded into Day 4) or Sam Snaking from Seoul 8:00 (open question in doc)&lt;/li&gt;&lt;/ul&gt;&lt;br&gt;&lt;b&gt;End of day 3&lt;/b&gt;</description>
        <TimeSpan>
          <begin>2025-04-04T09:25:00</begin>
        </TimeSpan>
        <Style>
          <IconStyle>
            <color>ff007cf5</color>
            <scale>1.2</scale>
            <Icon>
              <href>https://maps.google.com/mapfiles/kml/pushpin/wht-blank.png</href>
            </Icon>
          </IconStyle>
        </Style>
        <Point>
          <coordinates>126.9648276,37.52995733</coordinates>
        </Point>
      </Placemark>
      <Placemark>
        <name>Yongsan Station to Cheonan-Asan (train)</name>
        <description>&lt;b&gt;Mode:&lt;/b&gt; train&lt;br&gt;KTX toward Shin Haeundae (dep 07:05), Yongsan→Cheonan-Asan</description>
        <Style>
          <LineStyle>
            <color>ff007cf5</color>
            <width>3</width>
          </LineStyle>
        </Style>
        <LineString>
          <coordinates>126.9648276,37.52995733 126.9649245,37.5297373 126.9633091,37.5285601 126.9632849,37.5285424 126.9625759,37.5280864 126.9623303,37.5279365 126.961419,37.5273156 126.9610373,37.5270542 126.9606967,37.5268136 126.9601692,37.5263757 126.9589229,37.5255955 126.9579539,37.5248777 126.9572216,37.5242224 126.9569965,37.5240057 126.9569115,37.5239239 126.9565951,37.5236829 126.9565184,37.5236101 126.9483791,37.5160089 126.9483698,37.5160002 126.9483327,37.5159656 126.9477839,37.5154621 126.9474205,37.5151995 126.9470894,37.5150012 126.9467091,37.5148249 126.9463213,37.5146778 126.9459739,37.5145752 126.9454585,37.5144678 126.9449902,37.5144024 126.9436217,37.5142447 126.943417,37.5142265 126.9427985,37.5141914 126.942502,37.5141717 126.9418662,37.5141036 126.9410539,37.5140166 126.9399388,37.5139162 126.9385516,37.5137941 126.9379528,37.5137391 126.9372885,37.5136992 126.9365896,37.5136685 126.9338938,37.5136129 126.9306877,37.5135306 126.929085,37.5134677 126.9277436,37.5133625 126.9274886,37.5133478 126.9267516,37.5133054 126.9260933,37.5132907 126.9254126,37.5133157 126.9250248,37.513354 126.924594,37.5134235 126.9241486,37.5135435 126.9236755,37.5137067 126.9231894,37.513928 126.9227942,37.5141422 126.9224889,37.5143461 126.9220767,37.5146406 126.9207588,37.5156572 126.9204353,37.5158845 126.9200184,37.516106 126.9195782,37.5163227 126.9190595,37.5165414 126.9186694,37.516691 126.9182107,37.5168308 126.917449,37.5170093 126.9169035,37.5171016 126.9164824,37.51713 126.9157984,37.5171451 126.9152427,37.517118 126.9147972,37.5170942 126.9142208,37.5170227 126.9141246,37.5170173 126.9136431,37.5169435 126.9134537,37.5169304 126.9127944,37.5168432 126.9124852,37.5168216 126.9118808,37.5167477 126.9114841,37.5167198 126.9111351,37.5166644 126.9107883,37.5166005 126.9104477,37.5165203 126.9101608,37.516427 126.9099296,37.5163271 126.9097105,37.5162152 126.9090086,37.5158599 126.9086556,37.5156748 126.908518,37.515622 126.9071033,37.515031 126.9068741,37.5149356 126.9044255,37.5139244 126.9038611,37.5136838 126.902569,37.5131944 126.9021963,37.5130527 126.9014229,37.5128314 126.900865,37.5126512 126.9007667,37.5126126 126.9005241,37.5125236 126.9000002,37.5123313 126.8992674,37.5120624 126.8975143,37.5113772 126.896433,37.5109058 126.8939987,37.5098196 126.8926803,37.5092562 126.8921457,37.50903 126.8914483,37.5087365 126.890829,37.508452 126.890444,37.5082625 126.8892639,37.507622 126.8882472,37.5069792 126.8866464,37.5059912 126.885376,37.5052149 126.8847184,37.5048085 126.8840937,37.5043599 126.8835589,37.503899 126.8816704,37.5021758 126.8813724,37.5019118 126.881058,37.5015539 126.8807844,37.5012283 126.8805292,37.5008639 126.8802597,37.5004315 126.8799821,37.4998808 126.8798086,37.4994159 126.8796452,37.4988247 126.8795391,37.4983081 126.8794819,37.4975241 126.8794901,37.4969572 126.8795799,37.4960842 126.8796981,37.4940025 126.879848,37.4920763 126.8799287,37.4909423 126.879974,37.4902353 126.8800939,37.4883623 126.8801657,37.4876307 126.8802488,37.4871762 126.8804059,37.4867212 126.8806823,37.4860381 126.8830696,37.4806122 126.8837392,37.4790897 126.8871176,37.4714772 126.8891142,37.4669761 126.8899508,37.4650713 126.8907631,37.463273 126.8919096,37.4604809 126.8922,37.4597649 126.893613,37.4565293 126.8944204,37.4546971 126.8944386,37.454656 126.8946409,37.454234 126.8951976,37.4529548 126.8955157,37.452243 126.8956398,37.4519652 126.8963886,37.4504265 126.8965331,37.4501113 126.8969904,37.4491045 126.8970189,37.4490396 126.8973949,37.4481837 126.897637,37.4477419 126.8982671,37.4462855 126.8987863,37.4449861 126.8994781,37.4434436 126.9006825,37.4407159 126.9013161,37.4392866 126.9016896,37.4383692 126.9018753,37.4377323 126.9020367,37.4371656 126.9021934,37.4364514 126.9025637,37.4345411 126.9026464,37.4341136 126.9027046,37.4337 126.9028188,37.4331526 126.9030087,37.4321189 126.9033313,37.4302897 126.9036816,37.4285001 126.9037892,37.4280178 126.9038794,37.4276761 126.9040599,37.4271855 126.9042091,37.4268176 126.9047228,37.4258534 126.9052745,37.4248664 126.9060627,37.4234103 126.9070023,37.4216739 126.9072087,37.4213583 126.9074881,37.4209766 126.9077345,37.4206762 126.9090056,37.4191207 126.9093082,37.4187505 126.9096818,37.4182555 126.9101854,37.4175913 126.9111985,37.4163306 126.91134,37.4161545 126.911406,37.4160723 126.9136731,37.4132932 126.9138057,37.4131438 126.9138654,37.4130681 126.9159944,37.4103624 126.9167318,37.4094398 126.9168508,37.4092906 126.9197034,37.4057181 126.9200177,37.4053244 126.92062,37.4046005 126.9210456,37.404089 126.9238319,37.4006749 126.9238819,37.4006101 126.9240315,37.4004106 126.9241542,37.400247 126.9246372,37.3996031 126.9247983,37.3993565 126.9254235,37.3986172 126.9263364,37.3975378 126.9272056,37.3966501 126.928175,37.3958418 126.9295414,37.3947771 126.9314378,37.3932769 126.932304,37.3924241 126.9327784,37.3917809 126.9330877,37.3911656 126.9347785,37.3866852 126.9351634,37.385708 126.9359816,37.38345 126.9364105,37.3823506 126.9367785,37.3816389 126.9372455,37.38096 126.9374943,37.3806525 126.9398904,37.3783674 126.9405829,37.3776164 126.9409937,37.3771186 126.9412488,37.3766914 126.9416164,37.376018 126.9429567,37.3733058 126.9438385,37.3714081 126.9448457,37.3692885 126.9456348,37.3676958 126.9464012,37.3660528 126.9472386,37.3642319 126.948063,37.3624829 126.9483686,37.3617594 126.9485167,37.3612306 126.9486145,37.3607084 126.9486478,37.3603819 126.9486019,37.3581094 126.9486449,37.357713 126.9486479,37.3566106 126.9486511,37.3551628 126.9485985,37.3534284 126.9485873,37.3531026 126.9485121,37.3511658 126.9485042,37.3509711 126.9484842,37.3487407 126.9484643,37.3460151 126.9484516,37.3443469 126.9484387,37.3424456 126.9484416,37.3423452 126.9484314,37.3416152 126.9484407,37.3398601 126.9484309,37.3378433 126.9484042,37.3361574 126.9483459,37.3339842 126.9481552,37.3297467 126.9480847,37.3283292 126.947975,37.3260055 126.9479413,37.3247241 126.9479817,37.3237854 126.9481611,37.3215131 126.9482854,37.3193973 126.9482927,37.3192629 126.9483831,37.3177159 126.948471,37.31633 126.9485318,37.3158876 126.9486441,37.3155502 126.9487507,37.3152279 126.9489327,37.314822 126.9493458,37.3141286 126.9507286,37.3119741 126.9509341,37.3116539 126.9511626,37.3112979 126.9514494,37.3107243 126.9523379,37.3093445 126.9530062,37.3083789 126.9537984,37.307507 126.960992,37.3022858 126.9618558,37.3018314 126.962801,37.3014102 126.9636424,37.3011885 126.9667906,37.3007798 126.9696507,37.3004818 126.9721099,37.3001998 126.9729816,37.3000931 126.9735258,37.3000308 126.9743273,37.2999149 126.9751891,37.2997173 126.9759168,37.2994622 126.976517,37.2992054 126.9771235,37.2988666 126.9775842,37.2985361 126.977896,37.2982589 126.978237,37.2979691 126.9791795,37.2969096 126.9804827,37.2954601 126.9813086,37.29452 126.9819334,37.2938012 126.9834222,37.2921241 126.9849513,37.290449 126.9856694,37.2896687 126.9860252,37.2892543 126.9863181,37.2889227 126.9863935,37.2888373 126.9869451,37.288189 126.9873237,37.2877387 126.9877505,37.2871672 126.9883185,37.2862878 126.9890647,37.2850615 126.9902232,37.2830297 126.9909112,37.2817606 126.9916691,37.2804203 126.992439,37.2791008 126.9931801,37.2778058 126.9938358,37.276665 126.994753,37.2750847 126.9954445,37.2739214 126.9957597,37.2733481 126.9959538,37.2729951 126.9963449,37.2722839 126.9964813,37.2720358 126.9965685,37.2718737 126.9969901,37.2710897 126.9974877,37.2701051 126.9977333,37.2696235 126.998559,37.2681545 126.9987076,37.2679033 126.999777,37.2660976 127.0012555,37.2635955 127.0021458,37.262203 127.0024722,37.2616992 127.0026573,37.2614134 127.0030178,37.2608274 127.0031819,37.2605371 127.0033837,37.2601802 127.0035378,37.2598264 127.0037135,37.2595127 127.0038906,37.2592198 127.0040396,37.2589734 127.0041054,37.2588443 127.0041984,37.258662 127.0054308,37.2565913 127.0057832,37.2559993 127.0110203,37.2489008 127.0120174,37.246947 127.0123545,37.2462863 127.0127388,37.2453474 127.0128824,37.2450284 127.013073,37.2446861 127.0143967,37.2421729 127.0146269,37.2417207 127.0147882,37.2414041 127.0149975,37.2411104 127.0153004,37.2405334 127.0157616,37.2396322 127.0160392,37.2392967 127.016496,37.2385702 127.0168592,37.2378817 127.017175,37.2372831 127.018801,37.2342224 127.0190012,37.2338541 127.0228451,37.2264427 127.022919,37.2263002 127.0231039,37.2259599 127.0234482,37.225293 127.0234757,37.2252396 127.0235237,37.2251467 127.0235595,37.2250774 127.024902,37.222477 127.0261565,37.2200661 127.0263361,37.219738 127.0264744,37.2194853 127.0265742,37.2192906 127.0282268,37.2160671 127.030641,37.2114263 127.0307743,37.211147 127.0308499,37.2109884 127.03265,37.2075742 127.0326991,37.2074755 127.0333004,37.2063077 127.033577,37.2057955 127.0337232,37.2054786 127.0345101,37.2039633 127.03459,37.2038095 127.034931,37.2031527 127.0358183,37.2014925 127.0361983,37.2007816 127.0369979,37.1991841 127.0374495,37.1983698 127.0376748,37.1979297 127.0377827,37.1977092 127.0379035,37.197472 127.0392264,37.1949236 127.0405515,37.1924258 127.0408854,37.191787 127.0412529,37.1911203 127.0414153,37.1908068 127.041568,37.1904932 127.0418698,37.1898735 127.0427283,37.1882268 127.042849,37.1879952 127.042894,37.1879084 127.0429485,37.1878118 127.0432051,37.1873538 127.0433585,37.1871178 127.0439443,37.1862845 127.0441533,37.1860175 127.0446284,37.1854621 127.0448886,37.1851832 127.0450991,37.1849736 127.0453916,37.1846943 127.0457013,37.1844278 127.0462733,37.1839181 127.0465611,37.1837011 127.0468396,37.183487 127.0474532,37.1830714 127.0480838,37.1827043 127.0486879,37.1823652 127.0510925,37.1808335 127.0549724,37.1783529 127.0558354,37.1778107 127.0578566,37.1765489 127.0592101,37.1755385 127.0597114,37.1751643 127.0602534,37.1746053 127.0607565,37.1740418 127.0612211,37.1734634 127.0618445,37.1725339 127.0620122,37.1722838 127.0620759,37.1721437 127.0621932,37.1718858 127.0624651,37.171288 127.0627842,37.170328 127.0628225,37.1701756 127.0633106,37.1681712 127.0633569,37.1679751 127.0633844,37.1678595 127.0636199,37.1668698 127.0638397,37.1658217 127.0641217,37.1647715 127.0647275,37.1622403 127.0653671,37.1596836 127.0664697,37.1552759 127.0666115,37.154709 127.0667797,37.1540368 127.0668638,37.15361 127.0670235,37.1527994 127.0672207,37.1517903 127.0672445,37.1515476 127.0672756,37.1510366 127.0672557,37.1505317 127.067154,37.149515 127.0669888,37.1480565 127.066862,37.1470661 127.0666747,37.1457804 127.0664154,37.1439493 127.0663439,37.1434109 127.0663175,37.1430659 127.0662489,37.1424558 127.0661433,37.1412735 127.066066,37.1405151 127.0659625,37.1396529 127.0659401,37.1395358 127.0657817,37.1383187 127.0657684,37.1382073 127.0656676,37.1373607 127.0655374,37.1365669 127.0652771,37.1341919 127.065102,37.1329295 127.064951,37.1316785 127.0647787,37.1304159 127.064639,37.1291548 127.0640237,37.1241289 127.0639604,37.1235082 127.0638947,37.1227953 127.063869,37.1225623 127.0638528,37.122415 127.0637786,37.1217395 127.0634778,37.119429 127.0628903,37.1147949 127.0628602,37.1144961 127.0627177,37.1132881 127.0625209,37.1118689 127.0623998,37.1108867 127.0621659,37.1089902 127.0619622,37.1075908 127.0618495,37.1068175 127.0617631,37.1061415 127.0615773,37.1046783 127.0615465,37.1044588 127.06153,37.1043233 127.0615097,37.1041573 127.0613865,37.103213 127.0613085,37.1025731 127.061271,37.102212 127.0612578,37.1020848 127.0612467,37.1019776 127.0612098,37.1016685 127.0611638,37.1013636 127.0611233,37.1010866 127.06109,37.1008031 127.0610844,37.1007578 127.0610469,37.1004517 127.0609524,37.09968 127.0608831,37.0990894 127.0608109,37.0985414 127.0607124,37.0976114 127.0606766,37.0973749 127.0606442,37.0970998 127.0605882,37.0966838 127.0605004,37.0960218 127.0603601,37.0953956 127.0602483,37.0950451 127.0601352,37.0946716 127.0598607,37.0940343 127.0591286,37.0922492 127.0588748,37.0916635 127.0588423,37.0915885 127.058646,37.091128 127.0583555,37.0904774 127.0581399,37.0899689 127.0575962,37.0886869 127.0573503,37.08811 127.0572894,37.0879747 127.0572067,37.087791 127.057089,37.0875294 127.0568275,37.086834 127.0564123,37.0859398 127.056172,37.0853018 127.0551427,37.0828069 127.0547435,37.0818776 127.054414,37.0810542 127.0541892,37.0801798 127.0540893,37.0795004 127.054056,37.0788461 127.0540683,37.0781291 127.0541196,37.0775418 127.0541242,37.0774851 127.0542119,37.0764052 127.0542197,37.0763102 127.0543374,37.0748604 127.0543796,37.0744589 127.05447,37.0735198 127.0545188,37.0722097 127.054449,37.0711921 127.0542803,37.0697143 127.0541972,37.0690488 127.0541191,37.0684203 127.0536485,37.064045 127.0534107,37.0619031 127.0532202,37.0600915 127.0532003,37.0599078 127.053138,37.0593605 127.0530398,37.0586661 127.0529117,37.0577173 127.0528638,37.0572938 127.0526497,37.0554255 127.0525799,37.0544598 127.0524912,37.0536182 127.0522071,37.0511011 127.0521986,37.0506621 127.0522319,37.0500929 127.0523735,37.0493759 127.0525964,37.0486847 127.0528702,37.0481249 127.0531203,37.0477271 127.0533697,37.0473716 127.0538723,37.0468054 127.054427,37.0463087 127.0549127,37.04592 127.0616173,37.0416147 127.0628554,37.0408391 127.0650419,37.0394673 127.0657784,37.038967 127.0660834,37.0387282 127.0663829,37.0384702 127.0666799,37.0381947 127.0669607,37.0379055 127.0672041,37.03762 127.0674434,37.0372992 127.0676595,37.0369845 127.0678613,37.0366595 127.0680433,37.0363109 127.0682004,37.0359785 127.0683269,37.035638 127.0684472,37.0352822 127.0685501,37.034894 127.0686608,37.0342245 127.0687392,37.0334621 127.0691045,37.0299583 127.0691419,37.0295853 127.0694543,37.026852 127.0697054,37.0248253 127.0697325,37.0246004 127.0699578,37.022531 127.0702086,37.020337 127.0702708,37.0198026 127.0704671,37.0181148 127.070531,37.0174961 127.070537,37.0167328 127.0705417,37.0165411 127.0704821,37.0168348 127.0704217,37.0178023 127.0696972,37.0167548 127.0697294,37.0164425 127.0697598,37.0162853 127.0699141,37.0156195 127.0699436,37.0153614 127.069959,37.0152423 127.0699922,37.0150384 127.0700357,37.014866 127.0701578,37.0144606 127.0702377,37.0141976 127.0702863,37.0138644 127.0703668,37.0133313 127.0704184,37.0127932 127.0705686,37.0118648 127.070958,37.0082374 127.0710439,37.0074226 127.0711166,37.0067336 127.0712752,37.0052298 127.0714057,37.003929 127.0714551,37.0034457 127.0715365,37.0026485 127.0719692,36.9971308 127.0717856,36.9911964 127.0709381,36.9855832 127.0698359,36.9797872 127.0697464,36.9790999 127.069692,36.978682 127.0696062,36.9769335 127.0695449,36.9740692 127.0695391,36.9705209 127.0696311,36.9685246 127.0698435,36.9644413 127.0699111,36.9625645 127.0699691,36.9617967 127.0701116,36.9592642 127.0702747,36.9572279 127.0703452,36.9561508 127.0704441,36.9547249 127.0705614,36.953304 127.0705634,36.9532044 127.0706331,36.9514747 127.0706656,36.9511348 127.0708786,36.9491907 127.0712137,36.9460213 127.0712815,36.945386 127.0716573,36.9415101 127.0719839,36.9377915 127.072292,36.9345851 127.0724096,36.9332668 127.0726344,36.9309039 127.0733558,36.9233322 127.0735726,36.9209275 127.0737395,36.9190676 127.0743432,36.9142023 127.0750957,36.9098608 127.0757399,36.9065498 127.0762849,36.9040367 127.0773254,36.899882 127.0775642,36.8991353 127.0792366,36.8927212 127.080355,36.8883394 127.0814937,36.8838751 127.0820221,36.8816192 127.0830892,36.8777631 127.0842408,36.8731907 127.0848651,36.8707407 127.084945,36.8704147 127.0851925,36.8693039 127.086535,36.8641784 127.0892696,36.8536523 127.0899613,36.8509906 127.0909823,36.8471015 127.0917475,36.8440295 127.0917899,36.8438643 127.0934805,36.8372755 127.094227,36.8344083 127.094666,36.8327458 127.0956936,36.828776 127.0959624,36.8276734 127.0964877,36.8255934 127.0967848,36.824454 127.0977398,36.8207483 127.0994115,36.8144529 127.1001471,36.811422 127.1003237,36.8106946 127.1004776,36.809822 127.1005408,36.8095728 127.100722,36.8088413 127.1008689,36.808225 127.1016285,36.8052661 127.1018212,36.8043153 127.1018775,36.8040683 127.1023293,36.8023506 127.1023723,36.802187 127.1024823,36.8017811 127.1032253,36.7988849 127.1038623,36.7965024 127.10395,36.7961553 127.1048115,36.7927458 127.1045762,36.7943331</coordinates>
        </LineString>
      </Placemark>
      <Placemark>
        <name>Cheonan-Asan to Osong Station (train)</name>
        <description>&lt;b&gt;Mode:&lt;/b&gt; train&lt;br&gt;KTX toward Shin Haeundae, Cheonan-Asan→Osong</description>
        <Style>
          <LineStyle>
            <color>ff007cf5</color>
            <width>3</width>
          </LineStyle>
        </Style>
        <LineString>
          <coordinates>127.1045762,36.7943331 127.327378,36.620453</coordinates>
        </LineString>
      </Placemark>
      <Placemark>
        <name>Osong Station to Jecheon (train)</name>
        <description>&lt;b&gt;Mode:&lt;/b&gt; train&lt;br&gt;Chungbuk Line northeast (service unknown; Layover: blockers took a line NE &amp;#x27;to mess with Ben&amp;#x27;)</description>
        <Style>
          <LineStyle>
            <color>ff007cf5</color>
            <width>3</width>
          </LineStyle>
        </Style>
        <LineString>
          <coordinates>127.327378,36.620453 127.3274075,36.6208407 127.327469,36.6208835 127.3281385,36.6213698 127.3293415,36.622241 127.3299825,36.6227032 127.3303139,36.6229446 127.3305007,36.6230798 127.3306313,36.6231617 127.330706,36.6232081 127.3307965,36.62326 127.3309488,36.623352 127.3314711,36.6237288 127.3316717,36.6238639 127.3318147,36.6239548 127.3319894,36.6240602 127.3320724,36.6241058 127.3321411,36.6241419 127.3323928,36.6242651 127.3325126,36.6243177 127.3326116,36.6243585 127.3327079,36.6243947 127.3327973,36.6244252 127.3329355,36.6244711 127.3330726,36.6245114 127.3333077,36.6245737 127.3334265,36.6245982 127.3335326,36.62462 127.333762,36.6246567 127.3340331,36.6246916 127.3342731,36.6247048 127.3345228,36.6247131 127.3349447,36.6247146 127.33591,36.6246831 127.3388494,36.6245393 127.342926,36.6244743 127.3470266,36.6243322 127.3492234,36.6242484 127.3531984,36.6240968 127.3574958,36.6239404 127.3579425,36.6239355 127.3583902,36.6239441 127.358799,36.6239668 127.3593334,36.6240165 127.359728,36.6240562 127.3600925,36.6241102 127.3610363,36.6243365 127.3620556,36.6246982 127.3649631,36.6258606 127.3666058,36.6265086 127.3668899,36.6266207 127.3674741,36.6268531 127.3685742,36.6272784 127.3699601,36.6278263 127.3701507,36.6279065 127.3705648,36.6280919 127.3706308,36.6281274 127.3710138,36.6283336 127.37162,36.6287173 127.3719018,36.6289276 127.3731451,36.6299068 127.3735656,36.6302365 127.3737968,36.6303981 127.3743973,36.6307881 127.3746641,36.630952 127.3750486,36.6311652 127.3752387,36.6312688 127.3762081,36.6317554 127.3766599,36.6319561 127.3771369,36.6321553 127.3775704,36.6323288 127.3783956,36.6326114 127.3787342,36.6327344 127.3794023,36.6329555 127.3809051,36.633522 127.3811408,36.6336529 127.3814201,36.6338352 127.3819372,36.6342185 127.3827657,36.6348885 127.3834959,36.6354952 127.3842331,36.6360505 127.3853694,36.6369763 127.3857449,36.6373278 127.3861254,36.6377727 127.3873408,36.6395039 127.3879415,36.6404165 127.3886586,36.641673 127.389633,36.6434239 127.3900064,36.6441428 127.3902255,36.6445163 127.3906395,36.6452277 127.3921903,36.6481472 127.3923418,36.6484194 127.3925242,36.6487594 127.3928729,36.6493738 127.3930258,36.6496568 127.3931626,36.6499226 127.3933007,36.6501743 127.393471,36.6504595 127.3935141,36.6505521 127.3935435,36.6506155 127.3943338,36.6520641 127.3946467,36.6526242 127.3949153,36.6530738 127.3950965,36.6533267 127.3953568,36.6536134 127.3955848,36.6538495 127.3959206,36.6541053 127.3965036,36.6544842 127.3968595,36.6546684 127.3973062,36.6549057 127.3977648,36.6551386 127.3978276,36.6551725 127.3982721,36.6553988 127.3987035,36.65562 127.3994291,36.6559772 127.3998142,36.6561873 127.4001639,36.6563652 127.4005398,36.6565555 127.400928,36.656752 127.4012916,36.6569461 127.4016613,36.6571314 127.4023668,36.657496 127.4027674,36.6576938 127.4030524,36.6578371 127.4032711,36.657952 127.40359,36.6581115 127.403895,36.6582758 127.4040876,36.658371 127.4047177,36.6586911 127.4051213,36.6588888 127.4054571,36.6590668 127.4056697,36.659173 127.406729,36.6597147 127.4071074,36.65991 127.4076623,36.6601921 127.4092397,36.6608819 127.4095528,36.6610009 127.4099532,36.6611477 127.4103557,36.6612798 127.4108578,36.6614265 127.4112562,36.6615292 127.4116546,36.6616287 127.4136734,36.6619886 127.4151326,36.662178 127.4164512,36.6623576 127.4179671,36.6625528 127.419585,36.6627802 127.4206946,36.6629267 127.4220357,36.6631161 127.4242378,36.6634022 127.4257747,36.6636066 127.4265874,36.6637206 127.4274002,36.6638132 127.4282102,36.6638777 127.4292509,36.6639487 127.4301655,36.664009 127.4327056,36.6641682 127.4335278,36.6642533 127.4339808,36.6643395 127.4344874,36.6644856 127.4349615,36.6646616 127.4351317,36.664735 127.4363391,36.6652947 127.4378288,36.6660083 127.4394093,36.6667538 127.4415628,36.6677825 127.4428262,36.6683914 127.4440707,36.6690454 127.4449371,36.6695574 127.445967,36.6701749 127.4472658,36.67095 127.447867,36.6713029 127.4485518,36.6716988 127.4490685,36.6720125 127.4496366,36.6723503 127.4502117,36.6726782 127.4506948,36.6729649 127.4518432,36.6736561 127.4523741,36.6739698 127.4527334,36.6741827 127.4554869,36.6758021 127.4561097,36.6761654 127.4566866,36.6764989 127.4573538,36.6768949 127.4584704,36.6775577 127.4589907,36.6778515 127.4595003,36.6781552 127.4600029,36.6784546 127.460555,36.6788293 127.4610186,36.6791711 127.4613552,36.6794282 127.4618125,36.6797853 127.4622343,36.6801838 127.4624281,36.6803564 127.4626266,36.6805661 127.4629095,36.6808716 127.4630597,36.6810437 127.4633092,36.6813373 127.4637703,36.6819311 127.4639527,36.6821494 127.4641096,36.6823495 127.4643189,36.6825947 127.4645576,36.6828926 127.4647882,36.683169 127.4649103,36.6833207 127.4653609,36.6838756 127.4656201,36.6841845 127.4659407,36.6845612 127.4662256,36.684917 127.4664836,36.6852391 127.4667627,36.6855724 127.4669821,36.6858654 127.4674013,36.6863738 127.467532,36.686561 127.4677072,36.6868007 127.4678461,36.6869627 127.4680352,36.6872089 127.4681386,36.6873668 127.4684135,36.6876892 127.4689237,36.6883333 127.4692312,36.6887008 127.4694135,36.6889293 127.4697019,36.6892769 127.4699249,36.6895565 127.4701992,36.6899311 127.4704115,36.6902802 127.4707336,36.69095 127.471025,36.6917836 127.4711689,36.6922412 127.4714131,36.6930174 127.4715104,36.6933026 127.4716343,36.6936332 127.4717723,36.6939326 127.472259,36.6946861 127.4725191,36.6949897 127.4730465,36.6954963 127.473653,36.6960582 127.4738526,36.6962407 127.47412,36.6964766 127.4743394,36.6966779 127.4792953,36.7012795 127.4796088,36.7015576 127.4803963,36.7022862 127.4816945,36.7035249 127.4821988,36.7042044 127.482526,36.7048023 127.4826212,36.7052558 127.4827944,36.7061308 127.4828094,36.7067056 127.4826938,36.707889 127.4825957,36.7090599 127.4825153,36.7098555 127.4825153,36.7101135 127.4825904,36.7106812 127.4830463,36.7128787 127.4831429,36.71327 127.4832717,36.7135926 127.4834648,36.7139151 127.4839905,36.7145343 127.4843714,36.7148869 127.4848434,36.7152611 127.4852404,36.7155793 127.4875042,36.7173896 127.4880674,36.7180045 127.4885771,36.7188345 127.4894273,36.7211505 127.4896274,36.7217134 127.4896479,36.721771 127.4901594,36.7231991 127.4903311,36.7236705 127.4904317,36.723915 127.4905264,36.7241287 127.4905886,36.7242558 127.4906523,36.7243778 127.4908529,36.7247015 127.4909641,36.7248636 127.4910822,36.7250133 127.491237,36.7251953 127.4914073,36.7253764 127.4916428,36.7255831 127.4918365,36.7257413 127.4923315,36.7260877 127.4930134,36.7264709 127.495009,36.7273308 127.496275,36.727894 127.4969026,36.7280961 127.497659,36.7282724 127.4985888,36.7283129 127.5002804,36.7281783 127.5011479,36.7280142 127.5026017,36.7277885 127.5047776,36.7274383 127.5063257,36.7271556 127.5072537,36.7270266 127.5081196,36.7269873 127.5094049,36.727104 127.5110808,36.7273275 127.5131581,36.7275878 127.5144345,36.7277839 127.5151445,36.7278665 127.5152127,36.7278729 127.5163464,36.7280155 127.5191611,36.7283005 127.5203989,36.7283233 127.521607,36.7283153 127.5242602,36.728285 127.5251816,36.7282839 127.5257109,36.7282929 127.5260154,36.7282981 127.528374,36.7284112 127.5295265,36.7284785 127.529699,36.7284886 127.5322471,36.7286047 127.5326097,36.7286231 127.5333395,36.72866 127.5351332,36.7287508 127.5371797,36.7288338 127.5391816,36.7289259 127.5397216,36.728953 127.5401301,36.7289972 127.5405529,36.7290721 127.5409372,36.7291697 127.5414434,36.7293445 127.5421962,36.729733 127.5426131,36.7300227 127.5428918,36.7302818 127.5432119,36.7306285 127.5434802,36.7310166 127.5436411,36.731309 127.5438146,36.7317442 127.5440692,36.7325619 127.5444348,36.7337969 127.5446355,36.734475 127.5453891,36.737024 127.5456138,36.7377809 127.5458379,36.7383018 127.5466284,36.7399569 127.546763,36.7402647 127.5476991,36.7422714 127.5477486,36.742371 127.5482545,36.7433891 127.5490914,36.7451773 127.549826,36.7467149 127.5499514,36.7470758 127.550148,36.747712 127.5501738,36.7478695 127.5502284,36.7482035 127.5502721,36.7484825 127.5504325,36.7495058 127.5507275,36.7514873 127.5508965,36.7519871 127.5514517,36.752867 127.551779,36.7532495 127.5521974,36.7535933 127.5526265,36.7538297 127.5537772,36.7543468 127.5569932,36.7556736 127.5576262,36.7559658 127.5586159,36.7566161 127.5590263,36.7569887 127.5592324,36.7572103 127.5592462,36.7572251 127.5595735,36.7576721 127.5598766,36.7581977 127.5601233,36.7587865 127.5610541,36.7623007 127.5612311,36.7628207 127.5615101,36.7635126 127.5619445,36.7642604 127.5627975,36.7660782 127.563688,36.7678208 127.5639121,36.7682968 127.564541,36.7694601 127.5648628,36.7698684 127.5652705,36.7702594 127.5657184,36.7705443 127.5661288,36.7708266 127.5665551,36.7710723 127.5672058,36.7713718 127.5684602,36.7719527 127.568786,36.7720761 127.5698892,36.7725454 127.5721396,36.7735264 127.5743954,36.7745177 127.5759913,36.7752409 127.5766994,36.7755116 127.5786654,36.7761634 127.5799717,36.7766159 127.5810939,36.7769905 127.5822972,36.7773923 127.5831936,36.7777078 127.5856848,36.7785281 127.5867332,36.7788527 127.5891119,36.7796703 127.5897137,36.77983 127.5902,36.7799334 127.5907184,36.7800044 127.5914726,36.7800789 127.5926686,36.780202 127.5941659,36.7803355 127.5963143,36.7805431 127.5973282,36.7806378 127.600842,36.7809928 127.6015892,36.7810644 127.6045971,36.7813704 127.6054392,36.7814578 127.6076202,36.7816882 127.6085479,36.7818148 127.6090522,36.7819179 127.6094921,36.7820253 127.6100446,36.7822273 127.6105247,36.7824408 127.6106397,36.7825424 127.6110276,36.7827654 127.6119321,36.7834341 127.6123288,36.7838163 127.6126082,36.7841706 127.612933,36.7845861 127.6131732,36.784985 127.6134228,36.7855497 127.6139296,36.7868168 127.6156729,36.7910312 127.6159471,36.7916954 127.6162477,36.7924252 127.6164598,36.7929159 127.616969,36.7941394 127.6172846,36.794909 127.617507,36.7956005 127.6179088,36.7974387 127.6183582,36.7996303 127.6184974,36.8003266 127.6188174,36.8018429 127.6189129,36.802578 127.6189028,36.8029128 127.6187985,36.8036102 127.6177361,36.8063494 127.6176575,36.8065141 127.6174196,36.8070847 127.6171464,36.8077474 127.6168847,36.8085385 127.616555,36.8093295 127.6162445,36.8100653 127.6156066,36.8115399 127.6153903,36.8119939 127.6152557,36.8122763 127.6145502,36.8140244 127.6141611,36.8149023 127.6137546,36.8158511 127.613484,36.8165119 127.6130665,36.8175307 127.6122559,36.819247 127.6119022,36.8201187 127.611594,36.8210343 127.6107941,36.8228485 127.6107772,36.822899 127.6106753,36.8234991 127.6106724,36.8236708 127.6106903,36.8241282 127.6108012,36.8245379 127.6109996,36.8250357 127.6119471,36.8267744 127.6121605,36.827154 127.6133414,36.8292364 127.6135238,36.829713 127.6136525,36.8301982 127.6136847,36.8303313 127.6138285,36.8315396 127.6141021,36.8335748 127.6142587,36.8346207 127.6143917,36.8354124 127.6144947,36.8358228 127.6153155,36.8379567 127.6156749,36.8390815 127.6157876,36.8397427 127.6164581,36.8434433 127.6172038,36.8473628 127.6173958,36.84809 127.6175578,36.8484145 127.6178089,36.8488111 127.620299,36.8524238 127.6211037,36.8535441 127.6213773,36.8539047 127.621667,36.8542438 127.6222023,36.8547349 127.6225306,36.8549692 127.622933,36.8552525 127.6233568,36.8555015 127.6237041,36.855674 127.6256796,36.856669 127.6258619,36.8567677 127.6265647,36.8572098 127.6281365,36.8584331 127.6286783,36.8588151 127.6290591,36.8590683 127.6294239,36.8592786 127.6298209,36.8594503 127.6302447,36.859592 127.6310332,36.8597722 127.6320632,36.8598881 127.6330127,36.8599911 127.6335706,36.8601027 127.633989,36.8602272 127.6343753,36.8603903 127.6347186,36.8605577 127.6358194,36.8612614 127.6437345,36.8660745 127.6439669,36.8662702 127.6442243,36.8664719 127.6444282,36.8666479 127.6447179,36.8669311 127.6469602,36.8691456 127.6480116,36.8702185 127.6495083,36.8716561 127.6499857,36.8721282 127.6503612,36.8724543 127.6505919,36.8726389 127.6509127,36.8728466 127.6509782,36.8728782 127.6534404,36.874055 127.6544328,36.8745056 127.654631,36.8745979 127.6559484,36.8751654 127.6564331,36.875368 127.6592554,36.8766555 127.6606498,36.8772853 127.6628092,36.8782524 127.6637911,36.8786552 127.6642363,36.8788397 127.6646762,36.8789984 127.6651428,36.8791315 127.6656525,36.8792473 127.6660494,36.8792945 127.6668863,36.8793332 127.6673933,36.8793246 127.6677473,36.879288 127.6710974,36.87908 127.6741498,36.8789233 127.675169,36.8788375 127.675501,36.8788396 127.6763411,36.8788311 127.677203,36.8789309 127.6781646,36.879159 127.6793354,36.8796503 127.6802104,36.8802931 127.6808937,36.8810175 127.6811287,36.8815215 127.6816958,36.8829033 127.6820872,36.8838487 127.6832323,36.8874779 127.6839404,36.8894919 127.6840624,36.8907146 127.6839311,36.8915097 127.6833108,36.8934532 127.6831993,36.8945153 127.6832901,36.8950922 127.6836849,36.896402 127.6839314,36.8970753 127.683987,36.8972462 127.6863691,36.9039034 127.6868015,36.9050062 127.6884489,36.9070435 127.6887125,36.907331 127.6891787,36.9078903 127.6898185,36.9089247 127.6898984,36.9091479 127.6899694,36.9094392 127.690073,36.9100613 127.6900305,36.913368 127.6900823,36.9137069 127.6901177,36.9138639 127.69048,36.9147786 127.6922611,36.9173754 127.6939312,36.9198103 127.6940795,36.9200211 127.6960439,36.9228115 127.6964212,36.9233475 127.6972023,36.9240635 127.6978136,36.9244538 127.698773,36.9248576 127.7001569,36.9252004 127.7002229,36.9252092 127.7033374,36.9256261 127.7039449,36.9257112 127.7077589,36.9262452 127.7091967,36.9264296 127.7121002,36.9268019 127.7123868,36.9268119 127.7139619,36.9270496 127.7219948,36.9280162 127.7224964,36.9279862 127.7236363,36.9278039 127.7255112,36.9273193 127.7263319,36.9271349 127.7270079,36.9271156 127.7301165,36.9273772 127.7308015,36.9273939 127.7312484,36.9273601 127.7326968,36.9271435 127.7361408,36.9264724 127.7381498,36.9260264 127.7468508,36.9236678 127.7487552,36.9233247 127.7503589,36.9231421 127.7515408,36.9230077 127.7519016,36.9229487 127.7599778,36.9219568 127.7601041,36.9219413 127.7603251,36.9219142 127.7608949,36.9218698 127.7619235,36.9219523 127.7623286,36.9220441 127.7627228,36.9221764 127.7631746,36.9223661 127.7638443,36.9227299 127.7642798,36.9230695 127.7645122,36.9232939 127.7650309,36.9239765 127.7651882,36.9242373 127.7653006,36.9245429 127.7653961,36.9249192 127.7654846,36.9254391 127.7653711,36.9281961 127.7653736,36.9282926 127.7654971,36.9293303 127.7657533,36.9300647 127.766172,36.9306432 127.7664846,36.9310565 127.7669694,36.9315035 127.7678917,36.9321446 127.7680766,36.9322792 127.769039,36.9329793 127.7702009,36.9338247 127.7724288,36.9354462 127.773937,36.9366226 127.7744086,36.9370873 127.7746511,36.9374013 127.7752543,36.9383968 127.7763601,36.9406649 127.77847,36.9451521 127.7790107,36.9461561 127.7793929,36.946598 127.7804174,36.9475922 127.7818444,36.9488886 127.7826006,36.9499088 127.7827632,36.9501719 127.7828388,36.9503353 127.783438,36.9516307 127.7847268,36.9547496 127.7849301,36.9552596 127.7853651,36.9561433 127.7873531,36.9593042 127.7883491,36.9609317 127.7885567,36.9612698 127.789394,36.9626339 127.7901176,36.9638618 127.7905201,36.9647681 127.7913698,36.9670776 127.7919105,36.9681365 127.7928252,36.9693643 127.7940783,36.9708112 127.7944015,36.9711019 127.7952634,36.9716995 127.7962716,36.9721705 127.796853,36.9723524 127.7981458,36.9726122 127.7994214,36.9727477 127.7999508,36.9728039 127.8012884,36.9729315 127.8023622,36.973038 127.8041391,36.9732034 127.8052278,36.9733073 127.8084274,36.9736158 127.8093055,36.9736776 127.8098177,36.9736776 127.8102609,36.9736353 127.8104682,36.9736029 127.8149443,36.9728136 127.8160501,36.9725927 127.817286,36.9722095 127.8216442,36.9695298 127.822624,36.9689874 127.823307,36.968695 127.8239818,36.9685034 127.8265878,36.9682013 127.8272198,36.9681342 127.8318444,36.9676394 127.8328527,36.9674575 127.8335774,36.9672352 127.8340967,36.9670739 127.8359044,36.9665115 127.8375388,36.9660228 127.8390588,36.9656828 127.84067,36.9653235 127.8412993,36.9652361 127.8418018,36.9651943 127.8421675,36.9651758 127.8424117,36.9651651 127.8428352,36.9651668 127.8445292,36.9651437 127.846246,36.9651156 127.8467019,36.9650904 127.8474568,36.965038 127.8476551,36.9650221 127.8489516,36.9649567 127.8495525,36.9649052 127.8504703,36.9648375 127.8527821,36.9646318 127.8540047,36.9645366 127.8544986,36.9644937 127.8554135,36.9644301 127.8563427,36.9644035 127.8573736,36.9643743 127.8592877,36.9643392 127.86005,36.9643018 127.860496,36.9642457 127.8618252,36.9640282 127.8642874,36.9636125 127.8668783,36.9631796 127.869303,36.9627638 127.8706429,36.9625412 127.8718623,36.9623062 127.8728594,36.9620653 127.879942,36.9604361 127.8823733,36.959911 127.8828721,36.9598317 127.8834092,36.9597585 127.8838076,36.959721 127.8852715,36.9596067 127.8875008,36.9594578 127.888459,36.9594078 127.8899716,36.9592944 127.8927306,36.9591297 127.8938963,36.9590433 127.8951279,36.9589974 127.8956738,36.9589922 127.8962057,36.9590234 127.8968788,36.9591137 127.8970862,36.959139 127.8972176,36.9591718 127.8973075,36.959196 127.8975258,36.9592612 127.8978851,36.959388 127.8980466,36.9594524 127.8981761,36.9595081 127.8983453,36.9595843 127.898547,36.9596865 127.8986825,36.9597605 127.8989635,36.9599278 127.899265,36.9601357 127.8993596,36.9602062 127.8994652,36.9602906 127.8995623,36.9603709 127.8997153,36.9605071 127.8998478,36.9606343 127.8999721,36.9607623 127.9001463,36.9609631 127.9002939,36.9611466 127.900414,36.9613175 127.9004879,36.9614302 127.9005632,36.9615483 127.9006307,36.9616615 127.9006615,36.9617151 127.9010389,36.9623859 127.9019261,36.9639808 127.9022283,36.9645336 127.9029313,36.9658076 127.9029911,36.965909 127.9031457,36.9661894 127.9033657,36.9665827 127.9046681,36.9689408 127.905429,36.970297 127.9056803,36.9707728 127.9059226,36.9712078 127.9061053,36.9715364 127.9062146,36.9717363 127.9062829,36.9718602 127.9064529,36.9721629 127.906616,36.9724602 127.906751,36.9727057 127.906952,36.9730679 127.9072581,36.9736165 127.907389,36.9738521 127.9076574,36.9743372 127.9086277,36.9760936 127.9087673,36.9763456 127.9090451,36.976849 127.9092244,36.9771734 127.9092919,36.9772901 127.9094832,36.9776377 127.9096526,36.9779451 127.9099057,36.9784879 127.9103896,36.9793611 127.9104861,36.9795407 127.9106241,36.9797868 127.9110911,36.9806178 127.9114645,36.9812907 127.9129141,36.9838927 127.9155065,36.9885401 127.9157463,36.989017 127.9159373,36.9894035 127.9160659,36.9897006 127.91621,36.990079 127.9164157,36.9907871 127.9165246,36.9915284 127.916536,36.9934793 127.9164149,36.9963132 127.9163932,36.9966497 127.9163662,36.9972906 127.9163221,36.9982685 127.9162374,37.0001943 127.9160255,37.0048613 127.9160182,37.0050408 127.9160116,37.0052237 127.9160097,37.0054281 127.9160126,37.0056572 127.9160175,37.0057977 127.9160244,37.0059127 127.9160512,37.0061806 127.9160896,37.0064557 127.9161188,37.0066132 127.916138,37.0067042 127.9162383,37.0071097 127.9163033,37.0073211 127.916347,37.0074452 127.9164874,37.0078068 127.9166618,37.0081194 127.9169674,37.008675 127.9174851,37.0094257 127.9179911,37.0099571 127.9183051,37.0102335 127.918469,37.0103752 127.9193939,37.0110737 127.9199104,37.0113738 127.9205221,37.0116712 127.9213557,37.0120194 127.922341,37.0124535 127.9230707,37.0127283 127.9237372,37.0130001 127.9260625,37.0139851 127.9266961,37.0142588 127.9348977,37.0176255 127.9361363,37.0181258 127.9365524,37.0182583 127.9369929,37.0183642 127.9375578,37.0184638 127.9385954,37.0185088 127.9391788,37.0184572 127.9398905,37.0183531 127.9407009,37.0182237 127.941431,37.0180918 127.9421033,37.0180617 127.9430376,37.018116 127.9445332,37.0183249 127.9497986,37.0190121 127.9525425,37.0194096 127.953984,37.0196194 127.9545568,37.0197402 127.9551267,37.0199256 127.9555076,37.0200822 127.9562665,37.0205676 127.9567002,37.0209549 127.9572108,37.0216383 127.9573571,37.0219121 127.9575738,37.0225201 127.9583646,37.0249724 127.95895,37.0261495 127.9594643,37.0272072 127.9597146,37.0275313 127.9601104,37.0279259 127.9605383,37.0282688 127.9611643,37.0286026 127.9619954,37.0289091 127.9628762,37.0290391 127.9651769,37.0291862 127.9659358,37.029281 127.9664653,37.0294 127.966937,37.0295496 127.967284,37.0296952 127.9676513,37.0298797 127.9679903,37.0300995 127.968565,37.0305959 127.9689348,37.0309764 127.9700318,37.032213 127.9713523,37.0335828 127.9720243,37.034339 127.9722887,37.0346635 127.9725367,37.0351015 127.9728359,37.0360267 127.9728771,37.0363602 127.9729101,37.0366661 127.9728781,37.0369785 127.9728301,37.0372009 127.972673,37.0377427 127.9724957,37.0384922 127.9721315,37.0401642 127.9720122,37.0408724 127.972022,37.0414463 127.9721677,37.0420984 127.9723592,37.04276 127.9724574,37.0429385 127.9727747,37.0434367 127.9738042,37.0444506 127.9744803,37.0448903 127.9789624,37.047192 127.9798063,37.0476017 128.0205161,37.0689606 128.0213637,37.0693459 128.0218465,37.0695941 128.0228811,37.0701266 128.0231877,37.0702616 128.0234022,37.070356 128.0239923,37.0705786 128.0246574,37.0707926 128.0252368,37.0709296 128.0258162,37.0710323 128.0279405,37.0712292 128.0286861,37.0713229 128.0292601,37.0714518 128.0300433,37.0717257 128.0310196,37.0722222 128.0324037,37.0729755 128.0333756,37.073376 128.0353474,37.0735923 128.040807,37.0734448 128.0414109,37.073494 128.0420518,37.0736218 128.0427296,37.0738381 128.0434198,37.0741528 128.0445906,37.0748313 128.0492614,37.0776139 128.0507959,37.078202 128.0512268,37.0783577 128.0520237,37.0786756 128.052357,37.0788053 128.0547323,37.07987 128.0555048,37.0803407 128.0568244,37.0816075 128.0571892,37.0823522 128.0574145,37.0831139 128.0575969,37.0842095 128.0577149,37.085014 128.0578254,37.0853427 128.0580694,37.0859784 128.0594638,37.0889552 128.0598459,37.0893484 128.0602649,37.0896729 128.0606469,37.0898701 128.0630995,37.0910197 128.0637157,37.0914129 128.0643442,37.0919536 128.065352,37.093659 128.0654378,37.0947202 128.0651159,37.0972532 128.0649014,37.0983486 128.0649014,37.0994952 128.065073,37.1009671 128.0656524,37.1021137 128.0674548,37.1034657 128.0686135,37.103808 128.0697079,37.1038764 128.0707956,37.1037482 128.0732647,37.1034812 128.0732841,37.103479 128.0738446,37.1034173 128.0744685,37.103333 128.0745976,37.103312 128.0747035,37.1032921 128.0748143,37.1032695 128.0749908,37.1032298 128.0751261,37.1031928 128.0752389,37.1031586 128.0754799,37.1030791 128.0756757,37.1030016 128.0758509,37.102928 128.075982,37.1028642 128.0760869,37.102808 128.0762177,37.1027364 128.0763203,37.1026778 128.0765025,37.1025616 128.0766943,37.1024273 128.0770212,37.1021717 128.0776661,37.1016366 128.0779736,37.1013791 128.0800189,37.0996749 128.0802163,37.0995104 128.0803862,37.0993301 128.0805501,37.0991728 128.0810699,37.0987425 128.0812564,37.0985972 128.0814139,37.098483 128.0815632,37.0983824 128.0818359,37.0982162 128.0819272,37.0981637 128.0820195,37.098114 128.0821191,37.0980647 128.0822101,37.0980234 128.0823017,37.0979817 128.082403,37.0979399 128.0825992,37.0978644 128.0826991,37.0978301 128.0828127,37.0977932 128.0829326,37.0977571 128.0830966,37.0977124 128.0832032,37.0976863 128.083331,37.0976601 128.083671,37.097601 128.0839112,37.0975712 128.084122,37.0975563 128.0843059,37.0975501 128.0845765,37.097549 128.0848155,37.097559 128.0850157,37.0975764 128.0853128,37.0976151 128.0854545,37.0976379 128.0856014,37.0976663 128.0857314,37.0976976 128.0858783,37.0977329 128.0860156,37.0977721 128.0861539,37.097815 128.0864328,37.0979153 128.0865614,37.0979669 128.0866723,37.0980144 128.0867647,37.0980588 128.0868606,37.0981065 128.0869519,37.098155 128.087048,37.0982082 128.0872963,37.0983574 128.0874142,37.0984355 128.0874696,37.0984763 128.0875157,37.0985103 128.0876154,37.0985858 128.0876879,37.0986442 128.0877761,37.0987205 128.0879823,37.0989132 128.0881075,37.0990488 128.0882317,37.0991914 128.0883284,37.0993207 128.0884044,37.0994251 128.0884581,37.099508 128.0885144,37.0995966 128.0886224,37.0997869 128.0886953,37.0999363 128.0887543,37.1000711 128.0888389,37.1002751 128.0891616,37.1011296 128.0893322,37.1015855 128.0900217,37.1033981 128.0901305,37.103653 128.0902021,37.1038058 128.0902883,37.1039806 128.0903642,37.1041215 128.0904289,37.1042326 128.0905247,37.1043863 128.0906848,37.1046395 128.0911216,37.105278 128.0913813,37.1056368 128.0915049,37.1058155 128.0916849,37.1061073 128.0917676,37.106235 128.091864,37.106374 128.0919543,37.1064988 128.0921216,37.1067022 128.0922147,37.1067933 128.0923253,37.1069051 128.0924592,37.1070144 128.0928074,37.1072691 128.0930775,37.1074325 128.0932833,37.1075467 128.0937098,37.1077398 128.0939292,37.107819 128.0941359,37.1078876 128.0944092,37.1079621 128.0946843,37.1080269 128.0950773,37.108105 128.0987759,37.1088104 128.0997161,37.1090042 128.1000697,37.1090944 128.1002155,37.1091356 128.100327,37.1091723 128.1004909,37.109231 128.1006477,37.1092896 128.1008044,37.1093519 128.1010832,37.1094718 128.1012153,37.1095352 128.1013732,37.1096162 128.1015306,37.1097039 128.1016059,37.1097456 128.1016739,37.1097808 128.101802,37.1098575 128.1021801,37.1101004 128.1022884,37.110174 128.102477,37.1103151 128.1026334,37.110439 128.1027287,37.1105218 128.1028439,37.1106241 128.1029583,37.11073 128.1031489,37.11092 128.1032198,37.1109961 128.1033092,37.1110984 128.1033557,37.1111527 128.1034958,37.1113283 128.1036532,37.1115367 128.103827,37.1118054 128.1046466,37.1132013 128.1050262,37.1138577 128.1052372,37.1142272 128.1053577,37.1144401 128.1054653,37.1146253 128.1056662,37.1149852 128.1057519,37.1151402 128.1063471,37.1160751 128.1065006,37.1163033 128.1066648,37.1166095 128.106769,37.1168384 128.1068416,37.1170665 128.1069865,37.1174009 128.107098,37.1176873 128.1072285,37.118081 128.1072673,37.1182116 128.1073239,37.1184152 128.1073661,37.1185764 128.1074667,37.1189898 128.1076756,37.1198791 128.1079058,37.120866 128.1081401,37.1218564 128.1082141,37.1221672 128.1082863,37.1224631 128.1083335,37.122665 128.1085456,37.1235639 128.1086156,37.1238582 128.1086709,37.1240743 128.1088017,37.1245053 128.108859,37.1246806 128.1089035,37.1247919 128.108957,37.1249285 128.1090188,37.125074 128.1091065,37.1252588 128.1091583,37.1253671 128.1093168,37.1256395 128.1094049,37.1257752 128.1094806,37.1258865 128.1095559,37.1259894 128.1096669,37.126129 128.1098283,37.1263167 128.109937,37.1264329 128.1103896,37.1269534 128.1104948,37.127066 128.1106027,37.1271765 128.1107772,37.1273365 128.1108913,37.1274359 128.1110505,37.1275655 128.1111993,37.1276805 128.1114784,37.1278692 128.1116287,37.127965 128.1117763,37.1280473 128.1120269,37.1281728 128.1122047,37.1282542 128.1124238,37.1283543 128.112602,37.128431 128.1130704,37.1286016 128.1132948,37.1286793 128.1135277,37.1287548 128.1137325,37.1288152 128.1139473,37.1288721 128.1141571,37.1289276 128.1143018,37.1289643 128.1146403,37.1290478 128.1148605,37.1290995 128.1162636,37.1293528 128.1180183,37.1296477 128.1196493,37.1299017 128.1212723,37.1301493 128.1229453,37.1304298 128.1231395,37.1304624 128.1233912,37.130501 128.123659,37.1305338 128.1238799,37.1305582 128.1241688,37.130581 128.1245041,37.1306 128.1252712,37.130614 128.1256101,37.1306012 128.1258626,37.1305809 128.1260797,37.1305548 128.1264337,37.1305056 128.1267801,37.1304513 128.1274291,37.1303459 128.128984,37.1300805 128.1291626,37.13005 128.1298034,37.1299441 128.1300133,37.1299084 128.1309234,37.1297558 128.1349957,37.1290772 128.1365693,37.1288135 128.1377192,37.1286565 128.1378106,37.1286455 128.1380152,37.1286175 128.1388689,37.1284786 128.1399283,37.1282994 128.1405349,37.1281779 128.1408013,37.128121 128.1415817,37.1279221 128.1432227,37.1272852 128.1458775,37.1261741 128.1508896,37.124434 128.1535161,37.1235225 128.1539568,37.1234423 128.1544974,37.1233533 128.1553537,37.1233153 128.1558214,37.1233549 128.1562796,37.1234471 128.1576135,37.1238497 128.1583759,37.1241276 128.1594559,37.1245066 128.1604198,37.1249395 128.162461,37.1258012 128.1630721,37.1260156 128.1633575,37.1261131 128.1635564,37.1261631 128.1640629,37.1262904 128.1651335,37.1264351 128.1660131,37.1265172 128.1717634,37.1267067 128.1718052,37.1267082 128.1720645,37.1267777 128.1723964,37.1267918 128.1726624,37.1268404 128.1731387,37.126941 128.1735123,37.1270638 128.175016,37.1276075 128.1757492,37.1277303 128.1767953,37.1277192 128.1772856,37.1277824 128.178215,37.1280282 128.1793451,37.1282144 128.1801624,37.1283112 128.1810502,37.1283993 128.181993,37.1284787 128.1826375,37.1285606 128.1828896,37.1285792 128.1854157,37.1286643 128.1873794,37.1287568 128.1888625,37.1288357 128.1904949,37.1289834 128.1918291,37.1292604 128.1930239,37.1295309 128.194844,37.129969 128.1951177,37.1300285 128.1955263,37.1300921 128.1957455,37.1301194 128.1968144,37.1301834 128.1972261,37.1301726 128.197608,37.130154 128.1981015,37.1300827 128.19869,37.1299667 128.1990092,37.1298681 128.2000056,37.1295461 128.2020872,37.1287615 128.2028379,37.1284779 128.2060964,37.1272962 128.2059487,37.12707938</coordinates>
        </LineString>
      </Placemark>
      <Placemark>
        <name>Jecheon to Osong Station (train)</name>
        <description>&lt;b&gt;Mode:&lt;/b&gt; train&lt;br&gt;Return to Osong (service unknown) to catch KTX 413 at 11:26</description>
        <Style>
          <LineStyle>
            <color>ff007cf5</color>
            <width>3</width>
          </LineStyle>
        </Style>
        <LineString>
          <coordinates>128.2059487,37.12707938 127.327378,36.620453</coordinates>
        </LineString>
      </Placemark>
      <Placemark>
        <name>Osong Station to Iksan Station (train)</name>
        <description>&lt;b&gt;Mode:&lt;/b&gt; train&lt;br&gt;KTX 413 toward Mokpo (dep Osong 11:26, arr Iksan 11:54)</description>
        <Style>
          <LineStyle>
            <color>ff007cf5</color>
            <width>3</width>
          </LineStyle>
        </Style>
        <LineString>
          <coordinates>127.327378,36.620453 126.9460147,35.94116804</coordinates>
        </LineString>
      </Placemark>
      <Placemark>
        <name>Iksan Station to Osong Station (train)</name>
        <description>&lt;b&gt;Mode:&lt;/b&gt; train&lt;br&gt;ITX-Saemaeul 512 Iksan→Osong (dep 14:35, arr 15:03; alt: KTX 418 dep 14:08, arr 14:35)</description>
        <Style>
          <LineStyle>
            <color>ff007cf5</color>
            <width>3</width>
          </LineStyle>
        </Style>
        <LineString>
          <coordinates>126.9460147,35.94116804 127.327378,36.620453</coordinates>
        </LineString>
      </Placemark>
      <Placemark>
        <name>Osong Station to Yongsan Station (train)</name>
        <description>&lt;b&gt;Mode:&lt;/b&gt; train&lt;br&gt;KTX-Sancheon 588 Osong→Yongsan (dep 16:33, arr 17:22; line passes Cheonan-Asan node per doc distance calc)</description>
        <Style>
          <LineStyle>
            <color>ff007cf5</color>
            <width>3</width>
          </LineStyle>
        </Style>
        <LineString>
          <coordinates>127.327378,36.620453 126.9648276,37.52995733</coordinates>
        </LineString>
      </Placemark>
      <Placemark>
        <name>Yongsan Station to Sangbong Station (train)</name>
        <description>&lt;b&gt;Mode:&lt;/b&gt; train&lt;br&gt;ITX-Cheongchun 2025 Yongsan→Sangbong (dep 17:50, arr 18:16)</description>
        <Style>
          <LineStyle>
            <color>ff007cf5</color>
            <width>3</width>
          </LineStyle>
        </Style>
        <LineString>
          <coordinates>126.9648276,37.52995733 127.085664,37.59701805</coordinates>
        </LineString>
      </Placemark>
      <Placemark>
        <name>Sangbong Station to Jinbu Station (train)</name>
        <description>&lt;b&gt;Mode:&lt;/b&gt; train&lt;br&gt;KTX 841 Sangbong→Jinbu (dep 07:16; doc line calc passes Seowonju node)</description>
        <Style>
          <LineStyle>
            <color>ff007cf5</color>
            <width>3</width>
          </LineStyle>
        </Style>
        <LineString>
          <coordinates>127.085664,37.59701805 128.575125,37.6427627</coordinates>
        </LineString>
      </Placemark>
      <Placemark>
        <name>Jinbu Station to Donghae Station (train)</name>
        <description>&lt;b&gt;Mode:&lt;/b&gt; train&lt;br&gt;KTX 841 Jinbu→Donghae (arr 09:39; passes Jeongdongjin node per doc line calc)</description>
        <Style>
          <LineStyle>
            <color>ff007cf5</color>
            <width>3</width>
          </LineStyle>
        </Style>
        <LineString>
          <coordinates>128.575125,37.6427627 129.1225982,37.49755738</coordinates>
        </LineString>
      </Placemark>
      <Placemark>
        <name>Donghae Station to Pohang Station (train)</name>
        <description>&lt;b&gt;Mode:&lt;/b&gt; train&lt;br&gt;Nuriro 1852 Donghae→Pohang (dep 09:51 (09:47), arr 12:37; trailer clip near Geomuyeok-ri 36.59721, 129.40507 on this coastal stretch)</description>
        <Style>
          <LineStyle>
            <color>ff007cf5</color>
            <width>3</width>
          </LineStyle>
        </Style>
        <LineString>
          <coordinates>129.1225982,37.49755738 129.3415091,36.0718893</coordinates>
        </LineString>
      </Placemark>
      <Placemark>
        <name>Pohang Station to Seogyeongju Station (train)</name>
        <description>&lt;b&gt;Mode:&lt;/b&gt; train&lt;br&gt;ITX-Maum 1252 Pohang→Seogyeongju (dep 13:54, arr 14:14) — doc main; alt: Nuriro 1854 dep 17:23 arr 17:46 (AMBIGUOUS per doc)</description>
        <Style>
          <LineStyle>
            <color>ff007cf5</color>
            <width>3</width>
          </LineStyle>
        </Style>
        <LineString>
          <coordinates>129.3415091,36.0718893 129.2011734,35.86876385</coordinates>
        </LineString>
      </Placemark>
      <Placemark>
        <name>Seogyeongju Station to Pohang Station (train)</name>
        <description>&lt;b&gt;Mode:&lt;/b&gt; train&lt;br&gt;ITX-Maum 1255 Seogyeongju→Pohang (dep 15:00, arr 15:18)</description>
        <Style>
          <LineStyle>
            <color>ff007cf5</color>
            <width>3</width>
          </LineStyle>
        </Style>
        <LineString>
          <coordinates>129.2011734,35.86876385 129.3415091,36.0718893</coordinates>
        </LineString>
      </Placemark>
      <Placemark>
        <name>Pohang Station to Dongdaegu Station (train)</name>
        <description>&lt;b&gt;Mode:&lt;/b&gt; train&lt;br&gt;KTX-Sancheon 248 Pohang→Dongdaegu (dep 16:21, arr 16:56)</description>
        <Style>
          <LineStyle>
            <color>ff007cf5</color>
            <width>3</width>
          </LineStyle>
        </Style>
        <LineString>
          <coordinates>129.3415091,36.0718893 128.6282898,35.87916842</coordinates>
        </LineString>
      </Placemark>
      <Placemark>
        <name>Dongdaegu Station to Osong Station (train)</name>
        <description>&lt;b&gt;Mode:&lt;/b&gt; train&lt;br&gt;KTX 050 Dongdaegu→Osong (dep 17:48, arr 18:46)</description>
        <Style>
          <LineStyle>
            <color>ff007cf5</color>
            <width>3</width>
          </LineStyle>
        </Style>
        <LineString>
          <coordinates>128.6282898,35.87916842 127.327378,36.620453</coordinates>
        </LineString>
      </Placemark>
      <Placemark>
        <name>Osong Station to Yongsan Station (train)</name>
        <description>&lt;b&gt;Mode:&lt;/b&gt; train&lt;br&gt;KTX 472 Osong→Yongsan (dep 08:30, arr 09:25)</description>
        <Style>
          <LineStyle>
            <color>ff007cf5</color>
            <width>3</width>
          </LineStyle>
        </Style>
        <LineString>
          <coordinates>127.327378,36.620453 126.9648276,37.52995733</coordinates>
        </LineString>
      </Placemark>
    </Folder>
  </Document>
</kml>