{
"type": "FeatureCollection",
"crs": { "type": "name", "properties": { "name": "urn:ogc:def:crs:OGC:1.3:CRS84" } },
"features": [
{ "type": "Feature", "properties": { "shapeName": "Nový Jičín", "shapeISO": "", "shapeID": "57006924B81305487356227", "shapeGroup": "CZE", "shapeType": "ADM2" }, "geometry": { "type": "Polygon", "coordinates": [ [ [ 18.049656641420995, 49.80866017539546 ], [ 18.048673312125857, 49.800727919711505 ], [ 18.042163787200536, 49.79849578968566 ], [ 18.041146674211689, 49.796394867391712 ], [ 18.034026882391231, 49.796263556758106 ], [ 18.029551584341959, 49.796657487590949 ], [ 18.027517357465911, 49.800859218239111 ], [ 18.011650392144531, 49.800727919711505 ], [ 18.007378516692938, 49.805454442971268 ], [ 17.998224497996659, 49.806636001541165 ], [ 17.995376581627795, 49.814512323411805 ], [ 17.991918396567371, 49.814643584554915 ], [ 17.988256788909041, 49.81831875259752 ], [ 17.981950687479696, 49.81831875259752 ], [ 17.978289079821593, 49.817137479210146 ], [ 17.97706854423501, 49.814512323411805 ], [ 17.971982978392248, 49.813593485440549 ], [ 17.970559020207816, 49.810443050802405 ], [ 17.965880299560638, 49.809261584579417 ], [ 17.963235804891383, 49.794031220927423 ], [ 17.95835366164647, 49.793243313328844 ], [ 17.955709167875341, 49.789697569924385 ], [ 17.950827024630428, 49.789303582476009 ], [ 17.9485893751567, 49.785626211170609 ], [ 17.937604553080405, 49.785363531150438 ], [ 17.935163481008658, 49.781291807537798 ], [ 17.923975236334627, 49.780766399068852 ], [ 17.920313628676297, 49.777351104561603 ], [ 17.910345919588678, 49.776825653360447 ], [ 17.908515116208662, 49.773935569326852 ], [ 17.903632972963976, 49.772621838051975 ], [ 17.895902912451902, 49.765789860197401 ], [ 17.886748893755453, 49.761059464910545 ], [ 17.870678505836395, 49.761059464910545 ], [ 17.868237434663115, 49.756722864249582 ], [ 17.863965559211522, 49.75619718881984 ], [ 17.861931332335473, 49.753437302370514 ], [ 17.844030141036399, 49.753963007136633 ], [ 17.841385646367144, 49.757642781524396 ], [ 17.834265854546629, 49.757511365839321 ], [ 17.83121451468179, 49.757117116647066 ], [ 17.827756329621366, 49.753963007136633 ], [ 17.812906477288834, 49.753437302370514 ], [ 17.808431179239506, 49.75002008190819 ], [ 17.798870315347642, 49.75002008190819 ], [ 17.795412131185344, 49.754225857382892 ], [ 17.785851267293481, 49.754225857382892 ], [ 17.782799927428584, 49.750677258276085 ], [ 17.777714361585822, 49.749625771233013 ], [ 17.776493825999296, 49.746865510816008 ], [ 17.771204837558798, 49.744105092747986 ], [ 17.768560342889373, 49.729511702298339 ], [ 17.744556471860562, 49.729643193848972 ], [ 17.742725668480546, 49.725829793679964 ], [ 17.738453793029123, 49.725040777052868 ], [ 17.728486083941505, 49.718202094029607 ], [ 17.71912864264732, 49.717939048590324 ], [ 17.716077302782423, 49.721621555653655 ], [ 17.697702909925056, 49.721866484979387 ], [ 17.696777543282224, 49.711096877330704 ], [ 17.684167612262854, 49.703443953982855 ], [ 17.683996620881942, 49.696918796978252 ], [ 17.689378681733899, 49.696765774124344 ], [ 17.6889050512886, 49.672250826834215 ], [ 17.69968013920402, 49.67125464578595 ], [ 17.704534848798346, 49.666733259896262 ], [ 17.712112932330626, 49.666656622437756 ], [ 17.717086049761008, 49.662671317534091 ], [ 17.733307885552108, 49.663131177560558 ], [ 17.734847183825821, 49.669415488485356 ], [ 17.739583485584262, 49.670335075537423 ], [ 17.753081947437408, 49.668572518609437 ], [ 17.758173472703731, 49.665507048980885 ], [ 17.759712770977444, 49.658685686747958 ], [ 17.771908749330521, 49.651173417047062 ], [ 17.772500786713579, 49.641283049584843 ], [ 17.775697791096775, 49.640286234420159 ], [ 17.777829126753318, 49.637295666486068 ], [ 17.776289828479605, 49.629089831822398 ], [ 17.794287777317891, 49.627095681892229 ], [ 17.796892743419903, 49.619194978158873 ], [ 17.813469801820361, 49.61781414137954 ], [ 17.815127507930015, 49.615435941095768 ], [ 17.820455847969754, 49.613441232278262 ], [ 17.820692662743284, 49.60569178112155 ], [ 17.832296603713473, 49.6049244422436 ], [ 17.833835901987072, 49.602468874461806 ], [ 17.839519464636396, 49.599782956264789 ], [ 17.839401056800284, 49.593796663145099 ], [ 17.844729396840251, 49.591110267267425 ], [ 17.845913472504435, 49.588039919625317 ], [ 17.850768182098761, 49.587809635776068 ], [ 17.852425888208359, 49.575603033814502 ], [ 17.863200976123835, 49.574297744586147 ], [ 17.863793013506665, 49.56754039586292 ], [ 17.850412959489404, 49.565236540904039 ], [ 17.850294552551816, 49.55909239460118 ], [ 17.855149262146142, 49.557709855483893 ], [ 17.856688560419855, 49.545879863337291 ], [ 17.866990017889862, 49.54549572433541 ], [ 17.868647723999459, 49.547877335827593 ], [ 17.874568101422255, 49.549644262690208 ], [ 17.876225807531739, 49.55540553605897 ], [ 17.88226459279042, 49.557863472679969 ], [ 17.88356707629049, 49.561319736794701 ], [ 17.889842676322644, 49.561626948575167 ], [ 17.894578978979382, 49.56078211225622 ], [ 17.896710314635982, 49.558017089975579 ], [ 17.907722218223171, 49.55563597283583 ], [ 17.909024700824943, 49.545034754012534 ], [ 17.911629666926956, 49.5446506089487 ], [ 17.914234633927322, 49.540501646536654 ], [ 17.920036603514063, 49.53911858116544 ], [ 17.920485301218605, 49.535354361854957 ], [ 17.939413893013239, 49.534900913823151 ], [ 17.97028401176334, 49.534200122755976 ], [ 17.971999018709937, 49.531190729149671 ], [ 17.978160338664793, 49.529912711888585 ], [ 17.978795526622491, 49.527191659430741 ], [ 17.983622952585108, 49.525624924370504 ], [ 17.984893327602038, 49.522202670759327 ], [ 17.990355941522353, 49.520759479711785 ], [ 17.991118166532374, 49.517543072239334 ], [ 17.996453742501899, 49.515522400781776 ], [ 17.996453742501899, 49.500591585969687 ], [ 18.019828648203031, 49.500014060032584 ], [ 18.028276643188406, 49.504757823965747 ], [ 18.029356462177475, 49.507315141308709 ], [ 18.038820758074678, 49.507727599479608 ], [ 18.042568365048396, 49.511233351201554 ], [ 18.078964616694179, 49.511480806817247 ], [ 18.083156855597394, 49.514491413720748 ], [ 18.097575614509935, 49.514821331898133 ], [ 18.102466559447862, 49.518079154842326 ], [ 18.118346250303432, 49.518244102108497 ], [ 18.122411451256028, 49.514697612988186 ], [ 18.132193341132108, 49.513419163983031 ], [ 18.132828528191283, 49.510779680002145 ], [ 18.138037067108087, 49.509336151837033 ], [ 18.139243924048003, 49.506366474551783 ], [ 18.142864493070704, 49.504840320423398 ], [ 18.14902581302573, 49.505335294498821 ], [ 18.153535645907823, 49.508799973400301 ], [ 18.169161261760053, 49.508717484202407 ], [ 18.173226462712648, 49.504262844048242 ], [ 18.176973572917859, 49.503917869826978 ], [ 18.178214174173036, 49.497069439428344 ], [ 18.189069431337657, 49.490824447578291 ], [ 18.190154957323557, 49.488003867252928 ], [ 18.233731062149729, 49.48649277483139 ], [ 18.234816588135629, 49.483168208261475 ], [ 18.25171977451015, 49.482261469321202 ], [ 18.25528650210822, 49.485283867546229 ], [ 18.265831609632812, 49.485989067187461 ], [ 18.269708486870741, 49.489615647255334 ], [ 18.287697199231332, 49.489716381852929 ], [ 18.293872070727957, 49.489603392742197 ], [ 18.294236980313883, 49.50105909180661 ], [ 18.287857646425891, 49.504018257058988 ], [ 18.288768980095199, 49.517881674614273 ], [ 18.277312216406187, 49.519910137741533 ], [ 18.275880121281887, 49.523459745899856 ], [ 18.271844216187333, 49.524304852831506 ], [ 18.270281930924057, 49.527516125837565 ], [ 18.257132691832339, 49.528445665300239 ], [ 18.256221358163202, 49.531825660659706 ], [ 18.249972214414413, 49.535796856109016 ], [ 18.239556975432208, 49.537571115719174 ], [ 18.239036213977101, 49.548130852261579 ], [ 18.245285356827424, 49.550833778341541 ], [ 18.248409929150966, 49.56206621058152 ], [ 18.25244583424535, 49.562995092942742 ], [ 18.254398690824701, 49.566034948559206 ], [ 18.253096786737956, 49.569834502217077 ], [ 18.241509832909742, 49.572873931991239 ], [ 18.236692785183493, 49.575913172507228 ], [ 18.234739927706016, 49.579458713718054 ], [ 18.230313451295729, 49.579796370570023 ], [ 18.228751165133929, 49.582835180010193 ], [ 18.223283164915301, 49.585704992805461 ], [ 18.222632212422639, 49.595916781232745 ], [ 18.214560402233872, 49.600642174684765 ], [ 18.206488592045105, 49.601570322977921 ], [ 18.2046659256049, 49.603848430937774 ], [ 18.204796115744102, 49.616924396895797 ], [ 18.199718686841379, 49.620551301043633 ], [ 18.199979068018081, 49.634044388888697 ], [ 18.192167639005845, 49.639103333188984 ], [ 18.18175240002364, 49.640705223077475 ], [ 18.182924113971183, 49.647449442984964 ], [ 18.186569447749662, 49.64820810897902 ], [ 18.188652495366568, 49.65511985725368 ], [ 18.194120495585196, 49.656805500162704 ], [ 18.195943162923697, 49.659839511082509 ], [ 18.198026210540377, 49.690674551422092 ], [ 18.198521512774278, 49.694610819688819 ], [ 18.187706258555181, 49.695326311914982 ], [ 18.185931568439401, 49.696297654392538 ], [ 18.185385510426045, 49.702566762182755 ], [ 18.182791731942643, 49.703979407147528 ], [ 18.17487388401031, 49.70406769645723 ], [ 18.173235709071719, 49.715014282698235 ], [ 18.168184668180345, 49.717485750729168 ], [ 18.166819521799368, 49.720133613362009 ], [ 18.164498772771935, 49.72128097554662 ], [ 18.142792948546628, 49.72145748995257 ], [ 18.141973861077304, 49.723310857118406 ], [ 18.14211037535614, 49.728694046675855 ], [ 18.154533206166207, 49.73072361830873 ], [ 18.156171381104855, 49.733723699871121 ], [ 18.161206040318632, 49.734422515962478 ], [ 18.162254473069936, 49.736850646304447 ], [ 18.166186093641443, 49.737867036832824 ], [ 18.170467192095828, 49.742158229714221 ], [ 18.183223118213562, 49.743005130850065 ], [ 18.18226205560677, 49.749553999575255 ], [ 18.177194633037971, 49.751416878299608 ], [ 18.174660921304394, 49.754690855385491 ], [ 18.15937128435138, 49.755368202101295 ], [ 18.156313356242265, 49.76405998212266 ], [ 18.146790096726363, 49.764511460599124 ], [ 18.1429458454013, 49.760278685039395 ], [ 18.120317181884616, 49.76084307634909 ], [ 18.115337128561976, 49.764511460599124 ], [ 18.10607597678478, 49.76631733246063 ], [ 18.104940174787259, 49.772524504062403 ], [ 18.075933548211935, 49.774047960795258 ], [ 18.073749314361578, 49.777207570693236 ], [ 18.073836683607851, 49.790859230435274 ], [ 18.069468215907023, 49.791874489303154 ], [ 18.068594522546505, 49.794976537831985 ], [ 18.068681891792778, 49.803322881252086 ], [ 18.064051316353243, 49.804450654903633 ], [ 18.061954451748932, 49.808566806769761 ], [ 18.049656641420995, 49.80866017539546 ] ] ] } },
{ "type": "Feature", "properties": { "shapeName": "Cheb", "shapeISO": "", "shapeID": "57006924B74936445485800", "shapeGroup": "CZE", "shapeType": "ADM2" }, "geometry": { "type": "Polygon", "coordinates": [ [ [ 12.381266731991616, 50.287788934731623 ], [ 12.368929538958071, 50.28594224336058 ], [ 12.362584517560151, 50.281182735190782 ], [ 12.361756906073481, 50.27483598392422 ], [ 12.357894719135572, 50.273778109780721 ], [ 12.356515366657788, 50.26760670880418 ], [ 12.350170345259926, 50.264079834844551 ], [ 12.350170345259926, 50.258789034185781 ], [ 12.34520467633979, 50.255437889807979 ], [ 12.344377064853063, 50.243795240816951 ], [ 12.340514877915325, 50.2416780899282 ], [ 12.3286524466061, 50.239737285669207 ], [ 12.324790259668362, 50.229502647326512 ], [ 12.325066130163862, 50.220677919865921 ], [ 12.319548720252669, 50.215735359265295 ], [ 12.320100461243726, 50.206201831995088 ], [ 12.321479813721623, 50.19949191175823 ], [ 12.333618115526235, 50.19790258196673 ], [ 12.334445727012962, 50.187658965162541 ], [ 12.328100705615043, 50.184479464836045 ], [ 12.320652202234896, 50.174409650704888 ], [ 12.313479569350307, 50.172466108898448 ], [ 12.300789526554524, 50.172289419359515 ], [ 12.291961670696651, 50.176529787969912 ], [ 12.289202965740969, 50.178473164484217 ], [ 12.288375354254242, 50.182359680359582 ], [ 12.274857699971733, 50.189778514456634 ], [ 12.272650736007279, 50.195959995921498 ], [ 12.27568531145846, 50.200728020570693 ], [ 12.280375109883096, 50.200728020570693 ], [ 12.280547528942748, 50.217511650926781 ], [ 12.286151148383738, 50.219166521535158 ], [ 12.286582196033237, 50.222476090536418 ], [ 12.285720100734466, 50.225785429920847 ], [ 12.280116481293476, 50.227164253563274 ], [ 12.279254385994818, 50.233230604024698 ], [ 12.273650766553828, 50.234884929306304 ], [ 12.254253622334659, 50.235160644605912 ], [ 12.252529431737401, 50.239847560755891 ], [ 12.248650002893498, 50.242053008916685 ], [ 12.24347743110178, 50.242328682762036 ], [ 12.238735906959391, 50.245636644548483 ], [ 12.23701171636219, 50.250322530746473 ], [ 12.238735906959391, 50.252803107496732 ], [ 12.249943145841598, 50.253629937716823 ], [ 12.257702003529118, 50.256110342288537 ], [ 12.256839908230518, 50.26189745078193 ], [ 12.25037419349087, 50.266857269940999 ], [ 12.23571857341426, 50.266857269940999 ], [ 12.2301149539731, 50.269336985836048 ], [ 12.222356096285353, 50.270439040343263 ], [ 12.198217427923964, 50.269888016277775 ], [ 12.195631142027935, 50.274296030266953 ], [ 12.194337999080005, 50.285038854795403 ], [ 12.189165427288344, 50.286691381847675 ], [ 12.187872284340415, 50.289445466089944 ], [ 12.187441236691086, 50.302387527087603 ], [ 12.185285998444556, 50.305966624517566 ], [ 12.181837617249926, 50.306792531829331 ], [ 12.178820283704795, 50.318078494282645 ], [ 12.175802950159607, 50.319454647902489 ], [ 12.128818756384419, 50.317252782987737 ], [ 12.12407723224203, 50.313949794385849 ], [ 12.107266373918662, 50.311747674495678 ], [ 12.107697421567991, 50.305140702862559 ], [ 12.111145802762621, 50.304865392456804 ], [ 12.11373208865848, 50.30156154327733 ], [ 12.115456279255682, 50.283661705085763 ], [ 12.121921993995329, 50.282009072834626 ], [ 12.123646184592701, 50.279805473905185 ], [ 12.129249804033691, 50.27953001686609 ], [ 12.128818756384419, 50.268234905823533 ], [ 12.128061491874121, 50.266880194128362 ], [ 12.112347908446964, 50.266203044257111 ], [ 12.106168409346424, 50.261462725569288 ], [ 12.090984497270654, 50.260446881612779 ], [ 12.09186728285664, 50.246222791431535 ], [ 12.099812353128755, 50.241932153000107 ], [ 12.105109066643479, 50.241254648465883 ], [ 12.10634496646361, 50.237528201395662 ], [ 12.111112008626947, 50.23685063426791 ], [ 12.11446659385291, 50.234140269456589 ], [ 12.123117892593768, 50.233688527007985 ], [ 12.126825592054104, 50.229622652366061 ], [ 12.137772133317753, 50.228832025369968 ], [ 12.14059704719233, 50.226008250521886 ], [ 12.152073259807707, 50.225782341311287 ], [ 12.15507473079947, 50.210418004515759 ], [ 12.16602127206329, 50.209514065897906 ], [ 12.167610286117679, 50.20714114555841 ], [ 12.173260113866831, 50.2053331270576 ], [ 12.173436670984017, 50.202733980465439 ], [ 12.1796161700845, 50.201829896299841 ], [ 12.181911412607462, 50.194483577663448 ], [ 12.188090911708173, 50.193692368229449 ], [ 12.189679925762562, 50.190640437596471 ], [ 12.1948000821601, 50.189397002526164 ], [ 12.196918767566046, 50.173907871117933 ], [ 12.203274823783772, 50.172777080900005 ], [ 12.20380449513533, 50.158074372761916 ], [ 12.19833122450342, 50.155925136594078 ], [ 12.196565653331845, 50.144159184677108 ], [ 12.191798611168508, 50.143253991545294 ], [ 12.191092382699765, 50.141556708251812 ], [ 12.192681396754324, 50.120505391818824 ], [ 12.194270410808713, 50.110995310079659 ], [ 12.200449909909196, 50.108957189664636 ], [ 12.202745152432328, 50.102955553619438 ], [ 12.219694635679502, 50.102276075736597 ], [ 12.222696106671265, 50.094801182896958 ], [ 12.240528375504368, 50.09491444755048 ], [ 12.243353289378774, 50.090950025370205 ], [ 12.248650002893669, 50.090043825676787 ], [ 12.249709345596443, 50.087098558328421 ], [ 12.253593602173964, 50.086532140010661 ], [ 12.254652944876966, 50.083699948013646 ], [ 12.261362115329064, 50.082567024357218 ], [ 12.263127686500638, 50.072482824173562 ], [ 12.257124744517114, 50.069083177596156 ], [ 12.2580075301031, 50.06216981965099 ], [ 12.28060684109937, 50.061943135306478 ], [ 12.284844211911093, 50.058656091937394 ], [ 12.295967310292156, 50.058089337559068 ], [ 12.296673538760729, 50.056162322593821 ], [ 12.300381238221064, 50.055028748225425 ], [ 12.314505807593832, 50.055028748225425 ], [ 12.316447935882593, 50.053555061509314 ], [ 12.317507278585595, 50.044825373756908 ], [ 12.323686777686135, 50.042104107521595 ], [ 12.325099234623281, 50.039836267814678 ], [ 12.343637731925014, 50.03881570499442 ], [ 12.347521988502535, 50.027588082103819 ], [ 12.363588686163894, 50.026226979731177 ], [ 12.368708842561603, 50.01930744628504 ], [ 12.375947684365087, 50.01930744628504 ], [ 12.381067840762626, 50.015790580100429 ], [ 12.39607519572121, 50.015223319510824 ], [ 12.400665680767361, 50.008302201081506 ], [ 12.412318450499754, 50.007280968078305 ], [ 12.41673237842889, 50.004103659969587 ], [ 12.432445961855876, 50.00387670135359 ], [ 12.432622518973062, 49.995705477507272 ], [ 12.425736791403949, 49.993094932762233 ], [ 12.426972691223966, 49.989349121014357 ], [ 12.430150719332858, 49.987305827997261 ], [ 12.442156603299679, 49.987419346553224 ], [ 12.445864302760015, 49.988781548328063 ], [ 12.447100202580202, 49.99184636126364 ], [ 12.455221829969503, 49.992867922173787 ], [ 12.465638699881765, 49.991959869103198 ], [ 12.467227713936325, 49.988213968943683 ], [ 12.471465084748047, 49.987759900613923 ], [ 12.476232126911384, 49.984240725710777 ], [ 12.485766211237831, 49.983786619871807 ], [ 12.488238010878206, 49.981288961131554 ], [ 12.49353472439293, 49.979926547161256 ], [ 12.494240952861503, 49.968912284457076 ], [ 12.48806145376102, 49.966754556281728 ], [ 12.486825553940832, 49.96312026912608 ], [ 12.482941297363311, 49.962552386972163 ], [ 12.479939826371719, 49.958577024320675 ], [ 12.474819669974011, 49.957895500620793 ], [ 12.474289998622623, 49.954714929135321 ], [ 12.470052627810674, 49.953692557969248 ], [ 12.470582299162288, 49.942331417857758 ], [ 12.475172784208382, 49.94119515645383 ], [ 12.478350812317331, 49.938127116799478 ], [ 12.487178668175204, 49.937104393498942 ], [ 12.491945710338541, 49.934149737579048 ], [ 12.502362580250804, 49.933240576231924 ], [ 12.504657822773936, 49.930399336468838 ], [ 12.521254191786909, 49.930285683394175 ], [ 12.524608777012816, 49.926989627642968 ], [ 12.540852031791417, 49.926421319387202 ], [ 12.54350038854875, 49.923466008445814 ], [ 12.550033001883662, 49.920737868301444 ], [ 12.550033001883662, 49.906867435460413 ], [ 12.547233600306981, 49.90563002779254 ], [ 12.580810438674973, 49.906521760378951 ], [ 12.585330300348915, 49.90288292780042 ], [ 12.603974732561198, 49.902810148453284 ], [ 12.609059577056712, 49.90390182886847 ], [ 12.610302539084444, 49.911542898916991 ], [ 12.62295815392747, 49.913216495989843 ], [ 12.624540105109077, 49.916126960280053 ], [ 12.634257809459768, 49.92121985112135 ], [ 12.64397551291222, 49.921583608453886 ], [ 12.659004054527657, 49.913143732233209 ], [ 12.667930782389249, 49.911106299000608 ], [ 12.671885662139857, 49.901645662229896 ], [ 12.677648485841644, 49.901208972721861 ], [ 12.68262033485081, 49.901718443333891 ], [ 12.683750300493784, 49.913725839791084 ], [ 12.689965110632329, 49.914890034405744 ], [ 12.6895131241954, 49.917436612393203 ], [ 12.692451034687736, 49.918673472944249 ], [ 12.701038773395453, 49.919255514329961 ], [ 12.701151769780097, 49.928712697177332 ], [ 12.710869473232549, 49.930676648636393 ], [ 12.714372366546286, 49.928276252715932 ], [ 12.724090069998681, 49.926894152612078 ], [ 12.733920770734073, 49.928130770543305 ], [ 12.742056522106395, 49.935622542412148 ], [ 12.757989036595632, 49.936422565707232 ], [ 12.764203847632643, 49.935986191063591 ], [ 12.772226602620492, 49.931476754043729 ], [ 12.779797372069709, 49.932640520067707 ], [ 12.780927337712683, 49.93714984819087 ], [ 12.785673193054095, 49.938168025341668 ], [ 12.788837096315831, 49.945512807191392 ], [ 12.810532434506683, 49.946312666269591 ], [ 12.820024145189848, 49.938386202988795 ], [ 12.838442583734491, 49.937731666505329 ], [ 12.842623456254501, 49.934167920362484 ], [ 12.851550184116149, 49.93300419122312 ], [ 12.853697119017625, 49.929876529946114 ], [ 12.877539392110009, 49.930894860782132 ], [ 12.880251308934589, 49.934240652970345 ], [ 12.883980195916195, 49.935258891016247 ], [ 12.886127129919203, 49.938822556475486 ], [ 12.89109897892854, 49.939404354013618 ], [ 12.899347726685562, 49.938022573027979 ], [ 12.908387451829981, 49.93140401784251 ], [ 12.911664351476361, 49.930749386513583 ], [ 12.913698289094896, 49.927985287353408 ], [ 12.924997944627194, 49.928348993637655 ], [ 12.928161848786999, 49.931840433981279 ], [ 12.938783525113251, 49.933076925587443 ], [ 12.940252479910328, 49.936131650102709 ], [ 12.945676314458012, 49.937222575719773 ], [ 12.945774745558651, 49.94097500293941 ], [ 12.951016284985656, 49.941507630727131 ], [ 12.952395637324685, 49.945235864410336 ], [ 12.959292399019603, 49.945413391765271 ], [ 12.962192701420292, 49.946401466545694 ], [ 12.963982197690768, 49.947011111986114 ], [ 12.966740903267123, 49.958726106523216 ], [ 12.971430701039992, 49.960500856879491 ], [ 12.971154831111107, 49.965469810534955 ], [ 12.963982197690768, 49.967244312296486 ], [ 12.962878716178921, 49.970970553293 ], [ 12.957913046680574, 49.971857710954282 ], [ 12.956290928229464, 49.978904711204279 ], [ 12.956095915834055, 49.978896620439798 ], [ 12.950817657594882, 49.978677633616769 ], [ 12.942519473751133, 49.975384888449071 ], [ 12.932279160110909, 49.975611981576833 ], [ 12.931043260637807, 49.981516026142401 ], [ 12.924510647213026, 49.982651336380627 ], [ 12.92409397265169, 49.990139170770647 ], [ 12.944094362377939, 49.991955328672248 ], [ 12.941382445553359, 50.011129768421256 ], [ 12.936297600159548, 50.012291609871681 ], [ 12.933133696897983, 50.021004525715227 ], [ 12.917653168845504, 50.019770292178919 ], [ 12.91561923122697, 50.016575657424141 ], [ 12.901946648023966, 50.017011302390074 ], [ 12.898330758325528, 50.019770292178919 ], [ 12.891437968082414, 50.018826444731076 ], [ 12.888952044027008, 50.016866087647998 ], [ 12.888726051257606, 50.011492846927922 ], [ 12.876070436414579, 50.010766687171383 ], [ 12.874149495180802, 50.015486529459963 ], [ 12.870759598251595, 50.016067400741179 ], [ 12.868160677811488, 50.027683358111346 ], [ 12.862397853211576, 50.028917388346883 ], [ 12.861493881236072, 50.031385353698226 ], [ 12.849629242882145, 50.031748279150406 ], [ 12.84736931159614, 50.035885435220052 ], [ 12.834713697651409, 50.037119254704521 ], [ 12.832905752802105, 50.039659371933396 ], [ 12.82239707286061, 50.040239950941782 ], [ 12.821401291266511, 50.04788661363574 ], [ 12.821027215370009, 50.047880454367601 ], [ 12.814515563578198, 50.047773238132947 ], [ 12.809042292943786, 50.048453488863572 ], [ 12.800567551519123, 50.05525546532175 ], [ 12.791563138250069, 50.059222839739846 ], [ 12.785030524825288, 50.059222839739846 ], [ 12.778674468981308, 50.055822252933751 ], [ 12.770023169975786, 50.055368823149024 ], [ 12.76790448439499, 50.058429390754782 ], [ 12.760489085760696, 50.061829792778553 ], [ 12.758193842599098, 50.072029551622336 ], [ 12.754662700862752, 50.072029551622336 ], [ 12.753603358072382, 50.074975745139 ], [ 12.741420917330515, 50.074749121295042 ], [ 12.739655346013251, 50.070783030930158 ], [ 12.727296347690583, 50.071236315035492 ], [ 12.726060447319355, 50.082000552468969 ], [ 12.723941762636912, 50.083020196809684 ], [ 12.712995221368089, 50.082906904321419 ], [ 12.707345393152707, 50.081547370116368 ], [ 12.706286050362337, 50.079281394090685 ], [ 12.683510182614953, 50.077695147721045 ], [ 12.680685268507375, 50.075882229803767 ], [ 12.681568054615241, 50.071009673518404 ], [ 12.687747552878193, 50.068063236899263 ], [ 12.686688210986119, 50.06148976313375 ], [ 12.66197021434067, 50.062283161504922 ], [ 12.655084486652413, 50.064663276733938 ], [ 12.655084486652413, 50.07168959485648 ], [ 12.651200229754409, 50.077581842071254 ], [ 12.641666145539318, 50.075882229803767 ], [ 12.640253688485586, 50.069763126315877 ], [ 12.635839760641375, 50.068063236899263 ], [ 12.63354451837813, 50.060469660891272 ], [ 12.623127648055345, 50.059222839739846 ], [ 12.619596506318999, 50.051967963757932 ], [ 12.610238978786413, 50.052194695254627 ], [ 12.605825050942428, 50.062963206560596 ], [ 12.599468995098619, 50.062963206560596 ], [ 12.589228681458167, 50.059336188194038 ], [ 12.583225739877776, 50.060129622182444 ], [ 12.581989840404844, 50.062849866098929 ], [ 12.57386821234536, 50.064663276733938 ], [ 12.575810341243425, 50.070783030930158 ], [ 12.581107054296979, 50.072936091984218 ], [ 12.581107054296979, 50.076108848292165 ], [ 12.57280886955499, 50.083926529383461 ], [ 12.567688713183941, 50.084492978828166 ], [ 12.565923142764973, 50.087891532618357 ], [ 12.540675474275076, 50.088118094341326 ], [ 12.538909903856108, 50.090950025225084 ], [ 12.534495976012124, 50.091742936253695 ], [ 12.533613189904258, 50.094687917850933 ], [ 12.526904019796916, 50.096273602515225 ], [ 12.524785334216176, 50.10759839432086 ], [ 12.519135506000794, 50.109070421049978 ], [ 12.519312063581594, 50.113712668755909 ], [ 12.516663707054988, 50.1157505869499 ], [ 12.506246836732032, 50.116429873739719 ], [ 12.50377503688776, 50.119826163129744 ], [ 12.486825554038546, 50.119826163129744 ], [ 12.483470968984875, 50.156490734218949 ], [ 12.488238011092392, 50.157621909904549 ], [ 12.490356696673189, 50.161015276381931 ], [ 12.509071750839837, 50.162938076846729 ], [ 12.508542078995504, 50.181144294930618 ], [ 12.488238011092392, 50.184535990939821 ], [ 12.489827024828855, 50.190188283407167 ], [ 12.498831438097682, 50.191205624720908 ], [ 12.500773566097621, 50.192675079594096 ], [ 12.499537666624747, 50.202507960880155 ], [ 12.49530029546321, 50.204090074588464 ], [ 12.493711281726803, 50.215276381269462 ], [ 12.499361109043718, 50.216406165514456 ], [ 12.497948651990043, 50.227137780683734 ], [ 12.491239481882531, 50.232220334207057 ], [ 12.485413096984644, 50.232897967196209 ], [ 12.485236540302083, 50.236173057265432 ], [ 12.479763269667728, 50.236963562899007 ], [ 12.477114912242598, 50.239673766860676 ], [ 12.472347870135081, 50.240690054126048 ], [ 12.469169842662211, 50.249045369473549 ], [ 12.4658152567103, 50.248932469274848 ], [ 12.462990343500962, 50.259995388741061 ], [ 12.454868715441307, 50.264848715454548 ], [ 12.443745617489981, 50.265977325411143 ], [ 12.44215660285505, 50.268685880188798 ], [ 12.433681861430557, 50.272522735184452 ], [ 12.423441548688572, 50.271958511394814 ], [ 12.410552879419868, 50.273086952862343 ], [ 12.407727965312063, 50.275569429380425 ], [ 12.397134538306773, 50.275569429380425 ], [ 12.393073724726094, 50.280082692480164 ], [ 12.381950626774596, 50.281210940824735 ], [ 12.381266731991616, 50.287788934731623 ] ] ] } },
{ "type": "Feature", "properties": { "shapeName": "Sokolov", "shapeISO": "", "shapeID": "57006924B20358302460191", "shapeGroup": "CZE", "shapeType": "ADM2" }, "geometry": { "type": "Polygon", "coordinates": [ [ [ 12.821027215370009, 50.047880454367601 ], [ 12.820589128011306, 50.0554050979203 ], [ 12.826125959841988, 50.056420774034905 ], [ 12.827007332899939, 50.076184447891819 ], [ 12.815563871463496, 50.077135699661255 ], [ 12.812529295958484, 50.079083116308766 ], [ 12.812529295958484, 50.083508769111916 ], [ 12.818046705314373, 50.085809946918459 ], [ 12.819426058551869, 50.09324376702051 ], [ 12.839012863023015, 50.0955444774429 ], [ 12.84039221626017, 50.098729894074495 ], [ 12.844254402450019, 50.099791652747683 ], [ 12.845633755687345, 50.11093869700295 ], [ 12.861358373968812, 50.112530919715596 ], [ 12.863565337890805, 50.115007606078393 ], [ 12.864117078646643, 50.119606826771587 ], [ 12.834598935178803, 50.119429941638202 ], [ 12.831012618917953, 50.121198761257858 ], [ 12.830736748090828, 50.127212260032195 ], [ 12.835702417588948, 50.128096534231986 ], [ 12.83711487464285, 50.131598099909922 ], [ 12.847884858330872, 50.132390337602828 ], [ 12.851769115228819, 50.136011829914537 ], [ 12.856359599755592, 50.137030324953798 ], [ 12.855123700282661, 50.14461177507053 ], [ 12.850886329121181, 50.145403797292033 ], [ 12.849826987229108, 50.148571755603882 ], [ 12.845236501804038, 50.148911167612425 ], [ 12.842235031013956, 50.15128698192251 ], [ 12.842764701959993, 50.157056325695009 ], [ 12.848061415911843, 50.158639945426728 ], [ 12.848237972594347, 50.173794793082266 ], [ 12.829522918427699, 50.174360179828398 ], [ 12.827933904691292, 50.17628244345741 ], [ 12.829876032691232, 50.182161828905748 ], [ 12.839763231169684, 50.187701357137087 ], [ 12.840116345433159, 50.194596606285245 ], [ 12.828993246583366, 50.195613854255726 ], [ 12.824932433002687, 50.198891504627852 ], [ 12.781322825508084, 50.199004522763289 ], [ 12.773201198346896, 50.20341203227764 ], [ 12.772318412239031, 50.209062089984855 ], [ 12.766668584922115, 50.211660891900749 ], [ 12.766138913077782, 50.21493744049161 ], [ 12.767021699185477, 50.217761871293874 ], [ 12.771435627029462, 50.218326737044492 ], [ 12.773201198346896, 50.223184308595933 ], [ 12.770199726658291, 50.226347112138171 ], [ 12.76578579881425, 50.227137780683734 ], [ 12.76366711323351, 50.23063915368931 ], [ 12.758370400179899, 50.231994454978462 ], [ 12.758370400179899, 50.242496733033363 ], [ 12.762607771341436, 50.243400046233603 ], [ 12.76790448439499, 50.247916358321788 ], [ 12.770199726658291, 50.250964626758559 ], [ 12.76843415623938, 50.255367337056953 ], [ 12.751661230072614, 50.256947697462351 ], [ 12.748306644120476, 50.263268617158076 ], [ 12.7447755023843, 50.264510127539495 ], [ 12.742480259222589, 50.275343754993514 ], [ 12.725177662109786, 50.27635928159782 ], [ 12.719880948157936, 50.280195518288451 ], [ 12.710523421523817, 50.28053399525669 ], [ 12.708757850206439, 50.283016083470898 ], [ 12.702048680099097, 50.284482711175713 ], [ 12.700459665464393, 50.288205486669483 ], [ 12.696398851883714, 50.288543906678115 ], [ 12.694280166302974, 50.291927970954703 ], [ 12.688277224722526, 50.292830347602774 ], [ 12.687394438614831, 50.298808160359954 ], [ 12.694456723883945, 50.302078720979239 ], [ 12.694986394829982, 50.306702233449755 ], [ 12.691808367357169, 50.308844684230053 ], [ 12.687747552878193, 50.308957441851987 ], [ 12.685981982459225, 50.312001804608713 ], [ 12.667973155921118, 50.313242044262779 ], [ 12.662323328604202, 50.316511612385511 ], [ 12.659674972077426, 50.325980816954086 ], [ 12.664265456603971, 50.329362218197161 ], [ 12.666913813130748, 50.336462378567376 ], [ 12.671857412819293, 50.339730349588308 ], [ 12.672210527082655, 50.344575547548288 ], [ 12.663206113813601, 50.349307590176977 ], [ 12.65879218596956, 50.349983557774806 ], [ 12.657556286496686, 50.352799985567799 ], [ 12.652965801071616, 50.353701207270035 ], [ 12.645726959119997, 50.358207058607775 ], [ 12.643608273539257, 50.368456277705207 ], [ 12.661793656759869, 50.372059872444254 ], [ 12.663382671394572, 50.381855762877649 ], [ 12.667796599238613, 50.38309418008447 ], [ 12.669738727238553, 50.38545834048972 ], [ 12.668679384448183, 50.390298872949018 ], [ 12.657203172233153, 50.395589121761873 ], [ 12.655437600915889, 50.398627934692797 ], [ 12.648904987491107, 50.399640828665724 ], [ 12.646786301910367, 50.403242054613088 ], [ 12.640430246066444, 50.405830267451961 ], [ 12.63979063096582, 50.411863040185949 ], [ 12.610040352078101, 50.410225684349768 ], [ 12.602867719193512, 50.406181915552281 ], [ 12.578866986079674, 50.405478616187224 ], [ 12.571142612204028, 50.401258600804908 ], [ 12.565349331797165, 50.401082758676182 ], [ 12.557624957921519, 50.397214066792174 ], [ 12.548521231567975, 50.396510634344054 ], [ 12.543003821656782, 50.397741634278191 ], [ 12.540245116701101, 50.400027692203764 ], [ 12.526727462418648, 50.400555228375651 ], [ 12.509071750702901, 50.394400274370014 ], [ 12.507140657233947, 50.39088279897851 ], [ 12.502726729304982, 50.390179272584533 ], [ 12.489760816013529, 50.379976966803554 ], [ 12.487829722544745, 50.366253163869317 ], [ 12.48341579461561, 50.36502134640989 ], [ 12.483967535606837, 50.347948584447863 ], [ 12.482312312633383, 50.345131868832823 ], [ 12.475415550244463, 50.344779767633952 ], [ 12.471277492811055, 50.351821295633044 ], [ 12.468242917359873, 50.352877434775394 ], [ 12.45279416960841, 50.351645270158656 ], [ 12.448104371183945, 50.344427663824717 ], [ 12.445621536723763, 50.344251610941171 ], [ 12.444518054741536, 50.340026145949594 ], [ 12.440655867803798, 50.338793647850252 ], [ 12.438173033343674, 50.331045784669698 ], [ 12.434310846405936, 50.33016526572095 ], [ 12.431000400459254, 50.324353431427141 ], [ 12.393757883558408, 50.320478480349436 ], [ 12.393206142567408, 50.310613542963665 ], [ 12.395964847522919, 50.306561279227935 ], [ 12.400102904956327, 50.305327913028179 ], [ 12.401482257434054, 50.299865478223069 ], [ 12.393482013062908, 50.289467498121269 ], [ 12.381266731991616, 50.287788934731623 ], [ 12.381950626774596, 50.281210940824735 ], [ 12.393073724726094, 50.280082692480164 ], [ 12.397134538306773, 50.275569429380425 ], [ 12.407727965312063, 50.275569429380425 ], [ 12.410552879419868, 50.273086952862343 ], [ 12.423441548688572, 50.271958511394814 ], [ 12.433681861430557, 50.272522735184452 ], [ 12.44215660285505, 50.268685880188798 ], [ 12.443745617489981, 50.265977325411143 ], [ 12.454868715441307, 50.264848715454548 ], [ 12.462990343500962, 50.259995388741061 ], [ 12.4658152567103, 50.248932469274848 ], [ 12.469169842662211, 50.249045369473549 ], [ 12.472347870135081, 50.240690054126048 ], [ 12.477114912242598, 50.239673766860676 ], [ 12.479763269667728, 50.236963562899007 ], [ 12.485236540302083, 50.236173057265432 ], [ 12.485413096984644, 50.232897967196209 ], [ 12.491239481882531, 50.232220334207057 ], [ 12.497948651990043, 50.227137780683734 ], [ 12.499361109043718, 50.216406165514456 ], [ 12.493711281726803, 50.215276381269462 ], [ 12.49530029546321, 50.204090074588464 ], [ 12.499537666624747, 50.202507960880155 ], [ 12.500773566097621, 50.192675079594096 ], [ 12.498831438097682, 50.191205624720908 ], [ 12.489827024828855, 50.190188283407167 ], [ 12.488238011092392, 50.184535990939821 ], [ 12.508542078995504, 50.181144294930618 ], [ 12.509071750839837, 50.162938076846729 ], [ 12.490356696673189, 50.161015276381931 ], [ 12.488238011092392, 50.157621909904549 ], [ 12.483470968984875, 50.156490734218949 ], [ 12.486825554038546, 50.119826163129744 ], [ 12.50377503688776, 50.119826163129744 ], [ 12.506246836732032, 50.116429873739719 ], [ 12.516663707054988, 50.1157505869499 ], [ 12.519312063581594, 50.113712668755909 ], [ 12.519135506000794, 50.109070421049978 ], [ 12.524785334216176, 50.10759839432086 ], [ 12.526904019796916, 50.096273602515225 ], [ 12.533613189904258, 50.094687917850933 ], [ 12.534495976012124, 50.091742936253695 ], [ 12.538909903856108, 50.090950025225084 ], [ 12.540675474275076, 50.088118094341326 ], [ 12.565923142764973, 50.087891532618357 ], [ 12.567688713183941, 50.084492978828166 ], [ 12.57280886955499, 50.083926529383461 ], [ 12.581107054296979, 50.076108848292165 ], [ 12.581107054296979, 50.072936091984218 ], [ 12.575810341243425, 50.070783030930158 ], [ 12.57386821234536, 50.064663276733938 ], [ 12.581989840404844, 50.062849866098929 ], [ 12.583225739877776, 50.060129622182444 ], [ 12.589228681458167, 50.059336188194038 ], [ 12.599468995098619, 50.062963206560596 ], [ 12.605825050942428, 50.062963206560596 ], [ 12.610238978786413, 50.052194695254627 ], [ 12.619596506318999, 50.051967963757932 ], [ 12.623127648055345, 50.059222839739846 ], [ 12.63354451837813, 50.060469660891272 ], [ 12.635839760641375, 50.068063236899263 ], [ 12.640253688485586, 50.069763126315877 ], [ 12.641666145539318, 50.075882229803767 ], [ 12.651200229754409, 50.077581842071254 ], [ 12.655084486652413, 50.07168959485648 ], [ 12.655084486652413, 50.064663276733938 ], [ 12.66197021434067, 50.062283161504922 ], [ 12.686688210986119, 50.06148976313375 ], [ 12.687747552878193, 50.068063236899263 ], [ 12.681568054615241, 50.071009673518404 ], [ 12.680685268507375, 50.075882229803767 ], [ 12.683510182614953, 50.077695147721045 ], [ 12.706286050362337, 50.079281394090685 ], [ 12.707345393152707, 50.081547370116368 ], [ 12.712995221368089, 50.082906904321419 ], [ 12.723941762636912, 50.083020196809684 ], [ 12.726060447319355, 50.082000552468969 ], [ 12.727296347690583, 50.071236315035492 ], [ 12.739655346013251, 50.070783030930158 ], [ 12.741420917330515, 50.074749121295042 ], [ 12.753603358072382, 50.074975745139 ], [ 12.754662700862752, 50.072029551622336 ], [ 12.758193842599098, 50.072029551622336 ], [ 12.760489085760696, 50.061829792778553 ], [ 12.76790448439499, 50.058429390754782 ], [ 12.770023169975786, 50.055368823149024 ], [ 12.778674468981308, 50.055822252933751 ], [ 12.785030524825288, 50.059222839739846 ], [ 12.791563138250069, 50.059222839739846 ], [ 12.800567551519123, 50.05525546532175 ], [ 12.809042292943786, 50.048453488863572 ], [ 12.814515563578198, 50.047773238132947 ], [ 12.821027215370009, 50.047880454367601 ] ] ] } },
{ "type": "Feature", "properties": { "shapeName": "Karlovy Vary", "shapeISO": "", "shapeID": "57006924B50757157558324", "shapeGroup": "CZE", "shapeType": "ADM2" }, "geometry": { "type": "Polygon", "coordinates": [ [ [ 12.956095915834055, 49.978896620439798 ], [ 12.956636980836436, 49.983455119887367 ], [ 12.993812847079653, 49.984181692238622 ], [ 13.002174592119673, 49.989775931537451 ], [ 13.002739574941245, 49.993916701940122 ], [ 13.006242468255152, 49.996241188932686 ], [ 13.020932019818417, 49.997330753637641 ], [ 13.025338886005898, 50.000599299613725 ], [ 13.03923746197836, 50.001761395629785 ], [ 13.044096313704472, 50.009459572305786 ], [ 13.053701020772166, 50.011783307873657 ], [ 13.056186945726097, 50.014179542392242 ], [ 13.067825590412326, 50.015994792287131 ], [ 13.069633535261403, 50.019116861349801 ], [ 13.079125245944624, 50.021077126598755 ], [ 13.080707198024527, 50.030804667615939 ], [ 13.084662076877009, 50.031312768394059 ], [ 13.091328874350779, 50.036538637957676 ], [ 13.104775463886256, 50.037046678067384 ], [ 13.107261387941662, 50.033272535983883 ], [ 13.110086302049297, 50.032546705375637 ], [ 13.143420285824845, 50.032837039050776 ], [ 13.148166141166485, 50.029425509092164 ], [ 13.168279528175731, 50.0292803324499 ], [ 13.173477369055718, 50.02753817562558 ], [ 13.173929355492646, 50.025505579941125 ], [ 13.177093258754326, 50.025287796462408 ], [ 13.188618907954151, 50.01751954908849 ], [ 13.192234797652759, 50.017083909308099 ], [ 13.194607725323465, 50.013308198315485 ], [ 13.197771628584974, 50.013380810829176 ], [ 13.202065497489684, 50.009386953867079 ], [ 13.20602037724052, 50.009169097315237 ], [ 13.213704143074381, 50.001979285180823 ], [ 13.223308850142132, 50.001761395629785 ], [ 13.232348574388254, 50.005320139827234 ], [ 13.234156519237558, 50.021440129947223 ], [ 13.238563385425095, 50.022529123535492 ], [ 13.239128368246668, 50.049673380852198 ], [ 13.248507081646892, 50.052212833843384 ], [ 13.253478930656001, 50.055622744817811 ], [ 13.274383293256051, 50.056783510252671 ], [ 13.278677162160761, 50.063239755055463 ], [ 13.282293051859142, 50.064617942303528 ], [ 13.297208597090105, 50.065923556399639 ], [ 13.297773579911677, 50.069985240613676 ], [ 13.304214383717692, 50.077382423869267 ], [ 13.30263243163779, 50.081950702446932 ], [ 13.292914728185394, 50.082458262469174 ], [ 13.289863821308359, 50.083980909138745 ], [ 13.289411834871657, 50.093043280948166 ], [ 13.293818700160898, 50.095000528236142 ], [ 13.295739642292972, 50.101741546300957 ], [ 13.301615462379289, 50.105945141742666 ], [ 13.301765976343802, 50.108004456070262 ], [ 13.301954452431687, 50.110583163698664 ], [ 13.301841456046986, 50.117756719413421 ], [ 13.299807517530212, 50.119930312139161 ], [ 13.296530617883775, 50.119930312139161 ], [ 13.292236748979292, 50.123552746808684 ], [ 13.283084027449945, 50.124566979670647 ], [ 13.280033120573137, 50.13152113889231 ], [ 13.274722282409925, 50.132607635101408 ], [ 13.24398721997278, 50.131738440338097 ], [ 13.240936313095972, 50.133042226562509 ], [ 13.240823315812975, 50.14622296123423 ], [ 13.24387422358825, 50.147598762275152 ], [ 13.263422626877627, 50.14846766891776 ], [ 13.27234935473922, 50.150205435418798 ], [ 13.275287265231555, 50.160413537020304 ], [ 13.28590894155775, 50.162874738644689 ], [ 13.287829882791584, 50.165914871920108 ], [ 13.291671766157663, 50.166711065293384 ], [ 13.293253717339269, 50.172066930832557 ], [ 13.280372110625365, 50.175178847160225 ], [ 13.278338172108533, 50.189722559280142 ], [ 13.273027333945322, 50.192109910171382 ], [ 13.271558379148416, 50.196377905867621 ], [ 13.266586531037603, 50.199705231301778 ], [ 13.264439596136128, 50.210987476914056 ], [ 13.253817919809876, 50.211782919191592 ], [ 13.24308324709898, 50.218796700605935 ], [ 13.231783591566852, 50.220170412905361 ], [ 13.229862650332848, 50.224219020282362 ], [ 13.231105612360579, 50.226821514953372 ], [ 13.253478930656001, 50.22783355744815 ], [ 13.256303843865282, 50.228773292619962 ], [ 13.257772799560712, 50.232532046980339 ], [ 13.256218471018713, 50.235727781054663 ], [ 13.256190847480639, 50.235784575663672 ], [ 13.231444602412751, 50.237157799292163 ], [ 13.224890802222035, 50.241349499747912 ], [ 13.222856863705204, 50.244818214437771 ], [ 13.224551812169807, 50.247491843094394 ], [ 13.235738471317461, 50.249587284751215 ], [ 13.23370453280063, 50.265408509450765 ], [ 13.23054062953895, 50.266347503422423 ], [ 13.227263729892741, 50.276386361888342 ], [ 13.223082857372731, 50.278480532780009 ], [ 13.221839895345056, 50.289960730656787 ], [ 13.225794774197539, 50.291188009792165 ], [ 13.228845681074347, 50.297107379760917 ], [ 13.234495509289786, 50.302304268614762 ], [ 13.234043522852858, 50.305407695126462 ], [ 13.226698747071339, 50.310026373602568 ], [ 13.220144946880453, 50.311613940654979 ], [ 13.219579964058994, 50.318396585154858 ], [ 13.225003798606735, 50.319911724552298 ], [ 13.230314636769776, 50.323735432994965 ], [ 13.236642443292965, 50.324601136017293 ], [ 13.239015370963841, 50.329434352033331 ], [ 13.237998402603637, 50.33570958636551 ], [ 13.225568781428137, 50.338594472984141 ], [ 13.223195853757431, 50.352223194471321 ], [ 13.213704143074381, 50.353593061454376 ], [ 13.207602329320423, 50.361162665055531 ], [ 13.20161351195128, 50.361667262188519 ], [ 13.194042742502063, 50.357197784834057 ], [ 13.183308069791167, 50.356621047738656 ], [ 13.156188896154276, 50.356260583280744 ], [ 13.150087082400262, 50.359504664295059 ], [ 13.134493557963253, 50.360225541207342 ], [ 13.12850474059411, 50.359865104119706 ], [ 13.122741915994027, 50.355900116085991 ], [ 13.099464625723272, 50.355323362651802 ], [ 13.097543684489267, 50.357125693152113 ], [ 13.097656680873968, 50.365992161813267 ], [ 13.101837553393977, 50.367794087244704 ], [ 13.104549471116911, 50.371325662157005 ], [ 13.110425292101695, 50.372406704111995 ], [ 13.109634315612425, 50.379180672428959 ], [ 13.100481594981602, 50.380765929467827 ], [ 13.095735739639963, 50.383720131071357 ], [ 13.08658301900914, 50.384152437725277 ], [ 13.080933190793928, 50.387538704181679 ], [ 13.070876497289305, 50.388547332739961 ], [ 13.067486601258395, 50.391717167721822 ], [ 13.062062765812186, 50.392509593356806 ], [ 13.053136037950765, 50.391789206859187 ], [ 13.043418334498369, 50.387538704181679 ], [ 13.031101709707514, 50.388187110758679 ], [ 13.024095923978223, 50.391212890123825 ], [ 13.021948989076691, 50.3971198072947 ], [ 13.018898082199712, 50.398848522225535 ], [ 13.010084350722764, 50.398632436092214 ], [ 13.008163409488986, 50.396327458715632 ], [ 13.00149661291357, 50.395102894004822 ], [ 12.972795488094903, 50.394814756366259 ], [ 12.96612869062119, 50.40194564493072 ], [ 12.950761159851652, 50.402953967018732 ], [ 12.94662818785946, 50.411334022408994 ], [ 12.928394903955052, 50.410753107012852 ], [ 12.926739680981655, 50.416730153551441 ], [ 12.916532472645997, 50.418487964908195 ], [ 12.911566803725862, 50.421827626779873 ], [ 12.902463077372317, 50.421827626779873 ], [ 12.897773278947852, 50.426221559963892 ], [ 12.895566314983398, 50.426221559963892 ], [ 12.893635221514444, 50.432020927556437 ], [ 12.889221293585479, 50.43395389224537 ], [ 12.880117567231935, 50.434305331891665 ], [ 12.879841696736435, 50.436413914982722 ], [ 12.876255380294026, 50.437468171308694 ], [ 12.86218598502046, 50.437292463551557 ], [ 12.857220316100324, 50.44133357695722 ], [ 12.847013107764724, 50.4429147882866 ], [ 12.842599179835588, 50.450117415859893 ], [ 12.835426546951169, 50.453454847150113 ], [ 12.818874317217478, 50.452752249600735 ], [ 12.809494720368377, 50.445374345352661 ], [ 12.782459411803416, 50.443793216198515 ], [ 12.773907426441042, 50.439928011426446 ], [ 12.761769124636487, 50.43887380988599 ], [ 12.756803455716295, 50.435008203357597 ], [ 12.750182563822932, 50.435008203357597 ], [ 12.744389283416069, 50.431142281154052 ], [ 12.733630334089241, 50.429384939431259 ], [ 12.727561183186822, 50.424815545699232 ], [ 12.726457701204595, 50.419015295595386 ], [ 12.71487114039104, 50.416202797424489 ], [ 12.706319155028723, 50.409874065979636 ], [ 12.708801989488677, 50.40389615445298 ], [ 12.705767414037666, 50.401258600804908 ], [ 12.689766925295032, 50.401434442281413 ], [ 12.688663443312805, 50.403544489113983 ], [ 12.682318421914886, 50.404599477302895 ], [ 12.672662954570285, 50.412511140155004 ], [ 12.63979063096582, 50.411863040185949 ], [ 12.640430246066444, 50.405830267451961 ], [ 12.646786301910367, 50.403242054613088 ], [ 12.648904987491107, 50.399640828665724 ], [ 12.655437600915889, 50.398627934692797 ], [ 12.657203172233153, 50.395589121761873 ], [ 12.668679384448183, 50.390298872949018 ], [ 12.669738727238553, 50.38545834048972 ], [ 12.667796599238613, 50.38309418008447 ], [ 12.663382671394572, 50.381855762877649 ], [ 12.661793656759869, 50.372059872444254 ], [ 12.643608273539257, 50.368456277705207 ], [ 12.645726959119997, 50.358207058607775 ], [ 12.652965801071616, 50.353701207270035 ], [ 12.657556286496686, 50.352799985567799 ], [ 12.65879218596956, 50.349983557774806 ], [ 12.663206113813601, 50.349307590176977 ], [ 12.672210527082655, 50.344575547548288 ], [ 12.671857412819293, 50.339730349588308 ], [ 12.666913813130748, 50.336462378567376 ], [ 12.664265456603971, 50.329362218197161 ], [ 12.659674972077426, 50.325980816954086 ], [ 12.662323328604202, 50.316511612385511 ], [ 12.667973155921118, 50.313242044262779 ], [ 12.685981982459225, 50.312001804608713 ], [ 12.687747552878193, 50.308957441851987 ], [ 12.691808367357169, 50.308844684230053 ], [ 12.694986394829982, 50.306702233449755 ], [ 12.694456723883945, 50.302078720979239 ], [ 12.687394438614831, 50.298808160359954 ], [ 12.688277224722526, 50.292830347602774 ], [ 12.694280166302974, 50.291927970954703 ], [ 12.696398851883714, 50.288543906678115 ], [ 12.700459665464393, 50.288205486669483 ], [ 12.702048680099097, 50.284482711175713 ], [ 12.708757850206439, 50.283016083470898 ], [ 12.710523421523817, 50.28053399525669 ], [ 12.719880948157936, 50.280195518288451 ], [ 12.725177662109786, 50.27635928159782 ], [ 12.742480259222589, 50.275343754993514 ], [ 12.7447755023843, 50.264510127539495 ], [ 12.748306644120476, 50.263268617158076 ], [ 12.751661230072614, 50.256947697462351 ], [ 12.76843415623938, 50.255367337056953 ], [ 12.770199726658291, 50.250964626758559 ], [ 12.76790448439499, 50.247916358321788 ], [ 12.762607771341436, 50.243400046233603 ], [ 12.758370400179899, 50.242496733033363 ], [ 12.758370400179899, 50.231994454978462 ], [ 12.76366711323351, 50.23063915368931 ], [ 12.76578579881425, 50.227137780683734 ], [ 12.770199726658291, 50.226347112138171 ], [ 12.773201198346896, 50.223184308595933 ], [ 12.771435627029462, 50.218326737044492 ], [ 12.767021699185477, 50.217761871293874 ], [ 12.766138913077782, 50.21493744049161 ], [ 12.766668584922115, 50.211660891900749 ], [ 12.772318412239031, 50.209062089984855 ], [ 12.773201198346896, 50.20341203227764 ], [ 12.781322825508084, 50.199004522763289 ], [ 12.824932433002687, 50.198891504627852 ], [ 12.828993246583366, 50.195613854255726 ], [ 12.840116345433159, 50.194596606285245 ], [ 12.839763231169684, 50.187701357137087 ], [ 12.829876032691232, 50.182161828905748 ], [ 12.827933904691292, 50.17628244345741 ], [ 12.829522918427699, 50.174360179828398 ], [ 12.848237972594347, 50.173794793082266 ], [ 12.848061415911843, 50.158639945426728 ], [ 12.842764701959993, 50.157056325695009 ], [ 12.842235031013956, 50.15128698192251 ], [ 12.845236501804038, 50.148911167612425 ], [ 12.849826987229108, 50.148571755603882 ], [ 12.850886329121181, 50.145403797292033 ], [ 12.855123700282661, 50.14461177507053 ], [ 12.856359599755592, 50.137030324953798 ], [ 12.851769115228819, 50.136011829914537 ], [ 12.847884858330872, 50.132390337602828 ], [ 12.83711487464285, 50.131598099909922 ], [ 12.835702417588948, 50.128096534231986 ], [ 12.830736748090828, 50.127212260032195 ], [ 12.831012618917953, 50.121198761257858 ], [ 12.834598935178803, 50.119429941638202 ], [ 12.864117078646643, 50.119606826771587 ], [ 12.863565337890805, 50.115007606078393 ], [ 12.861358373968812, 50.112530919715596 ], [ 12.845633755687345, 50.11093869700295 ], [ 12.844254402450019, 50.099791652747683 ], [ 12.84039221626017, 50.098729894074495 ], [ 12.839012863023015, 50.0955444774429 ], [ 12.819426058551869, 50.09324376702051 ], [ 12.818046705314373, 50.085809946918459 ], [ 12.812529295958484, 50.083508769111916 ], [ 12.812529295958484, 50.079083116308766 ], [ 12.815563871463496, 50.077135699661255 ], [ 12.827007332899939, 50.076184447891819 ], [ 12.826125959841988, 50.056420774034905 ], [ 12.820589128011306, 50.0554050979203 ], [ 12.821027215370009, 50.047880454367601 ], [ 12.821401291266511, 50.04788661363574 ], [ 12.82239707286061, 50.040239950941782 ], [ 12.832905752802105, 50.039659371933396 ], [ 12.834713697651409, 50.037119254704521 ], [ 12.84736931159614, 50.035885435220052 ], [ 12.849629242882145, 50.031748279150406 ], [ 12.861493881236072, 50.031385353698226 ], [ 12.862397853211576, 50.028917388346883 ], [ 12.868160677811488, 50.027683358111346 ], [ 12.870759598251595, 50.016067400741179 ], [ 12.874149495180802, 50.015486529459963 ], [ 12.876070436414579, 50.010766687171383 ], [ 12.888726051257606, 50.011492846927922 ], [ 12.888952044027008, 50.016866087647998 ], [ 12.891437968082414, 50.018826444731076 ], [ 12.898330758325528, 50.019770292178919 ], [ 12.901946648023966, 50.017011302390074 ], [ 12.91561923122697, 50.016575657424141 ], [ 12.917653168845504, 50.019770292178919 ], [ 12.933133696897983, 50.021004525715227 ], [ 12.936297600159548, 50.012291609871681 ], [ 12.941382445553359, 50.011129768421256 ], [ 12.944094362377939, 49.991955328672248 ], [ 12.92409397265169, 49.990139170770647 ], [ 12.924510647213026, 49.982651336380627 ], [ 12.931043260637807, 49.981516026142401 ], [ 12.932279160110909, 49.975611981576833 ], [ 12.942519473751133, 49.975384888449071 ], [ 12.950817657594882, 49.978677633616769 ], [ 12.956095915834055, 49.978896620439798 ] ] ] } },
{ "type": "Feature", "properties": { "shapeName": "Chomutov", "shapeISO": "", "shapeID": "57006924B32669310027153", "shapeGroup": "CZE", "shapeType": "ADM2" }, "geometry": { "type": "Polygon", "coordinates": [ [ [ 13.256218471018713, 50.235727781054663 ], [ 13.261275692874449, 50.236651879671513 ], [ 13.266134544600732, 50.241132696446925 ], [ 13.27336632399772, 50.241638569090583 ], [ 13.27754719651773, 50.245107262744341 ], [ 13.294722673034698, 50.24626343786656 ], [ 13.298112569963905, 50.253994638007043 ], [ 13.302406438868388, 50.254500373565179 ], [ 13.30353640451159, 50.257606918721251 ], [ 13.312915117911643, 50.262158001550631 ], [ 13.31646744731222, 50.270942890920708 ], [ 13.321057932737233, 50.2720713564579 ], [ 13.323000060737172, 50.274779564632922 ], [ 13.332887259215624, 50.276472116231162 ], [ 13.335888730005934, 50.279969865830481 ], [ 13.351778870963074, 50.280082692480164 ], [ 13.366609669130071, 50.270717194604117 ], [ 13.368375239548982, 50.264510127539495 ], [ 13.376849981871999, 50.263155750659905 ], [ 13.386384066087089, 50.267783045712804 ], [ 13.38867930835039, 50.270604346331709 ], [ 13.398566506829013, 50.272522735184452 ], [ 13.400685192409753, 50.274328207301153 ], [ 13.400861749092257, 50.296326895183881 ], [ 13.415692547259255, 50.29824424810738 ], [ 13.421518932156971, 50.301402071655275 ], [ 13.431759244898956, 50.302868132737615 ], [ 13.431935802479927, 50.313580285617888 ], [ 13.42557974573765, 50.317638997632741 ], [ 13.426285974264545, 50.323050074087348 ], [ 13.436879401270005, 50.326995262475975 ], [ 13.450474299065775, 50.328235110992296 ], [ 13.452946098909877, 50.331729056022652 ], [ 13.450827413329137, 50.334659263678532 ], [ 13.440233986323676, 50.335673523937601 ], [ 13.437938744060375, 50.337251219524944 ], [ 13.438998086850745, 50.343110772411023 ], [ 13.448179056802303, 50.34446287440619 ], [ 13.45135708517347, 50.352011402258768 ], [ 13.431935802479927, 50.360572459376726 ], [ 13.429993673581691, 50.362374590589013 ], [ 13.429640559318159, 50.370595945142554 ], [ 13.432112359162431, 50.372622909776396 ], [ 13.439174643533249, 50.37352375515178 ], [ 13.441999557641054, 50.373073334602168 ], [ 13.442705786167949, 50.370595945142554 ], [ 13.448532171065835, 50.369357202190827 ], [ 13.469012796549748, 50.369131972672903 ], [ 13.473603281974761, 50.365640778726004 ], [ 13.477310981291964, 50.365640778726004 ], [ 13.48296080860888, 50.366316513784113 ], [ 13.488610636824262, 50.369244587278899 ], [ 13.489846536297136, 50.376789175967474 ], [ 13.498144721039353, 50.382193516440225 ], [ 13.507855362835073, 50.383994826625496 ], [ 13.510856833625382, 50.386471515850928 ], [ 13.51986124599614, 50.386133793326508 ], [ 13.524275174738477, 50.382869015777032 ], [ 13.529925002055563, 50.381855762877649 ], [ 13.530101559636421, 50.378703283554898 ], [ 13.537693514953276, 50.378815875443991 ], [ 13.543343343168658, 50.381518007482612 ], [ 13.552347756437712, 50.382981597777984 ], [ 13.555702341491383, 50.384670300306936 ], [ 13.555702341491383, 50.389510912631238 ], [ 13.546521371539768, 50.394688695992215 ], [ 13.542284000378288, 50.395476569690743 ], [ 13.541401215168719, 50.411118783134555 ], [ 13.551641527910704, 50.415619183360548 ], [ 13.554819555383517, 50.422818933965345 ], [ 13.560116269335367, 50.425293595113146 ], [ 13.560158986740305, 50.425575055921797 ], [ 13.560454411377918, 50.42752158000485 ], [ 13.560671364400605, 50.432036256479137 ], [ 13.565661292903144, 50.433878857956756 ], [ 13.566648882760148, 50.444973797703597 ], [ 13.56470675386214, 50.449133707111457 ], [ 13.551818084593378, 50.45745242885738 ], [ 13.551641527910704, 50.470152519120234 ], [ 13.55729135522779, 50.472737075516477 ], [ 13.558174140437359, 50.479815789581721 ], [ 13.55623201243742, 50.482624509148309 ], [ 13.545285471168597, 50.487567450115648 ], [ 13.542460557060792, 50.49071268917487 ], [ 13.532220244318864, 50.491498965940139 ], [ 13.528689102582689, 50.503179253906865 ], [ 13.52250960342127, 50.506884895578764 ], [ 13.509620933254212, 50.50856918244483 ], [ 13.509620933254212, 50.526867888383606 ], [ 13.507149134308236, 50.531693971379752 ], [ 13.494083907458673, 50.539998168689635 ], [ 13.482254580081985, 50.541232451391636 ], [ 13.480312452082046, 50.544037520154006 ], [ 13.476428195184099, 50.544598513542439 ], [ 13.474309510501655, 50.548188714450021 ], [ 13.469719025076586, 50.549198409649648 ], [ 13.466717554286447, 50.552339543869266 ], [ 13.465658211496077, 50.560303625803954 ], [ 13.453652327436714, 50.561537377028003 ], [ 13.446413485485095, 50.560191464689069 ], [ 13.444294799904355, 50.557499525270885 ], [ 13.426815646108878, 50.557948192612741 ], [ 13.425756303318508, 50.566135620559919 ], [ 13.428757774108817, 50.568378503507176 ], [ 13.443941685640823, 50.569163487030494 ], [ 13.446766599748628, 50.572191158926273 ], [ 13.446236928802591, 50.576451996988737 ], [ 13.436702844587501, 50.581048785100506 ], [ 13.422931389210873, 50.581160896571191 ], [ 13.419047132312869, 50.580488225454701 ], [ 13.417634675259023, 50.577573206258194 ], [ 13.411102061834242, 50.576900483899294 ], [ 13.399625849619383, 50.577348966539489 ], [ 13.397683721619444, 50.579927658566476 ], [ 13.38761996556002, 50.581273007204516 ], [ 13.3791452241353, 50.585308822532454 ], [ 13.377556210398893, 50.588223362373412 ], [ 13.373671953500889, 50.588783830516434 ], [ 13.367315897656908, 50.592706918429087 ], [ 13.363078526495428, 50.608508046879365 ], [ 13.35745457366221, 50.612024755270909 ], [ 13.349649150676214, 50.60864810393349 ], [ 13.337234978375932, 50.608122887272771 ], [ 13.33447627342025, 50.604971464181745 ], [ 13.323993194588979, 50.603570763944731 ], [ 13.323165583102423, 50.600594137502469 ], [ 13.317924043686787, 50.598843092821312 ], [ 13.318751655173287, 50.584657229753645 ], [ 13.307165094359732, 50.579226941201455 ], [ 13.286198936697303, 50.578351029567386 ], [ 13.279026303812714, 50.581153889457369 ], [ 13.277922821830487, 50.589561468322813 ], [ 13.275991728361532, 50.59113772223867 ], [ 13.248956419796514, 50.590086892158638 ], [ 13.244266621372049, 50.583080758872882 ], [ 13.24040443443414, 50.582905592183863 ], [ 13.237645729478459, 50.579051760178004 ], [ 13.232680060558494, 50.577475101643813 ], [ 13.232404190062994, 50.569240582904172 ], [ 13.230748967089539, 50.565736095791408 ], [ 13.226335039160631, 50.564859933285675 ], [ 13.224955686682677, 50.558901596200428 ], [ 13.224955686682677, 50.54382714557488 ], [ 13.221369370240495, 50.541898670476201 ], [ 13.220817629249439, 50.536814130834955 ], [ 13.208955197940213, 50.530852248378778 ], [ 13.206472363480202, 50.519803239293537 ], [ 13.198196248613385, 50.514365475569605 ], [ 13.196265155144431, 50.507348080587349 ], [ 13.17667834995973, 50.505593568867994 ], [ 13.165643530137174, 50.506295381378663 ], [ 13.160677861217039, 50.509804287474822 ], [ 13.152401746350392, 50.509804287474822 ], [ 13.148263688916984, 50.507698975108269 ], [ 13.136677128103429, 50.507348080587349 ], [ 13.136125387112202, 50.516295076337656 ], [ 13.130607977201066, 50.517873781934668 ], [ 13.119297286883011, 50.516996729788218 ], [ 13.115435099945103, 50.514365475569605 ], [ 13.114607488458546, 50.50945340859937 ], [ 13.102193316158264, 50.508225312000548 ], [ 13.099158740707082, 50.504540830544784 ], [ 13.091986107822493, 50.504365371875849 ], [ 13.0861928274158, 50.500856061594391 ], [ 13.053915979435146, 50.500505116223849 ], [ 13.050881403983965, 50.501908882059695 ], [ 13.051433144975135, 50.506470832876403 ], [ 13.047846828532784, 50.508225312000548 ], [ 13.030742857808036, 50.506470832876403 ], [ 13.028260023348082, 50.495416115303954 ], [ 13.023570224923446, 50.493836658707551 ], [ 13.02301848393239, 50.490502076914254 ], [ 13.017776944516754, 50.489624516271419 ], [ 13.018604556003481, 50.456440770328356 ], [ 13.017225203525527, 50.449239105338677 ], [ 13.013363016587618, 50.447482435384131 ], [ 13.010604311632164, 50.441509269713777 ], [ 12.999569491809609, 50.439400913591157 ], [ 12.998466009827553, 50.436589626000909 ], [ 12.994603822889644, 50.435535350108523 ], [ 12.99267272942069, 50.428857724195723 ], [ 12.988810542482781, 50.427803276113764 ], [ 12.986603578518327, 50.419894167028417 ], [ 12.975844629191499, 50.41866374245626 ], [ 12.971430701262534, 50.41497227696459 ], [ 12.947705838644254, 50.413565928728815 ], [ 12.94662818785946, 50.411334022408994 ], [ 12.950761159851652, 50.402953967018732 ], [ 12.96612869062119, 50.40194564493072 ], [ 12.972795488094903, 50.394814756366259 ], [ 13.00149661291357, 50.395102894004822 ], [ 13.008163409488986, 50.396327458715632 ], [ 13.010084350722764, 50.398632436092214 ], [ 13.018898082199712, 50.398848522225535 ], [ 13.021948989076691, 50.3971198072947 ], [ 13.024095923978223, 50.391212890123825 ], [ 13.031101709707514, 50.388187110758679 ], [ 13.043418334498369, 50.387538704181679 ], [ 13.053136037950765, 50.391789206859187 ], [ 13.062062765812186, 50.392509593356806 ], [ 13.067486601258395, 50.391717167721822 ], [ 13.070876497289305, 50.388547332739961 ], [ 13.080933190793928, 50.387538704181679 ], [ 13.08658301900914, 50.384152437725277 ], [ 13.095735739639963, 50.383720131071357 ], [ 13.100481594981602, 50.380765929467827 ], [ 13.109634315612425, 50.379180672428959 ], [ 13.110425292101695, 50.372406704111995 ], [ 13.104549471116911, 50.371325662157005 ], [ 13.101837553393977, 50.367794087244704 ], [ 13.097656680873968, 50.365992161813267 ], [ 13.097543684489267, 50.357125693152113 ], [ 13.099464625723272, 50.355323362651802 ], [ 13.122741915994027, 50.355900116085991 ], [ 13.12850474059411, 50.359865104119706 ], [ 13.134493557963253, 50.360225541207342 ], [ 13.150087082400262, 50.359504664295059 ], [ 13.156188896154276, 50.356260583280744 ], [ 13.183308069791167, 50.356621047738656 ], [ 13.194042742502063, 50.357197784834057 ], [ 13.20161351195128, 50.361667262188519 ], [ 13.207602329320423, 50.361162665055531 ], [ 13.213704143074381, 50.353593061454376 ], [ 13.223195853757431, 50.352223194471321 ], [ 13.225568781428137, 50.338594472984141 ], [ 13.237998402603637, 50.33570958636551 ], [ 13.239015370963841, 50.329434352033331 ], [ 13.236642443292965, 50.324601136017293 ], [ 13.230314636769776, 50.323735432994965 ], [ 13.225003798606735, 50.319911724552298 ], [ 13.219579964058994, 50.318396585154858 ], [ 13.220144946880453, 50.311613940654979 ], [ 13.226698747071339, 50.310026373602568 ], [ 13.234043522852858, 50.305407695126462 ], [ 13.234495509289786, 50.302304268614762 ], [ 13.228845681074347, 50.297107379760917 ], [ 13.225794774197539, 50.291188009792165 ], [ 13.221839895345056, 50.289960730656787 ], [ 13.223082857372731, 50.278480532780009 ], [ 13.227263729892741, 50.276386361888342 ], [ 13.23054062953895, 50.266347503422423 ], [ 13.23370453280063, 50.265408509450765 ], [ 13.235738471317461, 50.249587284751215 ], [ 13.224551812169807, 50.247491843094394 ], [ 13.222856863705204, 50.244818214437771 ], [ 13.224890802222035, 50.241349499747912 ], [ 13.231444602412751, 50.237157799292163 ], [ 13.256190847480639, 50.235784575663672 ], [ 13.256218471018713, 50.235727781054663 ] ] ] } },
{ "type": "Feature", "properties": { "shapeName": "Most", "shapeISO": "", "shapeID": "57006924B71753966872420", "shapeGroup": "CZE", "shapeType": "ADM2" }, "geometry": { "type": "Polygon", "coordinates": [ [ [ 13.560158986740305, 50.425575055921797 ], [ 13.581479680028849, 50.424956149142645 ], [ 13.581832794292382, 50.422031514195794 ], [ 13.592073107034309, 50.420569129280409 ], [ 13.594368350195907, 50.413144016139711 ], [ 13.607080461883811, 50.414494123382212 ], [ 13.608139804674181, 50.416744216048016 ], [ 13.614142747152925, 50.419781672678937 ], [ 13.62756108826602, 50.42349385395903 ], [ 13.636565500636777, 50.43046746938154 ], [ 13.663755297126443, 50.430355000138945 ], [ 13.668345781652988, 50.427318222158362 ], [ 13.675761181185635, 50.42664335609453 ], [ 13.684765593556392, 50.42236898157779 ], [ 13.697654263723393, 50.422144003781057 ], [ 13.702774420094499, 50.414606630296248 ], [ 13.712485060992094, 50.415281667886347 ], [ 13.715133418416997, 50.417644223418904 ], [ 13.729611101422336, 50.419556682592145 ], [ 13.751504183960151, 50.41944418686171 ], [ 13.756271226067668, 50.422481469789261 ], [ 13.763863182282819, 50.423268882078048 ], [ 13.768806781971193, 50.426868312517797 ], [ 13.782401679766792, 50.427768127524303 ], [ 13.789817078401143, 50.431479683405826 ], [ 13.797409034616294, 50.432379410783938 ], [ 13.799527720197034, 50.434403734298769 ], [ 13.798821491670196, 50.439014371316034 ], [ 13.792641992508777, 50.443399682454071 ], [ 13.784520365347532, 50.44733487212136 ], [ 13.771808252761502, 50.450033098962592 ], [ 13.771984809444007, 50.464083874812616 ], [ 13.784343807766732, 50.466556379705878 ], [ 13.784976010952903, 50.46921221532449 ], [ 13.785226593874597, 50.470264894373656 ], [ 13.782931350712829, 50.473074181475113 ], [ 13.779047094713178, 50.473973118184176 ], [ 13.776045623024515, 50.493633080260963 ], [ 13.771984809444007, 50.495093208679691 ], [ 13.769513010498088, 50.50160707609939 ], [ 13.750797955433086, 50.502954660771309 ], [ 13.749915170223744, 50.504414500488338 ], [ 13.749915170223744, 50.509916567880964 ], [ 13.754152540486928, 50.510814803857954 ], [ 13.755918111804135, 50.514407576878909 ], [ 13.761391382438546, 50.515081191381398 ], [ 13.763156953755811, 50.518561379565256 ], [ 13.76192105428288, 50.522378064862664 ], [ 13.750974513014114, 50.527092368346246 ], [ 13.747443370379472, 50.538539429253376 ], [ 13.743559113481467, 50.53898827705018 ], [ 13.741087314535491, 50.542803310294346 ], [ 13.738262400427857, 50.543588720409787 ], [ 13.716545874572603, 50.544486315626955 ], [ 13.714603746572834, 50.546618035509539 ], [ 13.703127534357805, 50.547403381519985 ], [ 13.699772948405894, 50.551442098141536 ], [ 13.693593450142714, 50.552900439059101 ], [ 13.69394656350795, 50.566135620559919 ], [ 13.707188347938484, 50.57398524321934 ], [ 13.705952447567313, 50.579479200480023 ], [ 13.697301149459918, 50.584748313023795 ], [ 13.68759050766397, 50.585196720936381 ], [ 13.685295265400725, 50.596405529882247 ], [ 13.6727597094972, 50.598310762487529 ], [ 13.670464467233728, 50.600664178006184 ], [ 13.66552086844365, 50.601336560906645 ], [ 13.66340218286291, 50.604922440230439 ], [ 13.659694483545763, 50.605482709565933 ], [ 13.657575797965023, 50.624415878298464 ], [ 13.651396298803718, 50.626655985938442 ], [ 13.649277613222978, 50.637407016523866 ], [ 13.637801401007948, 50.642109818943368 ], [ 13.629326658684931, 50.649387037878398 ], [ 13.617320775524036, 50.655879604976747 ], [ 13.616437989416227, 50.661699764817911 ], [ 13.622264374314113, 50.666623951536735 ], [ 13.628267316792858, 50.667966822085361 ], [ 13.62756108826602, 50.673897373394936 ], [ 13.621558145787276, 50.677365839378012 ], [ 13.621028474841239, 50.685532505317951 ], [ 13.607786690410649, 50.692467461327965 ], [ 13.604255548674303, 50.699289562472586 ], [ 13.587482622507594, 50.701190626927598 ], [ 13.584912163886713, 50.707660568279493 ], [ 13.567310971673635, 50.707983507547169 ], [ 13.564552266717953, 50.710603954524117 ], [ 13.560138338789045, 50.711652092302415 ], [ 13.551586353426671, 50.711128026342749 ], [ 13.536965217161935, 50.703965204362419 ], [ 13.526206267834937, 50.702218008604007 ], [ 13.526482138330607, 50.691383941784181 ], [ 13.533378900719526, 50.689461507237866 ], [ 13.535034123692981, 50.686490317071957 ], [ 13.539172181126389, 50.685616401801326 ], [ 13.5413791450909, 50.681770981231978 ], [ 13.539999792613116, 50.675128148878457 ], [ 13.533930641710754, 50.672505719383366 ], [ 13.533930641710754, 50.666036433540512 ], [ 13.516274929994836, 50.660440656602361 ], [ 13.508826426614689, 50.653444997676274 ], [ 13.510757520083644, 50.648722338851371 ], [ 13.523171692383926, 50.647672794637344 ], [ 13.522068210401528, 50.63595129152003 ], [ 13.502757275712327, 50.635251407803196 ], [ 13.502481405216827, 50.628251997455891 ], [ 13.497239865801134, 50.627726999667686 ], [ 13.496963995305634, 50.624401877539697 ], [ 13.491446585394272, 50.623351790119784 ], [ 13.490894844403272, 50.620026358585562 ], [ 13.485377434492079, 50.619151205940454 ], [ 13.481515247554171, 50.614950246553178 ], [ 13.477928931111762, 50.613899948078881 ], [ 13.476273708138535, 50.608297960144512 ], [ 13.472411521200627, 50.606897358929587 ], [ 13.444548601149052, 50.606197042687256 ], [ 13.442341637184597, 50.610048653032436 ], [ 13.428823982902088, 50.609698519666381 ], [ 13.422478961504225, 50.613374790047487 ], [ 13.414202846637352, 50.614250050175883 ], [ 13.410340659699443, 50.618101001269679 ], [ 13.410340659699443, 50.625451941509823 ], [ 13.404271508797251, 50.626851990326657 ], [ 13.402616285823797, 50.63420156268802 ], [ 13.395995393930434, 50.634901462036794 ], [ 13.393236688974753, 50.638575762644905 ], [ 13.389650372532515, 50.639625510061762 ], [ 13.389098631541287, 50.642074829518151 ], [ 13.384132962621152, 50.643474383321461 ], [ 13.380822516674471, 50.646623226977511 ], [ 13.374753365772278, 50.646973085469199 ], [ 13.369511826356586, 50.645748569351042 ], [ 13.368960085365416, 50.642599667079139 ], [ 13.37061530833887, 50.621601592309105 ], [ 13.367856603383188, 50.618451072098878 ], [ 13.357925265543088, 50.617400851794571 ], [ 13.35745457366221, 50.612024755270909 ], [ 13.363078526495428, 50.608508046879365 ], [ 13.367315897656908, 50.592706918429087 ], [ 13.373671953500889, 50.588783830516434 ], [ 13.377556210398893, 50.588223362373412 ], [ 13.3791452241353, 50.585308822532454 ], [ 13.38761996556002, 50.581273007204516 ], [ 13.397683721619444, 50.579927658566476 ], [ 13.399625849619383, 50.577348966539489 ], [ 13.411102061834242, 50.576900483899294 ], [ 13.417634675259023, 50.577573206258194 ], [ 13.419047132312869, 50.580488225454701 ], [ 13.422931389210873, 50.581160896571191 ], [ 13.436702844587501, 50.581048785100506 ], [ 13.446236928802591, 50.576451996988737 ], [ 13.446766599748628, 50.572191158926273 ], [ 13.443941685640823, 50.569163487030494 ], [ 13.428757774108817, 50.568378503507176 ], [ 13.425756303318508, 50.566135620559919 ], [ 13.426815646108878, 50.557948192612741 ], [ 13.444294799904355, 50.557499525270885 ], [ 13.446413485485095, 50.560191464689069 ], [ 13.453652327436714, 50.561537377028003 ], [ 13.465658211496077, 50.560303625803954 ], [ 13.466717554286447, 50.552339543869266 ], [ 13.469719025076586, 50.549198409649648 ], [ 13.474309510501655, 50.548188714450021 ], [ 13.476428195184099, 50.544598513542439 ], [ 13.480312452082046, 50.544037520154006 ], [ 13.482254580081985, 50.541232451391636 ], [ 13.494083907458673, 50.539998168689635 ], [ 13.507149134308236, 50.531693971379752 ], [ 13.509620933254212, 50.526867888383606 ], [ 13.509620933254212, 50.50856918244483 ], [ 13.52250960342127, 50.506884895578764 ], [ 13.528689102582689, 50.503179253906865 ], [ 13.532220244318864, 50.491498965940139 ], [ 13.542460557060792, 50.49071268917487 ], [ 13.545285471168597, 50.487567450115648 ], [ 13.55623201243742, 50.482624509148309 ], [ 13.558174140437359, 50.479815789581721 ], [ 13.55729135522779, 50.472737075516477 ], [ 13.551641527910704, 50.470152519120234 ], [ 13.551818084593378, 50.45745242885738 ], [ 13.56470675386214, 50.449133707111457 ], [ 13.566648882760148, 50.444973797703597 ], [ 13.565661292903144, 50.433878857956756 ], [ 13.560671364400605, 50.432036256479137 ], [ 13.560454411377918, 50.42752158000485 ], [ 13.560158986740305, 50.425575055921797 ] ] ] } },
{ "type": "Feature", "properties": { "shapeName": "Teplice", "shapeISO": "", "shapeID": "57006924B6655388448820", "shapeGroup": "CZE", "shapeType": "ADM2" }, "geometry": { "type": "Polygon", "coordinates": [ [ [ 13.784976010952903, 50.46921221532449 ], [ 13.794635502346296, 50.46921221532449 ], [ 13.799006711705431, 50.472976276416659 ], [ 13.829219479263202, 50.474449087942162 ], [ 13.835647728215008, 50.478130916872999 ], [ 13.838604722517232, 50.48230331011672 ], [ 13.843747320600642, 50.483203189378628 ], [ 13.85197547897144, 50.490483403493954 ], [ 13.856346688330348, 50.491383126990513 ], [ 13.858018032662642, 50.494082195822273 ], [ 13.867146145742993, 50.495308994211882 ], [ 13.869367963755394, 50.496573588426827 ], [ 13.869588879697801, 50.496699327358272 ], [ 13.87627425792482, 50.499806982592759 ], [ 13.877688472981731, 50.50266911551472 ], [ 13.883088201238763, 50.504468081798905 ], [ 13.882831071963381, 50.513952407606325 ], [ 13.895816133157155, 50.518121637352635 ], [ 13.895687568968526, 50.522290499434121 ], [ 13.901858686848357, 50.52686764853263 ], [ 13.902372947195715, 50.544028005531857 ], [ 13.907001285830006, 50.545825395872214 ], [ 13.908415500886917, 50.548684739180999 ], [ 13.920243478095756, 50.553586067491722 ], [ 13.921529127167389, 50.557588441265239 ], [ 13.939656788241166, 50.558241857762368 ], [ 13.940942437312799, 50.561100448075422 ], [ 13.947370686264605, 50.565020519060567 ], [ 13.96434126245515, 50.567225415904716 ], [ 13.972183725565344, 50.570573394481187 ], [ 13.986840131989538, 50.571798205363109 ], [ 13.987097261264921, 50.574329380356403 ], [ 13.987047104408077, 50.57528488523451 ], [ 13.986583001815802, 50.584126194657756 ], [ 13.985425916932797, 50.58706484203617 ], [ 13.969612425625485, 50.595390012166831 ], [ 13.9633127426589, 50.595879682679879 ], [ 13.957013058793848, 50.591962179365225 ], [ 13.949170595683654, 50.591880561174833 ], [ 13.94261378254339, 50.595879682679879 ], [ 13.936442663765263, 50.596369347528423 ], [ 13.932328584579864, 50.598817595933326 ], [ 13.93168576004399, 50.60518244603611 ], [ 13.939271092980732, 50.610730587196485 ], [ 13.938371138271179, 50.614320212167797 ], [ 13.936185533591583, 50.615951769178196 ], [ 13.925771771439599, 50.617746417266972 ], [ 13.923586166760117, 50.628038825930105 ], [ 13.917760566989728, 50.629950243651308 ], [ 13.917358800868897, 50.634155089101796 ], [ 13.912537614604275, 50.63734032787869 ], [ 13.909323491026669, 50.64549355471371 ], [ 13.905506718267702, 50.646385228312113 ], [ 13.903698773418398, 50.649187520481632 ], [ 13.903096125135278, 50.656574580189215 ], [ 13.907716428339484, 50.658230141252375 ], [ 13.912336732441986, 50.665997762545601 ], [ 13.915149090796888, 50.667525668029327 ], [ 13.915751739080008, 50.671217901390492 ], [ 13.91414467729129, 50.674146017434566 ], [ 13.909524373188788, 50.676055560054749 ], [ 13.90791731140007, 50.684965731993316 ], [ 13.901689945508679, 50.689420183856669 ], [ 13.901489062448263, 50.69781885600662 ], [ 13.913140262887225, 50.704053261365516 ], [ 13.914546442513824, 50.710922870337129 ], [ 13.918363215272791, 50.711813301696338 ], [ 13.920773808405215, 50.714738884835867 ], [ 13.920171160122095, 50.7228786776937 ], [ 13.911332318038092, 50.724404731427569 ], [ 13.904703186924166, 50.728092489808546 ], [ 13.900685532003081, 50.72860112292625 ], [ 13.898877587153777, 50.731525658747728 ], [ 13.893654634768154, 50.733178575901661 ], [ 13.890069653378362, 50.737149190607113 ], [ 13.861664790436805, 50.735054396805594 ], [ 13.85725086250784, 50.72841910967162 ], [ 13.847043654172069, 50.727196717420384 ], [ 13.846216042685342, 50.724402558221072 ], [ 13.839871021287422, 50.72335470556061 ], [ 13.814766806191415, 50.724227917738403 ], [ 13.812283971731404, 50.72492647576388 ], [ 13.811180489749177, 50.727720603719149 ], [ 13.807042432315768, 50.728069857997298 ], [ 13.806214820829041, 50.730165328989585 ], [ 13.801249151909076, 50.731911483217914 ], [ 13.752695944690402, 50.730689182092362 ], [ 13.751040721716947, 50.727022087352282 ], [ 13.720143226214248, 50.725974293274476 ], [ 13.717936262249566, 50.72335470556061 ], [ 13.708280794905022, 50.721084277739919 ], [ 13.704418607967284, 50.714272334219402 ], [ 13.700280550533819, 50.713573617363124 ], [ 13.686762896251366, 50.714097655981845 ], [ 13.686211155260139, 50.716717761195127 ], [ 13.67986613386222, 50.717241764661878 ], [ 13.678486781384493, 50.724751837233896 ], [ 13.676003946924538, 50.725974293274476 ], [ 13.641796005474873, 50.725275750871162 ], [ 13.634899243085783, 50.720734971388083 ], [ 13.619726365830047, 50.720036350873045 ], [ 13.619450495334547, 50.709031703914718 ], [ 13.584912163886713, 50.707660568279493 ], [ 13.587482622507594, 50.701190626927598 ], [ 13.604255548674303, 50.699289562472586 ], [ 13.607786690410649, 50.692467461327965 ], [ 13.621028474841239, 50.685532505317951 ], [ 13.621558145787276, 50.677365839378012 ], [ 13.62756108826602, 50.673897373394936 ], [ 13.628267316792858, 50.667966822085361 ], [ 13.622264374314113, 50.666623951536735 ], [ 13.616437989416227, 50.661699764817911 ], [ 13.617320775524036, 50.655879604976747 ], [ 13.629326658684931, 50.649387037878398 ], [ 13.637801401007948, 50.642109818943368 ], [ 13.649277613222978, 50.637407016523866 ], [ 13.651396298803718, 50.626655985938442 ], [ 13.657575797965023, 50.624415878298464 ], [ 13.659694483545763, 50.605482709565933 ], [ 13.66340218286291, 50.604922440230439 ], [ 13.66552086844365, 50.601336560906645 ], [ 13.670464467233728, 50.600664178006184 ], [ 13.6727597094972, 50.598310762487529 ], [ 13.685295265400725, 50.596405529882247 ], [ 13.68759050766397, 50.585196720936381 ], [ 13.697301149459918, 50.584748313023795 ], [ 13.705952447567313, 50.579479200480023 ], [ 13.707188347938484, 50.57398524321934 ], [ 13.69394656350795, 50.566135620559919 ], [ 13.693593450142714, 50.552900439059101 ], [ 13.699772948405894, 50.551442098141536 ], [ 13.703127534357805, 50.547403381519985 ], [ 13.714603746572834, 50.546618035509539 ], [ 13.716545874572603, 50.544486315626955 ], [ 13.738262400427857, 50.543588720409787 ], [ 13.741087314535491, 50.542803310294346 ], [ 13.743559113481467, 50.53898827705018 ], [ 13.747443370379472, 50.538539429253376 ], [ 13.750974513014114, 50.527092368346246 ], [ 13.76192105428288, 50.522378064862664 ], [ 13.763156953755811, 50.518561379565256 ], [ 13.761391382438546, 50.515081191381398 ], [ 13.755918111804135, 50.514407576878909 ], [ 13.754152540486928, 50.510814803857954 ], [ 13.749915170223744, 50.509916567880964 ], [ 13.749915170223744, 50.504414500488338 ], [ 13.750797955433086, 50.502954660771309 ], [ 13.769513010498088, 50.50160707609939 ], [ 13.771984809444007, 50.495093208679691 ], [ 13.776045623024515, 50.493633080260963 ], [ 13.779047094713178, 50.473973118184176 ], [ 13.782931350712829, 50.473074181475113 ], [ 13.785226593874597, 50.470264894373656 ], [ 13.784976010952903, 50.46921221532449 ] ] ] } },
{ "type": "Feature", "properties": { "shapeName": "Ústí nad Labem", "shapeISO": "", "shapeID": "57006924B5960993849333", "shapeGroup": "CZE", "shapeType": "ADM2" }, "geometry": { "type": "Polygon", "coordinates": [ [ [ 13.987047104408077, 50.57528488523451 ], [ 14.002332210579823, 50.575635740081168 ], [ 14.005948100278374, 50.577039015557943 ], [ 14.006550748561494, 50.582524146776734 ], [ 14.029451383318531, 50.588391254340252 ], [ 14.032665507794434, 50.586860775068715 ], [ 14.034674335704153, 50.5808659191012 ], [ 14.042106998161557, 50.580355683147275 ], [ 14.046325536143058, 50.581758818006392 ], [ 14.047329949648713, 50.585967972329286 ], [ 14.053155550317399, 50.588391254340252 ], [ 14.066614695605608, 50.583799667278527 ], [ 14.067418226051018, 50.581248592296561 ], [ 14.076658833357556, 50.580610801530042 ], [ 14.081680902682763, 50.583799667278527 ], [ 14.090720626928885, 50.584820058462697 ], [ 14.098153289386289, 50.589156475320294 ], [ 14.100362999458298, 50.592344762390383 ], [ 14.112415965119908, 50.591707122477999 ], [ 14.115429206535225, 50.584692511130356 ], [ 14.122259220709566, 50.585330246048386 ], [ 14.131700711076689, 50.589156475320294 ], [ 14.134914834654296, 50.596680486236323 ], [ 14.145360738527188, 50.599358233698808 ], [ 14.146365152931082, 50.604968258013457 ], [ 14.155203994116846, 50.606243170504229 ], [ 14.16203400829113, 50.602545829854421 ], [ 14.16846225634464, 50.602290829742344 ], [ 14.177301098428643, 50.606370660024481 ], [ 14.178908160217532, 50.621411975981175 ], [ 14.187546119241176, 50.623196219522868 ], [ 14.194376133415517, 50.622558997580086 ], [ 14.198192906174484, 50.620137474535284 ], [ 14.199398202740497, 50.615803911714863 ], [ 14.208437926986846, 50.615039123919473 ], [ 14.212053816685227, 50.617205990757213 ], [ 14.213259113251411, 50.621921766432422 ], [ 14.224307665407252, 50.623960874684485 ], [ 14.226316493317142, 50.626382200856028 ], [ 14.231137679581764, 50.627146804209303 ], [ 14.231137679581764, 50.634155089101796 ], [ 14.225312078913078, 50.636448482642095 ], [ 14.223504134063774, 50.642181476949133 ], [ 14.228124438166276, 50.644092319644415 ], [ 14.230334148238057, 50.647404263295812 ], [ 14.228994773513534, 50.651165225204295 ], [ 14.228927968611458, 50.651352813253766 ], [ 14.224910313690373, 50.652499104418666 ], [ 14.222700602720238, 50.655555744112178 ], [ 14.223504134063774, 50.659121572556103 ], [ 14.228727086449396, 50.661031726330634 ], [ 14.227722672045445, 50.668162281019193 ], [ 14.224307665407252, 50.669180843051095 ], [ 14.223504134063774, 50.671854463745319 ], [ 14.218281182576447, 50.673254871338941 ], [ 14.216272354666728, 50.676182860323763 ], [ 14.195983195204178, 50.67732854549979 ], [ 14.187947884463711, 50.684965731993316 ], [ 14.182524049915969, 50.685983929997803 ], [ 14.180716105066665, 50.688402060423641 ], [ 14.175091388356861, 50.690056499355478 ], [ 14.174287857013326, 50.696546426395173 ], [ 14.171073732537423, 50.698582297089615 ], [ 14.168060491121935, 50.708124262072545 ], [ 14.149780159569104, 50.710541251800919 ], [ 14.146566035093372, 50.717409910145761 ], [ 14.138128959130199, 50.722115632188547 ], [ 14.130696296672738, 50.722497156494171 ], [ 14.122660986830567, 50.718427403937028 ], [ 14.1088000754213, 50.719190509499413 ], [ 14.105585951843693, 50.729618373732478 ], [ 14.100965647741191, 50.731907106432232 ], [ 14.096345344537156, 50.738772633608505 ], [ 14.087305620290863, 50.739789662967155 ], [ 14.082484433127945, 50.745891376435338 ], [ 14.069226170900151, 50.747670893470058 ], [ 14.065811164262129, 50.749323241419177 ], [ 14.06641381254525, 50.762412858523874 ], [ 14.072239412315639, 50.765716454809308 ], [ 14.070230585304216, 50.771306625546458 ], [ 14.060387329714388, 50.775244753182562 ], [ 14.039294638908359, 50.776260990838011 ], [ 14.038089342342175, 50.780833785329719 ], [ 14.039897287191252, 50.783374033318694 ], [ 14.042910528606797, 50.784009074179323 ], [ 14.043714059950275, 50.790359004438812 ], [ 14.041303466818079, 50.792263815391493 ], [ 14.034272570481448, 50.792263815391493 ], [ 14.029451383318531, 50.793914588953101 ], [ 14.028734817069562, 50.800142188803136 ], [ 14.017531620428599, 50.800309452289184 ], [ 14.013945303986361, 50.804493834901677 ], [ 13.999048297225954, 50.805016856380632 ], [ 13.996565462765943, 50.80676021902508 ], [ 13.996013721774716, 50.810595387853482 ], [ 13.988841088890297, 50.812338542327552 ], [ 13.989944570872524, 50.815127454179446 ], [ 13.977254528076571, 50.816173253190527 ], [ 13.974771693616617, 50.812512854197053 ], [ 13.963461003298733, 50.811466973221968 ], [ 13.962909262307562, 50.809200817436476 ], [ 13.959874686856324, 50.807980534168792 ], [ 13.949115737529496, 50.807108883747446 ], [ 13.949115737529496, 50.796124694947991 ], [ 13.943598327618361, 50.794555314332854 ], [ 13.942494845636134, 50.787405246881349 ], [ 13.891734674452834, 50.785661162081908 ], [ 13.890079451479551, 50.783044912887704 ], [ 13.890355321975051, 50.765773996451856 ], [ 13.886493135037142, 50.765599510215225 ], [ 13.883734430081631, 50.761935148925602 ], [ 13.885665523550585, 50.753209324094598 ], [ 13.890631192470551, 50.752511187824155 ], [ 13.892286415444005, 50.750591259389807 ], [ 13.892286415444005, 50.739593788578134 ], [ 13.890069653378362, 50.737149190607113 ], [ 13.893654634768154, 50.733178575901661 ], [ 13.898877587153777, 50.731525658747728 ], [ 13.900685532003081, 50.72860112292625 ], [ 13.904703186924166, 50.728092489808546 ], [ 13.911332318038092, 50.724404731427569 ], [ 13.920171160122095, 50.7228786776937 ], [ 13.920773808405215, 50.714738884835867 ], [ 13.918363215272791, 50.711813301696338 ], [ 13.914546442513824, 50.710922870337129 ], [ 13.913140262887225, 50.704053261365516 ], [ 13.901489062448263, 50.69781885600662 ], [ 13.901689945508679, 50.689420183856669 ], [ 13.90791731140007, 50.684965731993316 ], [ 13.909524373188788, 50.676055560054749 ], [ 13.91414467729129, 50.674146017434566 ], [ 13.915751739080008, 50.671217901390492 ], [ 13.915149090796888, 50.667525668029327 ], [ 13.912336732441986, 50.665997762545601 ], [ 13.907716428339484, 50.658230141252375 ], [ 13.903096125135278, 50.656574580189215 ], [ 13.903698773418398, 50.649187520481632 ], [ 13.905506718267702, 50.646385228312113 ], [ 13.909323491026669, 50.64549355471371 ], [ 13.912537614604275, 50.63734032787869 ], [ 13.917358800868897, 50.634155089101796 ], [ 13.917760566989728, 50.629950243651308 ], [ 13.923586166760117, 50.628038825930105 ], [ 13.925771771439599, 50.617746417266972 ], [ 13.936185533591583, 50.615951769178196 ], [ 13.938371138271179, 50.614320212167797 ], [ 13.939271092980732, 50.610730587196485 ], [ 13.93168576004399, 50.60518244603611 ], [ 13.932328584579864, 50.598817595933326 ], [ 13.936442663765263, 50.596369347528423 ], [ 13.94261378254339, 50.595879682679879 ], [ 13.949170595683654, 50.591880561174833 ], [ 13.957013058793848, 50.591962179365225 ], [ 13.9633127426589, 50.595879682679879 ], [ 13.969612425625485, 50.595390012166831 ], [ 13.985425916932797, 50.58706484203617 ], [ 13.986583001815802, 50.584126194657756 ], [ 13.987047104408077, 50.57528488523451 ] ] ] } },
{ "type": "Feature", "properties": { "shapeName": "Děčín", "shapeISO": "", "shapeID": "57006924B57972685793284", "shapeGroup": "CZE", "shapeType": "ADM2" }, "geometry": { "type": "Polygon", "coordinates": [ [ [ 14.228994773513534, 50.651165225204295 ], [ 14.26235486064536, 50.65240230784525 ], [ 14.266726070004268, 50.648815589681533 ], [ 14.273154318057777, 50.648244950205935 ], [ 14.281253911341707, 50.651750197586296 ], [ 14.296167447939524, 50.651668683096204 ], [ 14.298481616807635, 50.649467740676585 ], [ 14.307866860061438, 50.648489510504362 ], [ 14.313009459043315, 50.644576387268273 ], [ 14.31648071279443, 50.643924168946967 ], [ 14.318923447647762, 50.640418337091376 ], [ 14.329851469248638, 50.641233670258032 ], [ 14.336922542736261, 50.645228597106211 ], [ 14.337822497445757, 50.647429738687947 ], [ 14.342707966253784, 50.648571030510766 ], [ 14.343448555630403, 50.649399695979071 ], [ 14.34489357093338, 50.65101656265341 ], [ 14.344507876571072, 50.664220236865162 ], [ 14.350293300088765, 50.666094531671263 ], [ 14.350678994450902, 50.668620636753531 ], [ 14.354921638723056, 50.669516963621049 ], [ 14.356850113229029, 50.679212500505116 ], [ 14.359164282995437, 50.681249123532325 ], [ 14.375234903578132, 50.683367117221394 ], [ 14.37574916392532, 50.69322267785941 ], [ 14.369449480060439, 50.695421570342774 ], [ 14.368806655524622, 50.713578849634587 ], [ 14.378191897880356, 50.719439787691783 ], [ 14.399919377791946, 50.720660724251502 ], [ 14.40159072212424, 50.726927697995166 ], [ 14.411361659740408, 50.728473965448813 ], [ 14.415218609650424, 50.731729097520258 ], [ 14.414575784216311, 50.747025190997249 ], [ 14.41843273322803, 50.74905886916622 ], [ 14.421518292617009, 50.755810049038928 ], [ 14.426532326511904, 50.758006005667596 ], [ 14.427689411395136, 50.764593257913646 ], [ 14.438745998981233, 50.766707488267457 ], [ 14.440931602762362, 50.769309486604811 ], [ 14.452116755435441, 50.771748728469618 ], [ 14.452116755435441, 50.790282810386145 ], [ 14.450188280929638, 50.794833917538597 ], [ 14.445817071570559, 50.796377942146876 ], [ 14.445688506483634, 50.802309774174546 ], [ 14.4624019525005, 50.803691051678697 ], [ 14.466258902410516, 50.806940954587049 ], [ 14.490429116277312, 50.807509664382223 ], [ 14.491714766247242, 50.805722267346539 ], [ 14.502128528399226, 50.803528550428723 ], [ 14.508171082090428, 50.796134152477691 ], [ 14.534141205376102, 50.795809096850121 ], [ 14.537869590199364, 50.794752651582883 ], [ 14.539412369444676, 50.791989527284613 ], [ 14.545326358049124, 50.791176813048423 ], [ 14.551111781566647, 50.792477149725187 ], [ 14.553168821159318, 50.794671385485913 ], [ 14.559082809763765, 50.796459205276449 ], [ 14.558825679590086, 50.819044855442542 ], [ 14.564225408745415, 50.821887598403578 ], [ 14.564739668194534, 50.831470429038177 ], [ 14.574639170897399, 50.833581635349276 ], [ 14.580167465139709, 50.837722571409302 ], [ 14.60292346394948, 50.838372096636476 ], [ 14.604594809180014, 50.849250299593734 ], [ 14.610706330014864, 50.851537195603214 ], [ 14.609889576352316, 50.856307534429561 ], [ 14.616104386876259, 50.860729849441896 ], [ 14.616782366206223, 50.867148592734111 ], [ 14.622997176730166, 50.866863334019172 ], [ 14.623067358184244, 50.879574595296162 ], [ 14.629136509086436, 50.879748656128015 ], [ 14.628860638590936, 50.890539157897479 ], [ 14.63741262395331, 50.896107471299672 ], [ 14.642378292873445, 50.895411468531734 ], [ 14.647343961793581, 50.897499445629762 ], [ 14.648171573280308, 50.914199892342424 ], [ 14.645688738820127, 50.92533019526013 ], [ 14.634378048502299, 50.926373524659027 ], [ 14.618377559759608, 50.92533019526013 ], [ 14.610653185883962, 50.921852261600691 ], [ 14.603204682503872, 50.920808830803253 ], [ 14.600445977548191, 50.918026234275658 ], [ 14.600170107052691, 50.914025960233914 ], [ 14.584445488805727, 50.912460542004169 ], [ 14.575341762452126, 50.908981646313748 ], [ 14.569548482045434, 50.908807694703626 ], [ 14.56706564758548, 50.911416900599249 ], [ 14.554927345780698, 50.912634479963174 ], [ 14.553547993302971, 50.924808521785963 ], [ 14.559341273709663, 50.925851862884429 ], [ 14.56072062618739, 50.928981745785563 ], [ 14.565962165603082, 50.928981745785563 ], [ 14.56761738857648, 50.933154595405369 ], [ 14.573134798487672, 50.934197749314933 ], [ 14.573962409974399, 50.940803847399479 ], [ 14.578376337903308, 50.943411259355003 ], [ 14.579203949390035, 50.953491876445412 ], [ 14.58416961831017, 50.955751025193138 ], [ 14.585273100292397, 50.96687138709575 ], [ 14.589135287230135, 50.96739258875499 ], [ 14.59079051020359, 50.970172232171421 ], [ 14.589962898716863, 50.978857545746564 ], [ 14.57754872641658, 50.980247045179624 ], [ 14.57754872641658, 50.984936298775722 ], [ 14.571755446009945, 50.987541235006859 ], [ 14.571479575514388, 50.991014255925904 ], [ 14.563479331143071, 50.992229751853813 ], [ 14.563203460647571, 50.995355166637694 ], [ 14.559617144205333, 50.995355166637694 ], [ 14.554927345780698, 50.999695671320296 ], [ 14.541685561993745, 50.999695671320296 ], [ 14.535616411091553, 50.998827602865447 ], [ 14.534512929109269, 50.996049674671667 ], [ 14.522926368295771, 50.995355166637694 ], [ 14.519615922349033, 51.008375462650065 ], [ 14.511063936986488, 51.00854904191192 ], [ 14.506098268066523, 51.012367621329759 ], [ 14.496166930226252, 51.01219405635851 ], [ 14.495339318739525, 51.014623906845543 ], [ 14.49037364981956, 51.015838784346727 ], [ 14.487890815359435, 51.025730173535123 ], [ 14.488442556350606, 51.028332819953505 ], [ 14.495063448244025, 51.030067836379715 ], [ 14.492580613784014, 51.036139882412272 ], [ 14.474373161077096, 51.035966406423483 ], [ 14.472442067608142, 51.020350907840225 ], [ 14.462510729767871, 51.020697976075894 ], [ 14.45975202481236, 51.027638795197447 ], [ 14.45313113291877, 51.028853331700986 ], [ 14.439613478636431, 51.026597738578573 ], [ 14.437406514671977, 51.023994994735403 ], [ 14.421957766920514, 51.02295385627923 ], [ 14.420302543947059, 51.015838784346727 ], [ 14.415061004531424, 51.014450350318668 ], [ 14.413957522549197, 51.012714749323493 ], [ 14.408440112638004, 51.011326221758907 ], [ 14.393267235382268, 51.011152652890303 ], [ 14.388853307453132, 51.01219405635851 ], [ 14.386646343488678, 51.015144572529096 ], [ 14.374783912179623, 51.016706534503953 ], [ 14.373680430197396, 51.029720838290416 ], [ 14.369818243259488, 51.031802787857998 ], [ 14.353817754516967, 51.032496750264102 ], [ 14.349679697083559, 51.03579292978543 ], [ 14.319058072076359, 51.036660306481622 ], [ 14.310506086713985, 51.043251838781828 ], [ 14.29947126689143, 51.044639410298373 ], [ 14.294505597971465, 51.047587861772627 ], [ 14.287884706077932, 51.047587861772627 ], [ 14.277401627246775, 51.035099016738229 ], [ 14.268297900893231, 51.034578575133764 ], [ 14.264711584450993, 51.032496750264102 ], [ 14.26581506643322, 51.02347442843012 ], [ 14.270780735353185, 51.021739165194276 ], [ 14.273815310804366, 51.014103235315986 ], [ 14.26609093692872, 51.014103235315986 ], [ 14.26609093692872, 51.006813220061929 ], [ 14.247607613726075, 51.005250924856909 ], [ 14.247883484221802, 50.998306753996928 ], [ 14.253400894132938, 50.996744172311537 ], [ 14.254504376115165, 50.993792485556583 ], [ 14.253952635123994, 50.989625078742677 ], [ 14.249262836699529, 50.988756821888842 ], [ 14.248159354717302, 50.986151953874753 ], [ 14.248435225212802, 50.979031235449895 ], [ 14.253676764628494, 50.976425821681119 ], [ 14.260573527017584, 50.975904721384495 ], [ 14.264711584450993, 50.972604283709529 ], [ 14.268297900893231, 50.972083140529548 ], [ 14.269401382875458, 50.968956158644744 ], [ 14.280436202697956, 50.967740053278987 ], [ 14.284298389635694, 50.972604283709529 ], [ 14.287884706077932, 50.973125421041743 ], [ 14.287884706077932, 50.976078422133014 ], [ 14.295057338962522, 50.977989087485014 ], [ 14.311333698200713, 50.977120612980059 ], [ 14.315471755634121, 50.975557317938012 ], [ 14.315747626129621, 50.965828966233005 ], [ 14.296988432431476, 50.963396559916305 ], [ 14.29616082094492, 50.958183831794599 ], [ 14.296712561935976, 50.952970518830341 ], [ 14.303609324324896, 50.950189846105957 ], [ 14.306368029280577, 50.943758903234027 ], [ 14.332851596854368, 50.944628001558726 ], [ 14.33643791329655, 50.943063612876301 ], [ 14.340851841225685, 50.935936287169056 ], [ 14.378921969613032, 50.936631684112456 ], [ 14.385266991010894, 50.935762436308266 ], [ 14.386370472993178, 50.932285282607268 ], [ 14.390508530426587, 50.932633009676465 ], [ 14.392163753399814, 50.93124208580133 ], [ 14.391887882904314, 50.915939177677387 ], [ 14.380025451595259, 50.910199289382774 ], [ 14.379197840108532, 50.895411468531734 ], [ 14.362921480870568, 50.890539157897479 ], [ 14.356576459472649, 50.890713177768532 ], [ 14.351886661048013, 50.894541450444081 ], [ 14.346369251136878, 50.894889459629496 ], [ 14.340851841225685, 50.892975376927893 ], [ 14.340024229738958, 50.886536521423125 ], [ 14.308574993245031, 50.885144219420738 ], [ 14.306643899776077, 50.883055688396155 ], [ 14.301126489864885, 50.882011387774185 ], [ 14.284298389635694, 50.881489228685609 ], [ 14.280160332202286, 50.885840375623275 ], [ 14.265539195937549, 50.885666337547946 ], [ 14.254780246610721, 50.884274009538615 ], [ 14.253125023637438, 50.881663282365309 ], [ 14.249262836699529, 50.880793007464831 ], [ 14.231055383992384, 50.880444892953392 ], [ 14.22829667903693, 50.879574595296162 ], [ 14.226917326559146, 50.870174344809698 ], [ 14.220572305161284, 50.867562827623544 ], [ 14.221675787143511, 50.860772198213454 ], [ 14.217261859214375, 50.860075667478327 ], [ 14.214227283763364, 50.852761466567472 ], [ 14.202916593445366, 50.851019821077784 ], [ 14.200985499976412, 50.847884695311848 ], [ 14.188295457180629, 50.847362153864935 ], [ 14.187743716189573, 50.8438783946375 ], [ 14.155466868208919, 50.842833216140889 ], [ 14.153811645235464, 50.838652268018961 ], [ 14.142225084421909, 50.838826481670083 ], [ 14.141949213926409, 50.835342085071261 ], [ 14.137259415501774, 50.834645174532056 ], [ 14.134500710546263, 50.8311604657369 ], [ 14.117120869325902, 50.830115002365403 ], [ 14.113810423379164, 50.82610717585402 ], [ 14.096430582158916, 50.825235863689898 ], [ 14.093947747698792, 50.822099005254358 ], [ 14.082085316389737, 50.821227618287139 ], [ 14.080705963911953, 50.817741907798734 ], [ 14.076016165487317, 50.816521847656929 ], [ 14.075188554000817, 50.809200817436476 ], [ 14.070222885080682, 50.808503516615303 ], [ 14.068291791611728, 50.805016856380632 ], [ 14.043463447011334, 50.804493834901677 ], [ 14.042635835524607, 50.800483809046341 ], [ 14.028734817069562, 50.800142188803136 ], [ 14.029451383318531, 50.793914588953101 ], [ 14.034272570481448, 50.792263815391493 ], [ 14.041303466818079, 50.792263815391493 ], [ 14.043714059950275, 50.790359004438812 ], [ 14.042910528606797, 50.784009074179323 ], [ 14.039897287191252, 50.783374033318694 ], [ 14.038089342342175, 50.780833785329719 ], [ 14.039294638908359, 50.776260990838011 ], [ 14.060387329714388, 50.775244753182562 ], [ 14.070230585304216, 50.771306625546458 ], [ 14.072239412315639, 50.765716454809308 ], [ 14.06641381254525, 50.762412858523874 ], [ 14.065811164262129, 50.749323241419177 ], [ 14.069226170900151, 50.747670893470058 ], [ 14.082484433127945, 50.745891376435338 ], [ 14.087305620290863, 50.739789662967155 ], [ 14.096345344537156, 50.738772633608505 ], [ 14.100965647741191, 50.731907106432232 ], [ 14.105585951843693, 50.729618373732478 ], [ 14.1088000754213, 50.719190509499413 ], [ 14.122660986830567, 50.718427403937028 ], [ 14.130696296672738, 50.722497156494171 ], [ 14.138128959130199, 50.722115632188547 ], [ 14.146566035093372, 50.717409910145761 ], [ 14.149780159569104, 50.710541251800919 ], [ 14.168060491121935, 50.708124262072545 ], [ 14.171073732537423, 50.698582297089615 ], [ 14.174287857013326, 50.696546426395173 ], [ 14.175091388356861, 50.690056499355478 ], [ 14.180716105066665, 50.688402060423641 ], [ 14.182524049915969, 50.685983929997803 ], [ 14.187947884463711, 50.684965731993316 ], [ 14.195983195204178, 50.67732854549979 ], [ 14.216272354666728, 50.676182860323763 ], [ 14.218281182576447, 50.673254871338941 ], [ 14.223504134063774, 50.671854463745319 ], [ 14.224307665407252, 50.669180843051095 ], [ 14.227722672045445, 50.668162281019193 ], [ 14.228727086449396, 50.661031726330634 ], [ 14.223504134063774, 50.659121572556103 ], [ 14.222700602720238, 50.655555744112178 ], [ 14.224910313690373, 50.652499104418666 ], [ 14.228927968611458, 50.651352813253766 ], [ 14.228994773513534, 50.651165225204295 ] ] ] } },
{ "type": "Feature", "properties": { "shapeName": "Louny", "shapeISO": "", "shapeID": "57006924B40654694205882", "shapeGroup": "CZE", "shapeType": "ADM2" }, "geometry": { "type": "Polygon", "coordinates": [ [ [ 13.301765976343802, 50.108004456070262 ], [ 13.327315901535371, 50.107032218545783 ], [ 13.329513056752774, 50.096563047066581 ], [ 13.332965728852287, 50.095354918620217 ], [ 13.340498832839955, 50.096160341353311 ], [ 13.350229092045083, 50.103005885076527 ], [ 13.35901771291492, 50.103408533250672 ], [ 13.361842627022554, 50.100791257026287 ], [ 13.361842627022554, 50.096563047066581 ], [ 13.372828403109736, 50.095556275572676 ], [ 13.376594954654365, 50.089313818865548 ], [ 13.382872540861683, 50.087702730268234 ], [ 13.405471851926336, 50.087904119376844 ], [ 13.407385413526356, 50.089285326996958 ], [ 13.407982886589025, 50.089716582696724 ], [ 13.415829869123343, 50.104415140318793 ], [ 13.419596421566439, 50.105220410166737 ], [ 13.421479697338725, 50.108441355329433 ], [ 13.426501766663762, 50.109649153777355 ], [ 13.427443404100757, 50.11206465929348 ], [ 13.444079008403378, 50.113473648008153 ], [ 13.453495388163446, 50.109447856055397 ], [ 13.463539525915337, 50.109447856055397 ], [ 13.466364440022971, 50.111058213564604 ], [ 13.467933836350142, 50.116895305388709 ], [ 13.47421142255746, 50.119109188861671 ], [ 13.47421142255746, 50.128366136227669 ], [ 13.479861250772672, 50.130780697545674 ], [ 13.490533147414794, 50.131585524630111 ], [ 13.493358061522599, 50.138224828724503 ], [ 13.493671940967715, 50.146673519945637 ], [ 13.498380130847636, 50.147880354514257 ], [ 13.499007888839515, 50.15150067377823 ], [ 13.496496854176996, 50.155925136627616 ], [ 13.492730302632424, 50.157533930757211 ], [ 13.492102543742192, 50.164772834142525 ], [ 13.499007888839515, 50.172010641349289 ], [ 13.516271252032368, 50.17402094846841 ], [ 13.518154527804654, 50.180855361657393 ], [ 13.529454183337009, 50.186081017411937 ], [ 13.530395820774004, 50.188492665619833 ], [ 13.542009355751588, 50.190703236643287 ], [ 13.545148149304339, 50.193315597274932 ], [ 13.552367373846721, 50.194923132914312 ], [ 13.565236425706473, 50.194923132914312 ], [ 13.570886253023389, 50.191908959264936 ], [ 13.586894098435778, 50.191306101472094 ], [ 13.593171684643096, 50.194923132914312 ], [ 13.602901943848053, 50.196530614431765 ], [ 13.608237892618376, 50.201955464629805 ], [ 13.621420823922961, 50.204165411836755 ], [ 13.62507437908306, 50.207435946756959 ], [ 13.634314986389825, 50.208464471265017 ], [ 13.637127344744727, 50.215792068145049 ], [ 13.640542352281045, 50.216948954263671 ], [ 13.642551179292411, 50.224275248241554 ], [ 13.655005911074852, 50.227102639895179 ], [ 13.655809441520262, 50.233013916975779 ], [ 13.670875649495486, 50.234041890138201 ], [ 13.677705663669826, 50.229929863935638 ], [ 13.69156657418074, 50.229672850703423 ], [ 13.698396588355024, 50.22581748254504 ], [ 13.712257498865995, 50.226331549755685 ], [ 13.714266326775657, 50.228516273154128 ], [ 13.719690161323399, 50.229801357205247 ], [ 13.749420810254776, 50.230315381474043 ], [ 13.759665831067252, 50.231728918925057 ], [ 13.76127289285597, 50.23442737443213 ], [ 13.766094080018888, 50.235198333670098 ], [ 13.768504673151313, 50.238153562311595 ], [ 13.780155872691921, 50.240594699853318 ], [ 13.787588535149325, 50.24470580632152 ], [ 13.788994714775924, 50.247403527367567 ], [ 13.792208839251828, 50.247531986657009 ], [ 13.793815901040546, 50.25048645015255 ], [ 13.798235322082633, 50.252156283577676 ], [ 13.799440618648873, 50.257422297209587 ], [ 13.807275046328812, 50.26410030699401 ], [ 13.824149198255213, 50.264357135203227 ], [ 13.829372150640836, 50.261018265054474 ], [ 13.839014523170022, 50.259862447912042 ], [ 13.840219819736262, 50.249458831576192 ], [ 13.842228647645925, 50.248559646784486 ], [ 13.860709861360874, 50.248302733973787 ], [ 13.863392213741292, 50.248675614305739 ], [ 13.865330165463376, 50.248945013690673 ], [ 13.866133695908616, 50.258706602724317 ], [ 13.877985779408107, 50.265769663301796 ], [ 13.879592841196825, 50.26897979926224 ], [ 13.884414027461617, 50.270006996816278 ], [ 13.887226386714815, 50.272703285477064 ], [ 13.903096125135278, 50.274243953305529 ], [ 13.905506718267702, 50.276426481106512 ], [ 13.931420594440226, 50.279379152877254 ], [ 13.934835601976545, 50.281689811885542 ], [ 13.942469146596068, 50.282588371399811 ], [ 13.946285919355091, 50.289647890321248 ], [ 13.963762719564386, 50.292086389414237 ], [ 13.964365367847506, 50.306329863109113 ], [ 13.976016568286411, 50.307227957388079 ], [ 13.977623630973426, 50.304790233785525 ], [ 13.984051879026936, 50.303507171083425 ], [ 13.994497782899884, 50.303635479083368 ], [ 13.997511024315202, 50.305560054677699 ], [ 13.996506610809547, 50.319158169380444 ], [ 13.990279244918156, 50.321595156450542 ], [ 13.989676596635263, 50.326597001243442 ], [ 13.983650113804458, 50.330059508506906 ], [ 13.98385099596652, 50.33621445404151 ], [ 13.993694251556349, 50.33788128143317 ], [ 13.996908376032252, 50.343650616293701 ], [ 14.011773700048593, 50.349034696604519 ], [ 14.016996652434216, 50.349547434513568 ], [ 14.023224018325607, 50.349547434513568 ], [ 14.028647852873348, 50.348650139682547 ], [ 14.030455797722482, 50.346599116644427 ], [ 14.037888460179886, 50.3462145399983 ], [ 14.042390439105361, 50.347588527389235 ], [ 14.042508763384092, 50.347624639523303 ], [ 14.041705232040556, 50.364286276446421 ], [ 14.037285811896766, 50.367105359711218 ], [ 14.028246086752347, 50.368899234285948 ], [ 14.025634611457861, 50.37082116771137 ], [ 14.010166638259932, 50.371589919284474 ], [ 14.008157810350212, 50.374792916962974 ], [ 14.003738390206593, 50.375049147229674 ], [ 14.000524265730689, 50.378380017627137 ], [ 13.975213036942932, 50.379404853466212 ], [ 13.973204209931509, 50.382094942699553 ], [ 13.969588320233129, 50.383247791380995 ], [ 13.967378609262823, 50.394774736999807 ], [ 13.968784788889593, 50.403098011034729 ], [ 13.973405092093628, 50.406682971035991 ], [ 13.974208623437164, 50.416284205931788 ], [ 13.978427161418836, 50.417308222629174 ], [ 13.979230692762314, 50.423067905744517 ], [ 13.972802443810508, 50.428187035210442 ], [ 13.967780375383825, 50.429210795157474 ], [ 13.965972430534521, 50.432281941048359 ], [ 13.960146829866005, 50.433305611886738 ], [ 13.957334471510876, 50.436376492172087 ], [ 13.95150887084236, 50.437400075048515 ], [ 13.946687684577569, 50.436120593280691 ], [ 13.944879739728435, 50.433945395421517 ], [ 13.935840015482142, 50.433817439291715 ], [ 13.929813532651337, 50.437528020922684 ], [ 13.920773808405215, 50.437783912777945 ], [ 13.918764980495496, 50.429594699288032 ], [ 13.91474732557441, 50.428826887914283 ], [ 13.912336732441986, 50.423707827047338 ], [ 13.904904069984582, 50.423451859678266 ], [ 13.900685532003081, 50.425499561039089 ], [ 13.898074055810241, 50.43586469300601 ], [ 13.88762815193752, 50.437655967023147 ], [ 13.88561932402763, 50.443669035075175 ], [ 13.881400786046129, 50.445076238278375 ], [ 13.879391959034706, 50.448913853042825 ], [ 13.878789310751642, 50.451983720773512 ], [ 13.884614910522032, 50.45569287891874 ], [ 13.884614910522032, 50.468352985247009 ], [ 13.877784896347691, 50.471933006800555 ], [ 13.876780482841923, 50.487784129057786 ], [ 13.875173421053205, 50.490468066915696 ], [ 13.871959296577302, 50.49085147416406 ], [ 13.869367963755394, 50.496573588426827 ], [ 13.867146145742993, 50.495308994211882 ], [ 13.858018032662642, 50.494082195822273 ], [ 13.856346688330348, 50.491383126990513 ], [ 13.85197547897144, 50.490483403493954 ], [ 13.843747320600642, 50.483203189378628 ], [ 13.838604722517232, 50.48230331011672 ], [ 13.835647728215008, 50.478130916872999 ], [ 13.829219479263202, 50.474449087942162 ], [ 13.799006711705431, 50.472976276416659 ], [ 13.794635502346296, 50.46921221532449 ], [ 13.784976010952903, 50.46921221532449 ], [ 13.784343807766732, 50.466556379705878 ], [ 13.771984809444007, 50.464083874812616 ], [ 13.771808252761502, 50.450033098962592 ], [ 13.784520365347532, 50.44733487212136 ], [ 13.792641992508777, 50.443399682454071 ], [ 13.798821491670196, 50.439014371316034 ], [ 13.799527720197034, 50.434403734298769 ], [ 13.797409034616294, 50.432379410783938 ], [ 13.789817078401143, 50.431479683405826 ], [ 13.782401679766792, 50.427768127524303 ], [ 13.768806781971193, 50.426868312517797 ], [ 13.763863182282819, 50.423268882078048 ], [ 13.756271226067668, 50.422481469789261 ], [ 13.751504183960151, 50.41944418686171 ], [ 13.729611101422336, 50.419556682592145 ], [ 13.715133418416997, 50.417644223418904 ], [ 13.712485060992094, 50.415281667886347 ], [ 13.702774420094499, 50.414606630296248 ], [ 13.697654263723393, 50.422144003781057 ], [ 13.684765593556392, 50.42236898157779 ], [ 13.675761181185635, 50.42664335609453 ], [ 13.668345781652988, 50.427318222158362 ], [ 13.663755297126443, 50.430355000138945 ], [ 13.636565500636777, 50.43046746938154 ], [ 13.62756108826602, 50.42349385395903 ], [ 13.614142747152925, 50.419781672678937 ], [ 13.608139804674181, 50.416744216048016 ], [ 13.607080461883811, 50.414494123382212 ], [ 13.594368350195907, 50.413144016139711 ], [ 13.592073107034309, 50.420569129280409 ], [ 13.581832794292382, 50.422031514195794 ], [ 13.581479680028849, 50.424956149142645 ], [ 13.560158986740305, 50.425575055921797 ], [ 13.560116269335367, 50.425293595113146 ], [ 13.554819555383517, 50.422818933965345 ], [ 13.551641527910704, 50.415619183360548 ], [ 13.541401215168719, 50.411118783134555 ], [ 13.542284000378288, 50.395476569690743 ], [ 13.546521371539768, 50.394688695992215 ], [ 13.555702341491383, 50.389510912631238 ], [ 13.555702341491383, 50.384670300306936 ], [ 13.552347756437712, 50.382981597777984 ], [ 13.543343343168658, 50.381518007482612 ], [ 13.537693514953276, 50.378815875443991 ], [ 13.530101559636421, 50.378703283554898 ], [ 13.529925002055563, 50.381855762877649 ], [ 13.524275174738477, 50.382869015777032 ], [ 13.51986124599614, 50.386133793326508 ], [ 13.510856833625382, 50.386471515850928 ], [ 13.507855362835073, 50.383994826625496 ], [ 13.498144721039353, 50.382193516440225 ], [ 13.489846536297136, 50.376789175967474 ], [ 13.488610636824262, 50.369244587278899 ], [ 13.48296080860888, 50.366316513784113 ], [ 13.477310981291964, 50.365640778726004 ], [ 13.473603281974761, 50.365640778726004 ], [ 13.469012796549748, 50.369131972672903 ], [ 13.448532171065835, 50.369357202190827 ], [ 13.442705786167949, 50.370595945142554 ], [ 13.441999557641054, 50.373073334602168 ], [ 13.439174643533249, 50.37352375515178 ], [ 13.432112359162431, 50.372622909776396 ], [ 13.429640559318159, 50.370595945142554 ], [ 13.429993673581691, 50.362374590589013 ], [ 13.431935802479927, 50.360572459376726 ], [ 13.45135708517347, 50.352011402258768 ], [ 13.448179056802303, 50.34446287440619 ], [ 13.438998086850745, 50.343110772411023 ], [ 13.437938744060375, 50.337251219524944 ], [ 13.440233986323676, 50.335673523937601 ], [ 13.450827413329137, 50.334659263678532 ], [ 13.452946098909877, 50.331729056022652 ], [ 13.450474299065775, 50.328235110992296 ], [ 13.436879401270005, 50.326995262475975 ], [ 13.426285974264545, 50.323050074087348 ], [ 13.42557974573765, 50.317638997632741 ], [ 13.431935802479927, 50.313580285617888 ], [ 13.431759244898956, 50.302868132737615 ], [ 13.421518932156971, 50.301402071655275 ], [ 13.415692547259255, 50.29824424810738 ], [ 13.400861749092257, 50.296326895183881 ], [ 13.400685192409753, 50.274328207301153 ], [ 13.398566506829013, 50.272522735184452 ], [ 13.38867930835039, 50.270604346331709 ], [ 13.386384066087089, 50.267783045712804 ], [ 13.376849981871999, 50.263155750659905 ], [ 13.368375239548982, 50.264510127539495 ], [ 13.366609669130071, 50.270717194604117 ], [ 13.351778870963074, 50.280082692480164 ], [ 13.335888730005934, 50.279969865830481 ], [ 13.332887259215624, 50.276472116231162 ], [ 13.323000060737172, 50.274779564632922 ], [ 13.321057932737233, 50.2720713564579 ], [ 13.31646744731222, 50.270942890920708 ], [ 13.312915117911643, 50.262158001550631 ], [ 13.30353640451159, 50.257606918721251 ], [ 13.302406438868388, 50.254500373565179 ], [ 13.298112569963905, 50.253994638007043 ], [ 13.294722673034698, 50.24626343786656 ], [ 13.27754719651773, 50.245107262744341 ], [ 13.27336632399772, 50.241638569090583 ], [ 13.266134544600732, 50.241132696446925 ], [ 13.261275692874449, 50.236651879671513 ], [ 13.256218471018713, 50.235727781054663 ], [ 13.257772799560712, 50.232532046980339 ], [ 13.256303843865282, 50.228773292619962 ], [ 13.253478930656001, 50.22783355744815 ], [ 13.231105612360579, 50.226821514953372 ], [ 13.229862650332848, 50.224219020282362 ], [ 13.231783591566852, 50.220170412905361 ], [ 13.24308324709898, 50.218796700605935 ], [ 13.253817919809876, 50.211782919191592 ], [ 13.264439596136128, 50.210987476914056 ], [ 13.266586531037603, 50.199705231301778 ], [ 13.271558379148416, 50.196377905867621 ], [ 13.273027333945322, 50.192109910171382 ], [ 13.278338172108533, 50.189722559280142 ], [ 13.280372110625365, 50.175178847160225 ], [ 13.293253717339269, 50.172066930832557 ], [ 13.291671766157663, 50.166711065293384 ], [ 13.287829882791584, 50.165914871920108 ], [ 13.28590894155775, 50.162874738644689 ], [ 13.275287265231555, 50.160413537020304 ], [ 13.27234935473922, 50.150205435418798 ], [ 13.263422626877627, 50.14846766891776 ], [ 13.24387422358825, 50.147598762275152 ], [ 13.240823315812975, 50.14622296123423 ], [ 13.240936313095972, 50.133042226562509 ], [ 13.24398721997278, 50.131738440338097 ], [ 13.274722282409925, 50.132607635101408 ], [ 13.280033120573137, 50.13152113889231 ], [ 13.283084027449945, 50.124566979670647 ], [ 13.292236748979292, 50.123552746808684 ], [ 13.296530617883775, 50.119930312139161 ], [ 13.299807517530212, 50.119930312139161 ], [ 13.301841456046986, 50.117756719413421 ], [ 13.301954452431687, 50.110583163698664 ], [ 13.301765976343802, 50.108004456070262 ] ] ] } },
{ "type": "Feature", "properties": { "shapeName": "Litoměřice", "shapeISO": "", "shapeID": "57006924B28286346415780", "shapeGroup": "CZE", "shapeType": "ADM2" }, "geometry": { "type": "Polygon", "coordinates": [ [ [ 13.869367963755394, 50.496573588426827 ], [ 13.871959296577302, 50.49085147416406 ], [ 13.875173421053205, 50.490468066915696 ], [ 13.876780482841923, 50.487784129057786 ], [ 13.877784896347691, 50.471933006800555 ], [ 13.884614910522032, 50.468352985247009 ], [ 13.884614910522032, 50.45569287891874 ], [ 13.878789310751642, 50.451983720773512 ], [ 13.879391959034706, 50.448913853042825 ], [ 13.881400786046129, 50.445076238278375 ], [ 13.88561932402763, 50.443669035075175 ], [ 13.88762815193752, 50.437655967023147 ], [ 13.898074055810241, 50.43586469300601 ], [ 13.900685532003081, 50.425499561039089 ], [ 13.904904069984582, 50.423451859678266 ], [ 13.912336732441986, 50.423707827047338 ], [ 13.91474732557441, 50.428826887914283 ], [ 13.918764980495496, 50.429594699288032 ], [ 13.920773808405215, 50.437783912777945 ], [ 13.929813532651337, 50.437528020922684 ], [ 13.935840015482142, 50.433817439291715 ], [ 13.944879739728435, 50.433945395421517 ], [ 13.946687684577569, 50.436120593280691 ], [ 13.95150887084236, 50.437400075048515 ], [ 13.957334471510876, 50.436376492172087 ], [ 13.960146829866005, 50.433305611886738 ], [ 13.965972430534521, 50.432281941048359 ], [ 13.967780375383825, 50.429210795157474 ], [ 13.972802443810508, 50.428187035210442 ], [ 13.979230692762314, 50.423067905744517 ], [ 13.978427161418836, 50.417308222629174 ], [ 13.974208623437164, 50.416284205931788 ], [ 13.973405092093628, 50.406682971035991 ], [ 13.968784788889593, 50.403098011034729 ], [ 13.967378609262823, 50.394774736999807 ], [ 13.969588320233129, 50.383247791380995 ], [ 13.973204209931509, 50.382094942699553 ], [ 13.975213036942932, 50.379404853466212 ], [ 14.000524265730689, 50.378380017627137 ], [ 14.003738390206593, 50.375049147229674 ], [ 14.008157810350212, 50.374792916962974 ], [ 14.010166638259932, 50.371589919284474 ], [ 14.025634611457861, 50.37082116771137 ], [ 14.028246086752347, 50.368899234285948 ], [ 14.037285811896766, 50.367105359711218 ], [ 14.041705232040556, 50.364286276446421 ], [ 14.042508763384092, 50.347624639523303 ], [ 14.042390439105361, 50.347588527389235 ], [ 14.048866729944621, 50.346213856675774 ], [ 14.049890678214581, 50.342946595435706 ], [ 14.074026608776649, 50.341359558776105 ], [ 14.076513340417534, 50.337998601188701 ], [ 14.11322920994661, 50.33762514633122 ], [ 14.116886169721397, 50.333890440293658 ], [ 14.151992976913562, 50.334263923937158 ], [ 14.158575503430484, 50.337905237462849 ], [ 14.185051887565919, 50.33846541477169 ], [ 14.19485253785831, 50.342479825317525 ], [ 14.200118559071882, 50.342573180052113 ], [ 14.2055308583532, 50.34201305118512 ], [ 14.212405941903626, 50.338932224340795 ], [ 14.230105624016289, 50.338745500949017 ], [ 14.239028604106579, 50.333890440293658 ], [ 14.25058459480357, 50.334450664944711 ], [ 14.25212192645364, 50.334976346370013 ], [ 14.254680389679606, 50.335851197671445 ], [ 14.255850616017142, 50.337811874126942 ], [ 14.266236380376597, 50.339772469661057 ], [ 14.267991720781197, 50.344440228185647 ], [ 14.276768422803741, 50.351067657858437 ], [ 14.312606622130488, 50.352467700670957 ], [ 14.314654518670125, 50.354801013429096 ], [ 14.325625396198518, 50.35620094615615 ], [ 14.3281121287377, 50.358720721035752 ], [ 14.335718603524469, 50.360213857659517 ], [ 14.345080418715781, 50.359467295504999 ], [ 14.356636409412772, 50.355360991473617 ], [ 14.376530267031285, 50.356480927747668 ], [ 14.379894669772739, 50.359094009451553 ], [ 14.380187226806243, 50.365252847657416 ], [ 14.378139329368139, 50.368798483080184 ], [ 14.374336091525606, 50.36935829600543 ], [ 14.373019586222256, 50.375702380537803 ], [ 14.375213761727935, 50.379993486767091 ], [ 14.378724442536907, 50.381392675913844 ], [ 14.379455834671489, 50.387828417014248 ], [ 14.378578164469388, 50.393983526082536 ], [ 14.372434473053488, 50.400604039386337 ], [ 14.371995637952296, 50.406757489943459 ], [ 14.376969102132307, 50.411418662634105 ], [ 14.378139329368139, 50.419248401195262 ], [ 14.372727030087049, 50.425119855896355 ], [ 14.371703080918735, 50.434531303759741 ], [ 14.390134155166209, 50.435463028351421 ], [ 14.405054548604653, 50.42362876137139 ], [ 14.421145168380576, 50.423255980690897 ], [ 14.42524096325667, 50.425958575720642 ], [ 14.424655849189605, 50.431363302522925 ], [ 14.427288859796477, 50.434997168633856 ], [ 14.430945818672967, 50.436767412430413 ], [ 14.432993716111127, 50.446921743285145 ], [ 14.47439049368495, 50.448877831999766 ], [ 14.477608617460419, 50.451020122288583 ], [ 14.475853277055819, 50.48072275242572 ], [ 14.470440977774729, 50.483049756870685 ], [ 14.469124472471378, 50.490216209126345 ], [ 14.475560720022486, 50.496544120918941 ], [ 14.475560720022486, 50.506592590815956 ], [ 14.475585944693023, 50.507506965287234 ], [ 14.475706998988301, 50.51189508830754 ], [ 14.481850690404201, 50.517755050625965 ], [ 14.48024162806712, 50.524079273205928 ], [ 14.473659101550197, 50.527706018365052 ], [ 14.444403428740543, 50.528635907931459 ], [ 14.441039025999089, 50.532634224870833 ], [ 14.441770418133672, 50.536446258385809 ], [ 14.438844850493467, 50.540165018230766 ], [ 14.435773004785517, 50.541001698832531 ], [ 14.433286273144631, 50.548066409628461 ], [ 14.428751643167345, 50.54946063542053 ], [ 14.427727694897499, 50.554014818841154 ], [ 14.421145168380576, 50.55894027746524 ], [ 14.419097271840769, 50.569068376021846 ], [ 14.415732869099486, 50.569718729806709 ], [ 14.412661023391536, 50.581423566285252 ], [ 14.403884321368992, 50.585974661488706 ], [ 14.396424124649741, 50.586531908249242 ], [ 14.392913443840769, 50.591082509759985 ], [ 14.392182052604312, 50.596746930335598 ], [ 14.386330917323676, 50.602596353174135 ], [ 14.385453247121347, 50.610115972183905 ], [ 14.378870721502722, 50.612436599371051 ], [ 14.377261659165868, 50.619212176553049 ], [ 14.365998224604084, 50.620604297483396 ], [ 14.362780100828672, 50.648438062454829 ], [ 14.343448555630403, 50.649399695979071 ], [ 14.342707966253784, 50.648571030510766 ], [ 14.337822497445757, 50.647429738687947 ], [ 14.336922542736261, 50.645228597106211 ], [ 14.329851469248638, 50.641233670258032 ], [ 14.318923447647762, 50.640418337091376 ], [ 14.31648071279443, 50.643924168946967 ], [ 14.313009459043315, 50.644576387268273 ], [ 14.307866860061438, 50.648489510504362 ], [ 14.298481616807635, 50.649467740676585 ], [ 14.296167447939524, 50.651668683096204 ], [ 14.281253911341707, 50.651750197586296 ], [ 14.273154318057777, 50.648244950205935 ], [ 14.266726070004268, 50.648815589681533 ], [ 14.26235486064536, 50.65240230784525 ], [ 14.228994773513534, 50.651165225204295 ], [ 14.230334148238057, 50.647404263295812 ], [ 14.228124438166276, 50.644092319644415 ], [ 14.223504134063774, 50.642181476949133 ], [ 14.225312078913078, 50.636448482642095 ], [ 14.231137679581764, 50.634155089101796 ], [ 14.231137679581764, 50.627146804209303 ], [ 14.226316493317142, 50.626382200856028 ], [ 14.224307665407252, 50.623960874684485 ], [ 14.213259113251411, 50.621921766432422 ], [ 14.212053816685227, 50.617205990757213 ], [ 14.208437926986846, 50.615039123919473 ], [ 14.199398202740497, 50.615803911714863 ], [ 14.198192906174484, 50.620137474535284 ], [ 14.194376133415517, 50.622558997580086 ], [ 14.187546119241176, 50.623196219522868 ], [ 14.178908160217532, 50.621411975981175 ], [ 14.177301098428643, 50.606370660024481 ], [ 14.16846225634464, 50.602290829742344 ], [ 14.16203400829113, 50.602545829854421 ], [ 14.155203994116846, 50.606243170504229 ], [ 14.146365152931082, 50.604968258013457 ], [ 14.145360738527188, 50.599358233698808 ], [ 14.134914834654296, 50.596680486236323 ], [ 14.131700711076689, 50.589156475320294 ], [ 14.122259220709566, 50.585330246048386 ], [ 14.115429206535225, 50.584692511130356 ], [ 14.112415965119908, 50.591707122477999 ], [ 14.100362999458298, 50.592344762390383 ], [ 14.098153289386289, 50.589156475320294 ], [ 14.090720626928885, 50.584820058462697 ], [ 14.081680902682763, 50.583799667278527 ], [ 14.076658833357556, 50.580610801530042 ], [ 14.067418226051018, 50.581248592296561 ], [ 14.066614695605608, 50.583799667278527 ], [ 14.053155550317399, 50.588391254340252 ], [ 14.047329949648713, 50.585967972329286 ], [ 14.046325536143058, 50.581758818006392 ], [ 14.042106998161557, 50.580355683147275 ], [ 14.034674335704153, 50.5808659191012 ], [ 14.032665507794434, 50.586860775068715 ], [ 14.029451383318531, 50.588391254340252 ], [ 14.006550748561494, 50.582524146776734 ], [ 14.005948100278374, 50.577039015557943 ], [ 14.002332210579823, 50.575635740081168 ], [ 13.987047104408077, 50.57528488523451 ], [ 13.987097261264921, 50.574329380356403 ], [ 13.986840131989538, 50.571798205363109 ], [ 13.972183725565344, 50.570573394481187 ], [ 13.96434126245515, 50.567225415904716 ], [ 13.947370686264605, 50.565020519060567 ], [ 13.940942437312799, 50.561100448075422 ], [ 13.939656788241166, 50.558241857762368 ], [ 13.921529127167389, 50.557588441265239 ], [ 13.920243478095756, 50.553586067491722 ], [ 13.908415500886917, 50.548684739180999 ], [ 13.907001285830006, 50.545825395872214 ], [ 13.902372947195715, 50.544028005531857 ], [ 13.901858686848357, 50.52686764853263 ], [ 13.895687568968526, 50.522290499434121 ], [ 13.895816133157155, 50.518121637352635 ], [ 13.882831071963381, 50.513952407606325 ], [ 13.883088201238763, 50.504468081798905 ], [ 13.877688472981731, 50.50266911551472 ], [ 13.87627425792482, 50.499806982592759 ], [ 13.869588879697801, 50.496699327358272 ], [ 13.869367963755394, 50.496573588426827 ] ] ] } },
{ "type": "Feature", "properties": { "shapeName": "Česká Lípa", "shapeISO": "", "shapeID": "57006924B26083217891381", "shapeGroup": "CZE", "shapeType": "ADM2" }, "geometry": { "type": "Polygon", "coordinates": [ [ [ 14.343448555630403, 50.649399695979071 ], [ 14.362780100828672, 50.648438062454829 ], [ 14.365998224604084, 50.620604297483396 ], [ 14.377261659165868, 50.619212176553049 ], [ 14.378870721502722, 50.612436599371051 ], [ 14.385453247121347, 50.610115972183905 ], [ 14.386330917323676, 50.602596353174135 ], [ 14.392182052604312, 50.596746930335598 ], [ 14.392913443840769, 50.591082509759985 ], [ 14.396424124649741, 50.586531908249242 ], [ 14.403884321368992, 50.585974661488706 ], [ 14.412661023391536, 50.581423566285252 ], [ 14.415732869099486, 50.569718729806709 ], [ 14.419097271840769, 50.569068376021846 ], [ 14.421145168380576, 50.55894027746524 ], [ 14.427727694897499, 50.554014818841154 ], [ 14.428751643167345, 50.54946063542053 ], [ 14.433286273144631, 50.548066409628461 ], [ 14.435773004785517, 50.541001698832531 ], [ 14.438844850493467, 50.540165018230766 ], [ 14.441770418133672, 50.536446258385809 ], [ 14.441039025999089, 50.532634224870833 ], [ 14.444403428740543, 50.528635907931459 ], [ 14.473659101550197, 50.527706018365052 ], [ 14.48024162806712, 50.524079273205928 ], [ 14.481850690404201, 50.517755050625965 ], [ 14.475706998988301, 50.51189508830754 ], [ 14.475585944693023, 50.507506965287234 ], [ 14.487430071836627, 50.507315750047155 ], [ 14.488927962267155, 50.50096447051925 ], [ 14.493588066228369, 50.499270651597669 ], [ 14.499912492391047, 50.499270651597669 ], [ 14.508899834974784, 50.505198751781904 ], [ 14.510064860965144, 50.509961864555805 ], [ 14.514891396697294, 50.511231947006195 ], [ 14.524710900830826, 50.510914429453862 ], [ 14.52820597880185, 50.50943265397467 ], [ 14.528538843242075, 50.505304604206515 ], [ 14.534031108753254, 50.502128935684084 ], [ 14.537692618495043, 50.495141713450721 ], [ 14.549842174609296, 50.495141713450721 ], [ 14.554835142112552, 50.496623937959555 ], [ 14.555500871891411, 50.500752746547391 ], [ 14.562491026934822, 50.506892358101084 ], [ 14.56948118287653, 50.510914429453862 ], [ 14.576970635029568, 50.511337785906335 ], [ 14.580965009211923, 50.509961864555805 ], [ 14.583295061192416, 50.484235347220874 ], [ 14.588288029594025, 50.482011409966958 ], [ 14.589785920024553, 50.47862235212034 ], [ 14.59760823661793, 50.477669135851556 ], [ 14.612420709153071, 50.478834175283794 ], [ 14.621241619067405, 50.482117313787398 ], [ 14.634056904960687, 50.482752734013218 ], [ 14.636220524271948, 50.485612017592189 ], [ 14.642045653324999, 50.486353285158771 ], [ 14.684153018949871, 50.486565073674569 ], [ 14.686550627980807, 50.487010007946196 ], [ 14.688147393131999, 50.48730632629082 ], [ 14.696801871275397, 50.494506460382979 ], [ 14.704957053207465, 50.495247588417328 ], [ 14.719935957513542, 50.499905840597535 ], [ 14.721100983503845, 50.51038522954974 ], [ 14.72626038367639, 50.512184486279637 ], [ 14.730421190527807, 50.520015747739365 ], [ 14.735414158929188, 50.520333203507562 ], [ 14.743070043751629, 50.516523588790335 ], [ 14.756717489398113, 50.516311934576208 ], [ 14.760545431809362, 50.519275008357567 ], [ 14.761044728918989, 50.531019648350366 ], [ 14.759380405819172, 50.535780156105488 ], [ 14.75505316719665, 50.538001562182501 ], [ 14.754553870087022, 50.557249364422034 ], [ 14.762542619349688, 50.558518174376047 ], [ 14.773693581244686, 50.55386570460837 ], [ 14.791501834641053, 50.553125496611074 ], [ 14.793831886621547, 50.550693303439061 ], [ 14.805149281185834, 50.548684005119867 ], [ 14.807479333166327, 50.545934300263127 ], [ 14.818297430620987, 50.54529973048011 ], [ 14.822957534582201, 50.541386360020454 ], [ 14.829947689625612, 50.541174817307819 ], [ 14.835606386907727, 50.544559387987761 ], [ 14.845093026601091, 50.546357342612055 ], [ 14.84892096901234, 50.549635788561773 ], [ 14.859572634695837, 50.554182933212076 ], [ 14.860737660686198, 50.558412441279984 ], [ 14.852416046983024, 50.563910234639934 ], [ 14.851916749873567, 50.570675869307536 ], [ 14.854080369184658, 50.573741227511789 ], [ 14.871555758140858, 50.575432374343222 ], [ 14.876382293873007, 50.578391735349612 ], [ 14.891860495288654, 50.579977030507678 ], [ 14.904842212952872, 50.587902707054582 ], [ 14.905840806273829, 50.602376832653476 ], [ 14.912165232436678, 50.606813264137315 ], [ 14.91233166510591, 50.610826818606881 ], [ 14.912171502865476, 50.615908344964282 ], [ 14.912165232436678, 50.616107289162642 ], [ 14.907338696704528, 50.61695210917128 ], [ 14.905507941833434, 50.619380883027247 ], [ 14.904176484072138, 50.632578547540334 ], [ 14.897352760799834, 50.636273229456094 ], [ 14.896687031020804, 50.646405724588988 ], [ 14.897852057011164, 50.653476067029374 ], [ 14.905674374502894, 50.658013189047381 ], [ 14.916991769067124, 50.660017824508373 ], [ 14.917823929718793, 50.664448820143889 ], [ 14.903344322522344, 50.674575239139472 ], [ 14.898184921451559, 50.675419009127552 ], [ 14.889197578867766, 50.683644968362046 ], [ 14.883871746026045, 50.68406677344251 ], [ 14.881874559384016, 50.687441078723737 ], [ 14.876715158313175, 50.688179175692028 ], [ 14.874717971671316, 50.691236881962595 ], [ 14.870224300379562, 50.693134668982736 ], [ 14.868892841719799, 50.698089638241981 ], [ 14.875383700551879, 50.701568346278293 ], [ 14.876049429432612, 50.703781935531026 ], [ 14.88254028826475, 50.705257603646714 ], [ 14.882873152704917, 50.708735779965195 ], [ 14.88853184998726, 50.709473541873137 ], [ 14.889863308646625, 50.714426784950376 ], [ 14.887533256666131, 50.716639767159393 ], [ 14.883372449814715, 50.717272028924299 ], [ 14.881541694943621, 50.721170785345464 ], [ 14.855911124055581, 50.721381519649583 ], [ 14.844926594829985, 50.722435177524346 ], [ 14.837270710007715, 50.725279934762796 ], [ 14.835606386907727, 50.734655874894827 ], [ 14.83028055406578, 50.738974496852848 ], [ 14.826785476993223, 50.749506051025548 ], [ 14.810807978467949, 50.751190879324326 ], [ 14.804483552305271, 50.754876231242349 ], [ 14.797992693472963, 50.75508681393535 ], [ 14.788838918219994, 50.750664377278952 ], [ 14.788339622008664, 50.734761211556702 ], [ 14.784012382488015, 50.733707831434913 ], [ 14.781016601626789, 50.729283374520833 ], [ 14.776190065894468, 50.728967326299085 ], [ 14.776190065894468, 50.724120980503301 ], [ 14.773194285033185, 50.72190835154862 ], [ 14.756883922067573, 50.721381519649583 ], [ 14.752556682546697, 50.724963858964543 ], [ 14.736745616690655, 50.726333504978243 ], [ 14.734581997379394, 50.735077221257939 ], [ 14.737078481130879, 50.737605220408057 ], [ 14.741405720651699, 50.738763841675109 ], [ 14.74240431397277, 50.741712928501727 ], [ 14.752057386335423, 50.742766129153608 ], [ 14.75555246340798, 50.74508308652247 ], [ 14.754221005646684, 50.749295442656091 ], [ 14.750559495904668, 50.75045377468922 ], [ 14.745566527503286, 50.758350725372964 ], [ 14.735081294489021, 50.759824675465779 ], [ 14.733583404058322, 50.76203551356042 ], [ 14.727758274106918, 50.763404075031019 ], [ 14.726093951905284, 50.766141078457736 ], [ 14.71427726023137, 50.768035832974249 ], [ 14.712779369800671, 50.770983076615209 ], [ 14.70878499472019, 50.772035618224777 ], [ 14.706122079197655, 50.781612661639997 ], [ 14.699464787696286, 50.785295617900829 ], [ 14.69863262614632, 50.802864585055033 ], [ 14.693806090414171, 50.805809633936576 ], [ 14.692973928864149, 50.811699174232899 ], [ 14.697134735715736, 50.813171443431202 ], [ 14.70945072449922, 50.813697242126295 ], [ 14.711447911141079, 50.815590070574899 ], [ 14.711987947749037, 50.822565149144054 ], [ 14.711445230142033, 50.835634784394529 ], [ 14.708267202033255, 50.837641816016344 ], [ 14.702087702932545, 50.838199309481922 ], [ 14.698380003472209, 50.83719581644857 ], [ 14.696614432300635, 50.834296715360153 ], [ 14.691141161668725, 50.833962192107322 ], [ 14.685371275079945, 50.834903311409278 ], [ 14.684580299195147, 50.837971852952421 ], [ 14.677574512786236, 50.838756796287669 ], [ 14.677009530011333, 50.841967790626711 ], [ 14.663901929633425, 50.843680230593236 ], [ 14.663110953748628, 50.846106079626679 ], [ 14.63056794591381, 50.846034732926057 ], [ 14.62977697002907, 50.8496019342968 ], [ 14.614861424771505, 50.849673275541875 ], [ 14.610706330014864, 50.851537195603214 ], [ 14.604594809180014, 50.849250299593734 ], [ 14.60292346394948, 50.838372096636476 ], [ 14.580167465139709, 50.837722571409302 ], [ 14.574639170897399, 50.833581635349276 ], [ 14.564739668194534, 50.831470429038177 ], [ 14.564225408745415, 50.821887598403578 ], [ 14.558825679590086, 50.819044855442542 ], [ 14.559082809763765, 50.796459205276449 ], [ 14.553168821159318, 50.794671385485913 ], [ 14.551111781566647, 50.792477149725187 ], [ 14.545326358049124, 50.791176813048423 ], [ 14.539412369444676, 50.791989527284613 ], [ 14.537869590199364, 50.794752651582883 ], [ 14.534141205376102, 50.795809096850121 ], [ 14.508171082090428, 50.796134152477691 ], [ 14.502128528399226, 50.803528550428723 ], [ 14.491714766247242, 50.805722267346539 ], [ 14.490429116277312, 50.807509664382223 ], [ 14.466258902410516, 50.806940954587049 ], [ 14.4624019525005, 50.803691051678697 ], [ 14.445688506483634, 50.802309774174546 ], [ 14.445817071570559, 50.796377942146876 ], [ 14.450188280929638, 50.794833917538597 ], [ 14.452116755435441, 50.790282810386145 ], [ 14.452116755435441, 50.771748728469618 ], [ 14.440931602762362, 50.769309486604811 ], [ 14.438745998981233, 50.766707488267457 ], [ 14.427689411395136, 50.764593257913646 ], [ 14.426532326511904, 50.758006005667596 ], [ 14.421518292617009, 50.755810049038928 ], [ 14.41843273322803, 50.74905886916622 ], [ 14.414575784216311, 50.747025190997249 ], [ 14.415218609650424, 50.731729097520258 ], [ 14.411361659740408, 50.728473965448813 ], [ 14.40159072212424, 50.726927697995166 ], [ 14.399919377791946, 50.720660724251502 ], [ 14.378191897880356, 50.719439787691783 ], [ 14.368806655524622, 50.713578849634587 ], [ 14.369449480060439, 50.695421570342774 ], [ 14.37574916392532, 50.69322267785941 ], [ 14.375234903578132, 50.683367117221394 ], [ 14.359164282995437, 50.681249123532325 ], [ 14.356850113229029, 50.679212500505116 ], [ 14.354921638723056, 50.669516963621049 ], [ 14.350678994450902, 50.668620636753531 ], [ 14.350293300088765, 50.666094531671263 ], [ 14.344507876571072, 50.664220236865162 ], [ 14.34489357093338, 50.65101656265341 ], [ 14.343448555630403, 50.649399695979071 ] ] ] } },
{ "type": "Feature", "properties": { "shapeName": "Liberec", "shapeISO": "", "shapeID": "57006924B3568693077695", "shapeGroup": "CZE", "shapeType": "ADM2" }, "geometry": { "type": "Polygon", "coordinates": [ [ [ 14.912171502865476, 50.615908344964282 ], [ 14.930533231476488, 50.615936126237216 ], [ 14.932782862679574, 50.608971500358336 ], [ 14.937895661848302, 50.608668667494328 ], [ 14.941576877932448, 50.604558595369383 ], [ 14.957051617241291, 50.603779804500221 ], [ 14.959710272952691, 50.596553740272554 ], [ 14.962368928664262, 50.595774816928042 ], [ 14.975048671357399, 50.595644994927454 ], [ 14.979956959170408, 50.599063517333718 ], [ 14.986228659615961, 50.599885656245874 ], [ 15.009815707861378, 50.599539494063777 ], [ 15.012951557635006, 50.592096393014117 ], [ 15.017178138233191, 50.590971170710532 ], [ 15.021609231085847, 50.587205808251042 ], [ 15.025631300328143, 50.586643142016158 ], [ 15.026449348446647, 50.584392409838472 ], [ 15.032107513027938, 50.582098283774599 ], [ 15.032652878440331, 50.576037790430121 ], [ 15.039938617839653, 50.571694858924502 ], [ 15.064970031297946, 50.569394702000864 ], [ 15.068911147960137, 50.5660795723673 ], [ 15.077858546954644, 50.56520000922643 ], [ 15.080201912866073, 50.559380945566716 ], [ 15.084356062303129, 50.557824562834867 ], [ 15.091671638458138, 50.558183869871414 ], [ 15.091961351313785, 50.558198099217805 ], [ 15.092234034019896, 50.568028084797277 ], [ 15.099732807092266, 50.572098051441515 ], [ 15.098573905815613, 50.580323505971137 ], [ 15.100210001154437, 50.586772988842597 ], [ 15.104709264458961, 50.587508779811742 ], [ 15.105595483029333, 50.589802642291261 ], [ 15.110844624000435, 50.591317395909982 ], [ 15.112753402943724, 50.594952606207414 ], [ 15.117252666248191, 50.59542862451093 ], [ 15.118616078880791, 50.602568325974573 ], [ 15.125024121128547, 50.605510433435484 ], [ 15.125978510150958, 50.611394095949834 ], [ 15.13054594480576, 50.612648605505854 ], [ 15.131773016534453, 50.61602263715298 ], [ 15.131847137990803, 50.616434146187999 ], [ 15.132318381946675, 50.619050408134115 ], [ 15.125910339699089, 50.621385983807215 ], [ 15.117798031660584, 50.628651478439281 ], [ 15.111679033135317, 50.630325842991908 ], [ 15.11189717912049, 50.636275580808274 ], [ 15.116521876882985, 50.637382425623912 ], [ 15.117908808308187, 50.646051124409212 ], [ 15.1165240921286, 50.649428162227309 ], [ 15.110985226512128, 50.652399755678061 ], [ 15.110559159166087, 50.660435621708245 ], [ 15.11194387624397, 50.662326214415373 ], [ 15.115884992007864, 50.663136444644579 ], [ 15.116417575292019, 50.669482767010891 ], [ 15.114713309501269, 50.670967952882222 ], [ 15.104274676592468, 50.672250575285148 ], [ 15.102037827517449, 50.682172838433019 ], [ 15.109600509434244, 50.683657622808823 ], [ 15.110133092718399, 50.68730189369262 ], [ 15.1091744429865, 50.691890572833074 ], [ 15.102357377128726, 50.694994425078391 ], [ 15.102676926739889, 50.699987147445256 ], [ 15.10906792615009, 50.702888079645163 ], [ 15.108535342865764, 50.710510604546016 ], [ 15.110452643227973, 50.712736418251836 ], [ 15.115245892785595, 50.713478332098987 ], [ 15.117376225024032, 50.720761958331593 ], [ 15.12110430801323, 50.721975785704103 ], [ 15.122275991418064, 50.741460156729318 ], [ 15.127921373870947, 50.743751903400891 ], [ 15.129412607785468, 50.749143804429991 ], [ 15.133992823670042, 50.751772131200084 ], [ 15.135164507074933, 50.767943202297602 ], [ 15.137081806538674, 50.770705201542341 ], [ 15.140277306243718, 50.771446197500268 ], [ 15.141875056096296, 50.776969619277679 ], [ 15.141022923200865, 50.779394330130401 ], [ 15.128880024501314, 50.780539288383238 ], [ 15.126643174527999, 50.783300543887492 ], [ 15.116098025680856, 50.785320871355793 ], [ 15.109600509434244, 50.788957240693378 ], [ 15.107789726806914, 50.796498438286847 ], [ 15.112263425855133, 50.797575653070737 ], [ 15.114074209380533, 50.80504814576733 ], [ 15.125151941512001, 50.809894529637575 ], [ 15.128453957155273, 50.817230459203415 ], [ 15.132501590653874, 50.818980143906685 ], [ 15.133566757222354, 50.824834380708637 ], [ 15.137507872986191, 50.826583780504734 ], [ 15.139318656511819, 50.838424146512352 ], [ 15.143259772275883, 50.83889500829963 ], [ 15.149437738911217, 50.838962273395339 ], [ 15.157000420828012, 50.834993440194239 ], [ 15.172445336069131, 50.83411890634585 ], [ 15.172338819232721, 50.829073197463345 ], [ 15.181179701390818, 50.822479316080887 ], [ 15.188955417878788, 50.822412026661027 ], [ 15.192896533642795, 50.823959656512272 ], [ 15.19630506702083, 50.830418773163615 ], [ 15.20471988273124, 50.830351495186278 ], [ 15.206211115747237, 50.827054761186389 ], [ 15.212389081484446, 50.825709088516874 ], [ 15.212602115157438, 50.822950338736632 ], [ 15.237527011779093, 50.822277448097964 ], [ 15.241148577931881, 50.818980143906685 ], [ 15.251374177167861, 50.817836126558802 ], [ 15.259149892757478, 50.813798195057075 ], [ 15.261280225894211, 50.810365678668802 ], [ 15.272357958025623, 50.809288759290439 ], [ 15.273742674205039, 50.807000222324632 ], [ 15.283009623709177, 50.80572128467162 ], [ 15.286418156188915, 50.80720215634949 ], [ 15.286737706698489, 50.819989547504008 ], [ 15.280772773735976, 50.82268118319098 ], [ 15.280666256899394, 50.834253451343216 ], [ 15.292383089151372, 50.839096804429971 ], [ 15.293448255719852, 50.842056383964689 ], [ 15.303141271671507, 50.84757146355696 ], [ 15.306549804151246, 50.85059775388271 ], [ 15.306478284665445, 50.856418157474707 ], [ 15.305295093705638, 50.864080577118898 ], [ 15.298950072307775, 50.865299394382532 ], [ 15.297018978838992, 50.868607452054789 ], [ 15.285432418025437, 50.868781553850852 ], [ 15.285708288520937, 50.878878345466831 ], [ 15.284053065547539, 50.881489228685609 ], [ 15.278535655636347, 50.882707590789607 ], [ 15.27715630315862, 50.885840375623275 ], [ 15.271363022751757, 50.885840375623275 ], [ 15.2708112817607, 50.900979199424228 ], [ 15.264742130858338, 50.903414872356564 ], [ 15.263362778380554, 50.906546264616509 ], [ 15.263086907885054, 50.930024993287986 ], [ 15.270259540769473, 50.933676175284916 ], [ 15.2708112817607, 50.940108512848326 ], [ 15.276328691671893, 50.941673000965523 ], [ 15.274673468698438, 50.957488757190731 ], [ 15.268880188291746, 50.957488757190731 ], [ 15.268604317796246, 50.973299132186241 ], [ 15.249569253602374, 50.974688797951615 ], [ 15.248741642115817, 50.977120612980059 ], [ 15.235499858328865, 50.978683855393797 ], [ 15.235499858328865, 50.981810182337995 ], [ 15.230258318913172, 50.982504893071564 ], [ 15.226120261479764, 50.993966119386585 ], [ 15.215085441657436, 50.993792485556583 ], [ 15.210947384224028, 50.990146025058948 ], [ 15.202395398861654, 50.989972376936578 ], [ 15.199360823410473, 50.986846599638284 ], [ 15.188601874083645, 50.987020259454937 ], [ 15.187498392101418, 50.978683855393797 ], [ 15.181980982190055, 50.977815393883475 ], [ 15.175911831287863, 50.979378612906828 ], [ 15.168463327907716, 50.983720611841306 ], [ 15.167359845925489, 51.005077333252927 ], [ 15.154669803129707, 51.011499789977904 ], [ 15.140600407856027, 51.010979083372092 ], [ 15.138945184882743, 51.007854720967032 ], [ 15.133427774971381, 51.005250924856909 ], [ 15.133427774971381, 50.999348445887165 ], [ 15.126806883077961, 50.997265038720002 ], [ 15.125151660104564, 50.989972376936578 ], [ 15.09287481212408, 50.989972376936578 ], [ 15.087633272708388, 50.992056111527347 ], [ 15.087081531717217, 50.994834278790847 ], [ 15.087081531717217, 50.998306753996928 ], [ 15.09287481212408, 51.000390114390768 ], [ 15.092047200637353, 51.005771695771671 ], [ 15.081012380814798, 51.007333973437653 ], [ 15.079633028337071, 51.010458370920105 ], [ 15.074115618425878, 51.011673357547465 ], [ 15.059494482161142, 51.01219405635851 ], [ 15.057563388692188, 51.018789068628109 ], [ 15.045425086887633, 51.018094900979406 ], [ 15.04597682787869, 51.010111226037452 ], [ 15.044045734409735, 51.007507556596863 ], [ 15.026114152198261, 51.006639634304292 ], [ 15.026114152198261, 51.01219405635851 ], [ 15.015631073366933, 51.019656763574574 ], [ 15.005699735526832, 51.018268443865793 ], [ 15.005699735526832, 51.011499789977904 ], [ 14.999906455119969, 51.0097640785566 ], [ 14.998527102642242, 51.007160389628666 ], [ 14.977836815475314, 51.006813220061929 ], [ 14.972319405563951, 51.005424515811512 ], [ 14.971215923581724, 50.998480370936022 ], [ 14.966250254661759, 50.996917795097374 ], [ 14.965422643175032, 50.993792485556583 ], [ 14.966250254661759, 50.977641699632329 ], [ 14.986388800837688, 50.978162780436946 ], [ 14.987216412324187, 50.980941779302611 ], [ 14.99907884363347, 50.980941779302611 ], [ 15.000458196111197, 50.973472842680906 ], [ 15.006803217509059, 50.972777996803359 ], [ 15.006527347013559, 50.956619899314774 ], [ 15.001561678093424, 50.95592480131711 ], [ 15.002389289580151, 50.930894348333027 ], [ 15.000458196111197, 50.927242947950447 ], [ 14.995768397686732, 50.925851862884429 ], [ 14.993285563226607, 50.922721769390193 ], [ 14.988595764802142, 50.921852261600691 ], [ 14.988044023810914, 50.918374067941727 ], [ 14.984733577864233, 50.917330559143238 ], [ 14.983078354890949, 50.914025960233687 ], [ 14.984181836873006, 50.910373235792406 ], [ 14.989423376288869, 50.910199289382774 ], [ 14.989975117279869, 50.887580720618132 ], [ 14.99245795173988, 50.876441389138165 ], [ 14.997423620660015, 50.876441389138165 ], [ 14.996596009173288, 50.864428813874042 ], [ 14.971767664572951, 50.863384095805031 ], [ 14.970984192365449, 50.86049358716798 ], [ 14.932671297942022, 50.860827920222903 ], [ 14.929140155598873, 50.864059682830828 ], [ 14.918899842803626, 50.86483972989987 ], [ 14.918193614335053, 50.868071214437464 ], [ 14.912720343703143, 50.868962619028821 ], [ 14.910248544062767, 50.871970983678466 ], [ 14.905128387665286, 50.87263948278877 ], [ 14.898948888564746, 50.871970983678466 ], [ 14.895241189104411, 50.868182640943701 ], [ 14.886060219012165, 50.867625505749686 ], [ 14.878291705857066, 50.868739769478964 ], [ 14.874407449279715, 50.87208240086278 ], [ 14.863460908015725, 50.872305234432133 ], [ 14.858340751618186, 50.869519738242332 ], [ 14.855692394860796, 50.864505425611071 ], [ 14.845452082065549, 50.863725372948807 ], [ 14.836624226207675, 50.863613935788862 ], [ 14.829208827287005, 50.867736933321055 ], [ 14.818968514491758, 50.867736933321055 ], [ 14.817202943320183, 50.856147039305142 ], [ 14.811376558453901, 50.855255389666979 ], [ 14.810846887102514, 50.849236308703155 ], [ 14.809257873047954, 50.846895345222492 ], [ 14.805020502236175, 50.845780559418415 ], [ 14.803608045299029, 50.839091285174163 ], [ 14.799017560252878, 50.838199309481922 ], [ 14.799017560252878, 50.822921579630076 ], [ 14.781008734302588, 50.821136993109008 ], [ 14.77588857790505, 50.817456067996034 ], [ 14.764059251055414, 50.817344520281324 ], [ 14.759115651774891, 50.819017708025569 ], [ 14.756643852134744, 50.821694683723763 ], [ 14.745697310870867, 50.822363903669213 ], [ 14.744108296816307, 50.825375274728913 ], [ 14.738458469067211, 50.82604444192151 ], [ 14.726099470866188, 50.825821387256269 ], [ 14.723097999874426, 50.820802375542826 ], [ 14.716388829422556, 50.820579295833284 ], [ 14.711987947749037, 50.822565149144054 ], [ 14.711447911141079, 50.815590070574899 ], [ 14.70945072449922, 50.813697242126295 ], [ 14.697134735715736, 50.813171443431202 ], [ 14.692973928864149, 50.811699174232899 ], [ 14.693806090414171, 50.805809633936576 ], [ 14.69863262614632, 50.802864585055033 ], [ 14.699464787696286, 50.785295617900829 ], [ 14.706122079197655, 50.781612661639997 ], [ 14.70878499472019, 50.772035618224777 ], [ 14.712779369800671, 50.770983076615209 ], [ 14.71427726023137, 50.768035832974249 ], [ 14.726093951905284, 50.766141078457736 ], [ 14.727758274106918, 50.763404075031019 ], [ 14.733583404058322, 50.76203551356042 ], [ 14.735081294489021, 50.759824675465779 ], [ 14.745566527503286, 50.758350725372964 ], [ 14.750559495904668, 50.75045377468922 ], [ 14.754221005646684, 50.749295442656091 ], [ 14.75555246340798, 50.74508308652247 ], [ 14.752057386335423, 50.742766129153608 ], [ 14.74240431397277, 50.741712928501727 ], [ 14.741405720651699, 50.738763841675109 ], [ 14.737078481130879, 50.737605220408057 ], [ 14.734581997379394, 50.735077221257939 ], [ 14.736745616690655, 50.726333504978243 ], [ 14.752556682546697, 50.724963858964543 ], [ 14.756883922067573, 50.721381519649583 ], [ 14.773194285033185, 50.72190835154862 ], [ 14.776190065894468, 50.724120980503301 ], [ 14.776190065894468, 50.728967326299085 ], [ 14.781016601626789, 50.729283374520833 ], [ 14.784012382488015, 50.733707831434913 ], [ 14.788339622008664, 50.734761211556702 ], [ 14.788838918219994, 50.750664377278952 ], [ 14.797992693472963, 50.75508681393535 ], [ 14.804483552305271, 50.754876231242349 ], [ 14.810807978467949, 50.751190879324326 ], [ 14.826785476993223, 50.749506051025548 ], [ 14.83028055406578, 50.738974496852848 ], [ 14.835606386907727, 50.734655874894827 ], [ 14.837270710007715, 50.725279934762796 ], [ 14.844926594829985, 50.722435177524346 ], [ 14.855911124055581, 50.721381519649583 ], [ 14.881541694943621, 50.721170785345464 ], [ 14.883372449814715, 50.717272028924299 ], [ 14.887533256666131, 50.716639767159393 ], [ 14.889863308646625, 50.714426784950376 ], [ 14.88853184998726, 50.709473541873137 ], [ 14.882873152704917, 50.708735779965195 ], [ 14.88254028826475, 50.705257603646714 ], [ 14.876049429432612, 50.703781935531026 ], [ 14.875383700551879, 50.701568346278293 ], [ 14.868892841719799, 50.698089638241981 ], [ 14.870224300379562, 50.693134668982736 ], [ 14.874717971671316, 50.691236881962595 ], [ 14.876715158313175, 50.688179175692028 ], [ 14.881874559384016, 50.687441078723737 ], [ 14.883871746026045, 50.68406677344251 ], [ 14.889197578867766, 50.683644968362046 ], [ 14.898184921451559, 50.675419009127552 ], [ 14.903344322522344, 50.674575239139472 ], [ 14.917823929718793, 50.664448820143889 ], [ 14.916991769067124, 50.660017824508373 ], [ 14.905674374502894, 50.658013189047381 ], [ 14.897852057011164, 50.653476067029374 ], [ 14.896687031020804, 50.646405724588988 ], [ 14.897352760799834, 50.636273229456094 ], [ 14.904176484072138, 50.632578547540334 ], [ 14.905507941833434, 50.619380883027247 ], [ 14.907338696704528, 50.61695210917128 ], [ 14.912165232436678, 50.616107289162642 ], [ 14.912171502865476, 50.615908344964282 ] ] ] } },
{ "type": "Feature", "properties": { "shapeName": "Jablonec nad Nisou", "shapeISO": "", "shapeID": "57006924B55772558323280", "shapeGroup": "CZE", "shapeType": "ADM2" }, "geometry": { "type": "Polygon", "coordinates": [ [ [ 15.131847137990803, 50.616434146187999 ], [ 15.148332627855382, 50.616635303161218 ], [ 15.157319971337415, 50.620225644237053 ], [ 15.163477964830861, 50.619697670543985 ], [ 15.165308719701954, 50.617374513485288 ], [ 15.172631740083887, 50.616318495587279 ], [ 15.18344983753849, 50.620542426063764 ], [ 15.19177145124155, 50.620436832168707 ], [ 15.196597987872167, 50.619486478723331 ], [ 15.198595174514026, 50.61209418518888 ], [ 15.205585330455733, 50.611671733455182 ], [ 15.211743323949179, 50.613995171614249 ], [ 15.211743323949179, 50.622971014516054 ], [ 15.215404834589435, 50.624238054479463 ], [ 15.224891474282799, 50.623498952030559 ], [ 15.232380926435837, 50.618536106073805 ], [ 15.233213087087506, 50.61621289220858 ], [ 15.24153470079051, 50.616635303161218 ], [ 15.24436404988063, 50.618747302162149 ], [ 15.245695507641926, 50.623815711238421 ], [ 15.252685663583634, 50.62814454521731 ], [ 15.267664567889881, 50.628355697586528 ], [ 15.275986181592884, 50.624765977199047 ], [ 15.280812717325034, 50.625082728441896 ], [ 15.291464383008758, 50.629622592457849 ], [ 15.292962273439286, 50.632156279784965 ], [ 15.303114642013213, 50.633739764594225 ], [ 15.310104797954921, 50.637856576152501 ], [ 15.311935552826014, 50.644083887628597 ], [ 15.321255759849919, 50.64556143315184 ], [ 15.324417973380434, 50.649993792665441 ], [ 15.32458440515137, 50.668668426793204 ], [ 15.326748025361155, 50.670250681377638 ], [ 15.336567529494687, 50.6720438393059 ], [ 15.337732554586694, 50.674153348742038 ], [ 15.348717084710586, 50.679215784949861 ], [ 15.351047136691136, 50.682379530370156 ], [ 15.360200911944105, 50.68301225363183 ], [ 15.364028854355354, 50.680059470946674 ], [ 15.369354687197131, 50.67942670787113 ], [ 15.374347654700387, 50.67942670787113 ], [ 15.376344842240712, 50.681641342163971 ], [ 15.375346248919584, 50.687230191824199 ], [ 15.377177003790678, 50.690182523296812 ], [ 15.382003539522827, 50.691553185225985 ], [ 15.384000727062983, 50.696824589264054 ], [ 15.377343435561613, 50.700092562056 ], [ 15.376011977800317, 50.72612279237552 ], [ 15.371019009398765, 50.729704769212219 ], [ 15.369687551637469, 50.733181132206141 ], [ 15.370020416077864, 50.735919902613034 ], [ 15.375013384479416, 50.739817108087323 ], [ 15.375512680690747, 50.744767144334674 ], [ 15.369188254527842, 50.751506778163673 ], [ 15.371684738279498, 50.754139184071846 ], [ 15.380672081761531, 50.756771441938838 ], [ 15.381337810642094, 50.760772190215334 ], [ 15.388327965685505, 50.764035705723302 ], [ 15.387963509041072, 50.771686833307058 ], [ 15.374538588091411, 50.773101830789585 ], [ 15.375366199578139, 50.780777378500773 ], [ 15.373159235613684, 50.783917012218581 ], [ 15.367917696198049, 50.784614679971696 ], [ 15.366814214215765, 50.792637110904025 ], [ 15.361296804304629, 50.793857794921735 ], [ 15.362400286286856, 50.805016856380632 ], [ 15.367917696198049, 50.806934551711493 ], [ 15.369021178180276, 50.812861475984676 ], [ 15.373159235613684, 50.813907325735272 ], [ 15.373159235613684, 50.818787648265527 ], [ 15.367917696198049, 50.825932914722102 ], [ 15.365710732233538, 50.834122484798399 ], [ 15.360469192817902, 50.835864761146297 ], [ 15.359365710835675, 50.839174907021231 ], [ 15.353848300924483, 50.840045959017459 ], [ 15.353020689437756, 50.842659017448398 ], [ 15.346675668039893, 50.844400975105827 ], [ 15.345848056553166, 50.851542321553154 ], [ 15.332882143261884, 50.852413142672219 ], [ 15.331502790783929, 50.856244562450115 ], [ 15.306478284665445, 50.856418157474707 ], [ 15.306549804151246, 50.85059775388271 ], [ 15.303141271671507, 50.84757146355696 ], [ 15.293448255719852, 50.842056383964689 ], [ 15.292383089151372, 50.839096804429971 ], [ 15.280666256899394, 50.834253451343216 ], [ 15.280772773735976, 50.82268118319098 ], [ 15.286737706698489, 50.819989547504008 ], [ 15.286418156188915, 50.80720215634949 ], [ 15.283009623709177, 50.80572128467162 ], [ 15.273742674205039, 50.807000222324632 ], [ 15.272357958025623, 50.809288759290439 ], [ 15.261280225894211, 50.810365678668802 ], [ 15.259149892757478, 50.813798195057075 ], [ 15.251374177167861, 50.817836126558802 ], [ 15.241148577931881, 50.818980143906685 ], [ 15.237527011779093, 50.822277448097964 ], [ 15.212602115157438, 50.822950338736632 ], [ 15.212389081484446, 50.825709088516874 ], [ 15.206211115747237, 50.827054761186389 ], [ 15.20471988273124, 50.830351495186278 ], [ 15.19630506702083, 50.830418773163615 ], [ 15.192896533642795, 50.823959656512272 ], [ 15.188955417878788, 50.822412026661027 ], [ 15.181179701390818, 50.822479316080887 ], [ 15.172338819232721, 50.829073197463345 ], [ 15.172445336069131, 50.83411890634585 ], [ 15.157000420828012, 50.834993440194239 ], [ 15.149437738911217, 50.838962273395339 ], [ 15.143259772275883, 50.83889500829963 ], [ 15.139318656511819, 50.838424146512352 ], [ 15.137507872986191, 50.826583780504734 ], [ 15.133566757222354, 50.824834380708637 ], [ 15.132501590653874, 50.818980143906685 ], [ 15.128453957155273, 50.817230459203415 ], [ 15.125151941512001, 50.809894529637575 ], [ 15.114074209380533, 50.80504814576733 ], [ 15.112263425855133, 50.797575653070737 ], [ 15.107789726806914, 50.796498438286847 ], [ 15.109600509434244, 50.788957240693378 ], [ 15.116098025680856, 50.785320871355793 ], [ 15.126643174527999, 50.783300543887492 ], [ 15.128880024501314, 50.780539288383238 ], [ 15.141022923200865, 50.779394330130401 ], [ 15.141875056096296, 50.776969619277679 ], [ 15.140277306243718, 50.771446197500268 ], [ 15.137081806538674, 50.770705201542341 ], [ 15.135164507074933, 50.767943202297602 ], [ 15.133992823670042, 50.751772131200084 ], [ 15.129412607785468, 50.749143804429991 ], [ 15.127921373870947, 50.743751903400891 ], [ 15.122275991418064, 50.741460156729318 ], [ 15.12110430801323, 50.721975785704103 ], [ 15.117376225024032, 50.720761958331593 ], [ 15.115245892785595, 50.713478332098987 ], [ 15.110452643227973, 50.712736418251836 ], [ 15.108535342865764, 50.710510604546016 ], [ 15.10906792615009, 50.702888079645163 ], [ 15.102676926739889, 50.699987147445256 ], [ 15.102357377128726, 50.694994425078391 ], [ 15.1091744429865, 50.691890572833074 ], [ 15.110133092718399, 50.68730189369262 ], [ 15.109600509434244, 50.683657622808823 ], [ 15.102037827517449, 50.682172838433019 ], [ 15.104274676592468, 50.672250575285148 ], [ 15.114713309501269, 50.670967952882222 ], [ 15.116417575292019, 50.669482767010891 ], [ 15.115884992007864, 50.663136444644579 ], [ 15.11194387624397, 50.662326214415373 ], [ 15.110559159166087, 50.660435621708245 ], [ 15.110985226512128, 50.652399755678061 ], [ 15.1165240921286, 50.649428162227309 ], [ 15.117908808308187, 50.646051124409212 ], [ 15.116521876882985, 50.637382425623912 ], [ 15.11189717912049, 50.636275580808274 ], [ 15.111679033135317, 50.630325842991908 ], [ 15.117798031660584, 50.628651478439281 ], [ 15.125910339699089, 50.621385983807215 ], [ 15.132318381946675, 50.619050408134115 ], [ 15.131847137990803, 50.616434146187999 ] ] ] } },
{ "type": "Feature", "properties": { "shapeName": "Semily", "shapeISO": "", "shapeID": "57006924B26779967263881", "shapeGroup": "CZE", "shapeType": "ADM2" }, "geometry": { "type": "Polygon", "coordinates": [ [ [ 15.091671638458138, 50.558183869871414 ], [ 15.093173274751678, 50.554290555248542 ], [ 15.096771170296677, 50.553688995909511 ], [ 15.099232888348524, 50.550921723162901 ], [ 15.101883969465632, 50.532749942663713 ], [ 15.12517561122138, 50.531666635157933 ], [ 15.126311789612942, 50.528898069880995 ], [ 15.137484203276813, 50.527333156947179 ], [ 15.14354381687366, 50.523601231595535 ], [ 15.147520438549179, 50.519869011668447 ], [ 15.147899164679814, 50.516858941306964 ], [ 15.147909661916856, 50.516855076964703 ], [ 15.15149706022487, 50.515534449922995 ], [ 15.163426926149668, 50.51577526893891 ], [ 15.167782273955822, 50.512162848415358 ], [ 15.184446212020816, 50.510597380493266 ], [ 15.187665382333535, 50.507586719448739 ], [ 15.190695189581106, 50.507104995500868 ], [ 15.194293085126162, 50.502287489148443 ], [ 15.21114638715477, 50.502407932882761 ], [ 15.213418742141243, 50.498433129751675 ], [ 15.218720905273642, 50.498312675880584 ], [ 15.220425171064335, 50.495903535668333 ], [ 15.224780518870489, 50.494819382285584 ], [ 15.241823183964243, 50.494578456377042 ], [ 15.244852991211815, 50.495180769701562 ], [ 15.247504072328752, 50.508309295584354 ], [ 15.255078589549328, 50.51505280706283 ], [ 15.26681909240915, 50.516979347875576 ], [ 15.273257432136461, 50.522156536350678 ], [ 15.291057548592846, 50.523240062215962 ], [ 15.295034170268536, 50.51950781315486 ], [ 15.304881043373882, 50.518785408406416 ], [ 15.315106642609862, 50.511199490122635 ], [ 15.344836624092864, 50.509152287195661 ], [ 15.347487705210028, 50.503251029850446 ], [ 15.350138786326966, 50.502407932882761 ], [ 15.382898575057766, 50.501564820863791 ], [ 15.385549656174874, 50.500119450548823 ], [ 15.387443285929066, 50.490121097719225 ], [ 15.391230544539383, 50.489277766372254 ], [ 15.393881625656377, 50.483494516856695 ], [ 15.397479522099729, 50.481807602563663 ], [ 15.419066897166601, 50.480964122837236 ], [ 15.424369059400647, 50.481325616236859 ], [ 15.434594658636456, 50.488072980948459 ], [ 15.458454389588155, 50.489759671597312 ], [ 15.458833114820493, 50.494939845064891 ], [ 15.455235219275437, 50.497108121419274 ], [ 15.447471338091248, 50.498071767788531 ], [ 15.445577709235238, 50.500721693793594 ], [ 15.445009620039457, 50.506021099220959 ], [ 15.438571280312146, 50.514932395579933 ], [ 15.438760643377464, 50.521313776938541 ], [ 15.461105470705263, 50.522036142988725 ], [ 15.47170979517341, 50.524203175370701 ], [ 15.474739602420982, 50.530222186835431 ], [ 15.483071571902656, 50.531064787159835 ], [ 15.485533289954446, 50.533111039827986 ], [ 15.486290741317077, 50.543100291824544 ], [ 15.496137614422423, 50.542859611666472 ], [ 15.500114236098113, 50.531185157487755 ], [ 15.511097286696668, 50.525166268869327 ], [ 15.514884546205337, 50.517822184684974 ], [ 15.522837789556377, 50.517581375540431 ], [ 15.525678233738631, 50.51505280706283 ], [ 15.549916689922441, 50.514089507170866 ], [ 15.559195473832233, 50.521072985607816 ], [ 15.563929547768794, 50.52227692940528 ], [ 15.582676478653298, 50.521915749319646 ], [ 15.588357367017807, 50.518303798717 ], [ 15.591550675926499, 50.518049996316392 ], [ 15.595931885136849, 50.517701780266293 ], [ 15.621685244944388, 50.517701780266293 ], [ 15.626798044113116, 50.521313776938541 ], [ 15.634561925297305, 50.52155456704088 ], [ 15.63740236947973, 50.522999280713293 ], [ 15.63759173164658, 50.528898069880995 ], [ 15.632100206347218, 50.531064787159835 ], [ 15.629449125230224, 50.537925401152847 ], [ 15.618087349399332, 50.543461309758527 ], [ 15.616383082710286, 50.548755918512938 ], [ 15.613542638528031, 50.550681082924655 ], [ 15.60653620960494, 50.551763953753607 ], [ 15.599340417616588, 50.555974881015402 ], [ 15.597825513992859, 50.56716208947438 ], [ 15.594795707643584, 50.572213506383832 ], [ 15.57207215418515, 50.573416144543387 ], [ 15.573208331678359, 50.580390843057273 ], [ 15.577942405614976, 50.581713513812929 ], [ 15.578131768680294, 50.586162225633529 ], [ 15.582865841718615, 50.589648759978331 ], [ 15.584948834538068, 50.601068357539248 ], [ 15.589304182344222, 50.602630823693232 ], [ 15.591197811200232, 50.60539506011537 ], [ 15.596878699564741, 50.606596851564291 ], [ 15.596121248201996, 50.617892188798919 ], [ 15.591008448134914, 50.62233748201686 ], [ 15.586463738161967, 50.623178436140108 ], [ 15.583055204783705, 50.627382981176879 ], [ 15.57775304254983, 50.628343967335752 ], [ 15.575670049730206, 50.632187714985037 ], [ 15.571504064989369, 50.63302849294513 ], [ 15.570367887496104, 50.636391454409306 ], [ 15.57207215418515, 50.639033612567857 ], [ 15.575859412795523, 50.639874268080348 ], [ 15.577563679484513, 50.652362236356339 ], [ 15.575480687563186, 50.656564171392347 ], [ 15.570557250561421, 50.6588450648361 ], [ 15.569421073068213, 50.664846885724216 ], [ 15.564497636964575, 50.670007838201457 ], [ 15.561491499426381, 50.711042711221751 ], [ 15.562379138233325, 50.719660494624861 ], [ 15.567409092071784, 50.720784436564941 ], [ 15.569480248689217, 50.725092630759207 ], [ 15.569231710002896, 50.741362792629786 ], [ 15.559006111665212, 50.742441277765863 ], [ 15.550863504350559, 50.745916227128077 ], [ 15.541395357375677, 50.75430297320861 ], [ 15.53685064740273, 50.755021767732217 ], [ 15.534010203220248, 50.759454086629546 ], [ 15.534266055545345, 50.776379295573633 ], [ 15.522681044207559, 50.776590872276245 ], [ 15.522681044207559, 50.779207482586912 ], [ 15.514680799836242, 50.781126237102171 ], [ 15.514680799836242, 50.784265847396398 ], [ 15.50916338992505, 50.784265847396398 ], [ 15.507232296456095, 50.787754056033577 ], [ 15.469438038564306, 50.787928459633747 ], [ 15.468058686086522, 50.792811496286959 ], [ 15.461713664688659, 50.793509031312624 ], [ 15.458679089237478, 50.796996550296626 ], [ 15.453161679326286, 50.796822180528068 ], [ 15.449299492388377, 50.798914574812557 ], [ 15.44819601040615, 50.805191195572604 ], [ 15.419781349363404, 50.805191195572604 ], [ 15.420884831345631, 50.798217120460322 ], [ 15.414815680443269, 50.795601573931435 ], [ 15.413436327965485, 50.793160265100994 ], [ 15.408194788549849, 50.792113950851729 ], [ 15.408194788549849, 50.780079653490247 ], [ 15.395228875258567, 50.779556352900158 ], [ 15.395228875258567, 50.7727529123257 ], [ 15.387963509041072, 50.771686833307058 ], [ 15.388327965685505, 50.764035705723302 ], [ 15.381337810642094, 50.760772190215334 ], [ 15.380672081761531, 50.756771441938838 ], [ 15.371684738279498, 50.754139184071846 ], [ 15.369188254527842, 50.751506778163673 ], [ 15.375512680690747, 50.744767144334674 ], [ 15.375013384479416, 50.739817108087323 ], [ 15.370020416077864, 50.735919902613034 ], [ 15.369687551637469, 50.733181132206141 ], [ 15.371019009398765, 50.729704769212219 ], [ 15.376011977800317, 50.72612279237552 ], [ 15.377343435561613, 50.700092562056 ], [ 15.384000727062983, 50.696824589264054 ], [ 15.382003539522827, 50.691553185225985 ], [ 15.377177003790678, 50.690182523296812 ], [ 15.375346248919584, 50.687230191824199 ], [ 15.376344842240712, 50.681641342163971 ], [ 15.374347654700387, 50.67942670787113 ], [ 15.369354687197131, 50.67942670787113 ], [ 15.364028854355354, 50.680059470946674 ], [ 15.360200911944105, 50.68301225363183 ], [ 15.351047136691136, 50.682379530370156 ], [ 15.348717084710586, 50.679215784949861 ], [ 15.337732554586694, 50.674153348742038 ], [ 15.336567529494687, 50.6720438393059 ], [ 15.326748025361155, 50.670250681377638 ], [ 15.32458440515137, 50.668668426793204 ], [ 15.324417973380434, 50.649993792665441 ], [ 15.321255759849919, 50.64556143315184 ], [ 15.311935552826014, 50.644083887628597 ], [ 15.310104797954921, 50.637856576152501 ], [ 15.303114642013213, 50.633739764594225 ], [ 15.292962273439286, 50.632156279784965 ], [ 15.291464383008758, 50.629622592457849 ], [ 15.280812717325034, 50.625082728441896 ], [ 15.275986181592884, 50.624765977199047 ], [ 15.267664567889881, 50.628355697586528 ], [ 15.252685663583634, 50.62814454521731 ], [ 15.245695507641926, 50.623815711238421 ], [ 15.24436404988063, 50.618747302162149 ], [ 15.24153470079051, 50.616635303161218 ], [ 15.233213087087506, 50.61621289220858 ], [ 15.232380926435837, 50.618536106073805 ], [ 15.224891474282799, 50.623498952030559 ], [ 15.215404834589435, 50.624238054479463 ], [ 15.211743323949179, 50.622971014516054 ], [ 15.211743323949179, 50.613995171614249 ], [ 15.205585330455733, 50.611671733455182 ], [ 15.198595174514026, 50.61209418518888 ], [ 15.196597987872167, 50.619486478723331 ], [ 15.19177145124155, 50.620436832168707 ], [ 15.18344983753849, 50.620542426063764 ], [ 15.172631740083887, 50.616318495587279 ], [ 15.165308719701954, 50.617374513485288 ], [ 15.163477964830861, 50.619697670543985 ], [ 15.157319971337415, 50.620225644237053 ], [ 15.148332627855382, 50.616635303161218 ], [ 15.131847137990803, 50.616434146187999 ], [ 15.131773016534453, 50.61602263715298 ], [ 15.13054594480576, 50.612648605505854 ], [ 15.125978510150958, 50.611394095949834 ], [ 15.125024121128547, 50.605510433435484 ], [ 15.118616078880791, 50.602568325974573 ], [ 15.117252666248191, 50.59542862451093 ], [ 15.112753402943724, 50.594952606207414 ], [ 15.110844624000435, 50.591317395909982 ], [ 15.105595483029333, 50.589802642291261 ], [ 15.104709264458961, 50.587508779811742 ], [ 15.100210001154437, 50.586772988842597 ], [ 15.098573905815613, 50.580323505971137 ], [ 15.099732807092266, 50.572098051441515 ], [ 15.092234034019896, 50.568028084797277 ], [ 15.091961351313785, 50.558198099217805 ], [ 15.091671638458138, 50.558183869871414 ] ] ] } },
{ "type": "Feature", "properties": { "shapeName": "Trutnov", "shapeISO": "", "shapeID": "57006924B50363024387408", "shapeGroup": "CZE", "shapeType": "ADM2" }, "geometry": { "type": "Polygon", "coordinates": [ [ [ 15.591550675926499, 50.518049996316392 ], [ 15.591008448134914, 50.510476957645778 ], [ 15.596689336499423, 50.508188866901151 ], [ 15.599529780681905, 50.500842140949658 ], [ 15.614300089890833, 50.500119450548823 ], [ 15.619791615190024, 50.496987664169239 ], [ 15.637781094711897, 50.496867206612251 ], [ 15.643272620011089, 50.495903535668333 ], [ 15.645734338961233, 50.492530532829846 ], [ 15.656528026494641, 50.491325830348444 ], [ 15.656717389559958, 50.471323285166989 ], [ 15.645544975896087, 50.470720667705621 ], [ 15.644976886700306, 50.462524305030513 ], [ 15.64952159757155, 50.461680481203871 ], [ 15.651415226427616, 50.455291040507859 ], [ 15.65823229228539, 50.450829976037483 ], [ 15.674896231248681, 50.449624211099092 ], [ 15.679440942119925, 50.445162612274146 ], [ 15.68436437912186, 50.444559661434653 ], [ 15.686068644912552, 50.441906585675042 ], [ 15.696294244148532, 50.440941793925958 ], [ 15.697241058576481, 50.432499027334018 ], [ 15.693075073835644, 50.432137161181288 ], [ 15.691938896342435, 50.424416683974641 ], [ 15.695536791887434, 50.423813468276762 ], [ 15.697809147772261, 50.41753957355553 ], [ 15.704247487499572, 50.412833607563186 ], [ 15.710496465060032, 50.4106614651472 ], [ 15.711253916422834, 50.407765120540887 ], [ 15.717502893084827, 50.405592746332218 ], [ 15.718828434541706, 50.403420271963455 ], [ 15.730758299568379, 50.402575394052178 ], [ 15.730947662633525, 50.395695113176657 ], [ 15.724319959841068, 50.393884346897892 ], [ 15.72356250757997, 50.390745521812505 ], [ 15.719964612034914, 50.390021148095741 ], [ 15.717881619215291, 50.387606488352503 ], [ 15.718070982280608, 50.382897549383983 ], [ 15.722047603956071, 50.381810804538929 ], [ 15.723751870645287, 50.379154212628748 ], [ 15.724130596775751, 50.369371841771567 ], [ 15.729054032879162, 50.368043216382091 ], [ 15.731894477061644, 50.362728341666127 ], [ 15.72356250757997, 50.357292058583425 ], [ 15.723751870645287, 50.354392452909963 ], [ 15.730568936503062, 50.350042712614197 ], [ 15.730947662633525, 50.344846667240176 ], [ 15.742877527660198, 50.342550559302424 ], [ 15.745062976597751, 50.339522391871299 ], [ 15.745180181024523, 50.33935999291424 ], [ 15.759359678152634, 50.338431788311482 ], [ 15.764086177494789, 50.342067153650532 ], [ 15.777417328126376, 50.344310113248696 ], [ 15.784204096504766, 50.350806362823221 ], [ 15.792566363465937, 50.351656996399811 ], [ 15.795932816162804, 50.353267999062609 ], [ 15.796444516311567, 50.353512871150883 ], [ 15.802382938193432, 50.355600643606806 ], [ 15.808806129630113, 50.355368673359692 ], [ 15.811229975607773, 50.359002742912878 ], [ 15.839588968965643, 50.359853229643193 ], [ 15.848920775036618, 50.363409645257434 ], [ 15.862615502609742, 50.364569288124699 ], [ 15.869887039644482, 50.369207577393979 ], [ 15.869887039644482, 50.373999999890543 ], [ 15.888308266559875, 50.384356163038547 ], [ 15.890732112537478, 50.38729257386359 ], [ 15.895216227551373, 50.388374363688456 ], [ 15.895943380536323, 50.395019101887044 ], [ 15.902002995031467, 50.397877598535842 ], [ 15.902245379359726, 50.40197190077231 ], [ 15.905517570935558, 50.405138948839465 ], [ 15.911698377145512, 50.405756884719892 ], [ 15.922120914041272, 50.399808916917493 ], [ 15.923090452252609, 50.397491324844054 ], [ 15.929998412345981, 50.396486999888566 ], [ 15.940905717898033, 50.39695053730361 ], [ 15.943571948204124, 50.399577163324636 ], [ 15.947328908436418, 50.400272421849195 ], [ 15.949267984859432, 50.40714721084737 ], [ 15.941996447824522, 50.411240712938252 ], [ 15.9421176404378, 50.417882246218937 ], [ 15.936300411169384, 50.419503875002704 ], [ 15.937148756767385, 50.447063063436076 ], [ 15.940905717898033, 50.447911971380734 ], [ 15.943571948204124, 50.45377673723948 ], [ 15.948540831874482, 50.456554530645064 ], [ 15.950964676953959, 50.462572522998585 ], [ 15.960417675638269, 50.464346913344173 ], [ 15.962720329002593, 50.46619837974464 ], [ 15.962720329002593, 50.475377496918895 ], [ 15.970961404248783, 50.476765780022845 ], [ 15.986231631303383, 50.476225896803271 ], [ 15.994230322221142, 50.472292278333043 ], [ 15.997017744242157, 50.468435471527016 ], [ 16.004774050831884, 50.467586931831818 ], [ 16.011924395253516, 50.471675210454293 ], [ 16.016529701982165, 50.472292278333043 ], [ 16.016650894595443, 50.475068984406505 ], [ 16.024286008571892, 50.480082068115848 ], [ 16.034466160241095, 50.480159187967558 ], [ 16.036162852335508, 50.471829478036113 ], [ 16.046948965274453, 50.4725236767826 ], [ 16.055553617462238, 50.476765780022845 ], [ 16.056644347388669, 50.479233737441916 ], [ 16.066945691670981, 50.480236308264864 ], [ 16.069975498918552, 50.487562142709578 ], [ 16.0890026871038, 50.488333216935871 ], [ 16.093244416891082, 50.489104279150865 ], [ 16.09578945548202, 50.492111299675344 ], [ 16.103666953786671, 50.492265501136728 ], [ 16.10815106790227, 50.493961678852145 ], [ 16.108272260515548, 50.499589470826493 ], [ 16.102212646020405, 50.501362471396817 ], [ 16.101970261692145, 50.505910299565812 ], [ 16.102939799903595, 50.50907039698086 ], [ 16.108878221785346, 50.510534760628104 ], [ 16.109241798726828, 50.525021805783581 ], [ 16.121724603760413, 50.527410200245527 ], [ 16.122209372417103, 50.539966542285583 ], [ 16.12414844883989, 50.542508217091836 ], [ 16.134086216180663, 50.544048558985878 ], [ 16.135298139618726, 50.547360124373483 ], [ 16.135298139618726, 50.566531826947937 ], [ 16.128026602583816, 50.572073998055259 ], [ 16.115543797550458, 50.573844276792329 ], [ 16.11542260493718, 50.579616461611181 ], [ 16.121603411147134, 50.581232547082664 ], [ 16.122694141971863, 50.600698165287781 ], [ 16.120755065549076, 50.602544288719344 ], [ 16.103666953786671, 50.603774997059929 ], [ 16.101970261692145, 50.606236317181697 ], [ 16.097970916233237, 50.607159279320399 ], [ 16.095910647196945, 50.610697132184384 ], [ 16.090335802256789, 50.611773816737809 ], [ 16.083670226491847, 50.611004758694094 ], [ 16.082943073506897, 50.607928400225831 ], [ 16.070823844516781, 50.605928658922096 ], [ 16.066582114729442, 50.594005362457096 ], [ 16.057492693885195, 50.594313098670682 ], [ 16.054311330895075, 50.608999842027458 ], [ 16.037455388923831, 50.607772739574727 ], [ 16.03442081347265, 50.60392094291285 ], [ 16.010695950854313, 50.603570763944731 ], [ 15.995523073598577, 50.605496716021435 ], [ 15.994695462111849, 50.608473032364714 ], [ 15.988902181705157, 50.60864810393349 ], [ 15.990833275173941, 50.616525650293795 ], [ 15.995523073598577, 50.617925964878111 ], [ 15.997730037563031, 50.62090149494594 ], [ 16.014282267296721, 50.620726468976727 ], [ 16.017868583738959, 50.622301679250086 ], [ 16.018972065721186, 50.624926912456033 ], [ 16.022006641172368, 50.625101922791998 ], [ 16.022558382163368, 50.629301975445571 ], [ 16.021179029685641, 50.632976713751248 ], [ 16.01097182134987, 50.634376538502295 ], [ 16.009040727881086, 50.640150374977509 ], [ 16.002695706483166, 50.643474383321461 ], [ 16.001040483509712, 50.671631543660624 ], [ 15.990005663687384, 50.672505719383366 ], [ 15.988626311209487, 50.682994558323685 ], [ 15.970694728998012, 50.685616401801326 ], [ 15.966556671564604, 50.689286736554436 ], [ 15.943383549937494, 50.688937193234437 ], [ 15.930417636646212, 50.684917257864981 ], [ 15.910003219974783, 50.683868522427304 ], [ 15.908072126505829, 50.681596181900147 ], [ 15.897864918170058, 50.680372568345831 ], [ 15.893450990241092, 50.676526718036541 ], [ 15.882967911409764, 50.674953324803425 ], [ 15.88076094744531, 50.672680552574491 ], [ 15.86420871771162, 50.673554708762481 ], [ 15.86420871771162, 50.677750431864922 ], [ 15.856484343835973, 50.68247017204817 ], [ 15.85676021433153, 50.692432509240859 ], [ 15.854553250367019, 50.697849734382942 ], [ 15.85041519293361, 50.699072892180027 ], [ 15.848759969960156, 50.710079876846464 ], [ 15.843242560049021, 50.711652092302415 ], [ 15.842139078066793, 50.714796365026586 ], [ 15.838276891128885, 50.715320389974977 ], [ 15.834690574686647, 50.719163060583185 ], [ 15.831380128739966, 50.719163060583185 ], [ 15.829449035271011, 50.721433581487986 ], [ 15.827793812297728, 50.740466698092916 ], [ 15.823931625359819, 50.741863319472543 ], [ 15.823655754864319, 50.745529252413405 ], [ 15.819517697430854, 50.749369445749323 ], [ 15.816207251484173, 50.7497185386149 ], [ 15.815103769501775, 50.752685722867852 ], [ 15.796344575803801, 50.753034791003131 ], [ 15.794413482334846, 50.74954399250754 ], [ 15.788896072423654, 50.748671252208453 ], [ 15.786689108459029, 50.745005565279882 ], [ 15.777033641114429, 50.743783605856493 ], [ 15.774550806654418, 50.741165013989416 ], [ 15.7563433539475, 50.740117536239552 ], [ 15.754136389982818, 50.737149555373094 ], [ 15.690134435012908, 50.736974962405668 ], [ 15.688479212039454, 50.745354690686327 ], [ 15.682961802128261, 50.746402051285827 ], [ 15.681582449650534, 50.753732919464142 ], [ 15.663099126447889, 50.753907449952294 ], [ 15.661719773970162, 50.75687436868327 ], [ 15.657857587032254, 50.758445014223639 ], [ 15.623649645582816, 50.758619527141036 ], [ 15.620339199635907, 50.766820900206312 ], [ 15.616477012698169, 50.767169862918536 ], [ 15.615373530715942, 50.770310410199841 ], [ 15.60213174692899, 50.771531677205019 ], [ 15.599097171477752, 50.775195286914652 ], [ 15.534266055545345, 50.776379295573633 ], [ 15.534010203220248, 50.759454086629546 ], [ 15.53685064740273, 50.755021767732217 ], [ 15.541395357375677, 50.75430297320861 ], [ 15.550863504350559, 50.745916227128077 ], [ 15.559006111665212, 50.742441277765863 ], [ 15.569231710002896, 50.741362792629786 ], [ 15.569480248689217, 50.725092630759207 ], [ 15.567409092071784, 50.720784436564941 ], [ 15.562379138233325, 50.719660494624861 ], [ 15.561491499426381, 50.711042711221751 ], [ 15.564497636964575, 50.670007838201457 ], [ 15.569421073068213, 50.664846885724216 ], [ 15.570557250561421, 50.6588450648361 ], [ 15.575480687563186, 50.656564171392347 ], [ 15.577563679484513, 50.652362236356339 ], [ 15.575859412795523, 50.639874268080348 ], [ 15.57207215418515, 50.639033612567857 ], [ 15.570367887496104, 50.636391454409306 ], [ 15.571504064989369, 50.63302849294513 ], [ 15.575670049730206, 50.632187714985037 ], [ 15.57775304254983, 50.628343967335752 ], [ 15.583055204783705, 50.627382981176879 ], [ 15.586463738161967, 50.623178436140108 ], [ 15.591008448134914, 50.62233748201686 ], [ 15.596121248201996, 50.617892188798919 ], [ 15.596878699564741, 50.606596851564291 ], [ 15.591197811200232, 50.60539506011537 ], [ 15.589304182344222, 50.602630823693232 ], [ 15.584948834538068, 50.601068357539248 ], [ 15.582865841718615, 50.589648759978331 ], [ 15.578131768680294, 50.586162225633529 ], [ 15.577942405614976, 50.581713513812929 ], [ 15.573208331678359, 50.580390843057273 ], [ 15.57207215418515, 50.573416144543387 ], [ 15.594795707643584, 50.572213506383832 ], [ 15.597825513992859, 50.56716208947438 ], [ 15.599340417616588, 50.555974881015402 ], [ 15.60653620960494, 50.551763953753607 ], [ 15.613542638528031, 50.550681082924655 ], [ 15.616383082710286, 50.548755918512938 ], [ 15.618087349399332, 50.543461309758527 ], [ 15.629449125230224, 50.537925401152847 ], [ 15.632100206347218, 50.531064787159835 ], [ 15.63759173164658, 50.528898069880995 ], [ 15.63740236947973, 50.522999280713293 ], [ 15.634561925297305, 50.52155456704088 ], [ 15.626798044113116, 50.521313776938541 ], [ 15.621685244944388, 50.517701780266293 ], [ 15.595931885136849, 50.517701780266293 ], [ 15.591550675926499, 50.518049996316392 ] ] ] } },
{ "type": "Feature", "properties": { "shapeName": "Náchod", "shapeISO": "", "shapeID": "57006924B40201864279221", "shapeGroup": "CZE", "shapeType": "ADM2" }, "geometry": { "type": "Polygon", "coordinates": [ [ [ 15.795932816162804, 50.353267999062609 ], [ 15.797440986913614, 50.342952319229255 ], [ 15.81553903412555, 50.342402315356765 ], [ 15.820709904885973, 50.337727027866094 ], [ 15.836222517167073, 50.336901929194767 ], [ 15.836868875675293, 50.33456407227834 ], [ 15.848718787946666, 50.332776221445272 ], [ 15.849796053025216, 50.330163088198617 ], [ 15.853674205871016, 50.329888013301684 ], [ 15.857336905880572, 50.325211494121447 ], [ 15.862938682313029, 50.324386178089014 ], [ 15.873711329505795, 50.328787697216683 ], [ 15.880821276688948, 50.328375071757534 ], [ 15.888793036114691, 50.324111069751154 ], [ 15.890085754029428, 50.320809643763596 ], [ 15.894610265383278, 50.320259383517339 ], [ 15.895687530461885, 50.316269808665879 ], [ 15.888793036114691, 50.310491209136728 ], [ 15.890085754029428, 50.300308159131703 ], [ 15.900427495550048, 50.299344784678453 ], [ 15.906029271982618, 50.29562872951368 ], [ 15.914001030510008, 50.29562872951368 ], [ 15.923265507850317, 50.302097231435198 ], [ 15.929944549361494, 50.302922934462003 ], [ 15.936623589974147, 50.299620036922875 ], [ 15.951489843747026, 50.299069531414887 ], [ 15.96075432018921, 50.302510084453445 ], [ 15.968079720208436, 50.300032911442713 ], [ 15.987255032499149, 50.298106131876409 ], [ 15.987578035121146, 50.298110300183168 ], [ 16.008584874947019, 50.298381390714383 ], [ 16.018064804225219, 50.302510084453445 ], [ 16.025390204244388, 50.302922934462003 ], [ 16.028191092909765, 50.313518182113853 ], [ 16.039394645774735, 50.314618851730643 ], [ 16.042626440112315, 50.311041582453925 ], [ 16.054691805219647, 50.310078425398501 ], [ 16.059647223144054, 50.308289653310908 ], [ 16.061370846730824, 50.295215816768291 ], [ 16.066757170327207, 50.292050031605754 ], [ 16.067834435405757, 50.289572313873407 ], [ 16.078176176926547, 50.289572313873407 ], [ 16.081407971264071, 50.29659217922358 ], [ 16.086363388289953, 50.297280345232195 ], [ 16.123205842120626, 50.297142712826826 ], [ 16.131608507218573, 50.301546754595961 ], [ 16.133763037375672, 50.304849518349272 ], [ 16.133332130805343, 50.307601646570788 ], [ 16.128592166615306, 50.310903989865267 ], [ 16.127514901536756, 50.316269808665879 ], [ 16.133116677969156, 50.318195851864971 ], [ 16.134193943047705, 50.32122233433779 ], [ 16.141519343067102, 50.321910144572485 ], [ 16.147336572335519, 50.326036795248228 ], [ 16.157678313856252, 50.325899246055769 ], [ 16.164357355367429, 50.322185265650091 ], [ 16.172975473301392, 50.323423291365941 ], [ 16.185471744080928, 50.330438161503025 ], [ 16.186979914831738, 50.336901929194767 ], [ 16.190427162005108, 50.338414598667271 ], [ 16.199691638447291, 50.338414598667271 ], [ 16.204862509207715, 50.333876445171995 ], [ 16.214557892220228, 50.333876445171995 ], [ 16.219944215816611, 50.335801775531309 ], [ 16.219944215816611, 50.345564749070434 ], [ 16.226192351655527, 50.348452004221087 ], [ 16.225976897921214, 50.358349833310626 ], [ 16.237395904520554, 50.359037106146388 ], [ 16.24105860453011, 50.35188898478259 ], [ 16.2514003460509, 50.346664676629757 ], [ 16.268421129082583, 50.34693965439584 ], [ 16.279409229111366, 50.35381358452031 ], [ 16.288027347045329, 50.354363456239696 ], [ 16.290828235710705, 50.356287955672371 ], [ 16.291302148542172, 50.368344966476684 ], [ 16.279945554521589, 50.369068626570709 ], [ 16.279669684026089, 50.380152887222039 ], [ 16.272772921636999, 50.380680644562801 ], [ 16.272772921636999, 50.38859630003185 ], [ 16.267255511725807, 50.38859630003185 ], [ 16.26642790023908, 50.392817442737851 ], [ 16.262013972310172, 50.392817442737851 ], [ 16.258427655867763, 50.396862351872926 ], [ 16.253737857443298, 50.398445048459678 ], [ 16.253737857443298, 50.405830267174508 ], [ 16.247392836045435, 50.407061025080907 ], [ 16.246841095054208, 50.409874065979636 ], [ 16.213184894595827, 50.411456328097586 ], [ 16.212909024100327, 50.427100297680795 ], [ 16.202425945268999, 50.429912148796689 ], [ 16.200494851800045, 50.43325100512601 ], [ 16.202977686260169, 50.43588677801489 ], [ 16.207391614189135, 50.436589626000909 ], [ 16.209598578153589, 50.444671627805974 ], [ 16.214012506082554, 50.444671627805974 ], [ 16.214012506082554, 50.44853644518281 ], [ 16.226702548878336, 50.44941476874709 ], [ 16.22890951284279, 50.452576598583107 ], [ 16.233323440771699, 50.452927899966312 ], [ 16.235254534240653, 50.45714331309847 ], [ 16.241875426134072, 50.458372737839511 ], [ 16.244082390098754, 50.461182731543715 ], [ 16.253737857443298, 50.462060820340582 ], [ 16.255393080416752, 50.474176780961159 ], [ 16.260634619832217, 50.474527921928825 ], [ 16.261462231318944, 50.477863631038815 ], [ 16.300635841688518, 50.477161396050633 ], [ 16.301739323670802, 50.48049691933079 ], [ 16.307256733582108, 50.483832207231217 ], [ 16.306980863086608, 50.488220385339559 ], [ 16.309187827050891, 50.49067758708685 ], [ 16.313601754980027, 50.491379621257749 ], [ 16.313877625475527, 50.503312606172074 ], [ 16.333188560164729, 50.503488068752574 ], [ 16.335395524129353, 50.498925829785662 ], [ 16.366879244435211, 50.498838090101913 ], [ 16.369034482681741, 50.505692261882643 ], [ 16.374207054473402, 50.509804287474822 ], [ 16.37377600682413, 50.519123553086104 ], [ 16.38713848395281, 50.520493878155719 ], [ 16.38843162690074, 50.523508453264526 ], [ 16.394466293991229, 50.524056537141689 ], [ 16.3931731510433, 50.534468921386804 ], [ 16.394897341640558, 50.539948200676633 ], [ 16.406966675821309, 50.542413668703375 ], [ 16.409121914067839, 50.54789202510176 ], [ 16.413863438210228, 50.548987620006869 ], [ 16.413001342911627, 50.561585131691004 ], [ 16.407828771119966, 50.562132773221663 ], [ 16.409052946443921, 50.569941449048542 ], [ 16.433605420548929, 50.570642304766864 ], [ 16.437467607486667, 50.575197612805937 ], [ 16.442985017397802, 50.57677434757619 ], [ 16.442433276406803, 50.586408802167682 ], [ 16.438846959964565, 50.59113772223867 ], [ 16.434433032035486, 50.592363661020784 ], [ 16.434157161539929, 50.599018200221167 ], [ 16.429191492619793, 50.600419035966013 ], [ 16.426432787664282, 50.60392094291285 ], [ 16.415397967841955, 50.605146548779771 ], [ 16.413466874373, 50.612324456395982 ], [ 16.409052946443921, 50.612499513633111 ], [ 16.409604687435092, 50.616875732848371 ], [ 16.402156184055002, 50.618276037010105 ], [ 16.400500961081548, 50.621076520263898 ], [ 16.388362659276936, 50.621776615021531 ], [ 16.386707436303539, 50.625801957622286 ], [ 16.382569378870073, 50.627376997885335 ], [ 16.381741767383403, 50.63402658622249 ], [ 16.377327839454438, 50.634376538502295 ], [ 16.3737415230122, 50.639450553787185 ], [ 16.369879336074291, 50.639275596861296 ], [ 16.367120631118837, 50.647322941355867 ], [ 16.352775365349601, 50.648372493385011 ], [ 16.348637307916192, 50.650121694665529 ], [ 16.347809696429465, 50.65589359682474 ], [ 16.343119898005, 50.65641828003578 ], [ 16.341740545527102, 50.659216491507038 ], [ 16.336774876607137, 50.660440656602361 ], [ 16.333188560164729, 50.664462688675997 ], [ 16.318015682908936, 50.66481241431535 ], [ 16.3130500139888, 50.660615534725366 ], [ 16.284359482450554, 50.661140165187078 ], [ 16.280497295512646, 50.669533455506553 ], [ 16.257048303390036, 50.669183765031221 ], [ 16.253461986947798, 50.665861575604936 ], [ 16.237461498205164, 50.664287824879466 ], [ 16.23553040473638, 50.660965289017724 ], [ 16.230288865320688, 50.660265777827988 ], [ 16.227806030860563, 50.653794805369444 ], [ 16.2217368799582, 50.651695920134955 ], [ 16.221461009462644, 50.635776321567903 ], [ 16.216495340542508, 50.634551513665031 ], [ 16.214840117569281, 50.63157684731442 ], [ 16.209322707658089, 50.630526920130308 ], [ 16.207115743693635, 50.627551999102195 ], [ 16.185046104048752, 50.62720199601722 ], [ 16.183390881075297, 50.630001947744915 ], [ 16.175666507199651, 50.634551513665031 ], [ 16.175666507199651, 50.640325328646668 ], [ 16.172080190757299, 50.640500281664799 ], [ 16.169045615306118, 50.642949555529924 ], [ 16.167942133323834, 50.648897260607555 ], [ 16.156079702014779, 50.650121694665529 ], [ 16.155252090528052, 50.65414461045782 ], [ 16.137320508316634, 50.653794805369444 ], [ 16.132906580387726, 50.657817406610718 ], [ 16.096215804478106, 50.657992294501923 ], [ 16.09538819299155, 50.649946777468188 ], [ 16.091250135558141, 50.649596941119682 ], [ 16.089870783080187, 50.646973085469199 ], [ 16.083525761682324, 50.644698958706783 ], [ 16.082146409204597, 50.641375036985266 ], [ 16.077180740284405, 50.641025136810981 ], [ 16.074146164833223, 50.637700955219657 ], [ 16.069732236904315, 50.636651164815703 ], [ 16.069732236904315, 50.631401861078814 ], [ 16.067249402444304, 50.628951985387857 ], [ 16.063663086001952, 50.628251997455891 ], [ 16.061456122037441, 50.621251544930317 ], [ 16.055938712126306, 50.619326237772327 ], [ 16.054311330895075, 50.608999842027458 ], [ 16.057492693885195, 50.594313098670682 ], [ 16.066582114729442, 50.594005362457096 ], [ 16.070823844516781, 50.605928658922096 ], [ 16.082943073506897, 50.607928400225831 ], [ 16.083670226491847, 50.611004758694094 ], [ 16.090335802256789, 50.611773816737809 ], [ 16.095910647196945, 50.610697132184384 ], [ 16.097970916233237, 50.607159279320399 ], [ 16.101970261692145, 50.606236317181697 ], [ 16.103666953786671, 50.603774997059929 ], [ 16.120755065549076, 50.602544288719344 ], [ 16.122694141971863, 50.600698165287781 ], [ 16.121603411147134, 50.581232547082664 ], [ 16.11542260493718, 50.579616461611181 ], [ 16.115543797550458, 50.573844276792329 ], [ 16.128026602583816, 50.572073998055259 ], [ 16.135298139618726, 50.566531826947937 ], [ 16.135298139618726, 50.547360124373483 ], [ 16.134086216180663, 50.544048558985878 ], [ 16.12414844883989, 50.542508217091836 ], [ 16.122209372417103, 50.539966542285583 ], [ 16.121724603760413, 50.527410200245527 ], [ 16.109241798726828, 50.525021805783581 ], [ 16.108878221785346, 50.510534760628104 ], [ 16.102939799903595, 50.50907039698086 ], [ 16.101970261692145, 50.505910299565812 ], [ 16.102212646020405, 50.501362471396817 ], [ 16.108272260515548, 50.499589470826493 ], [ 16.10815106790227, 50.493961678852145 ], [ 16.103666953786671, 50.492265501136728 ], [ 16.09578945548202, 50.492111299675344 ], [ 16.093244416891082, 50.489104279150865 ], [ 16.0890026871038, 50.488333216935871 ], [ 16.069975498918552, 50.487562142709578 ], [ 16.066945691670981, 50.480236308264864 ], [ 16.056644347388669, 50.479233737441916 ], [ 16.055553617462238, 50.476765780022845 ], [ 16.046948965274453, 50.4725236767826 ], [ 16.036162852335508, 50.471829478036113 ], [ 16.034466160241095, 50.480159187967558 ], [ 16.024286008571892, 50.480082068115848 ], [ 16.016650894595443, 50.475068984406505 ], [ 16.016529701982165, 50.472292278333043 ], [ 16.011924395253516, 50.471675210454293 ], [ 16.004774050831884, 50.467586931831818 ], [ 15.997017744242157, 50.468435471527016 ], [ 15.994230322221142, 50.472292278333043 ], [ 15.986231631303383, 50.476225896803271 ], [ 15.970961404248783, 50.476765780022845 ], [ 15.962720329002593, 50.475377496918895 ], [ 15.962720329002593, 50.46619837974464 ], [ 15.960417675638269, 50.464346913344173 ], [ 15.950964676953959, 50.462572522998585 ], [ 15.948540831874482, 50.456554530645064 ], [ 15.943571948204124, 50.45377673723948 ], [ 15.940905717898033, 50.447911971380734 ], [ 15.937148756767385, 50.447063063436076 ], [ 15.936300411169384, 50.419503875002704 ], [ 15.9421176404378, 50.417882246218937 ], [ 15.941996447824522, 50.411240712938252 ], [ 15.949267984859432, 50.40714721084737 ], [ 15.947328908436418, 50.400272421849195 ], [ 15.943571948204124, 50.399577163324636 ], [ 15.940905717898033, 50.39695053730361 ], [ 15.929998412345981, 50.396486999888566 ], [ 15.923090452252609, 50.397491324844054 ], [ 15.922120914041272, 50.399808916917493 ], [ 15.911698377145512, 50.405756884719892 ], [ 15.905517570935558, 50.405138948839465 ], [ 15.902245379359726, 50.40197190077231 ], [ 15.902002995031467, 50.397877598535842 ], [ 15.895943380536323, 50.395019101887044 ], [ 15.895216227551373, 50.388374363688456 ], [ 15.890732112537478, 50.38729257386359 ], [ 15.888308266559875, 50.384356163038547 ], [ 15.869887039644482, 50.373999999890543 ], [ 15.869887039644482, 50.369207577393979 ], [ 15.862615502609742, 50.364569288124699 ], [ 15.848920775036618, 50.363409645257434 ], [ 15.839588968965643, 50.359853229643193 ], [ 15.811229975607773, 50.359002742912878 ], [ 15.808806129630113, 50.355368673359692 ], [ 15.802382938193432, 50.355600643606806 ], [ 15.796444516311567, 50.353512871150883 ], [ 15.795932816162804, 50.353267999062609 ] ] ] } },
{ "type": "Feature", "properties": { "shapeName": "Tachov", "shapeISO": "", "shapeID": "57006924B55732331485961", "shapeGroup": "CZE", "shapeType": "ADM2" }, "geometry": { "type": "Polygon", "coordinates": [ [ [ 12.547233600306981, 49.90563002779254 ], [ 12.544030059900365, 49.897428713030308 ], [ 12.539263017737028, 49.896518859077389 ], [ 12.537850560799825, 49.893334235135967 ], [ 12.532200733050729, 49.892083075372057 ], [ 12.531317947464913, 49.888784407783589 ], [ 12.526021233950019, 49.887874390842285 ], [ 12.524255662778444, 49.884461674505758 ], [ 12.519841734849535, 49.883096520413574 ], [ 12.519488620615334, 49.875359918015022 ], [ 12.517899606560775, 49.871263567805443 ], [ 12.513662235748995, 49.870125631082772 ], [ 12.512956007280422, 49.862842201167609 ], [ 12.500597009079229, 49.861021172093217 ], [ 12.500773566196415, 49.846450468405521 ], [ 12.474819669974011, 49.843376399511158 ], [ 12.472700984568235, 49.839618938724925 ], [ 12.468463613756285, 49.838707995162736 ], [ 12.469169842224915, 49.832444793580862 ], [ 12.474996227091196, 49.831533714863667 ], [ 12.47570245555977, 49.820941165286797 ], [ 12.470052627810674, 49.817865474500138 ], [ 12.470299807774836, 49.798914907519929 ], [ 12.46453698347068, 49.796872652824447 ], [ 12.464084997250836, 49.786295312998391 ], [ 12.453011334862538, 49.783887733658787 ], [ 12.451768372757726, 49.780823368720462 ], [ 12.447813493333456, 49.779582975428752 ], [ 12.43877376893488, 49.778707384574659 ], [ 12.439508246542346, 49.77615348754324 ], [ 12.429444490864284, 49.774443213391578 ], [ 12.423794663115189, 49.771364567814203 ], [ 12.406668622750828, 49.768741863624882 ], [ 12.405962394282085, 49.76235555565836 ], [ 12.400136009415917, 49.760188581449938 ], [ 12.400312566532932, 49.752660444813387 ], [ 12.401195352118918, 49.74558749428536 ], [ 12.406845179867844, 49.743305677331477 ], [ 12.409316979508219, 49.7325797000168 ], [ 12.427855476809896, 49.731552620374828 ], [ 12.429395054871407, 49.716061624121949 ], [ 12.434253906735705, 49.715623257009781 ], [ 12.437530806830068, 49.707147381715686 ], [ 12.441824675919349, 49.706197406970432 ], [ 12.443632620799008, 49.70400508665756 ], [ 12.45515826940715, 49.702908889401613 ], [ 12.456966214287036, 49.699912490706538 ], [ 12.473237718204246, 49.699985575799928 ], [ 12.475497649303918, 49.695819550022236 ], [ 12.492108142886309, 49.687851944778572 ], [ 12.521035260961582, 49.687047801968276 ], [ 12.523182195506251, 49.677689525807864 ], [ 12.52487714383102, 49.675788405862647 ], [ 12.528832023255347, 49.675057186094023 ], [ 12.529375819176153, 49.667488415714331 ], [ 12.523902548544243, 49.665317204429414 ], [ 12.524255662778444, 49.654116786227121 ], [ 12.517193378092145, 49.651830669829792 ], [ 12.519135506380906, 49.645657619185954 ], [ 12.523019762958484, 49.645200325034068 ], [ 12.524255662778444, 49.627476868413169 ], [ 12.533789747105118, 49.62118634944153 ], [ 12.557624957921519, 49.62072882547028 ], [ 12.560273314678909, 49.608946103607536 ], [ 12.564687242607818, 49.608602874840528 ], [ 12.565200366926888, 49.60427961910932 ], [ 12.60299770329874, 49.605083864571554 ], [ 12.606169170374926, 49.598738901370837 ], [ 12.610581646541561, 49.597130188438541 ], [ 12.615545682902734, 49.597577058238926 ], [ 12.619544489372515, 49.604815784225025 ], [ 12.624370635235721, 49.606334886893023 ], [ 12.628921001900153, 49.605530662067792 ], [ 12.63250613867325, 49.5985601584336 ], [ 12.638297513529551, 49.596057683279582 ], [ 12.639814302717127, 49.589532769494269 ], [ 12.646846686663764, 49.589443380654302 ], [ 12.653327511314046, 49.593286935976664 ], [ 12.661600904351019, 49.594270122655075 ], [ 12.670150077485232, 49.598738901370837 ], [ 12.674838333748937, 49.598738901370837 ], [ 12.678009800825293, 49.606334886893023 ], [ 12.703381540130522, 49.6091048923019 ], [ 12.703795209827263, 49.615537847171652 ], [ 12.710138144878215, 49.61625256778467 ], [ 12.718273648315517, 49.613125588955029 ], [ 12.74088758934306, 49.613661656783904 ], [ 12.741852818335929, 49.620630001445761 ], [ 12.731786856912606, 49.622505923572021 ], [ 12.729718508428846, 49.625096364963156 ], [ 12.730132178125587, 49.629205057381625 ], [ 12.741025478942504, 49.631259274225727 ], [ 12.749850432173957, 49.631169961871763 ], [ 12.754262908340479, 49.628758477469034 ], [ 12.756055476726999, 49.620004677438942 ], [ 12.758537494907671, 49.618128659014985 ], [ 12.777842078360891, 49.618575336369815 ], [ 12.780875655837747, 49.620897994825953 ], [ 12.782116664928083, 49.625721623044228 ], [ 12.78928693937246, 49.626972115132389 ], [ 12.795491983925501, 49.625721623044228 ], [ 12.796595103416394, 49.624024474965267 ], [ 12.805420055749551, 49.623220541990861 ], [ 12.819760603740065, 49.627775986202892 ], [ 12.842926104962032, 49.628222575704456 ], [ 12.849682709709555, 49.62429244967575 ], [ 12.881673163264736, 49.629205057381625 ], [ 12.898909399132435, 49.639921755806483 ], [ 12.899736738526087, 49.645904219465876 ], [ 12.9115952683361, 49.647957731418558 ], [ 12.949928656942063, 49.648225574468142 ], [ 12.953651683314547, 49.644297062428564 ], [ 12.966889112712522, 49.644207774564734 ], [ 12.969509020492694, 49.645547078236405 ], [ 12.971301588879214, 49.650814647582081 ], [ 12.975714065045679, 49.653046496776597 ], [ 12.982746449890612, 49.653492854567503 ], [ 12.98839993514747, 49.652689407945559 ], [ 12.992812411313935, 49.64965404564947 ], [ 13.002464703040744, 49.648939815589529 ], [ 13.00604984071208, 49.645011361188949 ], [ 13.009656701555173, 49.645153770166758 ], [ 13.017356811225739, 49.645457792083334 ], [ 13.022837934034158, 49.646702197660545 ], [ 13.025423368965221, 49.649073734306 ], [ 13.037488734072554, 49.649771223336074 ], [ 13.046106852006517, 49.653676975702069 ], [ 13.04847683499986, 49.655769214347117 ], [ 13.048907740671893, 49.668739086196865 ], [ 13.05300134635371, 49.671806721777841 ], [ 13.053277528946239, 49.672323050213834 ], [ 13.054940422776497, 49.675431860811216 ], [ 13.056017687855046, 49.679474965501356 ], [ 13.06614397653982, 49.684354127750339 ], [ 13.067686619241215, 49.68731484298263 ], [ 13.067272949544474, 49.69204269275599 ], [ 13.062722583778339, 49.694094257850168 ], [ 13.061205794590762, 49.696680891088988 ], [ 13.061205794590762, 49.701140278960565 ], [ 13.079131480252613, 49.703815715828512 ], [ 13.079683039548797, 49.70738273562165 ], [ 13.078028360761948, 49.714872624521149 ], [ 13.062446803681098, 49.714872624521149 ], [ 13.053483960850144, 49.719776092367852 ], [ 13.054173410644296, 49.729670675049761 ], [ 13.069203408428791, 49.731275011461889 ], [ 13.07237487550492, 49.733681417523144 ], [ 13.072512765104591, 49.737959177566609 ], [ 13.080510378942449, 49.744286006719108 ], [ 13.084095515715489, 49.74499883681824 ], [ 13.085336524805825, 49.7475827597234 ], [ 13.110846153710554, 49.750077450864353 ], [ 13.110984043309998, 49.755244616857567 ], [ 13.097057165016224, 49.765131969510435 ], [ 13.092093129553518, 49.766646070409649 ], [ 13.088232212683067, 49.773859667679062 ], [ 13.074719003187852, 49.774483014432974 ], [ 13.071409646512052, 49.775996823832941 ], [ 13.070444417519127, 49.779914698280379 ], [ 13.070995976815311, 49.785612859066646 ], [ 13.081751388032785, 49.790954276298919 ], [ 13.082992397123121, 49.79745220628638 ], [ 13.08588808410201, 49.799321312560949 ], [ 13.095402486229148, 49.800923346228785 ], [ 13.096229825622743, 49.802792318513639 ], [ 13.102021201377397, 49.804661218071772 ], [ 13.102572760673581, 49.809377644840026 ], [ 13.099539183196896, 49.812136096588119 ], [ 13.090852120463182, 49.814004636002323 ], [ 13.08809432218527, 49.828772454844966 ], [ 13.077890471162448, 49.829661938425488 ], [ 13.062308914081598, 49.838466944663367 ], [ 13.060930015391818, 49.840779104514695 ], [ 13.056379648727557, 49.841846218101352 ], [ 13.054449190741536, 49.844691738799668 ], [ 13.041073871743947, 49.844691738799668 ], [ 13.04052231154941, 49.842379766062322 ], [ 13.036661394679129, 49.841223737651944 ], [ 13.027698552746472, 49.841223737651944 ], [ 13.022458737186412, 49.84273546123876 ], [ 13.022045067489671, 49.847359262127952 ], [ 13.028388001642156, 49.85056009651322 ], [ 13.029491121133049, 49.857227820120784 ], [ 13.041211761343391, 49.859005724147835 ], [ 13.042176990336486, 49.866027806274076 ], [ 13.046313687304064, 49.867183241492512 ], [ 13.046865246600248, 49.874293000379396 ], [ 13.042866440130467, 49.875270510704524 ], [ 13.039694972155985, 49.882290228637316 ], [ 13.020804058399335, 49.892595813318053 ], [ 13.019287269211759, 49.906451578998428 ], [ 13.013358003857661, 49.909648498014917 ], [ 13.011841215568381, 49.914532271393284 ], [ 13.00729084890412, 49.917906225679019 ], [ 13.005222501318485, 49.922700386166468 ], [ 13.001913143744389, 49.925008515531431 ], [ 12.994053420404271, 49.925008515531431 ], [ 12.991433512624326, 49.928736799373439 ], [ 12.986883145959894, 49.929713206626445 ], [ 12.983711678883708, 49.936902507742673 ], [ 12.975300395348995, 49.937790001281769 ], [ 12.967164892809762, 49.94160603786662 ], [ 12.962192701420292, 49.946401466545694 ], [ 12.959292399019603, 49.945413391765271 ], [ 12.952395637324685, 49.945235864410336 ], [ 12.951016284985656, 49.941507630727131 ], [ 12.945774745558651, 49.94097500293941 ], [ 12.945676314458012, 49.937222575719773 ], [ 12.940252479910328, 49.936131650102709 ], [ 12.938783525113251, 49.933076925587443 ], [ 12.928161848786999, 49.931840433981279 ], [ 12.924997944627194, 49.928348993637655 ], [ 12.913698289094896, 49.927985287353408 ], [ 12.911664351476361, 49.930749386513583 ], [ 12.908387451829981, 49.93140401784251 ], [ 12.899347726685562, 49.938022573027979 ], [ 12.89109897892854, 49.939404354013618 ], [ 12.886127129919203, 49.938822556475486 ], [ 12.883980195916195, 49.935258891016247 ], [ 12.880251308934589, 49.934240652970345 ], [ 12.877539392110009, 49.930894860782132 ], [ 12.853697119017625, 49.929876529946114 ], [ 12.851550184116149, 49.93300419122312 ], [ 12.842623456254501, 49.934167920362484 ], [ 12.838442583734491, 49.937731666505329 ], [ 12.820024145189848, 49.938386202988795 ], [ 12.810532434506683, 49.946312666269591 ], [ 12.788837096315831, 49.945512807191392 ], [ 12.785673193054095, 49.938168025341668 ], [ 12.780927337712683, 49.93714984819087 ], [ 12.779797372069709, 49.932640520067707 ], [ 12.772226602620492, 49.931476754043729 ], [ 12.764203847632643, 49.935986191063591 ], [ 12.757989036595632, 49.936422565707232 ], [ 12.742056522106395, 49.935622542412148 ], [ 12.733920770734073, 49.928130770543305 ], [ 12.724090069998681, 49.926894152612078 ], [ 12.714372366546286, 49.928276252715932 ], [ 12.710869473232549, 49.930676648636393 ], [ 12.701151769780097, 49.928712697177332 ], [ 12.701038773395453, 49.919255514329961 ], [ 12.692451034687736, 49.918673472944249 ], [ 12.6895131241954, 49.917436612393203 ], [ 12.689965110632329, 49.914890034405744 ], [ 12.683750300493784, 49.913725839791084 ], [ 12.68262033485081, 49.901718443333891 ], [ 12.677648485841644, 49.901208972721861 ], [ 12.671885662139857, 49.901645662229896 ], [ 12.667930782389249, 49.911106299000608 ], [ 12.659004054527657, 49.913143732233209 ], [ 12.64397551291222, 49.921583608453886 ], [ 12.634257809459768, 49.92121985112135 ], [ 12.624540105109077, 49.916126960280053 ], [ 12.62295815392747, 49.913216495989843 ], [ 12.610302539084444, 49.911542898916991 ], [ 12.609059577056712, 49.90390182886847 ], [ 12.603974732561198, 49.902810148453284 ], [ 12.585330300348915, 49.90288292780042 ], [ 12.580810438674973, 49.906521760378951 ], [ 12.547233600306981, 49.90563002779254 ] ] ] } },
{ "type": "Feature", "properties": { "shapeName": "Domažlice", "shapeISO": "", "shapeID": "57006924B92931687173289", "shapeGroup": "CZE", "shapeType": "ADM2" }, "geometry": { "type": "Polygon", "coordinates": [ [ [ 12.565200366926888, 49.60427961910932 ], [ 12.566452813779392, 49.593727306863798 ], [ 12.57386821270012, 49.588691471285756 ], [ 12.574574441168863, 49.561557687017455 ], [ 12.576340012340438, 49.558121955127888 ], [ 12.581460168737976, 49.557434779741925 ], [ 12.582696068558164, 49.550218854389584 ], [ 12.587639667838459, 49.549187920883185 ], [ 12.58834589630726, 49.542887298922494 ], [ 12.590641138830222, 49.54082510070981 ], [ 12.594172281173371, 49.540710531590435 ], [ 12.59646752369656, 49.532575437517551 ], [ 12.633897632534172, 49.532919201287029 ], [ 12.635663203705747, 49.529825240324897 ], [ 12.640783360103285, 49.52867927915986 ], [ 12.64254893127503, 49.509308472036878 ], [ 12.636192875057134, 49.506786264052721 ], [ 12.635839760822932, 49.500709501739834 ], [ 12.642195817040658, 49.498530856002446 ], [ 12.643961388212233, 49.488897786190535 ], [ 12.640783360103285, 49.486145132301885 ], [ 12.636545989291506, 49.485342245763661 ], [ 12.63707566064295, 49.473526821608687 ], [ 12.641666145689044, 49.473756274460584 ], [ 12.644844173797992, 49.469855429792688 ], [ 12.650140887312716, 49.468249109343787 ], [ 12.651376787132904, 49.457003391392959 ], [ 12.657026614882, 49.456200027063062 ], [ 12.658792186053574, 49.437030144734763 ], [ 12.664795128036928, 49.435078299237659 ], [ 12.665501356505672, 49.429222296683122 ], [ 12.668149713263062, 49.427040469931114 ], [ 12.681391497049844, 49.426695962100325 ], [ 12.68704132479894, 49.42382496943344 ], [ 12.703284579577542, 49.422906216299282 ], [ 12.705226707866302, 49.419690444856712 ], [ 12.710699978498212, 49.419231031733318 ], [ 12.712112435435586, 49.416015019445922 ], [ 12.718468491653255, 49.4144069342737 ], [ 12.71864504877027, 49.412454188590857 ], [ 12.731357161205892, 49.411190605870104 ], [ 12.732239946791651, 49.408433585214027 ], [ 12.742833373821099, 49.407629425022833 ], [ 12.744952059227046, 49.40625083405007 ], [ 12.74548173057849, 49.400736083056074 ], [ 12.758017285896869, 49.398667891750904 ], [ 12.759606299951258, 49.375222302663644 ], [ 12.765609241934555, 49.37303807528923 ], [ 12.767551370223316, 49.365909921356149 ], [ 12.77832135436995, 49.363955246986222 ], [ 12.781322825361713, 49.345209424606878 ], [ 12.79897853707763, 49.343599020806892 ], [ 12.799861322663446, 49.341068279775584 ], [ 12.80321590788941, 49.340378055087342 ], [ 12.824402761948477, 49.342218632742572 ], [ 12.826168333120052, 49.345094397512014 ], [ 12.844177159070341, 49.345439477990169 ], [ 12.845942730241916, 49.342678766400013 ], [ 12.864834341777851, 49.341068279775584 ], [ 12.865364013129408, 49.338537408590071 ], [ 12.88284316772814, 49.338537408590071 ], [ 12.88284316772814, 49.348890149663191 ], [ 12.885844638719732, 49.351190462993941 ], [ 12.90967984953619, 49.351075449882046 ], [ 12.910739192239134, 49.348085014586161 ], [ 12.923980976026144, 49.34796999421394 ], [ 12.92963080377524, 49.346819775701135 ], [ 12.929807360892426, 49.344519258003572 ], [ 12.949052086662732, 49.343138895754691 ], [ 12.949228643779747, 49.340723168641603 ], [ 12.962117313332385, 49.339572780715685 ], [ 12.962470427566757, 49.33600640724876 ], [ 12.975182540002152, 49.335316111566272 ], [ 12.97677155405654, 49.332209661190575 ], [ 12.981715153337063, 49.331174134166076 ], [ 12.983304167391452, 49.327607152123733 ], [ 12.987894652437546, 49.327377015375305 ], [ 12.988247766671975, 49.324154987944894 ], [ 12.995133494241031, 49.322774054501338 ], [ 12.997252179647035, 49.319781899183738 ], [ 13.001312993341742, 49.319781899183738 ], [ 13.004137907216148, 49.311379875877094 ], [ 13.008551835145227, 49.310689234877259 ], [ 13.010140849199615, 49.30758123055756 ], [ 13.021087390463435, 49.306660302734315 ], [ 13.02285296163501, 49.301019244207737 ], [ 13.02863583625026, 49.297166859661786 ], [ 13.041779867607318, 49.30005415524397 ], [ 13.040897372553559, 49.306383953271734 ], [ 13.034366907000503, 49.310411582689767 ], [ 13.035249402952559, 49.313863575085009 ], [ 13.039397130333498, 49.315129244708487 ], [ 13.044515603261686, 49.320076551348052 ], [ 13.055193795297328, 49.321169493535479 ], [ 13.066313236207236, 49.320421693390813 ], [ 13.068872472671387, 49.317890593619097 ], [ 13.08184515328378, 49.315244304077282 ], [ 13.082727648337368, 49.312828002648871 ], [ 13.106025523502979, 49.313115664005295 ], [ 13.111055745937676, 49.313863575085009 ], [ 13.114409228758518, 49.321802238544592 ], [ 13.123498929877258, 49.322089847490872 ], [ 13.128529152311899, 49.318465854936619 ], [ 13.134265372406389, 49.318235750981728 ], [ 13.141237085037062, 49.318811008267801 ], [ 13.151738778780668, 49.323297785551176 ], [ 13.151915277072533, 49.333017734563782 ], [ 13.146090808281201, 49.335893091006881 ], [ 13.144061069388329, 49.344403162171034 ], [ 13.151032782019001, 49.350842237442066 ], [ 13.150679783638225, 49.363315548532739 ], [ 13.144414067769048, 49.366361544727738 ], [ 13.142913825549215, 49.377222145466305 ], [ 13.134706619484007, 49.382163212295438 ], [ 13.110526249264865, 49.383024975423325 ], [ 13.109996751693529, 49.386471876220071 ], [ 13.1097320038063, 49.38917178015339 ], [ 13.115026975026524, 49.390665280090843 ], [ 13.143090324739546, 49.391986415129338 ], [ 13.143090324739546, 49.397959800180104 ], [ 13.123675429067646, 49.40961729583654 ], [ 13.122969432306149, 49.418516475651302 ], [ 13.120674944627524, 49.420468337813872 ], [ 13.11317373532404, 49.425462456150342 ], [ 13.096847572789102, 49.426151260068593 ], [ 13.095612079354567, 49.431776130210892 ], [ 13.102054294414131, 49.434243982205089 ], [ 13.102936789467719, 49.43711342112357 ], [ 13.107349266532651, 49.438031606286131 ], [ 13.109643754211106, 49.441015588907135 ], [ 13.127558407663003, 49.443655114804017 ], [ 13.128705651502287, 49.454326530552748 ], [ 13.136295111299262, 49.4586862253297 ], [ 13.15156227959028, 49.460808567907293 ], [ 13.160563731113825, 49.466773579349251 ], [ 13.160387231923437, 49.484721588204025 ], [ 13.166035201524267, 49.487989367731359 ], [ 13.166691557383331, 49.497644524592886 ], [ 13.171931372943448, 49.500599803770399 ], [ 13.174689171221189, 49.506420287010087 ], [ 13.178274307994229, 49.507315684381297 ], [ 13.179515317084565, 49.510449447003509 ], [ 13.182824674658718, 49.511523833040314 ], [ 13.184755132644682, 49.51438874885622 ], [ 13.183350379542787, 49.520146049370965 ], [ 13.182873250019327, 49.520178091664548 ], [ 13.177102243703814, 49.520565651582558 ], [ 13.173008638021997, 49.520985249610533 ], [ 13.171715920107431, 49.523782478951148 ], [ 13.167837767261631, 49.524062193550378 ], [ 13.163313255009484, 49.528397557927917 ], [ 13.154695137973818, 49.528817089330971 ], [ 13.147369737056351, 49.53245287403854 ], [ 13.144784302125288, 49.544477005255658 ], [ 13.139182525692888, 49.546434141496093 ], [ 13.136166184191325, 49.553842591801413 ], [ 13.132718937017785, 49.554401674219662 ], [ 13.130995313430958, 49.55789579667271 ], [ 13.131857124775195, 49.561669167370553 ], [ 13.143060678538518, 49.566979343738524 ], [ 13.149308813479138, 49.566979343738524 ], [ 13.152325154980531, 49.563485871816624 ], [ 13.162235990829231, 49.563905101436205 ], [ 13.163313255009484, 49.56614093311174 ], [ 13.163959614416001, 49.584163585445083 ], [ 13.162020537993214, 49.587795252026069 ], [ 13.149955172885655, 49.589191974791788 ], [ 13.148662454970918, 49.591426648269874 ], [ 13.144568849289271, 49.592543946618491 ], [ 13.142414319132001, 49.6118133145672 ], [ 13.139613431364921, 49.61348855220416 ], [ 13.130779860594942, 49.614186550407567 ], [ 13.128840784172155, 49.616420078648332 ], [ 13.118929948323625, 49.617397215139192 ], [ 13.108157301130632, 49.625911432028374 ], [ 13.103417336042469, 49.626469689049827 ], [ 13.102340070963919, 49.631912362672722 ], [ 13.099539183196896, 49.633447365559277 ], [ 13.093075594521736, 49.633586909406347 ], [ 13.087689270925353, 49.630516863470461 ], [ 13.08122568225042, 49.630516863470461 ], [ 13.06743669355609, 49.633447365559277 ], [ 13.059249482192627, 49.629958652245648 ], [ 13.045460493498297, 49.628702654328436 ], [ 13.040720528410134, 49.624376191070382 ], [ 13.031886957640154, 49.622980475966699 ], [ 13.030594239725417, 49.608043820233661 ], [ 13.024346104784797, 49.606508016878593 ], [ 13.009479851011861, 49.606368395463335 ], [ 13.005817151002304, 49.607485351514015 ], [ 13.005817151002304, 49.614605345113546 ], [ 13.014866174608471, 49.615582517989992 ], [ 13.017451610437774, 49.618513918483529 ], [ 13.016589798195241, 49.623259622069554 ], [ 13.012496192513424, 49.62395748091194 ], [ 13.011418927434875, 49.627586184483334 ], [ 13.009656701555173, 49.645153770166758 ], [ 13.00604984071208, 49.645011361188949 ], [ 13.002464703040744, 49.648939815589529 ], [ 12.992812411313935, 49.64965404564947 ], [ 12.98839993514747, 49.652689407945559 ], [ 12.982746449890612, 49.653492854567503 ], [ 12.975714065045679, 49.653046496776597 ], [ 12.971301588879214, 49.650814647582081 ], [ 12.969509020492694, 49.645547078236405 ], [ 12.966889112712522, 49.644207774564734 ], [ 12.953651683314547, 49.644297062428564 ], [ 12.949928656942063, 49.648225574468142 ], [ 12.9115952683361, 49.647957731418558 ], [ 12.899736738526087, 49.645904219465876 ], [ 12.898909399132435, 49.639921755806483 ], [ 12.881673163264736, 49.629205057381625 ], [ 12.849682709709555, 49.62429244967575 ], [ 12.842926104962032, 49.628222575704456 ], [ 12.819760603740065, 49.627775986202892 ], [ 12.805420055749551, 49.623220541990861 ], [ 12.796595103416394, 49.624024474965267 ], [ 12.795491983925501, 49.625721623044228 ], [ 12.78928693937246, 49.626972115132389 ], [ 12.782116664928083, 49.625721623044228 ], [ 12.780875655837747, 49.620897994825953 ], [ 12.777842078360891, 49.618575336369815 ], [ 12.758537494907671, 49.618128659014985 ], [ 12.756055476726999, 49.620004677438942 ], [ 12.754262908340479, 49.628758477469034 ], [ 12.749850432173957, 49.631169961871763 ], [ 12.741025478942504, 49.631259274225727 ], [ 12.730132178125587, 49.629205057381625 ], [ 12.729718508428846, 49.625096364963156 ], [ 12.731786856912606, 49.622505923572021 ], [ 12.741852818335929, 49.620630001445761 ], [ 12.74088758934306, 49.613661656783904 ], [ 12.718273648315517, 49.613125588955029 ], [ 12.710138144878215, 49.61625256778467 ], [ 12.703795209827263, 49.615537847171652 ], [ 12.703381540130522, 49.6091048923019 ], [ 12.678009800825293, 49.606334886893023 ], [ 12.674838333748937, 49.598738901370837 ], [ 12.670150077485232, 49.598738901370837 ], [ 12.661600904351019, 49.594270122655075 ], [ 12.653327511314046, 49.593286935976664 ], [ 12.646846686663764, 49.589443380654302 ], [ 12.639814302717127, 49.589532769494269 ], [ 12.638297513529551, 49.596057683279582 ], [ 12.63250613867325, 49.5985601584336 ], [ 12.628921001900153, 49.605530662067792 ], [ 12.624370635235721, 49.606334886893023 ], [ 12.619544489372515, 49.604815784225025 ], [ 12.615545682902734, 49.597577058238926 ], [ 12.610581646541561, 49.597130188438541 ], [ 12.606169170374926, 49.598738901370837 ], [ 12.60299770329874, 49.605083864571554 ], [ 12.565200366926888, 49.60427961910932 ] ] ] } },
{ "type": "Feature", "properties": { "shapeName": "Plzeň-North", "shapeISO": "", "shapeID": "57006924B24749184311211", "shapeGroup": "CZE", "shapeType": "ADM2" }, "geometry": { "type": "Polygon", "coordinates": [ [ [ 12.962192701420292, 49.946401466545694 ], [ 12.967164892809762, 49.94160603786662 ], [ 12.975300395348995, 49.937790001281769 ], [ 12.983711678883708, 49.936902507742673 ], [ 12.986883145959894, 49.929713206626445 ], [ 12.991433512624326, 49.928736799373439 ], [ 12.994053420404271, 49.925008515531431 ], [ 13.001913143744389, 49.925008515531431 ], [ 13.005222501318485, 49.922700386166468 ], [ 13.00729084890412, 49.917906225679019 ], [ 13.011841215568381, 49.914532271393284 ], [ 13.013358003857661, 49.909648498014917 ], [ 13.019287269211759, 49.906451578998428 ], [ 13.020804058399335, 49.892595813318053 ], [ 13.039694972155985, 49.882290228637316 ], [ 13.042866440130467, 49.875270510704524 ], [ 13.046865246600248, 49.874293000379396 ], [ 13.046313687304064, 49.867183241492512 ], [ 13.042176990336486, 49.866027806274076 ], [ 13.041211761343391, 49.859005724147835 ], [ 13.029491121133049, 49.857227820120784 ], [ 13.028388001642156, 49.85056009651322 ], [ 13.022045067489671, 49.847359262127952 ], [ 13.022458737186412, 49.84273546123876 ], [ 13.027698552746472, 49.841223737651944 ], [ 13.036661394679129, 49.841223737651944 ], [ 13.04052231154941, 49.842379766062322 ], [ 13.041073871743947, 49.844691738799668 ], [ 13.054449190741536, 49.844691738799668 ], [ 13.056379648727557, 49.841846218101352 ], [ 13.060930015391818, 49.840779104514695 ], [ 13.062308914081598, 49.838466944663367 ], [ 13.077890471162448, 49.829661938425488 ], [ 13.08809432218527, 49.828772454844966 ], [ 13.090852120463182, 49.814004636002323 ], [ 13.099539183196896, 49.812136096588119 ], [ 13.102572760673581, 49.809377644840026 ], [ 13.102021201377397, 49.804661218071772 ], [ 13.096229825622743, 49.802792318513639 ], [ 13.095402486229148, 49.800923346228785 ], [ 13.08588808410201, 49.799321312560949 ], [ 13.082992397123121, 49.79745220628638 ], [ 13.081751388032785, 49.790954276298919 ], [ 13.070995976815311, 49.785612859066646 ], [ 13.070444417519127, 49.779914698280379 ], [ 13.071409646512052, 49.775996823832941 ], [ 13.074719003187852, 49.774483014432974 ], [ 13.088232212683067, 49.773859667679062 ], [ 13.092093129553518, 49.766646070409649 ], [ 13.097057165016224, 49.765131969510435 ], [ 13.110984043309998, 49.755244616857567 ], [ 13.110846153710554, 49.750077450864353 ], [ 13.085336524805825, 49.7475827597234 ], [ 13.084095515715489, 49.74499883681824 ], [ 13.080510378942449, 49.744286006719108 ], [ 13.072512765104591, 49.737959177566609 ], [ 13.07237487550492, 49.733681417523144 ], [ 13.069203408428791, 49.731275011461889 ], [ 13.054173410644296, 49.729670675049761 ], [ 13.053483960850144, 49.719776092367852 ], [ 13.062446803681098, 49.714872624521149 ], [ 13.078028360761948, 49.714872624521149 ], [ 13.079683039548797, 49.70738273562165 ], [ 13.079131480252613, 49.703815715828512 ], [ 13.061205794590762, 49.701140278960565 ], [ 13.061205794590762, 49.696680891088988 ], [ 13.062722583778339, 49.694094257850168 ], [ 13.067272949544474, 49.69204269275599 ], [ 13.067686619241215, 49.68731484298263 ], [ 13.06614397653982, 49.684354127750339 ], [ 13.056017687855046, 49.679474965501356 ], [ 13.054940422776497, 49.675431860811216 ], [ 13.053277528946239, 49.672323050213834 ], [ 13.072788545201831, 49.671968464660893 ], [ 13.074994783285092, 49.668845062155413 ], [ 13.079545149949524, 49.667506399518288 ], [ 13.086991203592902, 49.668934304827644 ], [ 13.094023587539368, 49.675270129445664 ], [ 13.106295787944418, 49.677857763846987 ], [ 13.107123126439717, 49.679999150582148 ], [ 13.120222666238192, 49.686690375757678 ], [ 13.120360555837692, 49.688563753367532 ], [ 13.125324592198808, 49.690080244933426 ], [ 13.126841380488088, 49.693202283692528 ], [ 13.157452935353433, 49.694807825738337 ], [ 13.163244310209734, 49.690615465886538 ], [ 13.171793483344004, 49.691418286266298 ], [ 13.1751028409181, 49.698643072403797 ], [ 13.179928986781306, 49.699178198483594 ], [ 13.189719169005855, 49.695610576871275 ], [ 13.194131645172376, 49.691775090873818 ], [ 13.204749165892053, 49.689901836445642 ], [ 13.207369073671998, 49.683300270185214 ], [ 13.211229990542506, 49.682408097359485 ], [ 13.220330722972903, 49.675359360329708 ], [ 13.232189253681042, 49.674556274734698 ], [ 13.242255215104535, 49.675716283391807 ], [ 13.250528608141337, 49.679285365287967 ], [ 13.268178513706005, 49.6802668172935 ], [ 13.270384751789209, 49.681694348009046 ], [ 13.271212091182861, 49.690793871173867 ], [ 13.295480710997197, 49.69784037136327 ], [ 13.295511456611962, 49.697897544775401 ], [ 13.296583830488089, 49.699891691724474 ], [ 13.298376398874609, 49.705777609038535 ], [ 13.301685756448705, 49.707026045602447 ], [ 13.303202544737985, 49.712911098627615 ], [ 13.301823646048206, 49.717101535081099 ], [ 13.295756491094437, 49.721380756379119 ], [ 13.295480710997197, 49.724857345896737 ], [ 13.297549059481014, 49.726372704890935 ], [ 13.306925572008822, 49.727798881535591 ], [ 13.308304470698431, 49.734037911784128 ], [ 13.290103005837636, 49.744375110909061 ], [ 13.289689336140896, 49.755511869130657 ], [ 13.295204931798253, 49.759609552696645 ], [ 13.292722913617752, 49.773592516532858 ], [ 13.282932731393203, 49.774839208895344 ], [ 13.274245668659546, 49.780537967149655 ], [ 13.274383559157286, 49.788283641598468 ], [ 13.280450714111055, 49.791577403149972 ], [ 13.281691722303037, 49.794603905994393 ], [ 13.285828419270615, 49.795583028442422 ], [ 13.287069428360951, 49.802169335381905 ], [ 13.295618601494994, 49.803326296763714 ], [ 13.299893188062185, 49.801635343791418 ], [ 13.299479518365274, 49.797363199619269 ], [ 13.305133003622302, 49.795672038381554 ], [ 13.311062268078047, 49.791221331728195 ], [ 13.318646212219221, 49.790509181031211 ], [ 13.320163000508501, 49.788283641598468 ], [ 13.327609055050118, 49.786948268739081 ], [ 13.345396850214229, 49.786057999907825 ], [ 13.346637859304394, 49.783921287493513 ], [ 13.351050335471086, 49.78249676038655 ], [ 13.356979600825127, 49.783387094664533 ], [ 13.359875287804243, 49.789084847064032 ], [ 13.364977213764689, 49.791933472534083 ], [ 13.366356112454525, 49.794870941299905 ], [ 13.3653908834616, 49.799143305354619 ], [ 13.360426847998724, 49.801368345787409 ], [ 13.360426847998724, 49.808131841205409 ], [ 13.369665470028622, 49.809021704298971 ], [ 13.376008405079574, 49.812314056024263 ], [ 13.40041491449341, 49.812669972353774 ], [ 13.409653537421605, 49.809021704298971 ], [ 13.414066013588297, 49.788817779854583 ], [ 13.42413197501179, 49.788995825017764 ], [ 13.426062433896107, 49.791399368056318 ], [ 13.437093624312524, 49.792200522564201 ], [ 13.439851421691969, 49.784722565692846 ], [ 13.452950961490444, 49.784455474432264 ], [ 13.456260318166244, 49.785968971718887 ], [ 13.4592938956431, 49.796562130514189 ], [ 13.462741142816697, 49.797897238327323 ], [ 13.464809491300457, 49.80492819791624 ], [ 13.488526551818666, 49.806619035879578 ], [ 13.491698018894965, 49.813025886065759 ], [ 13.498730403739899, 49.818008405526257 ], [ 13.503694439202775, 49.818720152391109 ], [ 13.508156955067193, 49.819505396270245 ], [ 13.508244805867037, 49.819520854882569 ], [ 13.5095461413203, 49.829806478114506 ], [ 13.516440635667323, 49.833002915650297 ], [ 13.516738822442846, 49.841220180561322 ], [ 13.522033794561366, 49.846911128746513 ], [ 13.527825169417667, 49.848959705816299 ], [ 13.529341958605244, 49.873048868343062 ], [ 13.532651315281043, 49.874293000379396 ], [ 13.534857553364304, 49.878025205336883 ], [ 13.534168104468449, 49.884866830939643 ], [ 13.528238839114408, 49.890374968120511 ], [ 13.527963059017168, 49.901300540814191 ], [ 13.531134526991764, 49.903165635470657 ], [ 13.551266449838636, 49.904853039741397 ], [ 13.552783239026212, 49.908494079463367 ], [ 13.552507458928972, 49.914887435441017 ], [ 13.549335991852615, 49.916485642152509 ], [ 13.535409113558785, 49.917995010579034 ], [ 13.534030213970709, 49.923588141263849 ], [ 13.557471495289917, 49.925807457774113 ], [ 13.560505072766773, 49.937346256844648 ], [ 13.565055438532738, 49.938056246213648 ], [ 13.569605805197227, 49.938056246213648 ], [ 13.572363602576843, 49.934772456091537 ], [ 13.577189748440048, 49.93415117348286 ], [ 13.587945159657522, 49.925629916583489 ], [ 13.602837267842688, 49.926695155653761 ], [ 13.610007541388654, 49.929801970362007 ], [ 13.611386440078434, 49.936636256435463 ], [ 13.610145431886394, 49.938411237553282 ], [ 13.599390020669091, 49.939387448805348 ], [ 13.597735341882071, 49.94852737913709 ], [ 13.608904422796229, 49.95535900944725 ], [ 13.613316898962751, 49.95535900944725 ], [ 13.620625063006798, 49.951366615927782 ], [ 13.624210199779668, 49.951189168315295 ], [ 13.625589098469504, 49.94861610763968 ], [ 13.637723408376758, 49.942227224357168 ], [ 13.638688638267979, 49.939476194144447 ], [ 13.653580745554848, 49.939653684910184 ], [ 13.656200653334849, 49.94098484336655 ], [ 13.65799322172137, 49.946309108823698 ], [ 13.663508817378727, 49.94852737913709 ], [ 13.664060376674911, 49.959262363834853 ], [ 13.670403311725863, 49.963520206946725 ], [ 13.683089180929358, 49.968398522458244 ], [ 13.701083811390959, 49.969418471646463 ], [ 13.702780930171571, 49.970410803469065 ], [ 13.703453793485778, 49.970804237144023 ], [ 13.701945622735195, 49.980919117485712 ], [ 13.684493934031252, 49.982997254309737 ], [ 13.681477593428212, 49.989923728338226 ], [ 13.677599440582583, 49.990339285431844 ], [ 13.674798551917036, 50.001834930959092 ], [ 13.666395886819316, 50.003081281529205 ], [ 13.661440468894966, 50.006266253104229 ], [ 13.639248816001157, 50.006820139361082 ], [ 13.63364703867029, 50.003219762867047 ], [ 13.6276143565658, 50.002804317656739 ], [ 13.622443485805434, 49.99948062498737 ], [ 13.616841709373034, 49.998372676367069 ], [ 13.584954672568244, 49.997680195297448 ], [ 13.564486643261262, 50.012220198761952 ], [ 13.553498542334182, 50.014020083923242 ], [ 13.547250407393335, 50.017896529931647 ], [ 13.525058753601229, 50.01858871979249 ], [ 13.521826959263876, 50.025648484338433 ], [ 13.518595164926296, 50.026478976834881 ], [ 13.51665608850351, 50.032153623526597 ], [ 13.516440635667323, 50.036166993441782 ], [ 13.522688771506409, 50.040180027349436 ], [ 13.520103335677049, 50.04709826410658 ], [ 13.507607064897343, 50.048066737779266 ], [ 13.501789835628927, 50.047236619179273 ], [ 13.49898894696355, 50.044192726411893 ], [ 13.488000846934597, 50.042947442047364 ], [ 13.476150934663224, 50.047790033174579 ], [ 13.455467451621757, 50.04709826410658 ], [ 13.449650222353284, 50.045161258711403 ], [ 13.442971180842164, 50.040318401786692 ], [ 13.441893915763615, 50.034506329133308 ], [ 13.435430327986751, 50.033260793498869 ], [ 13.430474910062571, 50.035336668466755 ], [ 13.430044003492242, 50.040871896124543 ], [ 13.414746844945455, 50.041563754351557 ], [ 13.411299597771858, 50.042947442047364 ], [ 13.410222332693309, 50.050141972619201 ], [ 13.414962297781472, 50.054015504389952 ], [ 13.416901374204429, 50.064804407315478 ], [ 13.419271356299305, 50.066464023546246 ], [ 13.435430327986751, 50.068676755478123 ], [ 13.435430327986751, 50.077803195506021 ], [ 13.427458568561065, 50.083057024794414 ], [ 13.419055903463288, 50.083886523699221 ], [ 13.413885032702922, 50.087619093444403 ], [ 13.407385413526356, 50.089285326996958 ], [ 13.405471851926336, 50.087904119376844 ], [ 13.382872540861683, 50.087702730268234 ], [ 13.376594954654365, 50.089313818865548 ], [ 13.372828403109736, 50.095556275572676 ], [ 13.361842627022554, 50.096563047066581 ], [ 13.361842627022554, 50.100791257026287 ], [ 13.35901771291492, 50.103408533250672 ], [ 13.350229092045083, 50.103005885076527 ], [ 13.340498832839955, 50.096160341353311 ], [ 13.332965728852287, 50.095354918620217 ], [ 13.329513056752774, 50.096563047066581 ], [ 13.327315901535371, 50.107032218545783 ], [ 13.301765976343802, 50.108004456070262 ], [ 13.301615462379289, 50.105945141742666 ], [ 13.295739642292972, 50.101741546300957 ], [ 13.293818700160898, 50.095000528236142 ], [ 13.289411834871657, 50.093043280948166 ], [ 13.289863821308359, 50.083980909138745 ], [ 13.292914728185394, 50.082458262469174 ], [ 13.30263243163779, 50.081950702446932 ], [ 13.304214383717692, 50.077382423869267 ], [ 13.297773579911677, 50.069985240613676 ], [ 13.297208597090105, 50.065923556399639 ], [ 13.282293051859142, 50.064617942303528 ], [ 13.278677162160761, 50.063239755055463 ], [ 13.274383293256051, 50.056783510252671 ], [ 13.253478930656001, 50.055622744817811 ], [ 13.248507081646892, 50.052212833843384 ], [ 13.239128368246668, 50.049673380852198 ], [ 13.238563385425095, 50.022529123535492 ], [ 13.234156519237558, 50.021440129947223 ], [ 13.232348574388254, 50.005320139827234 ], [ 13.223308850142132, 50.001761395629785 ], [ 13.213704143074381, 50.001979285180823 ], [ 13.20602037724052, 50.009169097315237 ], [ 13.202065497489684, 50.009386953867079 ], [ 13.197771628584974, 50.013380810829176 ], [ 13.194607725323465, 50.013308198315485 ], [ 13.192234797652759, 50.017083909308099 ], [ 13.188618907954151, 50.01751954908849 ], [ 13.177093258754326, 50.025287796462408 ], [ 13.173929355492646, 50.025505579941125 ], [ 13.173477369055718, 50.02753817562558 ], [ 13.168279528175731, 50.0292803324499 ], [ 13.148166141166485, 50.029425509092164 ], [ 13.143420285824845, 50.032837039050776 ], [ 13.110086302049297, 50.032546705375637 ], [ 13.107261387941662, 50.033272535983883 ], [ 13.104775463886256, 50.037046678067384 ], [ 13.091328874350779, 50.036538637957676 ], [ 13.084662076877009, 50.031312768394059 ], [ 13.080707198024527, 50.030804667615939 ], [ 13.079125245944624, 50.021077126598755 ], [ 13.069633535261403, 50.019116861349801 ], [ 13.067825590412326, 50.015994792287131 ], [ 13.056186945726097, 50.014179542392242 ], [ 13.053701020772166, 50.011783307873657 ], [ 13.044096313704472, 50.009459572305786 ], [ 13.03923746197836, 50.001761395629785 ], [ 13.025338886005898, 50.000599299613725 ], [ 13.020932019818417, 49.997330753637641 ], [ 13.006242468255152, 49.996241188932686 ], [ 13.002739574941245, 49.993916701940122 ], [ 13.002174592119673, 49.989775931537451 ], [ 12.993812847079653, 49.984181692238622 ], [ 12.956636980836436, 49.983455119887367 ], [ 12.956095915834055, 49.978896620439798 ], [ 12.956290928229464, 49.978904711204279 ], [ 12.957913046680574, 49.971857710954282 ], [ 12.962878716178921, 49.970970553293 ], [ 12.963982197690768, 49.967244312296486 ], [ 12.971154831111107, 49.965469810534955 ], [ 12.971430701039992, 49.960500856879491 ], [ 12.966740903267123, 49.958726106523216 ], [ 12.963982197690768, 49.947011111986114 ], [ 12.962192701420292, 49.946401466545694 ] ] ] } },
{ "type": "Feature", "properties": { "shapeName": "Rakovnik", "shapeISO": "", "shapeID": "57006924B42074087272310", "shapeGroup": "CZE", "shapeType": "ADM2" }, "geometry": { "type": "Polygon", "coordinates": [ [ [ 13.407385413526356, 50.089285326996958 ], [ 13.413885032702922, 50.087619093444403 ], [ 13.419055903463288, 50.083886523699221 ], [ 13.427458568561065, 50.083057024794414 ], [ 13.435430327986751, 50.077803195506021 ], [ 13.435430327986751, 50.068676755478123 ], [ 13.419271356299305, 50.066464023546246 ], [ 13.416901374204429, 50.064804407315478 ], [ 13.414962297781472, 50.054015504389952 ], [ 13.410222332693309, 50.050141972619201 ], [ 13.411299597771858, 50.042947442047364 ], [ 13.414746844945455, 50.041563754351557 ], [ 13.430044003492242, 50.040871896124543 ], [ 13.430474910062571, 50.035336668466755 ], [ 13.435430327986751, 50.033260793498869 ], [ 13.441893915763615, 50.034506329133308 ], [ 13.442971180842164, 50.040318401786692 ], [ 13.449650222353284, 50.045161258711403 ], [ 13.455467451621757, 50.04709826410658 ], [ 13.476150934663224, 50.047790033174579 ], [ 13.488000846934597, 50.042947442047364 ], [ 13.49898894696355, 50.044192726411893 ], [ 13.501789835628927, 50.047236619179273 ], [ 13.507607064897343, 50.048066737779266 ], [ 13.520103335677049, 50.04709826410658 ], [ 13.522688771506409, 50.040180027349436 ], [ 13.516440635667323, 50.036166993441782 ], [ 13.51665608850351, 50.032153623526597 ], [ 13.518595164926296, 50.026478976834881 ], [ 13.521826959263876, 50.025648484338433 ], [ 13.525058753601229, 50.01858871979249 ], [ 13.547250407393335, 50.017896529931647 ], [ 13.553498542334182, 50.014020083923242 ], [ 13.564486643261262, 50.012220198761952 ], [ 13.584954672568244, 49.997680195297448 ], [ 13.616841709373034, 49.998372676367069 ], [ 13.622443485805434, 49.99948062498737 ], [ 13.6276143565658, 50.002804317656739 ], [ 13.63364703867029, 50.003219762867047 ], [ 13.639248816001157, 50.006820139361082 ], [ 13.661440468894966, 50.006266253104229 ], [ 13.666395886819316, 50.003081281529205 ], [ 13.674798551917036, 50.001834930959092 ], [ 13.677599440582583, 49.990339285431844 ], [ 13.681477593428212, 49.989923728338226 ], [ 13.684493934031252, 49.982997254309737 ], [ 13.701945622735195, 49.980919117485712 ], [ 13.703453793485778, 49.970804237144023 ], [ 13.702780930171571, 49.970410803469065 ], [ 13.704827305877245, 49.969357843772912 ], [ 13.712906792170088, 49.969790900069881 ], [ 13.718293115766642, 49.973255212480694 ], [ 13.751620993693052, 49.973471723870659 ], [ 13.755660736390382, 49.970440477498187 ], [ 13.756670671840141, 49.950732723975193 ], [ 13.770136480831184, 49.947916671872747 ], [ 13.771483061730237, 49.945317093154586 ], [ 13.794711582464345, 49.944450535738042 ], [ 13.797068099711453, 49.941200806154256 ], [ 13.800771196959488, 49.941200806154256 ], [ 13.802791067859005, 49.93860086499501 ], [ 13.81322707050083, 49.936650816906706 ], [ 13.813743293198456, 49.936909236234555 ], [ 13.816256877748401, 49.938167528116992 ], [ 13.822316491345077, 49.94271737413851 ], [ 13.822653136794543, 49.948783166935129 ], [ 13.817940103198453, 49.949433027857538 ], [ 13.815246941400346, 49.95246559718845 ], [ 13.811207198702959, 49.953332010412851 ], [ 13.809187327803443, 49.965676705322494 ], [ 13.811543844152254, 49.969790900069881 ], [ 13.826019589491409, 49.971306567290412 ], [ 13.828039460390926, 49.974337759111506 ], [ 13.840831979381505, 49.974121251618158 ], [ 13.843525141179612, 49.971523087447565 ], [ 13.851604626574328, 49.971523087447565 ], [ 13.855644369271658, 49.9745542656309 ], [ 13.864060500115613, 49.975203778766627 ], [ 13.869110178262702, 49.971523087447565 ], [ 13.879209535455004, 49.9708735246316 ], [ 13.886952375400199, 49.966759421851009 ], [ 13.888298956299479, 49.963511198046774 ], [ 13.895368506244381, 49.962428407877098 ], [ 13.906477798886442, 49.963078085248185 ], [ 13.908834315235254, 49.966109794740873 ], [ 13.915567220629157, 49.966975962465426 ], [ 13.92633986782198, 49.971956124839664 ], [ 13.927013157822444, 49.986677067972778 ], [ 13.932399481418827, 49.987759312638048 ], [ 13.932399481418827, 49.991005899951176 ], [ 13.938122450464505, 49.992088047213429 ], [ 13.941152257712076, 50.000311569841472 ], [ 13.951924904904843, 50.00550464879035 ], [ 13.950914969455084, 50.01307688319929 ], [ 13.945865291307996, 50.013509546570901 ], [ 13.944855354960112, 50.024757419423963 ], [ 13.954954712152414, 50.026271354912581 ], [ 13.957984519400043, 50.023027148842914 ], [ 13.965054069344944, 50.021945697936133 ], [ 13.966400650243997, 50.018484891891376 ], [ 13.972123618391379, 50.016754395379223 ], [ 13.974143490189192, 50.013293215372073 ], [ 13.984242847381665, 50.014591186802363 ], [ 13.992322332776155, 50.021080519797238 ], [ 13.996362075473542, 50.022161990180678 ], [ 13.99804530182206, 50.02497369900874 ], [ 13.99804530182206, 50.037706603896709 ], [ 13.99804530182206, 50.037732462240626 ], [ 13.992995622776618, 50.040110840269733 ], [ 13.991649041877565, 50.045299618790693 ], [ 13.98727265373094, 50.047461444023838 ], [ 13.984916137381958, 50.052865581989977 ], [ 13.979866459235041, 50.05589163365147 ], [ 13.947548516758218, 50.056540048259706 ], [ 13.939132385914263, 50.060430353047877 ], [ 13.937112515014746, 50.074692104404107 ], [ 13.933409417766882, 50.076420513335279 ], [ 13.92566657692322, 50.076852605544786 ], [ 13.922636769675591, 50.080741263083667 ], [ 13.918260382427263, 50.08117331635367 ], [ 13.915903865180155, 50.084413594354601 ], [ 13.91152747703353, 50.085493637772288 ], [ 13.903111347087872, 50.092405342713107 ], [ 13.897388378042194, 50.093485206046637 ], [ 13.895368506244381, 50.096724651766692 ], [ 13.885605794501146, 50.101475441735886 ], [ 13.883249278152334, 50.108600743954185 ], [ 13.877862954555951, 50.11054382434304 ], [ 13.876853019106193, 50.116804324550344 ], [ 13.880556116354057, 50.118315356962285 ], [ 13.881902697253281, 50.122200650557375 ], [ 13.883249278152334, 50.136875579629475 ], [ 13.886952375400199, 50.139033278189572 ], [ 13.899744894391006, 50.139464805878731 ], [ 13.902438056189112, 50.136875579629475 ], [ 13.919943607877485, 50.135365133081393 ], [ 13.922973415125114, 50.131696706734544 ], [ 13.922973415125114, 50.127812183919616 ], [ 13.93441935321664, 50.127596368299351 ], [ 13.942162193161835, 50.134717784331656 ], [ 13.94721187220722, 50.135796693856946 ], [ 13.949905034005326, 50.139033278189572 ], [ 13.954954712152414, 50.140759366742714 ], [ 13.955291357601709, 50.146584455674827 ], [ 13.949905034005326, 50.148741716340965 ], [ 13.948558453106273, 50.15542860499562 ], [ 13.941488903161371, 50.158663860511581 ], [ 13.941488903161371, 50.172033928359269 ], [ 13.946538581308459, 50.174405646916114 ], [ 13.947548516758218, 50.184538025445534 ], [ 13.960341035748854, 50.191004377843797 ], [ 13.961014326647614, 50.198116354085698 ], [ 13.954618066703119, 50.199840309969716 ], [ 13.947548516758218, 50.204365398110326 ], [ 13.94721187220722, 50.210182737930154 ], [ 13.940478966813316, 50.211906258039335 ], [ 13.939805676813023, 50.218153496746652 ], [ 13.922636769675591, 50.218799715974512 ], [ 13.919943607877485, 50.222676848666197 ], [ 13.913547348831344, 50.225046052083314 ], [ 13.911864122482825, 50.230645520249254 ], [ 13.907151089785202, 50.232798986393107 ], [ 13.905804508886149, 50.247224703316533 ], [ 13.888972247198069, 50.248946885185489 ], [ 13.882912632703039, 50.244641313819557 ], [ 13.872139985510273, 50.244210735001616 ], [ 13.867426951914183, 50.244426024896825 ], [ 13.863392213741292, 50.248675614305739 ], [ 13.860709861360874, 50.248302733973787 ], [ 13.842228647645925, 50.248559646784486 ], [ 13.840219819736262, 50.249458831576192 ], [ 13.839014523170022, 50.259862447912042 ], [ 13.829372150640836, 50.261018265054474 ], [ 13.824149198255213, 50.264357135203227 ], [ 13.807275046328812, 50.26410030699401 ], [ 13.799440618648873, 50.257422297209587 ], [ 13.798235322082633, 50.252156283577676 ], [ 13.793815901040546, 50.25048645015255 ], [ 13.792208839251828, 50.247531986657009 ], [ 13.788994714775924, 50.247403527367567 ], [ 13.787588535149325, 50.24470580632152 ], [ 13.780155872691921, 50.240594699853318 ], [ 13.768504673151313, 50.238153562311595 ], [ 13.766094080018888, 50.235198333670098 ], [ 13.76127289285597, 50.23442737443213 ], [ 13.759665831067252, 50.231728918925057 ], [ 13.749420810254776, 50.230315381474043 ], [ 13.719690161323399, 50.229801357205247 ], [ 13.714266326775657, 50.228516273154128 ], [ 13.712257498865995, 50.226331549755685 ], [ 13.698396588355024, 50.22581748254504 ], [ 13.69156657418074, 50.229672850703423 ], [ 13.677705663669826, 50.229929863935638 ], [ 13.670875649495486, 50.234041890138201 ], [ 13.655809441520262, 50.233013916975779 ], [ 13.655005911074852, 50.227102639895179 ], [ 13.642551179292411, 50.224275248241554 ], [ 13.640542352281045, 50.216948954263671 ], [ 13.637127344744727, 50.215792068145049 ], [ 13.634314986389825, 50.208464471265017 ], [ 13.62507437908306, 50.207435946756959 ], [ 13.621420823922961, 50.204165411836755 ], [ 13.608237892618376, 50.201955464629805 ], [ 13.602901943848053, 50.196530614431765 ], [ 13.593171684643096, 50.194923132914312 ], [ 13.586894098435778, 50.191306101472094 ], [ 13.570886253023389, 50.191908959264936 ], [ 13.565236425706473, 50.194923132914312 ], [ 13.552367373846721, 50.194923132914312 ], [ 13.545148149304339, 50.193315597274932 ], [ 13.542009355751588, 50.190703236643287 ], [ 13.530395820774004, 50.188492665619833 ], [ 13.529454183337009, 50.186081017411937 ], [ 13.518154527804654, 50.180855361657393 ], [ 13.516271252032368, 50.17402094846841 ], [ 13.499007888839515, 50.172010641349289 ], [ 13.492102543742192, 50.164772834142525 ], [ 13.492730302632424, 50.157533930757211 ], [ 13.496496854176996, 50.155925136627616 ], [ 13.499007888839515, 50.15150067377823 ], [ 13.498380130847636, 50.147880354514257 ], [ 13.493671940967715, 50.146673519945637 ], [ 13.493358061522599, 50.138224828724503 ], [ 13.490533147414794, 50.131585524630111 ], [ 13.479861250772672, 50.130780697545674 ], [ 13.47421142255746, 50.128366136227669 ], [ 13.47421142255746, 50.119109188861671 ], [ 13.467933836350142, 50.116895305388709 ], [ 13.466364440022971, 50.111058213564604 ], [ 13.463539525915337, 50.109447856055397 ], [ 13.453495388163446, 50.109447856055397 ], [ 13.444079008403378, 50.113473648008153 ], [ 13.427443404100757, 50.11206465929348 ], [ 13.426501766663762, 50.109649153777355 ], [ 13.421479697338725, 50.108441355329433 ], [ 13.419596421566439, 50.105220410166737 ], [ 13.415829869123343, 50.104415140318793 ], [ 13.407982886589025, 50.089716582696724 ], [ 13.407385413526356, 50.089285326996958 ] ] ] } },
{ "type": "Feature", "properties": { "shapeName": "Klatovy", "shapeISO": "", "shapeID": "57006924B72008682408189", "shapeGroup": "CZE", "shapeType": "ADM2" }, "geometry": { "type": "Polygon", "coordinates": [ [ [ 13.02863583625026, 49.297166859661786 ], [ 13.030091803438495, 49.28674102740365 ], [ 13.028679346501349, 49.281788744490427 ], [ 13.024088861455198, 49.281212865360487 ], [ 13.023206075869439, 49.273841018541987 ], [ 13.029385574969922, 49.271076291913914 ], [ 13.031327703258683, 49.265085519313402 ], [ 13.0563988138951, 49.265085519313402 ], [ 13.056751928129529, 49.257596030606351 ], [ 13.062754870112997, 49.256097996467133 ], [ 13.063637655698813, 49.252525577730125 ], [ 13.068404697861922, 49.251257883127323 ], [ 13.070876497502297, 49.248722396259723 ], [ 13.08252926723469, 49.247454603994413 ], [ 13.083588609937692, 49.244457874682951 ], [ 13.089061880569602, 49.242844175873699 ], [ 13.089768109038232, 49.2359277265316 ], [ 13.084294838406265, 49.235466595469177 ], [ 13.084647952640694, 49.227742010199449 ], [ 13.102656778590813, 49.226704287320104 ], [ 13.104598906879573, 49.223245053646167 ], [ 13.109012834808539, 49.222322550433148 ], [ 13.110954963097299, 49.197754568894368 ], [ 13.128610674813217, 49.196831589915462 ], [ 13.130552803101978, 49.193947169594708 ], [ 13.135849516616702, 49.193485646734473 ], [ 13.13832131625685, 49.18898557318704 ], [ 13.142558687068799, 49.187947036544927 ], [ 13.143088358420187, 49.185408299646383 ], [ 13.149091300403711, 49.184023479162477 ], [ 13.150856871575286, 49.180907491374001 ], [ 13.154741128152637, 49.180330435067219 ], [ 13.156330142207196, 49.1775604711342 ], [ 13.1663938978852, 49.173174377855219 ], [ 13.175221753743074, 49.172712661217304 ], [ 13.175221753743074, 49.156318930490045 ], [ 13.17063126869698, 49.154355936977254 ], [ 13.171690611399924, 49.143038339899249 ], [ 13.183696495366746, 49.136916521464684 ], [ 13.184755838069748, 49.134028608791766 ], [ 13.1896994373501, 49.132988919041452 ], [ 13.190935337170231, 49.130331835056836 ], [ 13.196408607802198, 49.128945473835643 ], [ 13.197291393387957, 49.126288173137539 ], [ 13.201705321316922, 49.124901698847168 ], [ 13.202764664019867, 49.122359728628112 ], [ 13.208414491768963, 49.122128633965247 ], [ 13.21159251987774, 49.117737630760644 ], [ 13.222362504024545, 49.116350917402656 ], [ 13.22412807519612, 49.114386340447311 ], [ 13.244079029435056, 49.114039642319483 ], [ 13.247786728895392, 49.114733036152018 ], [ 13.249022628715579, 49.118084303042679 ], [ 13.291043222599342, 49.119239859816105 ], [ 13.295280593411064, 49.114501905951499 ], [ 13.299694521340029, 49.113692941768591 ], [ 13.300400749808773, 49.11138154283941 ], [ 13.312936305126982, 49.111150397023493 ], [ 13.31417220494717, 49.107914242519882 ], [ 13.319468918461894, 49.106411670462705 ], [ 13.32158760386784, 49.102828430395903 ], [ 13.326531203148193, 49.102019275861551 ], [ 13.328120217202752, 49.094273843563201 ], [ 13.332710702248676, 49.093348935049846 ], [ 13.333593487834662, 49.090574106114161 ], [ 13.346658714504258, 49.089533505277927 ], [ 13.346482157387072, 49.082133048102833 ], [ 13.352308542253411, 49.08120791340599 ], [ 13.353720999190784, 49.077854155663374 ], [ 13.359547384056896, 49.076466327596336 ], [ 13.360253612525469, 49.073921875428766 ], [ 13.366433111626179, 49.073112249679411 ], [ 13.368551797032126, 49.069873614731819 ], [ 13.372965724961091, 49.068601236096981 ], [ 13.374907853249681, 49.061776103690022 ], [ 13.37932178117876, 49.060040751074837 ], [ 13.380910795233149, 49.0565698640645 ], [ 13.386207508747873, 49.055991359331642 ], [ 13.388502751271005, 49.053098734676837 ], [ 13.391680779379783, 49.05275160840722 ], [ 13.394682250371545, 49.040253448403746 ], [ 13.40192109217503, 49.035044954579064 ], [ 13.405981905869737, 49.034813453306015 ], [ 13.407041248572739, 49.028562511689245 ], [ 13.405981905869737, 49.022773902487302 ], [ 13.400685192354842, 49.021268753795596 ], [ 13.401038306589271, 49.006562214264704 ], [ 13.406511577221181, 49.004014183243669 ], [ 13.40739436280694, 48.999033564335946 ], [ 13.406158462986753, 48.996716827690761 ], [ 13.400685192354842, 48.995442576605342 ], [ 13.400861749472028, 48.982234782283967 ], [ 13.403510106229419, 48.97945374787588 ], [ 13.412514519204649, 48.979221988003985 ], [ 13.415162875962039, 48.975977236643246 ], [ 13.427521874163062, 48.974702455105103 ], [ 13.428228102631806, 48.971921000412067 ], [ 13.43352481614653, 48.967632620385302 ], [ 13.439880872364256, 48.9660098939205 ], [ 13.441999557770032, 48.962764282566411 ], [ 13.445530700113352, 48.96253244510109 ], [ 13.448885285339315, 48.959286607423905 ], [ 13.46512854011786, 48.958591043296337 ], [ 13.467600339758064, 48.954417454834868 ], [ 13.471131482101384, 48.954185578570502 ], [ 13.473956395975733, 48.950475411761886 ], [ 13.483843594536779, 48.950359464603366 ], [ 13.487904408231316, 48.941662659766564 ], [ 13.505207005713032, 48.943054250394709 ], [ 13.506089791298848, 48.968096246818902 ], [ 13.517566003914055, 48.968212152753722 ], [ 13.518625346617057, 48.972384586970861 ], [ 13.543545982794626, 48.973299737704565 ], [ 13.542725895141189, 48.998056344091879 ], [ 13.548974030980162, 48.999469877567549 ], [ 13.548543124409775, 49.006960936278688 ], [ 13.543803160219966, 49.008091564210588 ], [ 13.543587707383722, 49.011624610957824 ], [ 13.544449518728015, 49.016146545062838 ], [ 13.548327671573759, 49.017135663469219 ], [ 13.548543124409775, 49.023352528362182 ], [ 13.555006713084765, 49.026178119762335 ], [ 13.555437618756969, 49.037055147275282 ], [ 13.561470301759869, 49.041433539114962 ], [ 13.566425719684048, 49.042563384100731 ], [ 13.567718436700318, 49.045811545529602 ], [ 13.592710979157971, 49.047929797402901 ], [ 13.594219149908724, 49.0501891665279 ], [ 13.603914532022941, 49.052024827976368 ], [ 13.606284515016284, 49.055413564035064 ], [ 13.606069061281801, 49.077575847994922 ], [ 13.599820926341124, 49.079269373593775 ], [ 13.598312755590541, 49.098317561248166 ], [ 13.586031937646794, 49.100151445656593 ], [ 13.585816484810778, 49.105511641247062 ], [ 13.597235490511821, 49.108191522521679 ], [ 13.598743661262574, 49.109884004016351 ], [ 13.598097302754354, 49.122857780014954 ], [ 13.592495526321954, 49.124972747287188 ], [ 13.591202808407218, 49.129202412401696 ], [ 13.593141884830175, 49.1327268575223 ], [ 13.597235490511821, 49.133572687233652 ], [ 13.598312755590541, 49.137378741461021 ], [ 13.603483626350737, 49.138365448687125 ], [ 13.605422702773581, 49.141466400579191 ], [ 13.610593573533947, 49.142734915753351 ], [ 13.641618798095976, 49.143298689591632 ], [ 13.650021463193923, 49.149077005168067 ], [ 13.649806010357906, 49.154291003381672 ], [ 13.659070486799919, 49.156263724756229 ], [ 13.664672263232319, 49.159927141313005 ], [ 13.674583099081019, 49.161195183890925 ], [ 13.676306722667846, 49.16429470717145 ], [ 13.692465693456995, 49.165562637920289 ], [ 13.693539443865973, 49.166654770404136 ], [ 13.694404769879839, 49.167534910370364 ], [ 13.694404769879839, 49.189365532624095 ], [ 13.699144734968172, 49.191336856806402 ], [ 13.700868358554942, 49.194012099281224 ], [ 13.711641005747708, 49.195560857654016 ], [ 13.713364629334535, 49.197109568122642 ], [ 13.713364629334535, 49.210623525341703 ], [ 13.700221999148425, 49.213438467954916 ], [ 13.698282922725582, 49.220193676964868 ], [ 13.693112051965215, 49.221741615447002 ], [ 13.693758411371789, 49.236655630837504 ], [ 13.710132834996955, 49.238625070051683 ], [ 13.712718270826315, 49.239891096481529 ], [ 13.712933723662331, 49.244532915929085 ], [ 13.715519158593338, 49.246642689730777 ], [ 13.723060012347048, 49.247486574127834 ], [ 13.725214541605851, 49.249174299065942 ], [ 13.725214541605851, 49.258736985935855 ], [ 13.714441894413085, 49.259299438927201 ], [ 13.710563740669159, 49.263517634391974 ], [ 13.706039229315309, 49.263939433873531 ], [ 13.706685587823358, 49.279965150769954 ], [ 13.730600865202234, 49.281932862503595 ], [ 13.731678130281011, 49.288538177258147 ], [ 13.737495359549428, 49.29233231935325 ], [ 13.737279906713411, 49.297109713261648 ], [ 13.730816318038421, 49.301886643557566 ], [ 13.730816318038421, 49.310174923782029 ], [ 13.736633547306894, 49.311720041987655 ], [ 13.738788077464164, 49.314810133599622 ], [ 13.742881683145811, 49.315512400299838 ], [ 13.744820759568597, 49.322815377867585 ], [ 13.755593406761591, 49.324640953344499 ], [ 13.759687013341534, 49.328011068313288 ], [ 13.773906907707897, 49.329134388708383 ], [ 13.775630531294837, 49.333627413986449 ], [ 13.77498417188832, 49.352577849745217 ], [ 13.77713870204542, 49.353981295887593 ], [ 13.78661863132362, 49.354542662664528 ], [ 13.78877316058248, 49.365488040148534 ], [ 13.793944031342846, 49.367732944653483 ], [ 13.7954522020936, 49.372082155520673 ], [ 13.794590390749363, 49.37488789348032 ], [ 13.79049678416925, 49.376010143939084 ], [ 13.788557707746463, 49.378815657688733 ], [ 13.78424864922863, 49.380078087271329 ], [ 13.76830513127544, 49.391017780364791 ], [ 13.76722786619689, 49.399992120002082 ], [ 13.762703353944744, 49.403076670689813 ], [ 13.761841542600507, 49.4064414139429 ], [ 13.760587696284119, 49.409160881604464 ], [ 13.76054882468577, 49.409245190225874 ], [ 13.735771735962601, 49.409805926618503 ], [ 13.734694470884051, 49.421159454570727 ], [ 13.731462676546471, 49.422420795496862 ], [ 13.715519158593338, 49.421019303642538 ], [ 13.714872800085288, 49.417935880197831 ], [ 13.697852017053378, 49.417655559528214 ], [ 13.689018446283399, 49.425083519803309 ], [ 13.672213116087732, 49.42620462374299 ], [ 13.665749528311096, 49.430408535512754 ], [ 13.612101744284701, 49.429988160780056 ], [ 13.610378120697931, 49.436573620654372 ], [ 13.601975455600154, 49.44175729749611 ], [ 13.587109202725571, 49.442037480477268 ], [ 13.584308314060195, 49.437414254231669 ], [ 13.573320214031241, 49.436853833837176 ], [ 13.568580248943078, 49.432930709429968 ], [ 13.555222165920782, 49.433070826335779 ], [ 13.550482201730915, 49.437414254231669 ], [ 13.541217724390606, 49.43769446202748 ], [ 13.537124118708789, 49.440636548978091 ], [ 13.512777935657709, 49.440636548978091 ], [ 13.502005288464943, 49.436293406454809 ], [ 13.495541699789953, 49.436573620654372 ], [ 13.49080173470162, 49.440496453685228 ], [ 13.483691787518467, 49.440496453685228 ], [ 13.48067544691537, 49.442597842220948 ], [ 13.480029087508854, 49.4480610308579 ], [ 13.476150934663224, 49.448621323179054 ], [ 13.470333705394637, 49.453243492834417 ], [ 13.455251998785741, 49.453943783780346 ], [ 13.454174733707134, 49.463886832440721 ], [ 13.457837433716747, 49.464867023243187 ], [ 13.46136224412686, 49.469157229846815 ], [ 13.477771140601192, 49.469874094841032 ], [ 13.480115269182363, 49.471845418755095 ], [ 13.480115269182363, 49.476594191590152 ], [ 13.471979765744891, 49.482507114015107 ], [ 13.46798095927511, 49.483402948964226 ], [ 13.466188389990293, 49.486000777808215 ], [ 13.460397015133992, 49.487971452672923 ], [ 13.458880225946359, 49.494689066362071 ], [ 13.453364631187355, 49.496928066064299 ], [ 13.451847841999722, 49.503375812901538 ], [ 13.442195550273141, 49.503465359356426 ], [ 13.438472523002304, 49.499883389090428 ], [ 13.433370597041687, 49.499166963338666 ], [ 13.421512067231674, 49.499704283489848 ], [ 13.412549224400721, 49.507584300455392 ], [ 13.409515646923865, 49.507852915054571 ], [ 13.403862161667007, 49.511971487361961 ], [ 13.397381337016725, 49.512061017501367 ], [ 13.39503720933385, 49.509733175952647 ], [ 13.394071979442629, 49.503107173720821 ], [ 13.394899318836053, 49.491106454251053 ], [ 13.389245833579253, 49.489673335283953 ], [ 13.387866934889416, 49.486627819775151 ], [ 13.382489229730027, 49.485284149417453 ], [ 13.380696661343336, 49.481342504020006 ], [ 13.363736204674524, 49.48116333056862 ], [ 13.361116296894579, 49.484836250909098 ], [ 13.349257767084566, 49.490569039701086 ], [ 13.348568317290585, 49.496748950231051 ], [ 13.342501162336873, 49.500778906093217 ], [ 13.341949603040689, 49.508479676522711 ], [ 13.336434007383332, 49.511255238597641 ], [ 13.334779328596255, 49.51438874885622 ], [ 13.330504742029234, 49.515015426585649 ], [ 13.328298503945973, 49.518059176377221 ], [ 13.322782909186742, 49.520386621691557 ], [ 13.321266119999336, 49.523340527287246 ], [ 13.313130616561864, 49.523609055364034 ], [ 13.309959149485508, 49.521818840717629 ], [ 13.309131810092083, 49.515194475557394 ], [ 13.305408782821246, 49.514120170144963 ], [ 13.297273279383717, 49.514657326092561 ], [ 13.294653371603772, 49.51770109758678 ], [ 13.290792454733491, 49.518685807076906 ], [ 13.288999886346971, 49.521281763425804 ], [ 13.289413556043655, 49.52933730282723 ], [ 13.294929151701012, 49.530500770927915 ], [ 13.295067041300513, 49.538465309172125 ], [ 13.29024089543708, 49.539896998619156 ], [ 13.285966308870059, 49.544012872500502 ], [ 13.273418329266065, 49.5434760390213 ], [ 13.265007046629648, 49.539807519439705 ], [ 13.261559799456052, 49.530679763786679 ], [ 13.251493838032729, 49.530590267147772 ], [ 13.248322370058077, 49.538196862694633 ], [ 13.23935952722718, 49.538823235903408 ], [ 13.236739619447007, 49.537570482040451 ], [ 13.234947051060658, 49.530053286204861 ], [ 13.226397877926445, 49.529695295826912 ], [ 13.22226118185722, 49.526115246104439 ], [ 13.211092100943006, 49.524683152923728 ], [ 13.210678431246095, 49.517432537065076 ], [ 13.198406231739568, 49.517432537065076 ], [ 13.197992562042657, 49.520386621691557 ], [ 13.193580085876135, 49.521013222567831 ], [ 13.182873250019327, 49.520178091664548 ], [ 13.183350379542787, 49.520146049370965 ], [ 13.184755132644682, 49.51438874885622 ], [ 13.182824674658718, 49.511523833040314 ], [ 13.179515317084565, 49.510449447003509 ], [ 13.178274307994229, 49.507315684381297 ], [ 13.174689171221189, 49.506420287010087 ], [ 13.171931372943448, 49.500599803770399 ], [ 13.166691557383331, 49.497644524592886 ], [ 13.166035201524267, 49.487989367731359 ], [ 13.160387231923437, 49.484721588204025 ], [ 13.160563731113825, 49.466773579349251 ], [ 13.15156227959028, 49.460808567907293 ], [ 13.136295111299262, 49.4586862253297 ], [ 13.128705651502287, 49.454326530552748 ], [ 13.127558407663003, 49.443655114804017 ], [ 13.109643754211106, 49.441015588907135 ], [ 13.107349266532651, 49.438031606286131 ], [ 13.102936789467719, 49.43711342112357 ], [ 13.102054294414131, 49.434243982205089 ], [ 13.095612079354567, 49.431776130210892 ], [ 13.096847572789102, 49.426151260068593 ], [ 13.11317373532404, 49.425462456150342 ], [ 13.120674944627524, 49.420468337813872 ], [ 13.122969432306149, 49.418516475651302 ], [ 13.123675429067646, 49.40961729583654 ], [ 13.143090324739546, 49.397959800180104 ], [ 13.143090324739546, 49.391986415129338 ], [ 13.115026975026524, 49.390665280090843 ], [ 13.1097320038063, 49.38917178015339 ], [ 13.109996751693529, 49.386471876220071 ], [ 13.110526249264865, 49.383024975423325 ], [ 13.134706619484007, 49.382163212295438 ], [ 13.142913825549215, 49.377222145466305 ], [ 13.144414067769048, 49.366361544727738 ], [ 13.150679783638225, 49.363315548532739 ], [ 13.151032782019001, 49.350842237442066 ], [ 13.144061069388329, 49.344403162171034 ], [ 13.146090808281201, 49.335893091006881 ], [ 13.151915277072533, 49.333017734563782 ], [ 13.151738778780668, 49.323297785551176 ], [ 13.141237085037062, 49.318811008267801 ], [ 13.134265372406389, 49.318235750981728 ], [ 13.128529152311899, 49.318465854936619 ], [ 13.123498929877258, 49.322089847490872 ], [ 13.114409228758518, 49.321802238544592 ], [ 13.111055745937676, 49.313863575085009 ], [ 13.106025523502979, 49.313115664005295 ], [ 13.082727648337368, 49.312828002648871 ], [ 13.08184515328378, 49.315244304077282 ], [ 13.068872472671387, 49.317890593619097 ], [ 13.066313236207236, 49.320421693390813 ], [ 13.055193795297328, 49.321169493535479 ], [ 13.044515603261686, 49.320076551348052 ], [ 13.039397130333498, 49.315129244708487 ], [ 13.035249402952559, 49.313863575085009 ], [ 13.034366907000503, 49.310411582689767 ], [ 13.040897372553559, 49.306383953271734 ], [ 13.041779867607318, 49.30005415524397 ], [ 13.02863583625026, 49.297166859661786 ] ] ] } },
{ "type": "Feature", "properties": { "shapeName": "Plzeň-South", "shapeISO": "", "shapeID": "57006924B26466431753540", "shapeGroup": "CZE", "shapeType": "ADM2" }, "geometry": { "type": "Polygon", "coordinates": [ [ [ 13.009656701555173, 49.645153770166758 ], [ 13.011418927434875, 49.627586184483334 ], [ 13.012496192513424, 49.62395748091194 ], [ 13.016589798195241, 49.623259622069554 ], [ 13.017451610437774, 49.618513918483529 ], [ 13.014866174608471, 49.615582517989992 ], [ 13.005817151002304, 49.614605345113546 ], [ 13.005817151002304, 49.607485351514015 ], [ 13.009479851011861, 49.606368395463335 ], [ 13.024346104784797, 49.606508016878593 ], [ 13.030594239725417, 49.608043820233661 ], [ 13.031886957640154, 49.622980475966699 ], [ 13.040720528410134, 49.624376191070382 ], [ 13.045460493498297, 49.628702654328436 ], [ 13.059249482192627, 49.629958652245648 ], [ 13.06743669355609, 49.633447365559277 ], [ 13.08122568225042, 49.630516863470461 ], [ 13.087689270925353, 49.630516863470461 ], [ 13.093075594521736, 49.633586909406347 ], [ 13.099539183196896, 49.633447365559277 ], [ 13.102340070963919, 49.631912362672722 ], [ 13.103417336042469, 49.626469689049827 ], [ 13.108157301130632, 49.625911432028374 ], [ 13.118929948323625, 49.617397215139192 ], [ 13.128840784172155, 49.616420078648332 ], [ 13.130779860594942, 49.614186550407567 ], [ 13.139613431364921, 49.61348855220416 ], [ 13.142414319132001, 49.6118133145672 ], [ 13.144568849289271, 49.592543946618491 ], [ 13.148662454970918, 49.591426648269874 ], [ 13.149955172885655, 49.589191974791788 ], [ 13.162020537993214, 49.587795252026069 ], [ 13.163959614416001, 49.584163585445083 ], [ 13.163313255009484, 49.56614093311174 ], [ 13.162235990829231, 49.563905101436205 ], [ 13.152325154980531, 49.563485871816624 ], [ 13.149308813479138, 49.566979343738524 ], [ 13.143060678538518, 49.566979343738524 ], [ 13.131857124775195, 49.561669167370553 ], [ 13.130995313430958, 49.55789579667271 ], [ 13.132718937017785, 49.554401674219662 ], [ 13.136166184191325, 49.553842591801413 ], [ 13.139182525692888, 49.546434141496093 ], [ 13.144784302125288, 49.544477005255658 ], [ 13.147369737056351, 49.53245287403854 ], [ 13.154695137973818, 49.528817089330971 ], [ 13.163313255009484, 49.528397557927917 ], [ 13.167837767261631, 49.524062193550378 ], [ 13.171715920107431, 49.523782478951148 ], [ 13.173008638021997, 49.520985249610533 ], [ 13.177102243703814, 49.520565651582558 ], [ 13.182873250019327, 49.520178091664548 ], [ 13.193580085876135, 49.521013222567831 ], [ 13.197992562042657, 49.520386621691557 ], [ 13.198406231739568, 49.517432537065076 ], [ 13.210678431246095, 49.517432537065076 ], [ 13.211092100943006, 49.524683152923728 ], [ 13.22226118185722, 49.526115246104439 ], [ 13.226397877926445, 49.529695295826912 ], [ 13.234947051060658, 49.530053286204861 ], [ 13.236739619447007, 49.537570482040451 ], [ 13.23935952722718, 49.538823235903408 ], [ 13.248322370058077, 49.538196862694633 ], [ 13.251493838032729, 49.530590267147772 ], [ 13.261559799456052, 49.530679763786679 ], [ 13.265007046629648, 49.539807519439705 ], [ 13.273418329266065, 49.5434760390213 ], [ 13.285966308870059, 49.544012872500502 ], [ 13.29024089543708, 49.539896998619156 ], [ 13.295067041300513, 49.538465309172125 ], [ 13.294929151701012, 49.530500770927915 ], [ 13.289413556043655, 49.52933730282723 ], [ 13.288999886346971, 49.521281763425804 ], [ 13.290792454733491, 49.518685807076906 ], [ 13.294653371603772, 49.51770109758678 ], [ 13.297273279383717, 49.514657326092561 ], [ 13.305408782821246, 49.514120170144963 ], [ 13.309131810092083, 49.515194475557394 ], [ 13.309959149485508, 49.521818840717629 ], [ 13.313130616561864, 49.523609055364034 ], [ 13.321266119999336, 49.523340527287246 ], [ 13.322782909186742, 49.520386621691557 ], [ 13.328298503945973, 49.518059176377221 ], [ 13.330504742029234, 49.515015426585649 ], [ 13.334779328596255, 49.51438874885622 ], [ 13.336434007383332, 49.511255238597641 ], [ 13.341949603040689, 49.508479676522711 ], [ 13.342501162336873, 49.500778906093217 ], [ 13.348568317290585, 49.496748950231051 ], [ 13.349257767084566, 49.490569039701086 ], [ 13.361116296894579, 49.484836250909098 ], [ 13.363736204674524, 49.48116333056862 ], [ 13.380696661343336, 49.481342504020006 ], [ 13.382489229730027, 49.485284149417453 ], [ 13.387866934889416, 49.486627819775151 ], [ 13.389245833579253, 49.489673335283953 ], [ 13.394899318836053, 49.491106454251053 ], [ 13.394071979442629, 49.503107173720821 ], [ 13.39503720933385, 49.509733175952647 ], [ 13.397381337016725, 49.512061017501367 ], [ 13.403862161667007, 49.511971487361961 ], [ 13.409515646923865, 49.507852915054571 ], [ 13.412549224400721, 49.507584300455392 ], [ 13.421512067231674, 49.499704283489848 ], [ 13.433370597041687, 49.499166963338666 ], [ 13.438472523002304, 49.499883389090428 ], [ 13.442195550273141, 49.503465359356426 ], [ 13.451847841999722, 49.503375812901538 ], [ 13.453364631187355, 49.496928066064299 ], [ 13.458880225946359, 49.494689066362071 ], [ 13.460397015133992, 49.487971452672923 ], [ 13.466188389990293, 49.486000777808215 ], [ 13.46798095927511, 49.483402948964226 ], [ 13.471979765744891, 49.482507114015107 ], [ 13.480115269182363, 49.476594191590152 ], [ 13.480115269182363, 49.471845418755095 ], [ 13.477771140601192, 49.469874094841032 ], [ 13.46136224412686, 49.469157229846815 ], [ 13.457837433716747, 49.464867023243187 ], [ 13.454174733707134, 49.463886832440721 ], [ 13.455251998785741, 49.453943783780346 ], [ 13.470333705394637, 49.453243492834417 ], [ 13.476150934663224, 49.448621323179054 ], [ 13.480029087508854, 49.4480610308579 ], [ 13.48067544691537, 49.442597842220948 ], [ 13.483691787518467, 49.440496453685228 ], [ 13.49080173470162, 49.440496453685228 ], [ 13.495541699789953, 49.436573620654372 ], [ 13.502005288464943, 49.436293406454809 ], [ 13.512777935657709, 49.440636548978091 ], [ 13.537124118708789, 49.440636548978091 ], [ 13.541217724390606, 49.43769446202748 ], [ 13.550482201730915, 49.437414254231669 ], [ 13.555222165920782, 49.433070826335779 ], [ 13.568580248943078, 49.432930709429968 ], [ 13.573320214031241, 49.436853833837176 ], [ 13.584308314060195, 49.437414254231669 ], [ 13.587109202725571, 49.442037480477268 ], [ 13.601975455600154, 49.44175729749611 ], [ 13.610378120697931, 49.436573620654372 ], [ 13.612101744284701, 49.429988160780056 ], [ 13.665749528311096, 49.430408535512754 ], [ 13.672213116087732, 49.42620462374299 ], [ 13.689018446283399, 49.425083519803309 ], [ 13.697852017053378, 49.417655559528214 ], [ 13.714872800085288, 49.417935880197831 ], [ 13.715519158593338, 49.421019303642538 ], [ 13.731462676546471, 49.422420795496862 ], [ 13.734694470884051, 49.421159454570727 ], [ 13.735771735962601, 49.409805926618503 ], [ 13.76054882468577, 49.409245190225874 ], [ 13.760587696284119, 49.409160881604464 ], [ 13.767455729258643, 49.410076647609685 ], [ 13.767753571080959, 49.425318953703083 ], [ 13.772993386641076, 49.426843641800986 ], [ 13.774234395731412, 49.433479965573838 ], [ 13.778784762395674, 49.435363083387131 ], [ 13.780853110879434, 49.440025730429625 ], [ 13.780025771486009, 49.446749921078549 ], [ 13.774923845525393, 49.449797916560499 ], [ 13.772717607442132, 49.456341503416695 ], [ 13.768994580171295, 49.457327447261321 ], [ 13.76623678279168, 49.46351155354597 ], [ 13.765935148282153, 49.488245773515757 ], [ 13.7648578841019, 49.490205161903987 ], [ 13.755377953925574, 49.49118482668905 ], [ 13.753223424666544, 49.49314409685752 ], [ 13.753007971830527, 49.496782534645604 ], [ 13.758514949051062, 49.499346070905631 ], [ 13.760307517437639, 49.506241205919537 ], [ 13.765409443398255, 49.508479676522711 ], [ 13.767615681481516, 49.515910666639456 ], [ 13.772028157647981, 49.516805890306387 ], [ 13.772029318709087, 49.516836124338056 ], [ 13.77218328412124, 49.520845384001348 ], [ 13.77218328412124, 49.526719398061573 ], [ 13.777354154881436, 49.528956932137419 ], [ 13.77929323130445, 49.535249447894955 ], [ 13.778000513389657, 49.540562496405244 ], [ 13.76399607185931, 49.55454144440705 ], [ 13.760117919013737, 49.555380053635361 ], [ 13.757963389754707, 49.55859459069876 ], [ 13.753007971830527, 49.559852395330381 ], [ 13.751499801079774, 49.562507654789783 ], [ 13.746975288827628, 49.563485871816624 ], [ 13.745467118076817, 49.568795850022582 ], [ 13.744820759568597, 49.59128698424945 ], [ 13.751930706751978, 49.593381903729835 ], [ 13.757532483184377, 49.601202141202862 ], [ 13.756670671840141, 49.630237758948738 ], [ 13.756456647220944, 49.643128412680937 ], [ 13.756455219004124, 49.643214433854553 ], [ 13.739649888808401, 49.644191032999402 ], [ 13.735125377454381, 49.647957731418558 ], [ 13.695482034958559, 49.648097233105887 ], [ 13.691603882112759, 49.648655236439595 ], [ 13.689233899119415, 49.651026677939797 ], [ 13.668550416078119, 49.651026677939797 ], [ 13.66359499815394, 49.655490254546294 ], [ 13.654976881118102, 49.655908693647973 ], [ 13.647651480200636, 49.655769214347117 ], [ 13.646143309449826, 49.648794736128195 ], [ 13.642696062276457, 49.646981207831573 ], [ 13.634508850912823, 49.647260216984932 ], [ 13.631707962247447, 49.654653364968397 ], [ 13.603483626350737, 49.655071811847108 ], [ 13.597881849918338, 49.659116608978991 ], [ 13.586247390483038, 49.661348077481591 ], [ 13.586462843319055, 49.666229057846749 ], [ 13.591202808407218, 49.667623534224163 ], [ 13.592495526321954, 49.669994051514664 ], [ 13.592280073485938, 49.674874164477501 ], [ 13.598528208426558, 49.677941413718031 ], [ 13.598528208426558, 49.695783389604628 ], [ 13.597235490511821, 49.697455738828012 ], [ 13.585601031974761, 49.696898295675055 ], [ 13.583661955551975, 49.692856639254842 ], [ 13.579137443299828, 49.692717265877263 ], [ 13.579136488175664, 49.69269996517329 ], [ 13.578921990463641, 49.68881464671415 ], [ 13.578060178221108, 49.684772318626074 ], [ 13.573535666867258, 49.684911714785244 ], [ 13.569442060287315, 49.6801720188231 ], [ 13.560393036681148, 49.678638488441834 ], [ 13.560177583845132, 49.664555634243698 ], [ 13.558884865930565, 49.662742693183986 ], [ 13.555006713084765, 49.662184851932579 ], [ 13.553713995170199, 49.651305663325161 ], [ 13.547465860229522, 49.649771223336074 ], [ 13.546604047986989, 49.646841702946062 ], [ 13.540355913046369, 49.645725648887833 ], [ 13.539925007374165, 49.641958777764728 ], [ 13.522473318670222, 49.640982133844318 ], [ 13.521826959263876, 49.634145078469317 ], [ 13.519026071496626, 49.632470551508106 ], [ 13.508468876241579, 49.633865994737334 ], [ 13.504159817723917, 49.637075362847668 ], [ 13.49791168188483, 49.637075362847668 ], [ 13.494895341281733, 49.629121324287212 ], [ 13.475935481827207, 49.627586184483334 ], [ 13.463008304477114, 49.632889188500371 ], [ 13.461931040296861, 49.638610203015674 ], [ 13.455682904457944, 49.643912006837411 ], [ 13.449865675189301, 49.644749080526026 ], [ 13.448142051602531, 49.648097233105887 ], [ 13.417116827040445, 49.648515736351271 ], [ 13.414962297781472, 49.651863629880268 ], [ 13.410222332693309, 49.65297954322034 ], [ 13.409575974185088, 49.659813954097217 ], [ 13.422287697800869, 49.661348077481591 ], [ 13.423795868551451, 49.664555634243698 ], [ 13.428535833639785, 49.665671256568487 ], [ 13.428535833639785, 49.684632922067237 ], [ 13.425950397810425, 49.686445046738015 ], [ 13.416470468532225, 49.687002610372929 ], [ 13.414315938375125, 49.690487236318575 ], [ 13.401388761923329, 49.691462886912859 ], [ 13.400311496844779, 49.693832242288408 ], [ 13.394709720412209, 49.694947193120868 ], [ 13.384152526055402, 49.694250351630046 ], [ 13.381782543960583, 49.690765995463607 ], [ 13.351834584477103, 49.68881464671415 ], [ 13.349680054319947, 49.685748083928047 ], [ 13.338045595782773, 49.685051110544691 ], [ 13.332228365615833, 49.685748083928047 ], [ 13.32856566560622, 49.688954031863602 ], [ 13.307020371220688, 49.689232799801403 ], [ 13.304219482555311, 49.690347856146616 ], [ 13.302064953296338, 49.696898295675055 ], [ 13.295511456611962, 49.697897544775401 ], [ 13.295480710997197, 49.69784037136327 ], [ 13.271212091182861, 49.690793871173867 ], [ 13.270384751789209, 49.681694348009046 ], [ 13.268178513706005, 49.6802668172935 ], [ 13.250528608141337, 49.679285365287967 ], [ 13.242255215104535, 49.675716283391807 ], [ 13.232189253681042, 49.674556274734698 ], [ 13.220330722972903, 49.675359360329708 ], [ 13.211229990542506, 49.682408097359485 ], [ 13.207369073671998, 49.683300270185214 ], [ 13.204749165892053, 49.689901836445642 ], [ 13.194131645172376, 49.691775090873818 ], [ 13.189719169005855, 49.695610576871275 ], [ 13.179928986781306, 49.699178198483594 ], [ 13.1751028409181, 49.698643072403797 ], [ 13.171793483344004, 49.691418286266298 ], [ 13.163244310209734, 49.690615465886538 ], [ 13.157452935353433, 49.694807825738337 ], [ 13.126841380488088, 49.693202283692528 ], [ 13.125324592198808, 49.690080244933426 ], [ 13.120360555837692, 49.688563753367532 ], [ 13.120222666238192, 49.686690375757678 ], [ 13.107123126439717, 49.679999150582148 ], [ 13.106295787944418, 49.677857763846987 ], [ 13.094023587539368, 49.675270129445664 ], [ 13.086991203592902, 49.668934304827644 ], [ 13.079545149949524, 49.667506399518288 ], [ 13.074994783285092, 49.668845062155413 ], [ 13.072788545201831, 49.671968464660893 ], [ 13.053277528946239, 49.672323050213834 ], [ 13.05300134635371, 49.671806721777841 ], [ 13.048907740671893, 49.668739086196865 ], [ 13.04847683499986, 49.655769214347117 ], [ 13.046106852006517, 49.653676975702069 ], [ 13.037488734072554, 49.649771223336074 ], [ 13.025423368965221, 49.649073734306 ], [ 13.022837934034158, 49.646702197660545 ], [ 13.017356811225739, 49.645457792083334 ], [ 13.009656701555173, 49.645153770166758 ] ] ] } },
{ "type": "Feature", "properties": { "shapeName": "Plzeň-City", "shapeISO": "", "shapeID": "57006924B96542005161261", "shapeGroup": "CZE", "shapeType": "ADM2" }, "geometry": { "type": "Polygon", "coordinates": [ [ [ 13.295511456611962, 49.697897544775401 ], [ 13.302064953296338, 49.696898295675055 ], [ 13.304219482555311, 49.690347856146616 ], [ 13.307020371220688, 49.689232799801403 ], [ 13.32856566560622, 49.688954031863602 ], [ 13.332228365615833, 49.685748083928047 ], [ 13.338045595782773, 49.685051110544691 ], [ 13.349680054319947, 49.685748083928047 ], [ 13.351834584477103, 49.68881464671415 ], [ 13.381782543960583, 49.690765995463607 ], [ 13.384152526055402, 49.694250351630046 ], [ 13.394709720412209, 49.694947193120868 ], [ 13.400311496844779, 49.693832242288408 ], [ 13.401388761923329, 49.691462886912859 ], [ 13.414315938375125, 49.690487236318575 ], [ 13.416470468532225, 49.687002610372929 ], [ 13.425950397810425, 49.686445046738015 ], [ 13.428535833639785, 49.684632922067237 ], [ 13.428535833639785, 49.665671256568487 ], [ 13.423795868551451, 49.664555634243698 ], [ 13.422287697800869, 49.661348077481591 ], [ 13.409575974185088, 49.659813954097217 ], [ 13.410222332693309, 49.65297954322034 ], [ 13.414962297781472, 49.651863629880268 ], [ 13.417116827040445, 49.648515736351271 ], [ 13.448142051602531, 49.648097233105887 ], [ 13.449865675189301, 49.644749080526026 ], [ 13.455682904457944, 49.643912006837411 ], [ 13.461931040296861, 49.638610203015674 ], [ 13.463008304477114, 49.632889188500371 ], [ 13.475935481827207, 49.627586184483334 ], [ 13.494895341281733, 49.629121324287212 ], [ 13.49791168188483, 49.637075362847668 ], [ 13.504159817723917, 49.637075362847668 ], [ 13.508468876241579, 49.633865994737334 ], [ 13.519026071496626, 49.632470551508106 ], [ 13.521826959263876, 49.634145078469317 ], [ 13.522473318670222, 49.640982133844318 ], [ 13.539925007374165, 49.641958777764728 ], [ 13.540355913046369, 49.645725648887833 ], [ 13.546604047986989, 49.646841702946062 ], [ 13.547465860229522, 49.649771223336074 ], [ 13.553713995170199, 49.651305663325161 ], [ 13.555006713084765, 49.662184851932579 ], [ 13.558884865930565, 49.662742693183986 ], [ 13.560177583845132, 49.664555634243698 ], [ 13.560393036681148, 49.678638488441834 ], [ 13.569442060287315, 49.6801720188231 ], [ 13.573535666867258, 49.684911714785244 ], [ 13.578060178221108, 49.684772318626074 ], [ 13.578921990463641, 49.68881464671415 ], [ 13.579136488175664, 49.69269996517329 ], [ 13.573306769844692, 49.693077405783242 ], [ 13.571188780458328, 49.696673755661436 ], [ 13.567123787016726, 49.697572801402941 ], [ 13.56229764115335, 49.701140278960565 ], [ 13.552783239026212, 49.700872727751801 ], [ 13.545612964581778, 49.703102280208611 ], [ 13.545337185382834, 49.708006936998629 ], [ 13.541476268512554, 49.709166147013377 ], [ 13.539270030429122, 49.715675043596661 ], [ 13.544096176292499, 49.71781476452901 ], [ 13.545061405285423, 49.728155419004679 ], [ 13.543268836899074, 49.730116329146483 ], [ 13.534030213970709, 49.731275011461889 ], [ 13.530582966797283, 49.737870061593185 ], [ 13.500798751325362, 49.739295900431273 ], [ 13.499281963036083, 49.741434580422265 ], [ 13.499006182938842, 49.744375110909061 ], [ 13.505211228390351, 49.748562831947822 ], [ 13.505900677286036, 49.754531937316187 ], [ 13.512105722737374, 49.757382593802902 ], [ 13.512243612336817, 49.762370839731375 ], [ 13.530996636494024, 49.765844493266684 ], [ 13.53789113084099, 49.772256738712599 ], [ 13.542993056801663, 49.772791054258732 ], [ 13.543958285794702, 49.776442052448886 ], [ 13.543820396195258, 49.783387094664533 ], [ 13.541752047711498, 49.785523830639534 ], [ 13.527273610121483, 49.785701887329992 ], [ 13.522999023554291, 49.792912648392701 ], [ 13.511416272943393, 49.794959952547913 ], [ 13.510726823149412, 49.811513234278152 ], [ 13.508156955067193, 49.819505396270245 ], [ 13.503694439202775, 49.818720152391109 ], [ 13.498730403739899, 49.818008405526257 ], [ 13.491698018894965, 49.813025886065759 ], [ 13.488526551818666, 49.806619035879578 ], [ 13.464809491300457, 49.80492819791624 ], [ 13.462741142816697, 49.797897238327323 ], [ 13.4592938956431, 49.796562130514189 ], [ 13.456260318166244, 49.785968971718887 ], [ 13.452950961490444, 49.784455474432264 ], [ 13.439851421691969, 49.784722565692846 ], [ 13.437093624312524, 49.792200522564201 ], [ 13.426062433896107, 49.791399368056318 ], [ 13.42413197501179, 49.788995825017764 ], [ 13.414066013588297, 49.788817779854583 ], [ 13.409653537421605, 49.809021704298971 ], [ 13.40041491449341, 49.812669972353774 ], [ 13.376008405079574, 49.812314056024263 ], [ 13.369665470028622, 49.809021704298971 ], [ 13.360426847998724, 49.808131841205409 ], [ 13.360426847998724, 49.801368345787409 ], [ 13.3653908834616, 49.799143305354619 ], [ 13.366356112454525, 49.794870941299905 ], [ 13.364977213764689, 49.791933472534083 ], [ 13.359875287804243, 49.789084847064032 ], [ 13.356979600825127, 49.783387094664533 ], [ 13.351050335471086, 49.78249676038655 ], [ 13.346637859304394, 49.783921287493513 ], [ 13.345396850214229, 49.786057999907825 ], [ 13.327609055050118, 49.786948268739081 ], [ 13.320163000508501, 49.788283641598468 ], [ 13.318646212219221, 49.790509181031211 ], [ 13.311062268078047, 49.791221331728195 ], [ 13.305133003622302, 49.795672038381554 ], [ 13.299479518365274, 49.797363199619269 ], [ 13.299893188062185, 49.801635343791418 ], [ 13.295618601494994, 49.803326296763714 ], [ 13.287069428360951, 49.802169335381905 ], [ 13.285828419270615, 49.795583028442422 ], [ 13.281691722303037, 49.794603905994393 ], [ 13.280450714111055, 49.791577403149972 ], [ 13.274383559157286, 49.788283641598468 ], [ 13.274245668659546, 49.780537967149655 ], [ 13.282932731393203, 49.774839208895344 ], [ 13.292722913617752, 49.773592516532858 ], [ 13.295204931798253, 49.759609552696645 ], [ 13.289689336140896, 49.755511869130657 ], [ 13.290103005837636, 49.744375110909061 ], [ 13.308304470698431, 49.734037911784128 ], [ 13.306925572008822, 49.727798881535591 ], [ 13.297549059481014, 49.726372704890935 ], [ 13.295480710997197, 49.724857345896737 ], [ 13.295756491094437, 49.721380756379119 ], [ 13.301823646048206, 49.717101535081099 ], [ 13.303202544737985, 49.712911098627615 ], [ 13.301685756448705, 49.707026045602447 ], [ 13.298376398874609, 49.705777609038535 ], [ 13.296583830488089, 49.699891691724474 ], [ 13.295511456611962, 49.697897544775401 ] ] ] } },
{ "type": "Feature", "properties": { "shapeName": "Rokycany", "shapeISO": "", "shapeID": "57006924B76318940607058", "shapeGroup": "CZE", "shapeType": "ADM2" }, "geometry": { "type": "Polygon", "coordinates": [ [ [ 13.508156955067193, 49.819505396270245 ], [ 13.510726823149412, 49.811513234278152 ], [ 13.511416272943393, 49.794959952547913 ], [ 13.522999023554291, 49.792912648392701 ], [ 13.527273610121483, 49.785701887329992 ], [ 13.541752047711498, 49.785523830639534 ], [ 13.543820396195258, 49.783387094664533 ], [ 13.543958285794702, 49.776442052448886 ], [ 13.542993056801663, 49.772791054258732 ], [ 13.53789113084099, 49.772256738712599 ], [ 13.530996636494024, 49.765844493266684 ], [ 13.512243612336817, 49.762370839731375 ], [ 13.512105722737374, 49.757382593802902 ], [ 13.505900677286036, 49.754531937316187 ], [ 13.505211228390351, 49.748562831947822 ], [ 13.499006182938842, 49.744375110909061 ], [ 13.499281963036083, 49.741434580422265 ], [ 13.500798751325362, 49.739295900431273 ], [ 13.530582966797283, 49.737870061593185 ], [ 13.534030213970709, 49.731275011461889 ], [ 13.543268836899074, 49.730116329146483 ], [ 13.545061405285423, 49.728155419004679 ], [ 13.544096176292499, 49.71781476452901 ], [ 13.539270030429122, 49.715675043596661 ], [ 13.541476268512554, 49.709166147013377 ], [ 13.545337185382834, 49.708006936998629 ], [ 13.545612964581778, 49.703102280208611 ], [ 13.552783239026212, 49.700872727751801 ], [ 13.56229764115335, 49.701140278960565 ], [ 13.567123787016726, 49.697572801402941 ], [ 13.571188780458328, 49.696673755661436 ], [ 13.573306769844692, 49.693077405783242 ], [ 13.579136488175664, 49.69269996517329 ], [ 13.579137443299828, 49.692717265877263 ], [ 13.583661955551975, 49.692856639254842 ], [ 13.585601031974761, 49.696898295675055 ], [ 13.597235490511821, 49.697455738828012 ], [ 13.598528208426558, 49.695783389604628 ], [ 13.598528208426558, 49.677941413718031 ], [ 13.592280073485938, 49.674874164477501 ], [ 13.592495526321954, 49.669994051514664 ], [ 13.591202808407218, 49.667623534224163 ], [ 13.586462843319055, 49.666229057846749 ], [ 13.586247390483038, 49.661348077481591 ], [ 13.597881849918338, 49.659116608978991 ], [ 13.603483626350737, 49.655071811847108 ], [ 13.631707962247447, 49.654653364968397 ], [ 13.634508850912823, 49.647260216984932 ], [ 13.642696062276457, 49.646981207831573 ], [ 13.646143309449826, 49.648794736128195 ], [ 13.647651480200636, 49.655769214347117 ], [ 13.654976881118102, 49.655908693647973 ], [ 13.66359499815394, 49.655490254546294 ], [ 13.668550416078119, 49.651026677939797 ], [ 13.689233899119415, 49.651026677939797 ], [ 13.691603882112759, 49.648655236439595 ], [ 13.695482034958559, 49.648097233105887 ], [ 13.735125377454381, 49.647957731418558 ], [ 13.739649888808401, 49.644191032999402 ], [ 13.756455219004124, 49.643214433854553 ], [ 13.756456647220944, 49.643128412680937 ], [ 13.775423289060257, 49.644247807480383 ], [ 13.77522247157691, 49.651984284257594 ], [ 13.77050327913139, 49.654324489287887 ], [ 13.770202054253616, 49.664139121993571 ], [ 13.774921246699137, 49.665568902998984 ], [ 13.776226555400797, 49.668038425923953 ], [ 13.782351464840701, 49.670442841559293 ], [ 13.783154732079595, 49.672717178909181 ], [ 13.787171065578946, 49.673951774599743 ], [ 13.793798016481674, 49.679279671178449 ], [ 13.795304141768554, 49.687790098796029 ], [ 13.797613534294101, 49.689998668534486 ], [ 13.811670703338393, 49.691037960782808 ], [ 13.820004596112994, 49.695714501197813 ], [ 13.821309904814655, 49.698052602372172 ], [ 13.826731956206515, 49.699871047992929 ], [ 13.827230075624982, 49.72392631815876 ], [ 13.823798149218419, 49.724718683359811 ], [ 13.821837048799864, 49.727729554227096 ], [ 13.819875948381252, 49.760361746794558 ], [ 13.819681758689001, 49.763080583929366 ], [ 13.819483727758495, 49.76585320198933 ], [ 13.818071736031925, 49.766866551481826 ], [ 13.793910976035363, 49.767677215243737 ], [ 13.792969647618918, 49.773554125708131 ], [ 13.799088282326409, 49.775783112458839 ], [ 13.800500274052979, 49.782368155058748 ], [ 13.805677580344025, 49.785103217277765 ], [ 13.806775795931685, 49.789357451922172 ], [ 13.80520691613566, 49.792092120129439 ], [ 13.799872721775273, 49.793915145909352 ], [ 13.798774506187669, 49.800295197195737 ], [ 13.794538528313069, 49.801004039958912 ], [ 13.792498984308793, 49.803333021106027 ], [ 13.792655871479951, 49.807686903233957 ], [ 13.808344676625836, 49.809408097692028 ], [ 13.811639326083821, 49.811129230366817 ], [ 13.811796214153276, 49.82570578489765 ], [ 13.808030900487097, 49.82661667386634 ], [ 13.805677580344025, 49.830867261686194 ], [ 13.806775795931685, 49.83400436056786 ], [ 13.811011773806115, 49.835421048463047 ], [ 13.811796214153276, 49.853126143232544 ], [ 13.813208205879846, 49.855452616165564 ], [ 13.816973519546025, 49.85656523781887 ], [ 13.818228624101437, 49.871330332839989 ], [ 13.821837048799864, 49.872745926982702 ], [ 13.84003606215839, 49.873049263186488 ], [ 13.843958263894024, 49.874565915626249 ], [ 13.844115151963308, 49.878205686567753 ], [ 13.836584525529247, 49.885181147316302 ], [ 13.835800085182086, 49.897916345111696 ], [ 13.829995227511631, 49.900846986159536 ], [ 13.828269458747968, 49.931759456023599 ], [ 13.819013064448598, 49.932466372274121 ], [ 13.813743293198456, 49.936909236234555 ], [ 13.81322707050083, 49.936650816906706 ], [ 13.802791067859005, 49.93860086499501 ], [ 13.800771196959488, 49.941200806154256 ], [ 13.797068099711453, 49.941200806154256 ], [ 13.794711582464345, 49.944450535738042 ], [ 13.771483061730237, 49.945317093154586 ], [ 13.770136480831184, 49.947916671872747 ], [ 13.756670671840141, 49.950732723975193 ], [ 13.755660736390382, 49.970440477498187 ], [ 13.751620993693052, 49.973471723870659 ], [ 13.718293115766642, 49.973255212480694 ], [ 13.712906792170088, 49.969790900069881 ], [ 13.704827305877245, 49.969357843772912 ], [ 13.702780930171571, 49.970410803469065 ], [ 13.701083811390959, 49.969418471646463 ], [ 13.683089180929358, 49.968398522458244 ], [ 13.670403311725863, 49.963520206946725 ], [ 13.664060376674911, 49.959262363834853 ], [ 13.663508817378727, 49.94852737913709 ], [ 13.65799322172137, 49.946309108823698 ], [ 13.656200653334849, 49.94098484336655 ], [ 13.653580745554848, 49.939653684910184 ], [ 13.638688638267979, 49.939476194144447 ], [ 13.637723408376758, 49.942227224357168 ], [ 13.625589098469504, 49.94861610763968 ], [ 13.624210199779668, 49.951189168315295 ], [ 13.620625063006798, 49.951366615927782 ], [ 13.613316898962751, 49.95535900944725 ], [ 13.608904422796229, 49.95535900944725 ], [ 13.597735341882071, 49.94852737913709 ], [ 13.599390020669091, 49.939387448805348 ], [ 13.610145431886394, 49.938411237553282 ], [ 13.611386440078434, 49.936636256435463 ], [ 13.610007541388654, 49.929801970362007 ], [ 13.602837267842688, 49.926695155653761 ], [ 13.587945159657522, 49.925629916583489 ], [ 13.577189748440048, 49.93415117348286 ], [ 13.572363602576843, 49.934772456091537 ], [ 13.569605805197227, 49.938056246213648 ], [ 13.565055438532738, 49.938056246213648 ], [ 13.560505072766773, 49.937346256844648 ], [ 13.557471495289917, 49.925807457774113 ], [ 13.534030213970709, 49.923588141263849 ], [ 13.535409113558785, 49.917995010579034 ], [ 13.549335991852615, 49.916485642152509 ], [ 13.552507458928972, 49.914887435441017 ], [ 13.552783239026212, 49.908494079463367 ], [ 13.551266449838636, 49.904853039741397 ], [ 13.531134526991764, 49.903165635470657 ], [ 13.527963059017168, 49.901300540814191 ], [ 13.528238839114408, 49.890374968120511 ], [ 13.534168104468449, 49.884866830939643 ], [ 13.534857553364304, 49.878025205336883 ], [ 13.532651315281043, 49.874293000379396 ], [ 13.529341958605244, 49.873048868343062 ], [ 13.527825169417667, 49.848959705816299 ], [ 13.522033794561366, 49.846911128746513 ], [ 13.516738822442846, 49.841220180561322 ], [ 13.516440635667323, 49.833002915650297 ], [ 13.5095461413203, 49.829806478114506 ], [ 13.508244805867037, 49.819520854882569 ], [ 13.508156955067193, 49.819505396270245 ] ] ] } },
{ "type": "Feature", "properties": { "shapeName": "Kladno", "shapeISO": "", "shapeID": "57006924B99788800999519", "shapeGroup": "CZE", "shapeType": "ADM2" }, "geometry": { "type": "Polygon", "coordinates": [ [ [ 13.863392213741292, 50.248675614305739 ], [ 13.867426951914183, 50.244426024896825 ], [ 13.872139985510273, 50.244210735001616 ], [ 13.882912632703039, 50.244641313819557 ], [ 13.888972247198069, 50.248946885185489 ], [ 13.905804508886149, 50.247224703316533 ], [ 13.907151089785202, 50.232798986393107 ], [ 13.911864122482825, 50.230645520249254 ], [ 13.913547348831344, 50.225046052083314 ], [ 13.919943607877485, 50.222676848666197 ], [ 13.922636769675591, 50.218799715974512 ], [ 13.939805676813023, 50.218153496746652 ], [ 13.940478966813316, 50.211906258039335 ], [ 13.94721187220722, 50.210182737930154 ], [ 13.947548516758218, 50.204365398110326 ], [ 13.954618066703119, 50.199840309969716 ], [ 13.961014326647614, 50.198116354085698 ], [ 13.960341035748854, 50.191004377843797 ], [ 13.947548516758218, 50.184538025445534 ], [ 13.946538581308459, 50.174405646916114 ], [ 13.941488903161371, 50.172033928359269 ], [ 13.941488903161371, 50.158663860511581 ], [ 13.948558453106273, 50.15542860499562 ], [ 13.949905034005326, 50.148741716340965 ], [ 13.955291357601709, 50.146584455674827 ], [ 13.954954712152414, 50.140759366742714 ], [ 13.949905034005326, 50.139033278189572 ], [ 13.94721187220722, 50.135796693856946 ], [ 13.942162193161835, 50.134717784331656 ], [ 13.93441935321664, 50.127596368299351 ], [ 13.922973415125114, 50.127812183919616 ], [ 13.922973415125114, 50.131696706734544 ], [ 13.919943607877485, 50.135365133081393 ], [ 13.902438056189112, 50.136875579629475 ], [ 13.899744894391006, 50.139464805878731 ], [ 13.886952375400199, 50.139033278189572 ], [ 13.883249278152334, 50.136875579629475 ], [ 13.881902697253281, 50.122200650557375 ], [ 13.880556116354057, 50.118315356962285 ], [ 13.876853019106193, 50.116804324550344 ], [ 13.877862954555951, 50.11054382434304 ], [ 13.883249278152334, 50.108600743954185 ], [ 13.885605794501146, 50.101475441735886 ], [ 13.895368506244381, 50.096724651766692 ], [ 13.897388378042194, 50.093485206046637 ], [ 13.903111347087872, 50.092405342713107 ], [ 13.91152747703353, 50.085493637772288 ], [ 13.915903865180155, 50.084413594354601 ], [ 13.918260382427263, 50.08117331635367 ], [ 13.922636769675591, 50.080741263083667 ], [ 13.92566657692322, 50.076852605544786 ], [ 13.933409417766882, 50.076420513335279 ], [ 13.937112515014746, 50.074692104404107 ], [ 13.939132385914263, 50.060430353047877 ], [ 13.947548516758218, 50.056540048259706 ], [ 13.979866459235041, 50.05589163365147 ], [ 13.984916137381958, 50.052865581989977 ], [ 13.98727265373094, 50.047461444023838 ], [ 13.991649041877565, 50.045299618790693 ], [ 13.992995622776618, 50.040110840269733 ], [ 13.99804530182206, 50.037732462240626 ], [ 13.99804530182206, 50.037706603896709 ], [ 14.015484928846661, 50.039629517673916 ], [ 14.01742704966, 50.041977397390326 ], [ 14.023481896795829, 50.044178430951945 ], [ 14.025081289666957, 50.047333069230547 ], [ 14.030450681817058, 50.049240424231471 ], [ 14.031021894454966, 50.051734543144448 ], [ 14.035705832517294, 50.052468083269446 ], [ 14.037419467736413, 50.055035384541611 ], [ 14.040618255275433, 50.055842221925388 ], [ 14.067693701619248, 50.056429004228335 ], [ 14.070549761216228, 50.059729522704629 ], [ 14.081859758154167, 50.060902985053929 ], [ 14.101509449186665, 50.060242916014317 ], [ 14.103337327652184, 50.05679574010037 ], [ 14.121616109611125, 50.056869086823042 ], [ 14.128206481471977, 50.056946621548889 ], [ 14.140708869422156, 50.057093710247443 ], [ 14.146956499509542, 50.060760887985452 ], [ 14.160522783268505, 50.061677638189735 ], [ 14.162307821078002, 50.064313198234061 ], [ 14.162129317746235, 50.080696259172328 ], [ 14.1748030821513, 50.083559855667545 ], [ 14.1748030821513, 50.097531753152055 ], [ 14.184085276964083, 50.099249327755842 ], [ 14.203363679916663, 50.099134824928512 ], [ 14.206398243743706, 50.099936340701902 ], [ 14.207826273093076, 50.102340807564303 ], [ 14.214073904078759, 50.103600242206255 ], [ 14.214430911640591, 50.106233498861457 ], [ 14.2203215350645, 50.108523169259115 ], [ 14.220500038396267, 50.127866513871936 ], [ 14.224767848971226, 50.128715518984507 ], [ 14.226888187452005, 50.131808941218651 ], [ 14.232659713133955, 50.134041002713559 ], [ 14.234830318643162, 50.140631128242944 ], [ 14.245226375899108, 50.141802610570437 ], [ 14.246483042624789, 50.143266923712247 ], [ 14.244655164159497, 50.149270138890188 ], [ 14.235173045686849, 50.149782573950802 ], [ 14.232431228438088, 50.153589059378135 ], [ 14.22683335159229, 50.154979815164552 ], [ 14.22580516956242, 50.161640242119802 ], [ 14.237800620587961, 50.162152544044034 ], [ 14.239856983749178, 50.166177584129798 ], [ 14.250824252745076, 50.167055729849324 ], [ 14.252537888862321, 50.169031498006746 ], [ 14.252537888862321, 50.181835423248572 ], [ 14.257564553968507, 50.183591122534438 ], [ 14.258935463042064, 50.186005104043204 ], [ 14.27001697438584, 50.187248622643267 ], [ 14.272416064590914, 50.195513540113893 ], [ 14.276071821521668, 50.196244879587823 ], [ 14.27869939642278, 50.199096997645995 ], [ 14.278242427031046, 50.202680186784107 ], [ 14.296521208990043, 50.213647459978631 ], [ 14.296580708762065, 50.213726538185369 ], [ 14.298006360411591, 50.215621301342935 ], [ 14.297206663975942, 50.220592095852624 ], [ 14.29332242234932, 50.22110376628217 ], [ 14.289780907766385, 50.224758392498757 ], [ 14.269560004994105, 50.225781637913599 ], [ 14.265790006613599, 50.226512513644536 ], [ 14.264190612844175, 50.229435905714297 ], [ 14.259849401825761, 50.229582070556148 ], [ 14.255622433155224, 50.233382200345659 ], [ 14.237115166500359, 50.233893733570824 ], [ 14.230489107624749, 50.236012882377338 ], [ 14.231403046408218, 50.241493003661731 ], [ 14.235630015078584, 50.242077512504636 ], [ 14.237229408848236, 50.244999950356373 ], [ 14.242256073954422, 50.246826382877316 ], [ 14.243512739781636, 50.258294780137589 ], [ 14.269445762646228, 50.259901596131272 ], [ 14.27115939876353, 50.263188096374279 ], [ 14.275843336825972, 50.264064457836241 ], [ 14.27869939642278, 50.267496719455892 ], [ 14.289552423070518, 50.271950988266212 ], [ 14.289780907766385, 50.274141459731027 ], [ 14.296064239598252, 50.276915911949061 ], [ 14.295949997250261, 50.28684420496927 ], [ 14.314799991847281, 50.29771914905092 ], [ 14.315828172978797, 50.302097619316896 ], [ 14.309544842045398, 50.30618382749492 ], [ 14.307145751840324, 50.31340680174867 ], [ 14.296635451337863, 50.314209286973266 ], [ 14.294693331423048, 50.316397813206379 ], [ 14.293665149393178, 50.330037357190065 ], [ 14.285325455298448, 50.330547852160294 ], [ 14.280070304598041, 50.326609604919042 ], [ 14.272644549286952, 50.326244935419822 ], [ 14.266132733657457, 50.329818571952501 ], [ 14.255165463763433, 50.331058342219364 ], [ 14.25212192645364, 50.334976346370013 ], [ 14.25058459480357, 50.334450664944711 ], [ 14.239028604106579, 50.333890440293658 ], [ 14.230105624016289, 50.338745500949017 ], [ 14.212405941903626, 50.338932224340795 ], [ 14.2055308583532, 50.34201305118512 ], [ 14.200118559071882, 50.342573180052113 ], [ 14.19485253785831, 50.342479825317525 ], [ 14.185051887565919, 50.33846541477169 ], [ 14.158575503430484, 50.337905237462849 ], [ 14.151992976913562, 50.334263923937158 ], [ 14.116886169721397, 50.333890440293658 ], [ 14.11322920994661, 50.33762514633122 ], [ 14.076513340417534, 50.337998601188701 ], [ 14.074026608776649, 50.341359558776105 ], [ 14.049890678214581, 50.342946595435706 ], [ 14.048866729944621, 50.346213856675774 ], [ 14.042390439105361, 50.347588527389235 ], [ 14.037888460179886, 50.3462145399983 ], [ 14.030455797722482, 50.346599116644427 ], [ 14.028647852873348, 50.348650139682547 ], [ 14.023224018325607, 50.349547434513568 ], [ 14.016996652434216, 50.349547434513568 ], [ 14.011773700048593, 50.349034696604519 ], [ 13.996908376032252, 50.343650616293701 ], [ 13.993694251556349, 50.33788128143317 ], [ 13.98385099596652, 50.33621445404151 ], [ 13.983650113804458, 50.330059508506906 ], [ 13.989676596635263, 50.326597001243442 ], [ 13.990279244918156, 50.321595156450542 ], [ 13.996506610809547, 50.319158169380444 ], [ 13.997511024315202, 50.305560054677699 ], [ 13.994497782899884, 50.303635479083368 ], [ 13.984051879026936, 50.303507171083425 ], [ 13.977623630973426, 50.304790233785525 ], [ 13.976016568286411, 50.307227957388079 ], [ 13.964365367847506, 50.306329863109113 ], [ 13.963762719564386, 50.292086389414237 ], [ 13.946285919355091, 50.289647890321248 ], [ 13.942469146596068, 50.282588371399811 ], [ 13.934835601976545, 50.281689811885542 ], [ 13.931420594440226, 50.279379152877254 ], [ 13.905506718267702, 50.276426481106512 ], [ 13.903096125135278, 50.274243953305529 ], [ 13.887226386714815, 50.272703285477064 ], [ 13.884414027461617, 50.270006996816278 ], [ 13.879592841196825, 50.26897979926224 ], [ 13.877985779408107, 50.265769663301796 ], [ 13.866133695908616, 50.258706602724317 ], [ 13.865330165463376, 50.248945013690673 ], [ 13.863392213741292, 50.248675614305739 ] ] ] } },
{ "type": "Feature", "properties": { "shapeName": "Mělník", "shapeISO": "", "shapeID": "57006924B46613202139284", "shapeGroup": "CZE", "shapeType": "ADM2" }, "geometry": { "type": "Polygon", "coordinates": [ [ [ 14.25212192645364, 50.334976346370013 ], [ 14.255165463763433, 50.331058342219364 ], [ 14.266132733657457, 50.329818571952501 ], [ 14.272644549286952, 50.326244935419822 ], [ 14.280070304598041, 50.326609604919042 ], [ 14.285325455298448, 50.330547852160294 ], [ 14.293665149393178, 50.330037357190065 ], [ 14.294693331423048, 50.316397813206379 ], [ 14.296635451337863, 50.314209286973266 ], [ 14.307145751840324, 50.31340680174867 ], [ 14.309544842045398, 50.30618382749492 ], [ 14.315828172978797, 50.302097619316896 ], [ 14.314799991847281, 50.29771914905092 ], [ 14.295949997250261, 50.28684420496927 ], [ 14.296064239598252, 50.276915911949061 ], [ 14.289780907766385, 50.274141459731027 ], [ 14.289552423070518, 50.271950988266212 ], [ 14.27869939642278, 50.267496719455892 ], [ 14.275843336825972, 50.264064457836241 ], [ 14.27115939876353, 50.263188096374279 ], [ 14.269445762646228, 50.259901596131272 ], [ 14.243512739781636, 50.258294780137589 ], [ 14.242256073954422, 50.246826382877316 ], [ 14.237229408848236, 50.244999950356373 ], [ 14.235630015078584, 50.242077512504636 ], [ 14.231403046408218, 50.241493003661731 ], [ 14.230489107624749, 50.236012882377338 ], [ 14.237115166500359, 50.233893733570824 ], [ 14.255622433155224, 50.233382200345659 ], [ 14.259849401825761, 50.229582070556148 ], [ 14.264190612844175, 50.229435905714297 ], [ 14.265790006613599, 50.226512513644536 ], [ 14.269560004994105, 50.225781637913599 ], [ 14.289780907766385, 50.224758392498757 ], [ 14.29332242234932, 50.22110376628217 ], [ 14.297206663975942, 50.220592095852624 ], [ 14.298006360411591, 50.215621301342935 ], [ 14.296580708762065, 50.213726538185369 ], [ 14.330126750780948, 50.212963175903894 ], [ 14.336268421885791, 50.213524640128867 ], [ 14.338023184673489, 50.216285078387955 ], [ 14.342263862533571, 50.217407923200994 ], [ 14.350160296426111, 50.216519006522276 ], [ 14.350672102576084, 50.213992522319415 ], [ 14.353742937679272, 50.212916386537017 ], [ 14.36927174478825, 50.213129998317868 ], [ 14.369452747103992, 50.213477478921106 ], [ 14.370387393082353, 50.215271772806659 ], [ 14.373455426340229, 50.217591920297878 ], [ 14.382203002286303, 50.217668161672691 ], [ 14.383002698721953, 50.223808216344139 ], [ 14.385516031275074, 50.224758392498757 ], [ 14.400139057201557, 50.225781637913599 ], [ 14.402423905058583, 50.227170292225992 ], [ 14.402216840690812, 50.246273894238641 ], [ 14.396861729058799, 50.248899299337154 ], [ 14.396504721497024, 50.252780067305082 ], [ 14.40239534402258, 50.255861628537048 ], [ 14.403287863376477, 50.263165274173957 ], [ 14.414533598432172, 50.263393495110506 ], [ 14.416854147135439, 50.260198303062509 ], [ 14.422030755435458, 50.258030015434144 ], [ 14.423637289014891, 50.252095248662215 ], [ 14.428635393084733, 50.250154876585157 ], [ 14.429349408208566, 50.247529540659116 ], [ 14.439345617246829, 50.247301243718482 ], [ 14.452019382550191, 50.254948593880272 ], [ 14.472368808188435, 50.255405113395796 ], [ 14.474510853559934, 50.253921409263455 ], [ 14.476295890471079, 50.243305871657014 ], [ 14.487541626425127, 50.243077554483648 ], [ 14.489505166668209, 50.234857410140819 ], [ 14.493610753180747, 50.234058153327055 ], [ 14.497716338795158, 50.230518428518337 ], [ 14.518958282889173, 50.22971909954498 ], [ 14.522885365171817, 50.223095571949784 ], [ 14.553052496516614, 50.221725072298796 ], [ 14.557872097254688, 50.218184431985605 ], [ 14.569831847434386, 50.218070213666181 ], [ 14.581077583388208, 50.213387016194929 ], [ 14.606246609764867, 50.214072391006596 ], [ 14.609816684485509, 50.221154019203652 ], [ 14.620526908647662, 50.226179052622342 ], [ 14.621062419541261, 50.227892011495953 ], [ 14.619991396855596, 50.23348724789264 ], [ 14.608745661799901, 50.239424331543319 ], [ 14.606782120658636, 50.242392596401373 ], [ 14.607496135782299, 50.246844647130558 ], [ 14.611958728958712, 50.247415392612709 ], [ 14.615885811241185, 50.251182142402115 ], [ 14.619991396855596, 50.251638697432156 ], [ 14.620705411979429, 50.254377938621417 ], [ 14.626239027841279, 50.255747500449104 ], [ 14.628024065650777, 50.259057111470952 ], [ 14.634093192406397, 50.260312421062508 ], [ 14.633914688176333, 50.266360266625384 ], [ 14.640340823392307, 50.270810078254556 ], [ 14.640876334285906, 50.280050665360022 ], [ 14.644981919900317, 50.281077286550783 ], [ 14.648194987059128, 50.284499197659898 ], [ 14.658548203659279, 50.285069492068942 ], [ 14.66033324146872, 50.28814896448273 ], [ 14.666759375786398, 50.290201835389553 ], [ 14.66728632365573, 50.293343954269346 ], [ 14.66729488667994, 50.293395014425414 ], [ 14.665866857330798, 50.296930069601842 ], [ 14.653014587797372, 50.299438658552447 ], [ 14.65176506177977, 50.309243693735482 ], [ 14.645874439254214, 50.313347526705286 ], [ 14.646052942585982, 50.322921759968949 ], [ 14.647302468603527, 50.325884822467913 ], [ 14.651051047554233, 50.327480240878856 ], [ 14.652836084465605, 50.333975320356615 ], [ 14.658726707889343, 50.33591227775571 ], [ 14.659619226344887, 50.338988459143422 ], [ 14.690321868583453, 50.339558100376053 ], [ 14.693177928180262, 50.343317562219227 ], [ 14.710671294221868, 50.343203643765548 ], [ 14.712099324469534, 50.341153060288491 ], [ 14.716740421875841, 50.339785955071022 ], [ 14.723523563755293, 50.339899882295299 ], [ 14.725665608228269, 50.346621085971037 ], [ 14.737625358407854, 50.349127054232554 ], [ 14.739945907111064, 50.355846952708816 ], [ 14.744765507849309, 50.359149604871959 ], [ 14.744408500287477, 50.363249129201165 ], [ 14.7419094482525, 50.364729426098165 ], [ 14.73191323921418, 50.366323540087762 ], [ 14.72584411245856, 50.368942325478599 ], [ 14.723345059525229, 50.372357915869941 ], [ 14.718703963017049, 50.373041003985406 ], [ 14.710135783328099, 50.381009643635991 ], [ 14.705137679258087, 50.382603210709817 ], [ 14.704602167466248, 50.388521705783432 ], [ 14.70870775308066, 50.390001214284894 ], [ 14.716383414314009, 50.390001214284894 ], [ 14.724594585542661, 50.397398063779406 ], [ 14.724059074649062, 50.405248841402454 ], [ 14.718168451225154, 50.407751714553626 ], [ 14.715490895858409, 50.414577060206568 ], [ 14.711742316907532, 50.41548703223549 ], [ 14.70870775308066, 50.419126744418179 ], [ 14.704780671696312, 50.419581688920687 ], [ 14.702460122993045, 50.426519049163915 ], [ 14.698890048272403, 50.427883656549056 ], [ 14.678362118403925, 50.429020798758074 ], [ 14.677112592386493, 50.431636122661644 ], [ 14.677291096616557, 50.439481228201089 ], [ 14.689964861021622, 50.442437017869736 ], [ 14.688358327442188, 50.448234376532014 ], [ 14.684252741827777, 50.449598357474088 ], [ 14.682824711580338, 50.452098887558748 ], [ 14.683181719142169, 50.454940238398876 ], [ 14.68960785345979, 50.458008706274939 ], [ 14.690500372813688, 50.464940436571737 ], [ 14.694427455096161, 50.465622191428736 ], [ 14.696390996237426, 50.468917200490409 ], [ 14.701746107869212, 50.470735038141527 ], [ 14.702817130555047, 50.474029690926216 ], [ 14.701389100307381, 50.477324114116811 ], [ 14.696390996237426, 50.478687256338844 ], [ 14.694427455096161, 50.481754183037253 ], [ 14.690321868583453, 50.482549279632053 ], [ 14.686550627980807, 50.487010007946196 ], [ 14.684153018949871, 50.486565073674569 ], [ 14.642045653324999, 50.486353285158771 ], [ 14.636220524271948, 50.485612017592189 ], [ 14.634056904960687, 50.482752734013218 ], [ 14.621241619067405, 50.482117313787398 ], [ 14.612420709153071, 50.478834175283794 ], [ 14.59760823661793, 50.477669135851556 ], [ 14.589785920024553, 50.47862235212034 ], [ 14.588288029594025, 50.482011409966958 ], [ 14.583295061192416, 50.484235347220874 ], [ 14.580965009211923, 50.509961864555805 ], [ 14.576970635029568, 50.511337785906335 ], [ 14.56948118287653, 50.510914429453862 ], [ 14.562491026934822, 50.506892358101084 ], [ 14.555500871891411, 50.500752746547391 ], [ 14.554835142112552, 50.496623937959555 ], [ 14.549842174609296, 50.495141713450721 ], [ 14.537692618495043, 50.495141713450721 ], [ 14.534031108753254, 50.502128935684084 ], [ 14.528538843242075, 50.505304604206515 ], [ 14.52820597880185, 50.50943265397467 ], [ 14.524710900830826, 50.510914429453862 ], [ 14.514891396697294, 50.511231947006195 ], [ 14.510064860965144, 50.509961864555805 ], [ 14.508899834974784, 50.505198751781904 ], [ 14.499912492391047, 50.499270651597669 ], [ 14.493588066228369, 50.499270651597669 ], [ 14.488927962267155, 50.50096447051925 ], [ 14.487430071836627, 50.507315750047155 ], [ 14.475585944693023, 50.507506965287234 ], [ 14.475560720022486, 50.506592590815956 ], [ 14.475560720022486, 50.496544120918941 ], [ 14.469124472471378, 50.490216209126345 ], [ 14.470440977774729, 50.483049756870685 ], [ 14.475853277055819, 50.48072275242572 ], [ 14.477608617460419, 50.451020122288583 ], [ 14.47439049368495, 50.448877831999766 ], [ 14.432993716111127, 50.446921743285145 ], [ 14.430945818672967, 50.436767412430413 ], [ 14.427288859796477, 50.434997168633856 ], [ 14.424655849189605, 50.431363302522925 ], [ 14.42524096325667, 50.425958575720642 ], [ 14.421145168380576, 50.423255980690897 ], [ 14.405054548604653, 50.42362876137139 ], [ 14.390134155166209, 50.435463028351421 ], [ 14.371703080918735, 50.434531303759741 ], [ 14.372727030087049, 50.425119855896355 ], [ 14.378139329368139, 50.419248401195262 ], [ 14.376969102132307, 50.411418662634105 ], [ 14.371995637952296, 50.406757489943459 ], [ 14.372434473053488, 50.400604039386337 ], [ 14.378578164469388, 50.393983526082536 ], [ 14.379455834671489, 50.387828417014248 ], [ 14.378724442536907, 50.381392675913844 ], [ 14.375213761727935, 50.379993486767091 ], [ 14.373019586222256, 50.375702380537803 ], [ 14.374336091525606, 50.36935829600543 ], [ 14.378139329368139, 50.368798483080184 ], [ 14.380187226806243, 50.365252847657416 ], [ 14.379894669772739, 50.359094009451553 ], [ 14.376530267031285, 50.356480927747668 ], [ 14.356636409412772, 50.355360991473617 ], [ 14.345080418715781, 50.359467295504999 ], [ 14.335718603524469, 50.360213857659517 ], [ 14.3281121287377, 50.358720721035752 ], [ 14.325625396198518, 50.35620094615615 ], [ 14.314654518670125, 50.354801013429096 ], [ 14.312606622130488, 50.352467700670957 ], [ 14.276768422803741, 50.351067657858437 ], [ 14.267991720781197, 50.344440228185647 ], [ 14.266236380376597, 50.339772469661057 ], [ 14.255850616017142, 50.337811874126942 ], [ 14.254680389679606, 50.335851197671445 ], [ 14.25212192645364, 50.334976346370013 ] ] ] } },
{ "type": "Feature", "properties": { "shapeName": "Mladá Boleslav", "shapeISO": "", "shapeID": "57006924B86980162402648", "shapeGroup": "CZE", "shapeType": "ADM2" }, "geometry": { "type": "Polygon", "coordinates": [ [ [ 14.686550627980807, 50.487010007946196 ], [ 14.690321868583453, 50.482549279632053 ], [ 14.694427455096161, 50.481754183037253 ], [ 14.696390996237426, 50.478687256338844 ], [ 14.701389100307381, 50.477324114116811 ], [ 14.702817130555047, 50.474029690926216 ], [ 14.701746107869212, 50.470735038141527 ], [ 14.696390996237426, 50.468917200490409 ], [ 14.694427455096161, 50.465622191428736 ], [ 14.690500372813688, 50.464940436571737 ], [ 14.68960785345979, 50.458008706274939 ], [ 14.683181719142169, 50.454940238398876 ], [ 14.682824711580338, 50.452098887558748 ], [ 14.684252741827777, 50.449598357474088 ], [ 14.688358327442188, 50.448234376532014 ], [ 14.689964861021622, 50.442437017869736 ], [ 14.677291096616557, 50.439481228201089 ], [ 14.677112592386493, 50.431636122661644 ], [ 14.678362118403925, 50.429020798758074 ], [ 14.698890048272403, 50.427883656549056 ], [ 14.702460122993045, 50.426519049163915 ], [ 14.704780671696312, 50.419581688920687 ], [ 14.70870775308066, 50.419126744418179 ], [ 14.711742316907532, 50.41548703223549 ], [ 14.715490895858409, 50.414577060206568 ], [ 14.718168451225154, 50.407751714553626 ], [ 14.724059074649062, 50.405248841402454 ], [ 14.724594585542661, 50.397398063779406 ], [ 14.716383414314009, 50.390001214284894 ], [ 14.70870775308066, 50.390001214284894 ], [ 14.704602167466248, 50.388521705783432 ], [ 14.705137679258087, 50.382603210709817 ], [ 14.710135783328099, 50.381009643635991 ], [ 14.718703963017049, 50.373041003985406 ], [ 14.723345059525229, 50.372357915869941 ], [ 14.72584411245856, 50.368942325478599 ], [ 14.73191323921418, 50.366323540087762 ], [ 14.7419094482525, 50.364729426098165 ], [ 14.744408500287477, 50.363249129201165 ], [ 14.744765507849309, 50.359149604871959 ], [ 14.739945907111064, 50.355846952708816 ], [ 14.737625358407854, 50.349127054232554 ], [ 14.725665608228269, 50.346621085971037 ], [ 14.723523563755293, 50.339899882295299 ], [ 14.716740421875841, 50.339785955071022 ], [ 14.712099324469534, 50.341153060288491 ], [ 14.710671294221868, 50.343203643765548 ], [ 14.693177928180262, 50.343317562219227 ], [ 14.690321868583453, 50.339558100376053 ], [ 14.659619226344887, 50.338988459143422 ], [ 14.658726707889343, 50.33591227775571 ], [ 14.652836084465605, 50.333975320356615 ], [ 14.651051047554233, 50.327480240878856 ], [ 14.647302468603527, 50.325884822467913 ], [ 14.646052942585982, 50.322921759968949 ], [ 14.645874439254214, 50.313347526705286 ], [ 14.65176506177977, 50.309243693735482 ], [ 14.653014587797372, 50.299438658552447 ], [ 14.665866857330798, 50.296930069601842 ], [ 14.66729488667994, 50.293395014425414 ], [ 14.66728632365573, 50.293343954269346 ], [ 14.697968968780799, 50.293194306429427 ], [ 14.700596543681741, 50.285019306513277 ], [ 14.7247016880807, 50.283997332559863 ], [ 14.732013201043912, 50.279982223542845 ], [ 14.73338411011764, 50.274068445677415 ], [ 14.74606501523084, 50.270782696225297 ], [ 14.746636226970622, 50.252962683832664 ], [ 14.752576831758404, 50.249383271162571 ], [ 14.752462589410584, 50.244050177508086 ], [ 14.747778651348256, 50.242588951862729 ], [ 14.746636226970622, 50.239812500237633 ], [ 14.741266834820692, 50.237839659277711 ], [ 14.740238652790879, 50.235647518712312 ], [ 14.733155625421773, 50.23447833559436 ], [ 14.72812895941729, 50.228997408500447 ], [ 14.726986535937897, 50.22307729917128 ], [ 14.721388659092099, 50.221469241389798 ], [ 14.71853259949529, 50.217741262182699 ], [ 14.715219569608223, 50.217448859470835 ], [ 14.713734419084972, 50.213793673207704 ], [ 14.709735935110302, 50.21313570957318 ], [ 14.706765633165617, 50.210649988890225 ], [ 14.708250783688698, 50.206482460000586 ], [ 14.713163206447064, 50.203703905214695 ], [ 14.71544805430409, 50.197561262985516 ], [ 14.720474719410333, 50.195294136087171 ], [ 14.722074113179758, 50.188199526345386 ], [ 14.736925623802279, 50.187906942607526 ], [ 14.74069562308091, 50.190978983605248 ], [ 14.752462589410584, 50.193173177365111 ], [ 14.753262285846233, 50.19485532500903 ], [ 14.759659860025977, 50.197049340645265 ], [ 14.760231071765588, 50.199316384196891 ], [ 14.765371979219651, 50.200998315407901 ], [ 14.767999554120763, 50.204435119797779 ], [ 14.773026219226779, 50.205020082938631 ], [ 14.773315723477197, 50.205668601676734 ], [ 14.773940158010248, 50.207067398049332 ], [ 14.773597430966561, 50.211892865705181 ], [ 14.785707124339922, 50.214451627194421 ], [ 14.784564700860585, 50.221542336075117 ], [ 14.780337732190048, 50.222784929165925 ], [ 14.779880762798257, 50.236743601881926 ], [ 14.789134396574866, 50.242662014180155 ], [ 14.803643180153472, 50.243392631769666 ], [ 14.808898329955582, 50.2466802708974 ], [ 14.818494690775879, 50.247703045924368 ], [ 14.820208326893294, 50.253912279068174 ], [ 14.824435294665591, 50.255884454236764 ], [ 14.825349234347357, 50.258075664170462 ], [ 14.831518322932936, 50.260339809112224 ], [ 14.832889232006664, 50.263042034562886 ], [ 14.838487108852462, 50.264867775585628 ], [ 14.840543472013621, 50.268007886596479 ], [ 14.862021041511809, 50.268007886596479 ], [ 14.866819221921958, 50.263991428330428 ], [ 14.872074371723841, 50.262384750294814 ], [ 14.873559523145616, 50.255080984978576 ], [ 14.887040124694238, 50.254934898307624 ], [ 14.89069588162522, 50.255446200270853 ], [ 14.891952547452433, 50.257929586682053 ], [ 14.89617951612297, 50.25917123163066 ], [ 14.903947998477975, 50.258513894522537 ], [ 14.904747694913624, 50.256249662795483 ], [ 14.91628617654743, 50.255227071775948 ], [ 14.91834253970876, 50.251720877068237 ], [ 14.924854356236381, 50.249675478100357 ], [ 14.925311325628115, 50.247191660867372 ], [ 14.942104957063805, 50.246753326943406 ], [ 14.946103440140178, 50.250479037940011 ], [ 14.951929802580196, 50.25106343715953 ], [ 14.961069194008871, 50.247045550007442 ], [ 14.983460702290586, 50.247556936632236 ], [ 14.983960512338115, 50.2702396129975 ], [ 14.997169789433542, 50.276970668937679 ], [ 14.99824081122091, 50.287920862184762 ], [ 15.016448192386179, 50.297500215044352 ], [ 15.016983703279948, 50.299666705638174 ], [ 15.022160311579967, 50.301833098137877 ], [ 15.024480860283234, 50.305025495993846 ], [ 15.047436440494494, 50.305527139327637 ], [ 15.050064015395606, 50.316397813206379 ], [ 15.062402194363187, 50.318513292820796 ], [ 15.064001587234486, 50.333610707954847 ], [ 15.070856130806021, 50.338058789810589 ], [ 15.087649762241711, 50.339298345068869 ], [ 15.089134913663258, 50.341850268718474 ], [ 15.09381885082729, 50.343527172285633 ], [ 15.098845516831773, 50.343016816198997 ], [ 15.104329151329523, 50.338642113691549 ], [ 15.112783087772357, 50.33907960247484 ], [ 15.117352783486638, 50.342214817883928 ], [ 15.126377932567323, 50.342870999330898 ], [ 15.129576719208046, 50.346443385447913 ], [ 15.134374899618194, 50.347464017348898 ], [ 15.134538205959814, 50.347612404849599 ], [ 15.136581205973584, 50.34946876672268 ], [ 15.135331679955982, 50.353796915145608 ], [ 15.129798064093904, 50.357669133941897 ], [ 15.128905545638531, 50.361996534269394 ], [ 15.123550433108221, 50.365298758588096 ], [ 15.120694373511412, 50.371788667497242 ], [ 15.111055172035094, 50.373496390980733 ], [ 15.108734623331884, 50.3762286205897 ], [ 15.109984149349259, 50.380554328759843 ], [ 15.119266344162043, 50.381464954141336 ], [ 15.121586891966956, 50.383172328750334 ], [ 15.123550433108221, 50.388180274409194 ], [ 15.134974672394151, 50.389545985728546 ], [ 15.136224198411583, 50.392504892649811 ], [ 15.14086529581806, 50.393642884826363 ], [ 15.143007340291035, 50.401039166178919 ], [ 15.146934422573509, 50.40206317570977 ], [ 15.148362452821345, 50.404452445054289 ], [ 15.160679210562705, 50.407751714553626 ], [ 15.16103621722624, 50.411847039817076 ], [ 15.167105344880213, 50.414690807952184 ], [ 15.167997863335756, 50.4173069232844 ], [ 15.167819360003989, 50.425495568104566 ], [ 15.166034322194548, 50.426973922661716 ], [ 15.15728763917383, 50.427087640067157 ], [ 15.15407457201502, 50.428679659077147 ], [ 15.153717564453189, 50.438344337221508 ], [ 15.148540956153113, 50.440959146109151 ], [ 15.145863399887901, 50.447552371030156 ], [ 15.142293325167202, 50.447893375295905 ], [ 15.140686791587825, 50.479141628534364 ], [ 15.134260657270318, 50.484707332023561 ], [ 15.133546642146541, 50.492202958115115 ], [ 15.131583101005276, 50.494360569080925 ], [ 15.123014922214622, 50.494928345002336 ], [ 15.119980358387579, 50.497312930267753 ], [ 15.120337365949581, 50.505714793821937 ], [ 15.128191530514698, 50.510482754342775 ], [ 15.13872325044656, 50.511504397489034 ], [ 15.14086529581806, 50.51422867132186 ], [ 15.147909661916856, 50.516855076964703 ], [ 15.147899164679814, 50.516858941306964 ], [ 15.147520438549179, 50.519869011668447 ], [ 15.14354381687366, 50.523601231595535 ], [ 15.137484203276813, 50.527333156947179 ], [ 15.126311789612942, 50.528898069880995 ], [ 15.12517561122138, 50.531666635157933 ], [ 15.101883969465632, 50.532749942663713 ], [ 15.099232888348524, 50.550921723162901 ], [ 15.096771170296677, 50.553688995909511 ], [ 15.093173274751678, 50.554290555248542 ], [ 15.091671638458138, 50.558183869871414 ], [ 15.084356062303129, 50.557824562834867 ], [ 15.080201912866073, 50.559380945566716 ], [ 15.077858546954644, 50.56520000922643 ], [ 15.068911147960137, 50.5660795723673 ], [ 15.064970031297946, 50.569394702000864 ], [ 15.039938617839653, 50.571694858924502 ], [ 15.032652878440331, 50.576037790430121 ], [ 15.032107513027938, 50.582098283774599 ], [ 15.026449348446647, 50.584392409838472 ], [ 15.025631300328143, 50.586643142016158 ], [ 15.021609231085847, 50.587205808251042 ], [ 15.017178138233191, 50.590971170710532 ], [ 15.012951557635006, 50.592096393014117 ], [ 15.009815707861378, 50.599539494063777 ], [ 14.986228659615961, 50.599885656245874 ], [ 14.979956959170408, 50.599063517333718 ], [ 14.975048671357399, 50.595644994927454 ], [ 14.962368928664262, 50.595774816928042 ], [ 14.959710272952691, 50.596553740272554 ], [ 14.957051617241291, 50.603779804500221 ], [ 14.941576877932448, 50.604558595369383 ], [ 14.937895661848302, 50.608668667494328 ], [ 14.932782862679574, 50.608971500358336 ], [ 14.930533231476488, 50.615936126237216 ], [ 14.912171502865476, 50.615908344964282 ], [ 14.91233166510591, 50.610826818606881 ], [ 14.912165232436678, 50.606813264137315 ], [ 14.905840806273829, 50.602376832653476 ], [ 14.904842212952872, 50.587902707054582 ], [ 14.891860495288654, 50.579977030507678 ], [ 14.876382293873007, 50.578391735349612 ], [ 14.871555758140858, 50.575432374343222 ], [ 14.854080369184658, 50.573741227511789 ], [ 14.851916749873567, 50.570675869307536 ], [ 14.852416046983024, 50.563910234639934 ], [ 14.860737660686198, 50.558412441279984 ], [ 14.859572634695837, 50.554182933212076 ], [ 14.84892096901234, 50.549635788561773 ], [ 14.845093026601091, 50.546357342612055 ], [ 14.835606386907727, 50.544559387987761 ], [ 14.829947689625612, 50.541174817307819 ], [ 14.822957534582201, 50.541386360020454 ], [ 14.818297430620987, 50.54529973048011 ], [ 14.807479333166327, 50.545934300263127 ], [ 14.805149281185834, 50.548684005119867 ], [ 14.793831886621547, 50.550693303439061 ], [ 14.791501834641053, 50.553125496611074 ], [ 14.773693581244686, 50.55386570460837 ], [ 14.762542619349688, 50.558518174376047 ], [ 14.754553870087022, 50.557249364422034 ], [ 14.75505316719665, 50.538001562182501 ], [ 14.759380405819172, 50.535780156105488 ], [ 14.761044728918989, 50.531019648350366 ], [ 14.760545431809362, 50.519275008357567 ], [ 14.756717489398113, 50.516311934576208 ], [ 14.743070043751629, 50.516523588790335 ], [ 14.735414158929188, 50.520333203507562 ], [ 14.730421190527807, 50.520015747739365 ], [ 14.72626038367639, 50.512184486279637 ], [ 14.721100983503845, 50.51038522954974 ], [ 14.719935957513542, 50.499905840597535 ], [ 14.704957053207465, 50.495247588417328 ], [ 14.696801871275397, 50.494506460382979 ], [ 14.688147393131999, 50.48730632629082 ], [ 14.686550627980807, 50.487010007946196 ] ] ] } },
{ "type": "Feature", "properties": { "shapeName": "Jičín", "shapeISO": "", "shapeID": "57006924B61995402941039", "shapeGroup": "CZE", "shapeType": "ADM2" }, "geometry": { "type": "Polygon", "coordinates": [ [ [ 15.147909661916856, 50.516855076964703 ], [ 15.14086529581806, 50.51422867132186 ], [ 15.13872325044656, 50.511504397489034 ], [ 15.128191530514698, 50.510482754342775 ], [ 15.120337365949581, 50.505714793821937 ], [ 15.119980358387579, 50.497312930267753 ], [ 15.123014922214622, 50.494928345002336 ], [ 15.131583101005276, 50.494360569080925 ], [ 15.133546642146541, 50.492202958115115 ], [ 15.134260657270318, 50.484707332023561 ], [ 15.140686791587825, 50.479141628534364 ], [ 15.142293325167202, 50.447893375295905 ], [ 15.145863399887901, 50.447552371030156 ], [ 15.148540956153113, 50.440959146109151 ], [ 15.153717564453189, 50.438344337221508 ], [ 15.15407457201502, 50.428679659077147 ], [ 15.15728763917383, 50.427087640067157 ], [ 15.166034322194548, 50.426973922661716 ], [ 15.167819360003989, 50.425495568104566 ], [ 15.167997863335756, 50.4173069232844 ], [ 15.167105344880213, 50.414690807952184 ], [ 15.16103621722624, 50.411847039817076 ], [ 15.160679210562705, 50.407751714553626 ], [ 15.148362452821345, 50.404452445054289 ], [ 15.146934422573509, 50.40206317570977 ], [ 15.143007340291035, 50.401039166178919 ], [ 15.14086529581806, 50.393642884826363 ], [ 15.136224198411583, 50.392504892649811 ], [ 15.134974672394151, 50.389545985728546 ], [ 15.123550433108221, 50.388180274409194 ], [ 15.121586891966956, 50.383172328750334 ], [ 15.119266344162043, 50.381464954141336 ], [ 15.109984149349259, 50.380554328759843 ], [ 15.108734623331884, 50.3762286205897 ], [ 15.111055172035094, 50.373496390980733 ], [ 15.120694373511412, 50.371788667497242 ], [ 15.123550433108221, 50.365298758588096 ], [ 15.128905545638531, 50.361996534269394 ], [ 15.129798064093904, 50.357669133941897 ], [ 15.135331679955982, 50.353796915145608 ], [ 15.136581205973584, 50.34946876672268 ], [ 15.134538205959814, 50.347612404849599 ], [ 15.141000958493805, 50.346224675184885 ], [ 15.143857018090841, 50.342870999330898 ], [ 15.147170047977681, 50.342579364251435 ], [ 15.149454894936639, 50.338787944115893 ], [ 15.16350670912334, 50.33842336807561 ], [ 15.172189131160337, 50.342214817883928 ], [ 15.186583672390952, 50.34163153730276 ], [ 15.189325489639884, 50.33098541548577 ], [ 15.206804575163403, 50.32945392765123 ], [ 15.209889119456079, 50.321868688894313 ], [ 15.220742147002284, 50.320482793277904 ], [ 15.221541843437763, 50.314647000164825 ], [ 15.215372754852353, 50.311437008696828 ], [ 15.215144270156486, 50.297500215044352 ], [ 15.22302699485931, 50.292318481063433 ], [ 15.233194567419559, 50.29180757491423 ], [ 15.236850324350371, 50.287866117791907 ], [ 15.250216683551173, 50.287866117791907 ], [ 15.25981304437164, 50.291515626408284 ], [ 15.262897588664487, 50.2951648551321 ], [ 15.268838193452325, 50.29574870614465 ], [ 15.280719402130046, 50.291588613702743 ], [ 15.298541214697252, 50.291296663853188 ], [ 15.301054547250317, 50.290055856434435 ], [ 15.301397274294061, 50.284800314065137 ], [ 15.304367576238917, 50.282975336661821 ], [ 15.317276966946281, 50.282902336156042 ], [ 15.330643326147253, 50.2909317240223 ], [ 15.339668475227938, 50.291588613702743 ], [ 15.340925141953619, 50.293924149159864 ], [ 15.344238170942219, 50.29494590937054 ], [ 15.353948774110734, 50.295091873323599 ], [ 15.358061500433223, 50.294872927225924 ], [ 15.361603014117691, 50.287428157512863 ], [ 15.386050885560508, 50.286552226010599 ], [ 15.387079067590378, 50.280712268347202 ], [ 15.387079067590378, 50.278793906837166 ], [ 15.387079067590378, 50.278741121104929 ], [ 15.406157545985138, 50.27903314798408 ], [ 15.406843000971094, 50.29224549431467 ], [ 15.414497240978051, 50.298667852010453 ], [ 15.4246648135383, 50.299032732505509 ], [ 15.427635115483156, 50.295529763069794 ], [ 15.43334723557507, 50.294508014824089 ], [ 15.445799655992573, 50.29574870614465 ], [ 15.446942079471967, 50.298011059492524 ], [ 15.451968744577982, 50.299032732505509 ], [ 15.453682380695398, 50.302316532164923 ], [ 15.457909349365991, 50.30304623438127 ], [ 15.459280257541195, 50.304943408899931 ], [ 15.458937530497508, 50.310342643706861 ], [ 15.452882684259919, 50.313990428866305 ], [ 15.452882684259919, 50.315960116134193 ], [ 15.453796623043445, 50.318732130680814 ], [ 15.457795107018114, 50.319972189607654 ], [ 15.461793590094317, 50.327776526677383 ], [ 15.476302373672979, 50.327995321890626 ], [ 15.484413583970138, 50.323400421186989 ], [ 15.486812674175212, 50.319826302001104 ], [ 15.501778427145609, 50.319096857252589 ], [ 15.505548426424241, 50.321795748057298 ], [ 15.505891153468156, 50.334558694953103 ], [ 15.507719031035322, 50.335871260887416 ], [ 15.518000846841744, 50.336454611630074 ], [ 15.520628421742686, 50.340319131095782 ], [ 15.529653569925074, 50.340392043503073 ], [ 15.533080842159961, 50.332443928891621 ], [ 15.53776478022229, 50.331495900270511 ], [ 15.538792961353806, 50.328578769338151 ], [ 15.544733566141815, 50.327411866706029 ], [ 15.545419020229417, 50.324932104116954 ], [ 15.550788412379347, 50.323181604818728 ], [ 15.552159321452905, 50.319972189607654 ], [ 15.563583559840538, 50.318659185030583 ], [ 15.565868407697621, 50.312093615256856 ], [ 15.572380224225185, 50.31005080894198 ], [ 15.573408406254998, 50.307278288197438 ], [ 15.595799914536713, 50.306475686565875 ], [ 15.600026883207249, 50.297646171160693 ], [ 15.603568396891717, 50.297281280030063 ], [ 15.605967487096791, 50.293851164874013 ], [ 15.609394758433382, 50.29348624463546 ], [ 15.614764151481779, 50.293632213066758 ], [ 15.617962938122332, 50.296770427171339 ], [ 15.6235608149683, 50.297938082049939 ], [ 15.625274451085716, 50.305016375595187 ], [ 15.635442023645794, 50.306329757541107 ], [ 15.646752020583733, 50.313771569178073 ], [ 15.656576866100067, 50.31493880672042 ], [ 15.668229590081751, 50.322525151389868 ], [ 15.69450533999003, 50.322816909588653 ], [ 15.698275338370365, 50.318367400736804 ], [ 15.701474125011089, 50.318002668568056 ], [ 15.70604382072554, 50.318294454527006 ], [ 15.715525939198017, 50.321941629619232 ], [ 15.742829870237642, 50.322598091107466 ], [ 15.744543506355285, 50.32434861132333 ], [ 15.745062976597751, 50.339522391871299 ], [ 15.742877527660198, 50.342550559302424 ], [ 15.730947662633525, 50.344846667240176 ], [ 15.730568936503062, 50.350042712614197 ], [ 15.723751870645287, 50.354392452909963 ], [ 15.72356250757997, 50.357292058583425 ], [ 15.731894477061644, 50.362728341666127 ], [ 15.729054032879162, 50.368043216382091 ], [ 15.724130596775751, 50.369371841771567 ], [ 15.723751870645287, 50.379154212628748 ], [ 15.722047603956071, 50.381810804538929 ], [ 15.718070982280608, 50.382897549383983 ], [ 15.717881619215291, 50.387606488352503 ], [ 15.719964612034914, 50.390021148095741 ], [ 15.72356250757997, 50.390745521812505 ], [ 15.724319959841068, 50.393884346897892 ], [ 15.730947662633525, 50.395695113176657 ], [ 15.730758299568379, 50.402575394052178 ], [ 15.718828434541706, 50.403420271963455 ], [ 15.717502893084827, 50.405592746332218 ], [ 15.711253916422834, 50.407765120540887 ], [ 15.710496465060032, 50.4106614651472 ], [ 15.704247487499572, 50.412833607563186 ], [ 15.697809147772261, 50.41753957355553 ], [ 15.695536791887434, 50.423813468276762 ], [ 15.691938896342435, 50.424416683974641 ], [ 15.693075073835644, 50.432137161181288 ], [ 15.697241058576481, 50.432499027334018 ], [ 15.696294244148532, 50.440941793925958 ], [ 15.686068644912552, 50.441906585675042 ], [ 15.68436437912186, 50.444559661434653 ], [ 15.679440942119925, 50.445162612274146 ], [ 15.674896231248681, 50.449624211099092 ], [ 15.65823229228539, 50.450829976037483 ], [ 15.651415226427616, 50.455291040507859 ], [ 15.64952159757155, 50.461680481203871 ], [ 15.644976886700306, 50.462524305030513 ], [ 15.645544975896087, 50.470720667705621 ], [ 15.656717389559958, 50.471323285166989 ], [ 15.656528026494641, 50.491325830348444 ], [ 15.645734338961233, 50.492530532829846 ], [ 15.643272620011089, 50.495903535668333 ], [ 15.637781094711897, 50.496867206612251 ], [ 15.619791615190024, 50.496987664169239 ], [ 15.614300089890833, 50.500119450548823 ], [ 15.599529780681905, 50.500842140949658 ], [ 15.596689336499423, 50.508188866901151 ], [ 15.591008448134914, 50.510476957645778 ], [ 15.591550675926499, 50.518049996316392 ], [ 15.588357367017807, 50.518303798717 ], [ 15.582676478653298, 50.521915749319646 ], [ 15.563929547768794, 50.52227692940528 ], [ 15.559195473832233, 50.521072985607816 ], [ 15.549916689922441, 50.514089507170866 ], [ 15.525678233738631, 50.51505280706283 ], [ 15.522837789556377, 50.517581375540431 ], [ 15.514884546205337, 50.517822184684974 ], [ 15.511097286696668, 50.525166268869327 ], [ 15.500114236098113, 50.531185157487755 ], [ 15.496137614422423, 50.542859611666472 ], [ 15.486290741317077, 50.543100291824544 ], [ 15.485533289954446, 50.533111039827986 ], [ 15.483071571902656, 50.531064787159835 ], [ 15.474739602420982, 50.530222186835431 ], [ 15.47170979517341, 50.524203175370701 ], [ 15.461105470705263, 50.522036142988725 ], [ 15.438760643377464, 50.521313776938541 ], [ 15.438571280312146, 50.514932395579933 ], [ 15.445009620039457, 50.506021099220959 ], [ 15.445577709235238, 50.500721693793594 ], [ 15.447471338091248, 50.498071767788531 ], [ 15.455235219275437, 50.497108121419274 ], [ 15.458833114820493, 50.494939845064891 ], [ 15.458454389588155, 50.489759671597312 ], [ 15.434594658636456, 50.488072980948459 ], [ 15.424369059400647, 50.481325616236859 ], [ 15.419066897166601, 50.480964122837236 ], [ 15.397479522099729, 50.481807602563663 ], [ 15.393881625656377, 50.483494516856695 ], [ 15.391230544539383, 50.489277766372254 ], [ 15.387443285929066, 50.490121097719225 ], [ 15.385549656174874, 50.500119450548823 ], [ 15.382898575057766, 50.501564820863791 ], [ 15.350138786326966, 50.502407932882761 ], [ 15.347487705210028, 50.503251029850446 ], [ 15.344836624092864, 50.509152287195661 ], [ 15.315106642609862, 50.511199490122635 ], [ 15.304881043373882, 50.518785408406416 ], [ 15.295034170268536, 50.51950781315486 ], [ 15.291057548592846, 50.523240062215962 ], [ 15.273257432136461, 50.522156536350678 ], [ 15.26681909240915, 50.516979347875576 ], [ 15.255078589549328, 50.51505280706283 ], [ 15.247504072328752, 50.508309295584354 ], [ 15.244852991211815, 50.495180769701562 ], [ 15.241823183964243, 50.494578456377042 ], [ 15.224780518870489, 50.494819382285584 ], [ 15.220425171064335, 50.495903535668333 ], [ 15.218720905273642, 50.498312675880584 ], [ 15.213418742141243, 50.498433129751675 ], [ 15.21114638715477, 50.502407932882761 ], [ 15.194293085126162, 50.502287489148443 ], [ 15.190695189581106, 50.507104995500868 ], [ 15.187665382333535, 50.507586719448739 ], [ 15.184446212020816, 50.510597380493266 ], [ 15.167782273955822, 50.512162848415358 ], [ 15.163426926149668, 50.51577526893891 ], [ 15.15149706022487, 50.515534449922995 ], [ 15.147909661916856, 50.516855076964703 ] ] ] } },
{ "type": "Feature", "properties": { "shapeName": "Hradec Králové", "shapeISO": "", "shapeID": "57006924B98928131689088", "shapeGroup": "CZE", "shapeType": "ADM2" }, "geometry": { "type": "Polygon", "coordinates": [ [ [ 15.745062976597751, 50.339522391871299 ], [ 15.744543506355285, 50.32434861132333 ], [ 15.742829870237642, 50.322598091107466 ], [ 15.715525939198017, 50.321941629619232 ], [ 15.70604382072554, 50.318294454527006 ], [ 15.701474125011089, 50.318002668568056 ], [ 15.698275338370365, 50.318367400736804 ], [ 15.69450533999003, 50.322816909588653 ], [ 15.668229590081751, 50.322525151389868 ], [ 15.656576866100067, 50.31493880672042 ], [ 15.646752020583733, 50.313771569178073 ], [ 15.635442023645794, 50.306329757541107 ], [ 15.625274451085716, 50.305016375595187 ], [ 15.6235608149683, 50.297938082049939 ], [ 15.617962938122332, 50.296770427171339 ], [ 15.614764151481779, 50.293632213066758 ], [ 15.609394758433382, 50.29348624463546 ], [ 15.605967487096791, 50.293851164874013 ], [ 15.603568396891717, 50.297281280030063 ], [ 15.600026883207249, 50.297646171160693 ], [ 15.595799914536713, 50.306475686565875 ], [ 15.573408406254998, 50.307278288197438 ], [ 15.572380224225185, 50.31005080894198 ], [ 15.565868407697621, 50.312093615256856 ], [ 15.563583559840538, 50.318659185030583 ], [ 15.552159321452905, 50.319972189607654 ], [ 15.550788412379347, 50.323181604818728 ], [ 15.545419020229417, 50.324932104116954 ], [ 15.544733566141815, 50.327411866706029 ], [ 15.538792961353806, 50.328578769338151 ], [ 15.53776478022229, 50.331495900270511 ], [ 15.533080842159961, 50.332443928891621 ], [ 15.529653569925074, 50.340392043503073 ], [ 15.520628421742686, 50.340319131095782 ], [ 15.518000846841744, 50.336454611630074 ], [ 15.507719031035322, 50.335871260887416 ], [ 15.505891153468156, 50.334558694953103 ], [ 15.505548426424241, 50.321795748057298 ], [ 15.501778427145609, 50.319096857252589 ], [ 15.486812674175212, 50.319826302001104 ], [ 15.484413583970138, 50.323400421186989 ], [ 15.476302373672979, 50.327995321890626 ], [ 15.461793590094317, 50.327776526677383 ], [ 15.457795107018114, 50.319972189607654 ], [ 15.453796623043445, 50.318732130680814 ], [ 15.452882684259919, 50.315960116134193 ], [ 15.452882684259919, 50.313990428866305 ], [ 15.458937530497508, 50.310342643706861 ], [ 15.459280257541195, 50.304943408899931 ], [ 15.457909349365991, 50.30304623438127 ], [ 15.453682380695398, 50.302316532164923 ], [ 15.451968744577982, 50.299032732505509 ], [ 15.446942079471967, 50.298011059492524 ], [ 15.445799655992573, 50.29574870614465 ], [ 15.43334723557507, 50.294508014824089 ], [ 15.427635115483156, 50.295529763069794 ], [ 15.4246648135383, 50.299032732505509 ], [ 15.414497240978051, 50.298667852010453 ], [ 15.406843000971094, 50.29224549431467 ], [ 15.406157545985138, 50.27903314798408 ], [ 15.387079067590378, 50.278741121104929 ], [ 15.387079067590378, 50.278793906837166 ], [ 15.381130420185627, 50.278080782973575 ], [ 15.380147753096423, 50.275658491485672 ], [ 15.380774315430699, 50.271152354013623 ], [ 15.385593916168943, 50.270011424866198 ], [ 15.387378953079974, 50.260654772273881 ], [ 15.386464122269388, 50.2495270920964 ], [ 15.381722616570357, 50.247565212119014 ], [ 15.380885879900745, 50.229547813103807 ], [ 15.388137594710543, 50.224016354475225 ], [ 15.393715836180888, 50.222410327333705 ], [ 15.393715836180888, 50.220090414180561 ], [ 15.399015166026913, 50.21848425427595 ], [ 15.401123741069114, 50.20698971159328 ], [ 15.405229326683354, 50.205276002058497 ], [ 15.406657356931021, 50.202191170174501 ], [ 15.406657356931021, 50.195335274203387 ], [ 15.400588230175401, 50.192592640011981 ], [ 15.400766733507112, 50.183220785423771 ], [ 15.386843442186375, 50.174075739719058 ], [ 15.373277158427413, 50.17087455990594 ], [ 15.372920150865582, 50.15257799089801 ], [ 15.375062195338614, 50.147773981571845 ], [ 15.375129820408574, 50.147768564694729 ], [ 15.380774315430699, 50.147316431539991 ], [ 15.392912568941995, 50.146401318344317 ], [ 15.394697606751492, 50.139308599111757 ], [ 15.410584439213665, 50.138393333279339 ], [ 15.414154513934307, 50.135189763530661 ], [ 15.41950962556615, 50.133587898503947 ], [ 15.42183017426936, 50.130384006991846 ], [ 15.437002991607585, 50.129926291186678 ], [ 15.439323540310795, 50.127294337325793 ], [ 15.452532816507926, 50.124891123206339 ], [ 15.452532816507926, 50.118710875168006 ], [ 15.446463689752079, 50.116078304549433 ], [ 15.446106682190305, 50.107378347454983 ], [ 15.446551742432973, 50.10552501764414 ], [ 15.446599352428052, 50.105326759037951 ], [ 15.451740259882115, 50.104007834158608 ], [ 15.454025107739312, 50.100343963830028 ], [ 15.45882328814946, 50.099391311365764 ], [ 15.460651166614923, 50.095873662211602 ], [ 15.469904800391532, 50.09602023603486 ], [ 15.477787525094527, 50.100197403234233 ], [ 15.479729645907867, 50.103568184653511 ], [ 15.483271159592334, 50.104447479628163 ], [ 15.486127219189314, 50.107671424258513 ], [ 15.497094489083338, 50.108477376797168 ], [ 15.499265094592545, 50.111188207743737 ], [ 15.510803576226351, 50.11331280548626 ], [ 15.511831757357868, 50.115364051814083 ], [ 15.516058726028405, 50.116682663970778 ], [ 15.528739631141605, 50.116902429036884 ], [ 15.530795994302935, 50.118074492929395 ], [ 15.530681751954887, 50.130672366098565 ], [ 15.541649020950615, 50.137189731265039 ], [ 15.562098409317286, 50.137848741584264 ], [ 15.565639923001697, 50.140557909644997 ], [ 15.5758074964603, 50.141729393765331 ], [ 15.580262948928237, 50.145316887149477 ], [ 15.589745067400827, 50.144877616337226 ], [ 15.593172339635771, 50.137482626180827 ], [ 15.660575350074566, 50.136750386393089 ], [ 15.663888379063337, 50.132869330319068 ], [ 15.673941709275539, 50.132210251413483 ], [ 15.67736898061213, 50.12854853867816 ], [ 15.700217459183875, 50.128109114459903 ], [ 15.704330185506421, 50.135139420102973 ], [ 15.733804722055254, 50.136457487570397 ], [ 15.735404114926553, 50.139239955141591 ], [ 15.741116235018694, 50.139972156250735 ], [ 15.74408653696338, 50.143999063761498 ], [ 15.747513808300141, 50.14465797970621 ], [ 15.749113202069566, 50.158932268160584 ], [ 15.751626534622687, 50.160469245100614 ], [ 15.76008047196359, 50.161274308812494 ], [ 15.764078955039963, 50.164421244861444 ], [ 15.774018042904174, 50.165079879434472 ], [ 15.776188648413381, 50.168738796852438 ], [ 15.792868037501194, 50.168665621283708 ], [ 15.795495612402135, 50.165958045322554 ], [ 15.806577124644207, 50.164348062682052 ], [ 15.808290760761679, 50.161786614658411 ], [ 15.814459849347259, 50.159664168405868 ], [ 15.814916818738993, 50.137189731265039 ], [ 15.815716516072939, 50.135798458663373 ], [ 15.821314392918737, 50.134773283966979 ], [ 15.840507114559671, 50.134919738757503 ], [ 15.845990749057478, 50.135652005986572 ], [ 15.849303778046192, 50.13799518696112 ], [ 15.858671654170621, 50.139093513574949 ], [ 15.861641957013944, 50.146268625489029 ], [ 15.864041047219018, 50.146707883526062 ], [ 15.892030432346303, 50.147000719592597 ], [ 15.893972553159642, 50.158419931724552 ], [ 15.905511034793449, 50.159956925136214 ], [ 15.908367094390258, 50.162884394986747 ], [ 15.919334363386156, 50.164055332843475 ], [ 15.922761635621043, 50.167055729849324 ], [ 15.927331331335324, 50.167714328119132 ], [ 15.937498903895403, 50.167421618897436 ], [ 15.941497387870072, 50.163616234149004 ], [ 15.958062533711598, 50.163250315968583 ], [ 15.960804350960757, 50.159664168405868 ], [ 15.965831016965069, 50.158785886881901 ], [ 15.966973440444463, 50.154833421784133 ], [ 15.998275855458814, 50.15402824960438 ], [ 15.999532521286199, 50.155053011686675 ], [ 16.000103733924277, 50.173714474393876 ], [ 16.0126703966896, 50.17634844711506 ], [ 16.012784639037477, 50.181542800522891 ], [ 16.01815403118735, 50.183737427847404 ], [ 16.019639182608955, 50.186882884833437 ], [ 16.020324636696557, 50.195659808904907 ], [ 16.035404632015002, 50.196318013494022 ], [ 16.038603419554022, 50.195806077247767 ], [ 16.039517358337548, 50.192222372697586 ], [ 16.056767959165143, 50.191929813606293 ], [ 16.059052807022169, 50.193392591713291 ], [ 16.059624018761951, 50.198804480676586 ], [ 16.064993411810178, 50.19990141064477 ], [ 16.066135835289572, 50.211381096481375 ], [ 16.071162500395758, 50.213062602006403 ], [ 16.072419167121268, 50.2197149347611 ], [ 16.071847954483417, 50.224173670730352 ], [ 16.068763410190684, 50.225489283910349 ], [ 16.055739778033626, 50.225927813955877 ], [ 16.053569172524419, 50.227535721425966 ], [ 16.052312505798739, 50.237401239343399 ], [ 16.040431297121017, 50.239520232250413 ], [ 16.039060388945757, 50.245365242345201 ], [ 16.028321603747429, 50.247995263164967 ], [ 16.026379483832613, 50.250113785147164 ], [ 16.026265241484566, 50.258294780137589 ], [ 16.021352817828074, 50.260047667572792 ], [ 16.019524940260908, 50.264137487230357 ], [ 16.001246157403671, 50.264137487230357 ], [ 15.994391613832136, 50.266839497236845 ], [ 15.993591917396486, 50.281077286550783 ], [ 15.989022221682205, 50.282245326566226 ], [ 15.988108282898736, 50.284654318539765 ], [ 15.987578035121146, 50.298110300183168 ], [ 15.987255032499149, 50.298106131876409 ], [ 15.968079720208436, 50.300032911442713 ], [ 15.96075432018921, 50.302510084453445 ], [ 15.951489843747026, 50.299069531414887 ], [ 15.936623589974147, 50.299620036922875 ], [ 15.929944549361494, 50.302922934462003 ], [ 15.923265507850317, 50.302097231435198 ], [ 15.914001030510008, 50.29562872951368 ], [ 15.906029271982618, 50.29562872951368 ], [ 15.900427495550048, 50.299344784678453 ], [ 15.890085754029428, 50.300308159131703 ], [ 15.888793036114691, 50.310491209136728 ], [ 15.895687530461885, 50.316269808665879 ], [ 15.894610265383278, 50.320259383517339 ], [ 15.890085754029428, 50.320809643763596 ], [ 15.888793036114691, 50.324111069751154 ], [ 15.880821276688948, 50.328375071757534 ], [ 15.873711329505795, 50.328787697216683 ], [ 15.862938682313029, 50.324386178089014 ], [ 15.857336905880572, 50.325211494121447 ], [ 15.853674205871016, 50.329888013301684 ], [ 15.849796053025216, 50.330163088198617 ], [ 15.848718787946666, 50.332776221445272 ], [ 15.836868875675293, 50.33456407227834 ], [ 15.836222517167073, 50.336901929194767 ], [ 15.820709904885973, 50.337727027866094 ], [ 15.81553903412555, 50.342402315356765 ], [ 15.797440986913614, 50.342952319229255 ], [ 15.795932816162804, 50.353267999062609 ], [ 15.792566363465937, 50.351656996399811 ], [ 15.784204096504766, 50.350806362823221 ], [ 15.777417328126376, 50.344310113248696 ], [ 15.764086177494789, 50.342067153650532 ], [ 15.759359678152634, 50.338431788311482 ], [ 15.745180181024523, 50.33935999291424 ], [ 15.745062976597751, 50.339522391871299 ] ] ] } },
{ "type": "Feature", "properties": { "shapeName": "Rychnov nad Kněžnou", "shapeISO": "", "shapeID": "57006924B67004616478789", "shapeGroup": "CZE", "shapeType": "ADM2" }, "geometry": { "type": "Polygon", "coordinates": [ [ [ 15.987578035121146, 50.298110300183168 ], [ 15.988108282898736, 50.284654318539765 ], [ 15.989022221682205, 50.282245326566226 ], [ 15.993591917396486, 50.281077286550783 ], [ 15.994391613832136, 50.266839497236845 ], [ 16.001246157403671, 50.264137487230357 ], [ 16.019524940260908, 50.264137487230357 ], [ 16.021352817828074, 50.260047667572792 ], [ 16.026265241484566, 50.258294780137589 ], [ 16.026379483832613, 50.250113785147164 ], [ 16.028321603747429, 50.247995263164967 ], [ 16.039060388945757, 50.245365242345201 ], [ 16.040431297121017, 50.239520232250413 ], [ 16.052312505798739, 50.237401239343399 ], [ 16.053569172524419, 50.227535721425966 ], [ 16.055739778033626, 50.225927813955877 ], [ 16.068763410190684, 50.225489283910349 ], [ 16.071847954483417, 50.224173670730352 ], [ 16.072419167121268, 50.2197149347611 ], [ 16.071162500395758, 50.213062602006403 ], [ 16.066135835289572, 50.211381096481375 ], [ 16.064993411810178, 50.19990141064477 ], [ 16.059624018761951, 50.198804480676586 ], [ 16.059052807022169, 50.193392591713291 ], [ 16.056767959165143, 50.191929813606293 ], [ 16.039517358337548, 50.192222372697586 ], [ 16.038603419554022, 50.195806077247767 ], [ 16.035404632015002, 50.196318013494022 ], [ 16.020324636696557, 50.195659808904907 ], [ 16.019639182608955, 50.186882884833437 ], [ 16.01815403118735, 50.183737427847404 ], [ 16.012784639037477, 50.181542800522891 ], [ 16.0126703966896, 50.17634844711506 ], [ 16.000103733924277, 50.173714474393876 ], [ 15.999532521286199, 50.155053011686675 ], [ 15.998275855458814, 50.15402824960438 ], [ 15.999646764532542, 50.142241909622669 ], [ 16.017697061795616, 50.140777565102894 ], [ 16.019524940260908, 50.11206736283151 ], [ 16.067049774073269, 50.111481261232939 ], [ 16.069563106626163, 50.110235770941586 ], [ 16.071162500395758, 50.104594027221424 ], [ 16.076760377241555, 50.101662989592455 ], [ 16.077445832227511, 50.091476237285349 ], [ 16.082815224377441, 50.089057481356974 ], [ 16.084300374900693, 50.085465770627252 ], [ 16.095610371838632, 50.08480603960902 ], [ 16.098580673783488, 50.081067390588771 ], [ 16.112746730318236, 50.080480909654568 ], [ 16.117430668380507, 50.077181819557097 ], [ 16.127598240940586, 50.075862119836586 ], [ 16.12999733114583, 50.072562711905164 ], [ 16.135595208889924, 50.071242885049173 ], [ 16.136966117065185, 50.064203195178663 ], [ 16.154588005972755, 50.063052731513039 ], [ 16.156908554675965, 50.059614924873301 ], [ 16.15762979059906, 50.059441289386882 ], [ 16.158336584025164, 50.059271130890124 ], [ 16.170474838434757, 50.058583534956199 ], [ 16.175472943403065, 50.055489232167247 ], [ 16.186897181790528, 50.053426252775296 ], [ 16.188503715369905, 50.046434384722431 ], [ 16.198856931970226, 50.045746605406066 ], [ 16.201712991567035, 50.042422197853114 ], [ 16.207603614990944, 50.041275796738432 ], [ 16.208496134344841, 50.038180377846913 ], [ 16.210995186379819, 50.037377829323304 ], [ 16.218849350944936, 50.037607130352683 ], [ 16.22366895168318, 50.040702586203395 ], [ 16.244375384883426, 50.041046513230356 ], [ 16.247409947812002, 50.04815379105014 ], [ 16.26061922490743, 50.049414649799644 ], [ 16.264367802959839, 50.04884153644997 ], [ 16.269187403698083, 50.044714917375813 ], [ 16.303460120657292, 50.044600283683053 ], [ 16.3063161802541, 50.041390438370456 ], [ 16.312563811239841, 50.03863897114519 ], [ 16.313277826363617, 50.036460614254224 ], [ 16.331842215090887, 50.034970103262083 ], [ 16.33719732672273, 50.036002000726114 ], [ 16.338803860302107, 50.041161155409839 ], [ 16.333448748670321, 50.044256382116259 ], [ 16.332377725984657, 50.050446236813514 ], [ 16.326844110122579, 50.052967800737406 ], [ 16.326665606790812, 50.063511086618007 ], [ 16.328986154595611, 50.065115297013961 ], [ 16.344337476164014, 50.065573632410633 ], [ 16.347372039991058, 50.068438132729568 ], [ 16.352013136499238, 50.069125586842574 ], [ 16.352905655853135, 50.092722215406354 ], [ 16.358260767484978, 50.094439962425156 ], [ 16.362723360661221, 50.098676809729568 ], [ 16.385214831670908, 50.099478333165848 ], [ 16.395032536479164, 50.106004525743629 ], [ 16.39878111542987, 50.106691441813268 ], [ 16.406456775764923, 50.113903463743327 ], [ 16.419487548630116, 50.115620451930511 ], [ 16.421094082209549, 50.118138589170599 ], [ 16.43037627612398, 50.119168698234034 ], [ 16.434660365968455, 50.122831129182771 ], [ 16.44358555232111, 50.123174467484603 ], [ 16.446977123709814, 50.126722154514937 ], [ 16.464291986419653, 50.127637644189576 ], [ 16.471967646754536, 50.131528278791279 ], [ 16.473217172772138, 50.134159999230349 ], [ 16.484105900266002, 50.135647429567143 ], [ 16.485712433845435, 50.136791575506209 ], [ 16.487140464092931, 50.159211306303234 ], [ 16.50231328143127, 50.160583601845644 ], [ 16.511952482907589, 50.15955438416961 ], [ 16.515344054296463, 50.156009131324879 ], [ 16.523912233087117, 50.155437291877263 ], [ 16.528017819599825, 50.151205466131444 ], [ 16.530516871634802, 50.151205466131444 ], [ 16.533372931231668, 50.147202043060361 ], [ 16.543547644499995, 50.146744488132526 ], [ 16.546760711658806, 50.14354147761577 ], [ 16.555864402241525, 50.142397493676242 ], [ 16.559077469400165, 50.138736559946551 ], [ 16.591414395534173, 50.138930584803688 ], [ 16.592230955496177, 50.148783888479443 ], [ 16.585885934098314, 50.151612233103208 ], [ 16.584782452116087, 50.154617165979573 ], [ 16.573747632293703, 50.15567768543815 ], [ 16.570161315851351, 50.16310066301935 ], [ 16.565195646931386, 50.166281586297202 ], [ 16.565747387922386, 50.179003162541051 ], [ 16.559954107515523, 50.187305697801037 ], [ 16.561057589497921, 50.196842999376884 ], [ 16.565471517426886, 50.197372793611521 ], [ 16.566574999409113, 50.200551435557259 ], [ 16.566299128913613, 50.206908084519114 ], [ 16.565471517426886, 50.210968833714503 ], [ 16.559954107515523, 50.21114538018918 ], [ 16.559678237020023, 50.222796003368842 ], [ 16.555264309091058, 50.223325509549056 ], [ 16.552781474631104, 50.226855400531974 ], [ 16.548091676206468, 50.227914316883698 ], [ 16.546988194224241, 50.234796700073673 ], [ 16.528229000526267, 50.237619954537308 ], [ 16.526297907057312, 50.240619479219049 ], [ 16.52105636764162, 50.242383817339828 ], [ 16.521332238137177, 50.248558486491618 ], [ 16.515814828225984, 50.251028130163945 ], [ 16.513331993765803, 50.257907176940762 ], [ 16.501745432952305, 50.258436293246746 ], [ 16.501469562456748, 50.262316299921622 ], [ 16.495676282049885, 50.262669012129891 ], [ 16.494296929572158, 50.266019647843279 ], [ 16.488779519660966, 50.268488386484876 ], [ 16.486848426192012, 50.279419833604322 ], [ 16.476133616144466, 50.28075964476426 ], [ 16.47401493073869, 50.2924919585559 ], [ 16.469601002809554, 50.294296673197266 ], [ 16.468365102989537, 50.297229188490405 ], [ 16.457418561725717, 50.297680328645697 ], [ 16.454946762085399, 50.305010756549677 ], [ 16.451415619742249, 50.305574588827085 ], [ 16.449296934336246, 50.309972251181534 ], [ 16.444529892173136, 50.311438048260982 ], [ 16.44364710658715, 50.318315415728648 ], [ 16.432700565323501, 50.32293734957176 ], [ 16.416810424779158, 50.322824624825103 ], [ 16.410984039912876, 50.321697362653822 ], [ 16.410454368561432, 50.319893687570755 ], [ 16.400390612883427, 50.319217291769178 ], [ 16.395976684954462, 50.323388245885155 ], [ 16.392268985494127, 50.323162798263127 ], [ 16.389973742970994, 50.332179869033553 ], [ 16.387148829096418, 50.33229257159104 ], [ 16.37849753035573, 50.338603488153183 ], [ 16.378674087472916, 50.344688220894682 ], [ 16.371611802786447, 50.345251582645687 ], [ 16.371810429543245, 50.368892665045678 ], [ 16.365465408145383, 50.370828205932924 ], [ 16.364086055667656, 50.375050930183704 ], [ 16.339809452058319, 50.375930617097424 ], [ 16.337602488093637, 50.379097354924227 ], [ 16.306980863086608, 50.379097354924227 ], [ 16.304773899121983, 50.376106552522572 ], [ 16.297049525246337, 50.371883922230211 ], [ 16.292083856326201, 50.371004160280336 ], [ 16.291302148542172, 50.368344966476684 ], [ 16.290828235710705, 50.356287955672371 ], [ 16.288027347045329, 50.354363456239696 ], [ 16.279409229111366, 50.35381358452031 ], [ 16.268421129082583, 50.34693965439584 ], [ 16.2514003460509, 50.346664676629757 ], [ 16.24105860453011, 50.35188898478259 ], [ 16.237395904520554, 50.359037106146388 ], [ 16.225976897921214, 50.358349833310626 ], [ 16.226192351655527, 50.348452004221087 ], [ 16.219944215816611, 50.345564749070434 ], [ 16.219944215816611, 50.335801775531309 ], [ 16.214557892220228, 50.333876445171995 ], [ 16.204862509207715, 50.333876445171995 ], [ 16.199691638447291, 50.338414598667271 ], [ 16.190427162005108, 50.338414598667271 ], [ 16.186979914831738, 50.336901929194767 ], [ 16.185471744080928, 50.330438161503025 ], [ 16.172975473301392, 50.323423291365941 ], [ 16.164357355367429, 50.322185265650091 ], [ 16.157678313856252, 50.325899246055769 ], [ 16.147336572335519, 50.326036795248228 ], [ 16.141519343067102, 50.321910144572485 ], [ 16.134193943047705, 50.32122233433779 ], [ 16.133116677969156, 50.318195851864971 ], [ 16.127514901536756, 50.316269808665879 ], [ 16.128592166615306, 50.310903989865267 ], [ 16.133332130805343, 50.307601646570788 ], [ 16.133763037375672, 50.304849518349272 ], [ 16.131608507218573, 50.301546754595961 ], [ 16.123205842120626, 50.297142712826826 ], [ 16.086363388289953, 50.297280345232195 ], [ 16.081407971264071, 50.29659217922358 ], [ 16.078176176926547, 50.289572313873407 ], [ 16.067834435405757, 50.289572313873407 ], [ 16.066757170327207, 50.292050031605754 ], [ 16.061370846730824, 50.295215816768291 ], [ 16.059647223144054, 50.308289653310908 ], [ 16.054691805219647, 50.310078425398501 ], [ 16.042626440112315, 50.311041582453925 ], [ 16.039394645774735, 50.314618851730643 ], [ 16.028191092909765, 50.313518182113853 ], [ 16.025390204244388, 50.302922934462003 ], [ 16.018064804225219, 50.302510084453445 ], [ 16.008584874947019, 50.298381390714383 ], [ 15.987578035121146, 50.298110300183168 ] ] ] } },
{ "type": "Feature", "properties": { "shapeName": "Pardubice", "shapeISO": "", "shapeID": "57006924B32813693256962", "shapeGroup": "CZE", "shapeType": "ADM2" }, "geometry": { "type": "Polygon", "coordinates": [ [ [ 15.446551742432973, 50.10552501764414 ], [ 15.434018980473184, 50.104429894324824 ], [ 15.431647879975742, 50.100623343795974 ], [ 15.426828279237668, 50.099707337481277 ], [ 15.427185286799499, 50.095814116395843 ], [ 15.425043241428227, 50.093523838459987 ], [ 15.413797506372305, 50.091347972763685 ], [ 15.412726483686697, 50.08378893606664 ], [ 15.413619002142241, 50.080123518884591 ], [ 15.416475062637574, 50.079894421545475 ], [ 15.418617107110549, 50.077030605512448 ], [ 15.418795610442317, 50.063740262816566 ], [ 15.414333017266074, 50.062250598242997 ], [ 15.393983591627659, 50.062136007010508 ], [ 15.394697606751492, 50.054228533013998 ], [ 15.403979800665979, 50.053540864812135 ], [ 15.406835860262788, 50.049873135782661 ], [ 15.402908777980315, 50.045975866465483 ], [ 15.386843442186375, 50.044829550217685 ], [ 15.380774315430699, 50.040702586203395 ], [ 15.379881796975155, 50.034167500501155 ], [ 15.379934484714283, 50.034158099627462 ], [ 15.383094864133795, 50.033594205096051 ], [ 15.385593916168943, 50.03175961345795 ], [ 15.387021946416439, 50.022126856724526 ], [ 15.389699501783184, 50.020750591160606 ], [ 15.430219849728076, 50.020062443304766 ], [ 15.433432916886943, 50.007215210784295 ], [ 15.451997305614157, 50.007100488137951 ], [ 15.464492566687454, 50.012262747680097 ], [ 15.47502428751767, 50.011803902490385 ], [ 15.478058850446416, 50.008591864067228 ], [ 15.478951369800143, 49.98265826799144 ], [ 15.482521444520955, 49.981969574655125 ], [ 15.486805533467134, 49.977607622391588 ], [ 15.503049373491137, 49.976230081832796 ], [ 15.504834411300635, 49.969456599045657 ], [ 15.50751196666738, 49.968423272168081 ], [ 15.527861393204091, 49.968423272168081 ], [ 15.530003437677067, 49.966471372301669 ], [ 15.530360445238898, 49.957399738176889 ], [ 15.536429571994745, 49.953380113872356 ], [ 15.536786579556576, 49.947981803752214 ], [ 15.53741640089919, 49.947623136404616 ], [ 15.538134925645238, 49.947213954709184 ], [ 15.562555378709021, 49.946461163100764 ], [ 15.563578991009024, 49.939591400149027 ], [ 15.565845559946695, 49.938414973079091 ], [ 15.573595763382343, 49.938932604551894 ], [ 15.577306927501638, 49.942238257188876 ], [ 15.612472162916276, 49.942582889109758 ], [ 15.618362786340128, 49.946373679837109 ], [ 15.636391663275333, 49.94625881203649 ], [ 15.642996301823018, 49.949704734412933 ], [ 15.652992510861338, 49.950968177649543 ], [ 15.654956052002547, 49.957170054315952 ], [ 15.665844779496467, 49.962911820994236 ], [ 15.668343832429741, 49.970489903738326 ], [ 15.679946575047268, 49.971637994364983 ], [ 15.681553108626701, 49.974393299546534 ], [ 15.684766175785512, 49.975541296475171 ], [ 15.692084828558563, 49.975196900387857 ], [ 15.69654742263333, 49.970719524054687 ], [ 15.707436150127194, 49.971982415923264 ], [ 15.708507172812858, 49.978755543212344 ], [ 15.713148269320811, 49.979444281981159 ], [ 15.717789366727118, 49.978870333499344 ], [ 15.721537944779698, 49.975541296475171 ], [ 15.736175251224324, 49.975311699164934 ], [ 15.739566822613199, 49.976344878144971 ], [ 15.7413518595244, 49.98242870464145 ], [ 15.749563031651519, 49.98690499150581 ], [ 15.757060188654634, 49.987364073810056 ], [ 15.762058292724646, 49.987249303789042 ], [ 15.767591908586496, 49.983576510436535 ], [ 15.777766621855051, 49.982199140195917 ], [ 15.781336696575693, 49.979673859572358 ], [ 15.790440387158412, 49.978296378170569 ], [ 15.793117942524987, 49.975426498245895 ], [ 15.797223529037694, 49.974278498000672 ], [ 15.814002879955467, 49.974163696758694 ], [ 15.82471310411762, 49.978985124090059 ], [ 15.826498141028594, 49.981854791762601 ], [ 15.837743876982813, 49.987134533494441 ], [ 15.847740086020906, 49.995167810670523 ], [ 15.870410060362588, 49.994479296436793 ], [ 15.872195097273732, 49.988626528852762 ], [ 15.878085720697641, 49.984035624508806 ], [ 15.877907217365873, 49.982199140195917 ], [ 15.886653899488294, 49.982084357851249 ], [ 15.891294996894601, 49.983576510436535 ], [ 15.891294996894601, 49.987364073810056 ], [ 15.894329560721644, 49.989774186762816 ], [ 15.903433251304364, 49.990233242258853 ], [ 15.905932303339171, 49.986675448421693 ], [ 15.910930408307479, 49.985986812596877 ], [ 15.93431439687447, 49.985757265131042 ], [ 15.939133997612714, 49.981166086923849 ], [ 15.949844221774867, 49.980592158982404 ], [ 15.950915244460475, 49.977378034941012 ], [ 15.955020830074716, 49.976689266593553 ], [ 15.958233897233583, 49.97255644714653 ], [ 15.962517987078058, 49.971982415923264 ], [ 15.964481528219437, 49.968308456957971 ], [ 15.988758036140325, 49.96888253142555 ], [ 15.989650554595926, 49.974967301434333 ], [ 15.994291652002403, 49.976689266593553 ], [ 15.997861726723045, 49.980592158982404 ], [ 16.012677536499439, 49.980821731096057 ], [ 16.016426115450145, 49.98690499150581 ], [ 16.019282175047124, 49.988167458598241 ], [ 16.028028858067842, 49.987708383384529 ], [ 16.03463349571723, 49.983117391404846 ], [ 16.03766805954416, 49.976918857330929 ], [ 16.042309156950637, 49.975426498245895 ], [ 16.047798488807757, 49.975426498245895 ], [ 16.05926701119995, 49.975426498245895 ], [ 16.066228657309694, 49.975770892689923 ], [ 16.068013694220667, 49.98242870464145 ], [ 16.057124966726974, 49.984379957909368 ], [ 16.05551843314754, 49.989888950758825 ], [ 16.058195989412638, 49.991495621991305 ], [ 16.072297784065142, 49.992757968010153 ], [ 16.074796836100177, 49.999069203959095 ], [ 16.085507060262273, 50.001134519341633 ], [ 16.089612646774981, 50.004002865677762 ], [ 16.098894840689468, 50.005035429062957 ], [ 16.101393892724275, 50.007215210784295 ], [ 16.100501374268902, 50.012262747680097 ], [ 16.089791150106748, 50.014327496241776 ], [ 16.089791150106748, 50.021094661103632 ], [ 16.109605064851394, 50.022126856724526 ], [ 16.117637732748449, 50.017195055338618 ], [ 16.126384415769166, 50.017539150745506 ], [ 16.1279909493486, 50.030727624824749 ], [ 16.129775987158098, 50.032447593752011 ], [ 16.140664714651962, 50.033823524194872 ], [ 16.142092744899458, 50.040244012616654 ], [ 16.148340374987015, 50.043224662055763 ], [ 16.148697382548846, 50.053426252775296 ], [ 16.155659028658363, 50.056291477914044 ], [ 16.15762979059906, 50.059441289386882 ], [ 16.156908554675965, 50.059614924873301 ], [ 16.154588005972755, 50.063052731513039 ], [ 16.136966117065185, 50.064203195178663 ], [ 16.135595208889924, 50.071242885049173 ], [ 16.12999733114583, 50.072562711905164 ], [ 16.127598240940586, 50.075862119836586 ], [ 16.117430668380507, 50.077181819557097 ], [ 16.112746730318236, 50.080480909654568 ], [ 16.098580673783488, 50.081067390588771 ], [ 16.095610371838632, 50.08480603960902 ], [ 16.084300374900693, 50.085465770627252 ], [ 16.082815224377441, 50.089057481356974 ], [ 16.077445832227511, 50.091476237285349 ], [ 16.076760377241555, 50.101662989592455 ], [ 16.071162500395758, 50.104594027221424 ], [ 16.069563106626163, 50.110235770941586 ], [ 16.067049774073269, 50.111481261232939 ], [ 16.019524940260908, 50.11206736283151 ], [ 16.017697061795616, 50.140777565102894 ], [ 15.999646764532542, 50.142241909622669 ], [ 15.998275855458814, 50.15402824960438 ], [ 15.966973440444463, 50.154833421784133 ], [ 15.965831016965069, 50.158785886881901 ], [ 15.960804350960757, 50.159664168405868 ], [ 15.958062533711598, 50.163250315968583 ], [ 15.941497387870072, 50.163616234149004 ], [ 15.937498903895403, 50.167421618897436 ], [ 15.927331331335324, 50.167714328119132 ], [ 15.922761635621043, 50.167055729849324 ], [ 15.919334363386156, 50.164055332843475 ], [ 15.908367094390258, 50.162884394986747 ], [ 15.905511034793449, 50.159956925136214 ], [ 15.893972553159642, 50.158419931724552 ], [ 15.892030432346303, 50.147000719592597 ], [ 15.864041047219018, 50.146707883526062 ], [ 15.861641957013944, 50.146268625489029 ], [ 15.858671654170621, 50.139093513574949 ], [ 15.849303778046192, 50.13799518696112 ], [ 15.845990749057478, 50.135652005986572 ], [ 15.840507114559671, 50.134919738757503 ], [ 15.821314392918737, 50.134773283966979 ], [ 15.815716516072939, 50.135798458663373 ], [ 15.814916818738993, 50.137189731265039 ], [ 15.814459849347259, 50.159664168405868 ], [ 15.808290760761679, 50.161786614658411 ], [ 15.806577124644207, 50.164348062682052 ], [ 15.795495612402135, 50.165958045322554 ], [ 15.792868037501194, 50.168665621283708 ], [ 15.776188648413381, 50.168738796852438 ], [ 15.774018042904174, 50.165079879434472 ], [ 15.764078955039963, 50.164421244861444 ], [ 15.76008047196359, 50.161274308812494 ], [ 15.751626534622687, 50.160469245100614 ], [ 15.749113202069566, 50.158932268160584 ], [ 15.747513808300141, 50.14465797970621 ], [ 15.74408653696338, 50.143999063761498 ], [ 15.741116235018694, 50.139972156250735 ], [ 15.735404114926553, 50.139239955141591 ], [ 15.733804722055254, 50.136457487570397 ], [ 15.704330185506421, 50.135139420102973 ], [ 15.700217459183875, 50.128109114459903 ], [ 15.67736898061213, 50.12854853867816 ], [ 15.673941709275539, 50.132210251413483 ], [ 15.663888379063337, 50.132869330319068 ], [ 15.660575350074566, 50.136750386393089 ], [ 15.593172339635771, 50.137482626180827 ], [ 15.589745067400827, 50.144877616337226 ], [ 15.580262948928237, 50.145316887149477 ], [ 15.5758074964603, 50.141729393765331 ], [ 15.565639923001697, 50.140557909644997 ], [ 15.562098409317286, 50.137848741584264 ], [ 15.541649020950615, 50.137189731265039 ], [ 15.530681751954887, 50.130672366098565 ], [ 15.530795994302935, 50.118074492929395 ], [ 15.528739631141605, 50.116902429036884 ], [ 15.516058726028405, 50.116682663970778 ], [ 15.511831757357868, 50.115364051814083 ], [ 15.510803576226351, 50.11331280548626 ], [ 15.499265094592545, 50.111188207743737 ], [ 15.497094489083338, 50.108477376797168 ], [ 15.486127219189314, 50.107671424258513 ], [ 15.483271159592334, 50.104447479628163 ], [ 15.479729645907867, 50.103568184653511 ], [ 15.477787525094527, 50.100197403234233 ], [ 15.469904800391532, 50.09602023603486 ], [ 15.460651166614923, 50.095873662211602 ], [ 15.45882328814946, 50.099391311365764 ], [ 15.454025107739312, 50.100343963830028 ], [ 15.451740259882115, 50.104007834158608 ], [ 15.446599352428052, 50.105326759037951 ], [ 15.446551742432973, 50.10552501764414 ] ] ] } },
{ "type": "Feature", "properties": { "shapeName": "Chrudim", "shapeISO": "", "shapeID": "57006924B14129056192165", "shapeGroup": "CZE", "shapeType": "ADM2" }, "geometry": { "type": "Polygon", "coordinates": [ [ [ 15.53741640089919, 49.947623136404616 ], [ 15.535894061100976, 49.944191140158352 ], [ 15.531074460362731, 49.943042394888039 ], [ 15.529646430115292, 49.931553438409765 ], [ 15.541427676963053, 49.929714951266078 ], [ 15.541963187856652, 49.923854305041232 ], [ 15.536786579556576, 49.92006174240754 ], [ 15.533752015729476, 49.909372006864032 ], [ 15.530360445238898, 49.908797222312899 ], [ 15.528218399867626, 49.897645055358339 ], [ 15.511439048949853, 49.896150238995403 ], [ 15.509297004476821, 49.894425393297297 ], [ 15.509118500246757, 49.865093585872785 ], [ 15.50287087015937, 49.861181331932926 ], [ 15.503227877721201, 49.855197271297641 ], [ 15.510368027162485, 49.854736928734837 ], [ 15.527504385642089, 49.854276581207444 ], [ 15.530003437677067, 49.85093893135479 ], [ 15.53535854930908, 49.850363451326359 ], [ 15.535001542645375, 49.846910426101147 ], [ 15.541070669401051, 49.84472338303766 ], [ 15.541784684524885, 49.84253624044635 ], [ 15.552851915350516, 49.84138507344943 ], [ 15.555172464053555, 49.838046533342151 ], [ 15.566596703339542, 49.836665000680739 ], [ 15.568024733586981, 49.834132088863726 ], [ 15.574093860342828, 49.831368761552767 ], [ 15.57480787546649, 49.828835572331343 ], [ 15.584804084504754, 49.828605275770656 ], [ 15.587660144101619, 49.821811035387725 ], [ 15.599262886719316, 49.819047003543972 ], [ 15.600512412736691, 49.811905857912166 ], [ 15.643174805154786, 49.81086915236142 ], [ 15.646744879875428, 49.806837308309923 ], [ 15.652278495737505, 49.806376504649108 ], [ 15.661025178758223, 49.806491706265547 ], [ 15.666023283726531, 49.810062809954559 ], [ 15.681374604396638, 49.810753961163186 ], [ 15.686015701802944, 49.806837308309923 ], [ 15.69119231010302, 49.806030899314692 ], [ 15.691727821895086, 49.803496383256004 ], [ 15.703152060282548, 49.801653015662282 ], [ 15.705651113215822, 49.798196511742219 ], [ 15.716539840709743, 49.797389958810413 ], [ 15.717789366727118, 49.789784655978281 ], [ 15.734390214313123, 49.789093205377696 ], [ 15.738674304157598, 49.781025554099301 ], [ 15.758845225565778, 49.780449242047894 ], [ 15.76223679695471, 49.779527128623329 ], [ 15.763129315410254, 49.776299591988732 ], [ 15.788298341786913, 49.774224633695383 ], [ 15.78919086114081, 49.768690976841583 ], [ 15.783300237716958, 49.766730988993629 ], [ 15.782764725924892, 49.755661332903571 ], [ 15.809183279217223, 49.754508098081089 ], [ 15.818286969799942, 49.750240892234103 ], [ 15.832388764452503, 49.749894885708102 ], [ 15.834173802261944, 49.74285889227292 ], [ 15.843098988614599, 49.737437020818732 ], [ 15.870410060362588, 49.735706508605006 ], [ 15.872730608167501, 49.730168455632338 ], [ 15.866661481411711, 49.727860746905662 ], [ 15.863983926044909, 49.723475798120603 ], [ 15.860056843762436, 49.723475798120603 ], [ 15.85952133197037, 49.712742541842204 ], [ 15.871124074588124, 49.706740116802507 ], [ 15.872016593941964, 49.704546738459044 ], [ 15.885047365908861, 49.701891463572849 ], [ 15.885582877700926, 49.699466954911429 ], [ 15.891294996894601, 49.697966008081323 ], [ 15.891830508686667, 49.695425838686504 ], [ 15.893319167477046, 49.694034904396119 ], [ 15.893437042266044, 49.69392476761567 ], [ 15.915571504815659, 49.693116479194941 ], [ 15.920391105553733, 49.685956765534797 ], [ 15.954663822512885, 49.685379322887513 ], [ 15.956448860322382, 49.691615336215079 ], [ 15.966266566028935, 49.697388708672861 ], [ 15.975370256611484, 49.698889673334577 ], [ 15.977141013004712, 49.716809917212913 ], [ 15.98319586014054, 49.720133739391315 ], [ 15.985023737707536, 49.725820641073824 ], [ 16.000446460968021, 49.726780701215432 ], [ 16.003188278216953, 49.734238986135608 ], [ 16.008100700975149, 49.73468201633159 ], [ 16.013241608429212, 49.734312824782251 ], [ 16.015983425678201, 49.723752753580811 ], [ 16.021809788118162, 49.721684778586678 ], [ 16.024208878323407, 49.717991746887776 ], [ 16.029349785777299, 49.716145125126843 ], [ 16.030263724560939, 49.713559737734499 ], [ 16.048999476809968, 49.713190384945051 ], [ 16.056653716817095, 49.709201200945245 ], [ 16.072304924773448, 49.708757938183282 ], [ 16.086222196066387, 49.708684168263289 ], [ 16.086242495714032, 49.708684060662961 ], [ 16.088898631651148, 49.711934566425157 ], [ 16.099073344021235, 49.713550503818283 ], [ 16.0987163373577, 49.720013716335643 ], [ 16.089077134982915, 49.721629384913228 ], [ 16.087649105633773, 49.723937389870173 ], [ 16.0815799779798, 49.726129893215955 ], [ 16.080865963754263, 49.730629983747633 ], [ 16.08782760896554, 49.736975556851576 ], [ 16.087649105633773, 49.74101321690307 ], [ 16.082651000665464, 49.742628186618674 ], [ 16.080865963754263, 49.745973310360625 ], [ 16.069084716906502, 49.747818797041248 ], [ 16.068906213574735, 49.754162122576645 ], [ 16.076581873909788, 49.758083035895652 ], [ 16.08782760896554, 49.760043373963526 ], [ 16.089612646774981, 49.762810774966454 ], [ 16.094432247513225, 49.763733206479174 ], [ 16.100679877600612, 49.763156688767879 ], [ 16.104606959883085, 49.758890243351004 ], [ 16.107998531272017, 49.758544299109928 ], [ 16.108891049727561, 49.755661332903571 ], [ 16.112639628678494, 49.754392773380516 ], [ 16.129775987158098, 49.754277447825586 ], [ 16.137630150824918, 49.749664213513142 ], [ 16.144056286040836, 49.749779550037999 ], [ 16.147626360761478, 49.752432206871731 ], [ 16.147804864093246, 49.760504618529978 ], [ 16.152088953937721, 49.762118939379093 ], [ 16.154230998410753, 49.767538052479381 ], [ 16.149054390110678, 49.772380151802849 ], [ 16.147983367425013, 49.776991225203631 ], [ 16.154052495078986, 49.779066065040126 ], [ 16.155480524428299, 49.785981556394574 ], [ 16.16119264452044, 49.789554173541433 ], [ 16.161371147852208, 49.79381791963857 ], [ 16.155302021096531, 49.798772613250947 ], [ 16.15494501353453, 49.80821969239355 ], [ 16.156551547113963, 49.812366608355831 ], [ 16.160478629396607, 49.812942541256689 ], [ 16.162263666307808, 49.819853196268298 ], [ 16.156373042883899, 49.82227169210671 ], [ 16.155480524428299, 49.829871892996152 ], [ 16.155149150196962, 49.829939905711797 ], [ 16.151553442145655, 49.830677904764798 ], [ 16.137273143263087, 49.831599044376333 ], [ 16.136559129037551, 49.839773392793461 ], [ 16.13406007610422, 49.842421125211843 ], [ 16.111568605992829, 49.844032717028142 ], [ 16.109605064851394, 49.846104684874831 ], [ 16.110676087537229, 49.855197271297641 ], [ 16.099430351583067, 49.856923518734902 ], [ 16.096217284424426, 49.860490901086393 ], [ 16.091754691248013, 49.86129640249186 ], [ 16.090505165230581, 49.863712826711549 ], [ 16.085328556930506, 49.866359247342984 ], [ 16.084971549368504, 49.870616229029622 ], [ 16.08693509050994, 49.873377313245953 ], [ 16.090862172792413, 49.874757796738265 ], [ 16.091576187916246, 49.880624409882387 ], [ 16.085685564492337, 49.885225176322706 ], [ 16.080508956192261, 49.886260288319022 ], [ 16.079616437736718, 49.889020478075622 ], [ 16.074796836100177, 49.890400514343412 ], [ 16.071048258047767, 49.894540385237178 ], [ 16.067121175765294, 49.894770367716262 ], [ 16.064979131292091, 49.899714724465355 ], [ 16.065693146415924, 49.905003475838555 ], [ 16.073011799189146, 49.90845234875718 ], [ 16.073547310082745, 49.939481111331474 ], [ 16.071405265609769, 49.940974584948037 ], [ 16.063194093482593, 49.941434106066822 ], [ 16.059445515430184, 49.945339857457554 ], [ 16.055161425585538, 49.946029075035312 ], [ 16.053733395338099, 49.952691001480844 ], [ 16.048021276144254, 49.954988003859228 ], [ 16.047798488807757, 49.975426498245895 ], [ 16.042309156950637, 49.975426498245895 ], [ 16.03766805954416, 49.976918857330929 ], [ 16.03463349571723, 49.983117391404846 ], [ 16.028028858067842, 49.987708383384529 ], [ 16.019282175047124, 49.988167458598241 ], [ 16.016426115450145, 49.98690499150581 ], [ 16.012677536499439, 49.980821731096057 ], [ 15.997861726723045, 49.980592158982404 ], [ 15.994291652002403, 49.976689266593553 ], [ 15.989650554595926, 49.974967301434333 ], [ 15.988758036140325, 49.96888253142555 ], [ 15.964481528219437, 49.968308456957971 ], [ 15.962517987078058, 49.971982415923264 ], [ 15.958233897233583, 49.97255644714653 ], [ 15.955020830074716, 49.976689266593553 ], [ 15.950915244460475, 49.977378034941012 ], [ 15.949844221774867, 49.980592158982404 ], [ 15.939133997612714, 49.981166086923849 ], [ 15.93431439687447, 49.985757265131042 ], [ 15.910930408307479, 49.985986812596877 ], [ 15.905932303339171, 49.986675448421693 ], [ 15.903433251304364, 49.990233242258853 ], [ 15.894329560721644, 49.989774186762816 ], [ 15.891294996894601, 49.987364073810056 ], [ 15.891294996894601, 49.983576510436535 ], [ 15.886653899488294, 49.982084357851249 ], [ 15.877907217365873, 49.982199140195917 ], [ 15.878085720697641, 49.984035624508806 ], [ 15.872195097273732, 49.988626528852762 ], [ 15.870410060362588, 49.994479296436793 ], [ 15.847740086020906, 49.995167810670523 ], [ 15.837743876982813, 49.987134533494441 ], [ 15.826498141028594, 49.981854791762601 ], [ 15.82471310411762, 49.978985124090059 ], [ 15.814002879955467, 49.974163696758694 ], [ 15.797223529037694, 49.974278498000672 ], [ 15.793117942524987, 49.975426498245895 ], [ 15.790440387158412, 49.978296378170569 ], [ 15.781336696575693, 49.979673859572358 ], [ 15.777766621855051, 49.982199140195917 ], [ 15.767591908586496, 49.983576510436535 ], [ 15.762058292724646, 49.987249303789042 ], [ 15.757060188654634, 49.987364073810056 ], [ 15.749563031651519, 49.98690499150581 ], [ 15.7413518595244, 49.98242870464145 ], [ 15.739566822613199, 49.976344878144971 ], [ 15.736175251224324, 49.975311699164934 ], [ 15.721537944779698, 49.975541296475171 ], [ 15.717789366727118, 49.978870333499344 ], [ 15.713148269320811, 49.979444281981159 ], [ 15.708507172812858, 49.978755543212344 ], [ 15.707436150127194, 49.971982415923264 ], [ 15.69654742263333, 49.970719524054687 ], [ 15.692084828558563, 49.975196900387857 ], [ 15.684766175785512, 49.975541296475171 ], [ 15.681553108626701, 49.974393299546534 ], [ 15.679946575047268, 49.971637994364983 ], [ 15.668343832429741, 49.970489903738326 ], [ 15.665844779496467, 49.962911820994236 ], [ 15.654956052002547, 49.957170054315952 ], [ 15.652992510861338, 49.950968177649543 ], [ 15.642996301823018, 49.949704734412933 ], [ 15.636391663275333, 49.94625881203649 ], [ 15.618362786340128, 49.946373679837109 ], [ 15.612472162916276, 49.942582889109758 ], [ 15.577306927501638, 49.942238257188876 ], [ 15.573595763382343, 49.938932604551894 ], [ 15.565845559946695, 49.938414973079091 ], [ 15.563578991009024, 49.939591400149027 ], [ 15.562555378709021, 49.946461163100764 ], [ 15.538134925645238, 49.947213954709184 ], [ 15.53741640089919, 49.947623136404616 ] ] ] } },
{ "type": "Feature", "properties": { "shapeName": "Ústí nad Orlicí", "shapeISO": "", "shapeID": "57006924B30982913442521", "shapeGroup": "CZE", "shapeType": "ADM2" }, "geometry": { "type": "Polygon", "coordinates": [ [ [ 16.15762979059906, 50.059441289386882 ], [ 16.155659028658363, 50.056291477914044 ], [ 16.148697382548846, 50.053426252775296 ], [ 16.148340374987015, 50.043224662055763 ], [ 16.142092744899458, 50.040244012616654 ], [ 16.140664714651962, 50.033823524194872 ], [ 16.129775987158098, 50.032447593752011 ], [ 16.1279909493486, 50.030727624824749 ], [ 16.126384415769166, 50.017539150745506 ], [ 16.117637732748449, 50.017195055338618 ], [ 16.109605064851394, 50.022126856724526 ], [ 16.089791150106748, 50.021094661103632 ], [ 16.089791150106748, 50.014327496241776 ], [ 16.100501374268902, 50.012262747680097 ], [ 16.101393892724275, 50.007215210784295 ], [ 16.098894840689468, 50.005035429062957 ], [ 16.089612646774981, 50.004002865677762 ], [ 16.085507060262273, 50.001134519341633 ], [ 16.074796836100177, 49.999069203959095 ], [ 16.072297784065142, 49.992757968010153 ], [ 16.058195989412638, 49.991495621991305 ], [ 16.05551843314754, 49.989888950758825 ], [ 16.057124966726974, 49.984379957909368 ], [ 16.068013694220667, 49.98242870464145 ], [ 16.066228657309694, 49.975770892689923 ], [ 16.05926701119995, 49.975426498245895 ], [ 16.047798488807757, 49.975426498245895 ], [ 16.048021276144254, 49.954988003859228 ], [ 16.053733395338099, 49.952691001480844 ], [ 16.055161425585538, 49.946029075035312 ], [ 16.059445515430184, 49.945339857457554 ], [ 16.063194093482593, 49.941434106066822 ], [ 16.071405265609769, 49.940974584948037 ], [ 16.073547310082745, 49.939481111331474 ], [ 16.073011799189146, 49.90845234875718 ], [ 16.065693146415924, 49.905003475838555 ], [ 16.064979131292091, 49.899714724465355 ], [ 16.067121175765294, 49.894770367716262 ], [ 16.071048258047767, 49.894540385237178 ], [ 16.074796836100177, 49.890400514343412 ], [ 16.079616437736718, 49.889020478075622 ], [ 16.080508956192261, 49.886260288319022 ], [ 16.085685564492337, 49.885225176322706 ], [ 16.091576187916246, 49.880624409882387 ], [ 16.090862172792413, 49.874757796738265 ], [ 16.08693509050994, 49.873377313245953 ], [ 16.084971549368504, 49.870616229029622 ], [ 16.085328556930506, 49.866359247342984 ], [ 16.090505165230581, 49.863712826711549 ], [ 16.091754691248013, 49.86129640249186 ], [ 16.096217284424426, 49.860490901086393 ], [ 16.099430351583067, 49.856923518734902 ], [ 16.110676087537229, 49.855197271297641 ], [ 16.109605064851394, 49.846104684874831 ], [ 16.111568605992829, 49.844032717028142 ], [ 16.13406007610422, 49.842421125211843 ], [ 16.136559129037551, 49.839773392793461 ], [ 16.137273143263087, 49.831599044376333 ], [ 16.151553442145655, 49.830677904764798 ], [ 16.155149150196962, 49.829939905711797 ], [ 16.156908269011694, 49.837417664437282 ], [ 16.162318788730317, 49.839586802958877 ], [ 16.163049940116366, 49.850808182823471 ], [ 16.162026327816363, 49.854438071520633 ], [ 16.158809262256284, 49.855616548333842 ], [ 16.156030887168583, 49.859434614995621 ], [ 16.15252136069472, 49.859717423154564 ], [ 16.150108562198227, 49.861697031022572 ], [ 16.150693483127554, 49.867399734109767 ], [ 16.156323348082367, 49.868530769159179 ], [ 16.157566304720262, 49.871688100729443 ], [ 16.168094884141908, 49.873101764013143 ], [ 16.170653913095066, 49.879227162007794 ], [ 16.17313982816745, 49.880216576342264 ], [ 16.195001251379608, 49.88002811833536 ], [ 16.199315044018988, 49.87625879735117 ], [ 16.206626556982201, 49.876541506443743 ], [ 16.215546603174744, 49.880876175020376 ], [ 16.215336397398232, 49.891775910869683 ], [ 16.212023367511335, 49.892732684983514 ], [ 16.209510034958271, 49.896265226824937 ], [ 16.210423974640037, 49.900091854619689 ], [ 16.215907609137844, 49.90288804486363 ], [ 16.216821547921484, 49.906787723314551 ], [ 16.210652459335904, 49.911349211604602 ], [ 16.2124803369029, 49.917896400204768 ], [ 16.236128511910294, 49.918852656961519 ], [ 16.238527602115369, 49.921206438682702 ], [ 16.246981539456442, 49.921721312863326 ], [ 16.252236689258382, 49.918264193865525 ], [ 16.26114759599119, 49.916940125061217 ], [ 16.264574867327838, 49.909509953836107 ], [ 16.272229107334965, 49.909436382089552 ], [ 16.282282437546996, 49.913629794266342 ], [ 16.283996073664639, 49.920397338996622 ], [ 16.289136981118702, 49.922530389752012 ], [ 16.289365465814569, 49.931576419120461 ], [ 16.295763039994142, 49.934444317912494 ], [ 16.297019705821526, 49.937017928046771 ], [ 16.307073036033728, 49.93900319020463 ], [ 16.313127883169784, 49.942385300474143 ], [ 16.328664847879793, 49.943120510746553 ], [ 16.328436363183926, 49.949369342446971 ], [ 16.323295455729863, 49.952677219213456 ], [ 16.322495759294213, 49.957528360868423 ], [ 16.329807272257426, 49.958924811129975 ], [ 16.340774541253325, 49.9585573282979 ], [ 16.344887267575871, 49.954367824032261 ], [ 16.34762908482486, 49.954073810166904 ], [ 16.350485144421668, 49.946943421443677 ], [ 16.356425749209677, 49.942017691419323 ], [ 16.361338171967873, 49.941576556850805 ], [ 16.362366353099389, 49.93834144543348 ], [ 16.368078473191304, 49.936576747120114 ], [ 16.369335139018744, 49.933120693479339 ], [ 16.373219380645367, 49.932605941050724 ], [ 16.376760894330005, 49.928487721946851 ], [ 16.380987863000541, 49.927825832762153 ], [ 16.382244529726051, 49.916645882740056 ], [ 16.386014528106557, 49.915763144424716 ], [ 16.38909907239929, 49.911569917753923 ], [ 16.393783010461561, 49.911128504445173 ], [ 16.395839373622891, 49.907964923012798 ], [ 16.403150886586161, 49.907302752043222 ], [ 16.412975732102495, 49.902152220764037 ], [ 16.414003914132365, 49.896633184881523 ], [ 16.411833308622988, 49.894351798543369 ], [ 16.381102105348418, 49.89413101360833 ], [ 16.380188166564892, 49.888169436214639 ], [ 16.384757862279173, 49.886402901598274 ], [ 16.39858119087188, 49.885814042552283 ], [ 16.400751796381087, 49.88279602603609 ], [ 16.410233914853563, 49.881544597899506 ], [ 16.41526057995975, 49.873225457965248 ], [ 16.423600274952662, 49.872341925018532 ], [ 16.426227849853774, 49.8698384949505 ], [ 16.425199667823961, 49.858055903470245 ], [ 16.431597242003704, 49.852384506924068 ], [ 16.43662390710972, 49.851353272825236 ], [ 16.438908754966917, 49.847964776129572 ], [ 16.443364208333378, 49.847228114651102 ], [ 16.446905722017789, 49.847301781246188 ], [ 16.455816628750654, 49.85127961240471 ], [ 16.480264500193528, 49.851205951871918 ], [ 16.48951813397008, 49.84649144252495 ], [ 16.50631176540594, 49.846859779991405 ], [ 16.511909642251737, 49.849585391169228 ], [ 16.533158727053888, 49.850322016143082 ], [ 16.535215090215218, 49.849217073892987 ], [ 16.536928725434166, 49.842365869408013 ], [ 16.541041451756882, 49.840818688790819 ], [ 16.541405599128723, 49.830447616975789 ], [ 16.546403704096804, 49.827914379509423 ], [ 16.549081260362072, 49.816282814376621 ], [ 16.572643753159127, 49.816052458055083 ], [ 16.574428790070328, 49.82975674703016 ], [ 16.576927843003602, 49.831483903101457 ], [ 16.586210036918089, 49.833326134659558 ], [ 16.589958614970499, 49.836319611637464 ], [ 16.593528689691311, 49.836895258865297 ], [ 16.59477821660704, 49.839312902738357 ], [ 16.608344500366002, 49.840118757746325 ], [ 16.614235122891557, 49.84253624044635 ], [ 16.614413627121621, 49.846334898107159 ], [ 16.620839761439129, 49.851284215967041 ], [ 16.63636958633947, 49.85611794442616 ], [ 16.648507840749062, 49.856693355934453 ], [ 16.653862952380905, 49.853355872996985 ], [ 16.664394673211063, 49.852204963645534 ], [ 16.668321754595411, 49.848061462111616 ], [ 16.684387091287647, 49.846450004022358 ], [ 16.688492676901888, 49.843226927835417 ], [ 16.696703849029007, 49.843457154772295 ], [ 16.703129983346685, 49.847370843794408 ], [ 16.710270132787969, 49.846795321282286 ], [ 16.712947689053067, 49.843572267539969 ], [ 16.716874770437414, 49.842996699802143 ], [ 16.744258708035773, 49.842343994936698 ], [ 16.744532330059315, 49.843910820822657 ], [ 16.746506390888385, 49.858304472516124 ], [ 16.754717563015561, 49.86302243204193 ], [ 16.770961402141268, 49.863482696251253 ], [ 16.772389432388707, 49.866934536890881 ], [ 16.7707828988095, 49.870846324927641 ], [ 16.766320305633087, 49.871881745219014 ], [ 16.765606290509425, 49.882924847909123 ], [ 16.760429682209349, 49.885340189605699 ], [ 16.760251177979114, 49.911556123721539 ], [ 16.754896066347271, 49.915004528698773 ], [ 16.754717563015561, 49.927531656873384 ], [ 16.748112924467819, 49.934196141353539 ], [ 16.741508285920133, 49.936494025788818 ], [ 16.740794271694767, 49.965093512361761 ], [ 16.737759707867724, 49.966471372301669 ], [ 16.734546640708857, 49.973934092875254 ], [ 16.730976565988215, 49.974393299546534 ], [ 16.725799957688139, 49.978870333499344 ], [ 16.724550431670764, 49.993676017659425 ], [ 16.736510181850292, 49.995282561795534 ], [ 16.757930630174371, 49.995282561795534 ], [ 16.76542778627919, 49.998954461870937 ], [ 16.775423996215807, 49.999642911447893 ], [ 16.777209033126951, 50.009739045497042 ], [ 16.783456664112691, 50.013295133050576 ], [ 16.784884693462004, 50.019144898074558 ], [ 16.795773421854221, 50.020291827018752 ], [ 16.798807984782798, 50.027631525864592 ], [ 16.808982698051125, 50.028663581028241 ], [ 16.817729381071842, 50.034970103262083 ], [ 16.818086388633844, 50.046205126429925 ], [ 16.812017261878225, 50.050675475425066 ], [ 16.810589231630559, 50.056979106696758 ], [ 16.806840653578149, 50.058583534956199 ], [ 16.804341600644875, 50.067865246006079 ], [ 16.805948134224252, 50.070042177766766 ], [ 16.810589231630559, 50.070615037910272 ], [ 16.814337809683138, 50.074281182057462 ], [ 16.818621899527614, 50.075655913491971 ], [ 16.820049929775109, 50.078405258695511 ], [ 16.825583545637187, 50.080123518884591 ], [ 16.824512522951352, 50.086079679267129 ], [ 16.819871425545045, 50.088942954172296 ], [ 16.819692922213278, 50.092951252015268 ], [ 16.8132667878956, 50.097302738437293 ], [ 16.813980803019433, 50.107034895865525 ], [ 16.832009679954638, 50.109667963121808 ], [ 16.833973221095846, 50.122258893014987 ], [ 16.840577858745291, 50.127408773412697 ], [ 16.841291873869125, 50.131757129867879 ], [ 16.846646986399207, 50.135761845104469 ], [ 16.848253519978641, 50.153721731922872 ], [ 16.854144142504254, 50.157152789702479 ], [ 16.857892721454959, 50.167558826424397 ], [ 16.864675863334583, 50.167787505144418 ], [ 16.867353419599453, 50.169388224970817 ], [ 16.870473802101401, 50.193845983889389 ], [ 16.867549710065873, 50.201257771692099 ], [ 16.858170113216772, 50.206025267231439 ], [ 16.850445739341126, 50.205672135743782 ], [ 16.848790516367671, 50.197372793611521 ], [ 16.844652458934263, 50.197019598108454 ], [ 16.842169624474309, 50.194017330833674 ], [ 16.837755696545344, 50.193487499364096 ], [ 16.834721121094162, 50.190131763526495 ], [ 16.824238042262834, 50.188718751568558 ], [ 16.821479337307153, 50.185715962336872 ], [ 16.817617150369244, 50.185186038756285 ], [ 16.81541018640479, 50.181299752843302 ], [ 16.809892776493598, 50.180593121433049 ], [ 16.802720143609008, 50.175469731097394 ], [ 16.799685568157997, 50.155854436394407 ], [ 16.795823381220089, 50.154970675079426 ], [ 16.793340546759907, 50.152142529097489 ], [ 16.788650748335499, 50.152142529097489 ], [ 16.788099007344442, 50.139236990355641 ], [ 16.77568483504416, 50.139060177975466 ], [ 16.774581353061762, 50.135700618592921 ], [ 16.769339813646297, 50.134639656091792 ], [ 16.767408720177343, 50.131279786298592 ], [ 16.748373655983642, 50.130749258976039 ], [ 16.747270174001244, 50.127565971525371 ], [ 16.741476893594552, 50.126151109136345 ], [ 16.740925152603552, 50.119253056019147 ], [ 16.73540774269236, 50.11748416432971 ], [ 16.734304260709962, 50.106338643774677 ], [ 16.72823510980777, 50.105630904093402 ], [ 16.726579886834315, 50.0978450773693 ], [ 16.71499332602076, 50.096429336552944 ], [ 16.712510491560806, 50.093951689461221 ], [ 16.688785628942469, 50.094482624623367 ], [ 16.687406276464742, 50.097668112055032 ], [ 16.669198823757597, 50.099260776352025 ], [ 16.665336636819859, 50.10244594611089 ], [ 16.657336392448542, 50.103330677904523 ], [ 16.655405298979758, 50.106338643774677 ], [ 16.643266997175033, 50.107400233688054 ], [ 16.642163515192806, 50.111292528726324 ], [ 16.635818493794886, 50.112530919898347 ], [ 16.634990882308159, 50.115538307984139 ], [ 16.631128695370251, 50.115715207283415 ], [ 16.629473472397024, 50.119783710781405 ], [ 16.624507803476831, 50.120137477355343 ], [ 16.623128450999104, 50.123851868546581 ], [ 16.618438652574469, 50.124736204921021 ], [ 16.616507559105514, 50.128980792088612 ], [ 16.611266019690049, 50.129688186685769 ], [ 16.608783185229868, 50.133225002827771 ], [ 16.604369257300959, 50.13393233468787 ], [ 16.603265775318732, 50.136761557568207 ], [ 16.591414395534173, 50.138930584803688 ], [ 16.559077469400165, 50.138736559946551 ], [ 16.555864402241525, 50.142397493676242 ], [ 16.546760711658806, 50.14354147761577 ], [ 16.543547644499995, 50.146744488132526 ], [ 16.533372931231668, 50.147202043060361 ], [ 16.530516871634802, 50.151205466131444 ], [ 16.528017819599825, 50.151205466131444 ], [ 16.523912233087117, 50.155437291877263 ], [ 16.515344054296463, 50.156009131324879 ], [ 16.511952482907589, 50.15955438416961 ], [ 16.50231328143127, 50.160583601845644 ], [ 16.487140464092931, 50.159211306303234 ], [ 16.485712433845435, 50.136791575506209 ], [ 16.484105900266002, 50.135647429567143 ], [ 16.473217172772138, 50.134159999230349 ], [ 16.471967646754536, 50.131528278791279 ], [ 16.464291986419653, 50.127637644189576 ], [ 16.446977123709814, 50.126722154514937 ], [ 16.44358555232111, 50.123174467484603 ], [ 16.434660365968455, 50.122831129182771 ], [ 16.43037627612398, 50.119168698234034 ], [ 16.421094082209549, 50.118138589170599 ], [ 16.419487548630116, 50.115620451930511 ], [ 16.406456775764923, 50.113903463743327 ], [ 16.39878111542987, 50.106691441813268 ], [ 16.395032536479164, 50.106004525743629 ], [ 16.385214831670908, 50.099478333165848 ], [ 16.362723360661221, 50.098676809729568 ], [ 16.358260767484978, 50.094439962425156 ], [ 16.352905655853135, 50.092722215406354 ], [ 16.352013136499238, 50.069125586842574 ], [ 16.347372039991058, 50.068438132729568 ], [ 16.344337476164014, 50.065573632410633 ], [ 16.328986154595611, 50.065115297013961 ], [ 16.326665606790812, 50.063511086618007 ], [ 16.326844110122579, 50.052967800737406 ], [ 16.332377725984657, 50.050446236813514 ], [ 16.333448748670321, 50.044256382116259 ], [ 16.338803860302107, 50.041161155409839 ], [ 16.33719732672273, 50.036002000726114 ], [ 16.331842215090887, 50.034970103262083 ], [ 16.313277826363617, 50.036460614254224 ], [ 16.312563811239841, 50.03863897114519 ], [ 16.3063161802541, 50.041390438370456 ], [ 16.303460120657292, 50.044600283683053 ], [ 16.269187403698083, 50.044714917375813 ], [ 16.264367802959839, 50.04884153644997 ], [ 16.26061922490743, 50.049414649799644 ], [ 16.247409947812002, 50.04815379105014 ], [ 16.244375384883426, 50.041046513230356 ], [ 16.22366895168318, 50.040702586203395 ], [ 16.218849350944936, 50.037607130352683 ], [ 16.210995186379819, 50.037377829323304 ], [ 16.208496134344841, 50.038180377846913 ], [ 16.207603614990944, 50.041275796738432 ], [ 16.201712991567035, 50.042422197853114 ], [ 16.198856931970226, 50.045746605406066 ], [ 16.188503715369905, 50.046434384722431 ], [ 16.186897181790528, 50.053426252775296 ], [ 16.175472943403065, 50.055489232167247 ], [ 16.170474838434757, 50.058583534956199 ], [ 16.158336584025164, 50.059271130890124 ], [ 16.15762979059906, 50.059441289386882 ] ] ] } },
{ "type": "Feature", "properties": { "shapeName": "Jeseník", "shapeISO": "", "shapeID": "57006924B8762756005554", "shapeGroup": "CZE", "shapeType": "ADM2" }, "geometry": { "type": "Polygon", "coordinates": [ [ [ 17.432545217826828, 50.253672898923867 ], [ 17.430877262000763, 50.273425479842842 ], [ 17.4250839815939, 50.275012293996383 ], [ 17.424256370107173, 50.277656866728705 ], [ 17.393083004108917, 50.279067245452381 ], [ 17.392255392622189, 50.282945571488881 ], [ 17.366323566039455, 50.282945571488881 ], [ 17.365220084057228, 50.279243539854747 ], [ 17.359426803650535, 50.277480566450151 ], [ 17.358599192163808, 50.272191254493578 ], [ 17.354185264234843, 50.271309645370593 ], [ 17.347564372341253, 50.272720212132128 ], [ 17.34784024283698, 50.287528640319465 ], [ 17.353357652748116, 50.291582525630304 ], [ 17.354185264234843, 50.299336822207408 ], [ 17.360254415137263, 50.30409451484212 ], [ 17.359426803650535, 50.30955646397598 ], [ 17.341771091934618, 50.309732645439169 ], [ 17.341771091934618, 50.317836287122702 ], [ 17.347012631350253, 50.318893182036902 ], [ 17.34784024283698, 50.326290788500444 ], [ 17.329081049138836, 50.326643026756074 ], [ 17.326322344183154, 50.323296657917695 ], [ 17.322184286749689, 50.323120526715115 ], [ 17.321080804767462, 50.318540886343101 ], [ 17.302597481564987, 50.318364737517072 ], [ 17.299287035618306, 50.315722426799482 ], [ 17.275286302504469, 50.316603213356984 ], [ 17.275286302504469, 50.323120526715115 ], [ 17.270044763088833, 50.324353431427141 ], [ 17.269493022097606, 50.327875840090883 ], [ 17.256527108806324, 50.328051953670808 ], [ 17.25404427434637, 50.332278483786013 ], [ 17.249630346417405, 50.333158963574817 ], [ 17.247699252948451, 50.337385039435617 ], [ 17.237492044612679, 50.33773719545519 ], [ 17.234733339657168, 50.340906482156015 ], [ 17.230595282223589, 50.341962864066829 ], [ 17.231974634701487, 50.350237042870276 ], [ 17.217629368932251, 50.351645270158656 ], [ 17.216525886950024, 50.35903777822034 ], [ 17.212663700012115, 50.35903777822034 ], [ 17.210456736047661, 50.363085568659187 ], [ 17.204663455640969, 50.363437534122909 ], [ 17.203559973658741, 50.366605105842325 ], [ 17.201628880189787, 50.366605105842325 ], [ 17.197766693251879, 50.373291507420333 ], [ 17.199421916225333, 50.3757546810196 ], [ 17.204387585145469, 50.377514012435824 ], [ 17.205766937623196, 50.388948076277188 ], [ 17.182317945500586, 50.389299849912788 ], [ 17.179007499553904, 50.388068630770704 ], [ 17.176800535589223, 50.384726589092281 ], [ 17.172386607660314, 50.384022971358434 ], [ 17.170455514191531, 50.381384311882812 ], [ 17.140937371166387, 50.381208396031468 ], [ 17.13707518422865, 50.385781996119817 ], [ 17.133764738281741, 50.386133793242834 ], [ 17.131833644812957, 50.389827505473136 ], [ 17.126867975892822, 50.390003389355172 ], [ 17.125488623415094, 50.394048538574111 ], [ 17.115005544583767, 50.396334774601087 ], [ 17.113626192105869, 50.404775306384465 ], [ 17.110039875663631, 50.406885204479977 ], [ 17.096522221381122, 50.407236845029729 ], [ 17.092108293452213, 50.40442364756899 ], [ 17.067555819347376, 50.40442364756899 ], [ 17.066176466869592, 50.407764300961844 ], [ 17.047969014162447, 50.409170821411124 ], [ 17.04631379118922, 50.412862738955596 ], [ 17.034451359879995, 50.413390132264169 ], [ 17.027830467986576, 50.422003391934652 ], [ 16.975690944325493, 50.422882207923521 ], [ 16.973759850856709, 50.426924551442085 ], [ 16.963828513016438, 50.427276043267625 ], [ 16.959138714591973, 50.430966549917059 ], [ 16.942586484858282, 50.432899557653116 ], [ 16.940931261885055, 50.435711064387931 ], [ 16.92272380917791, 50.436413914982893 ], [ 16.921896197691183, 50.439752312800294 ], [ 16.917758140257945, 50.44010370940066 ], [ 16.913068341833309, 50.444847308170949 ], [ 16.896516112099619, 50.444144582798117 ], [ 16.895136759621892, 50.440982189487897 ], [ 16.883274328312837, 50.439752312800294 ], [ 16.881894975834882, 50.433426727884353 ], [ 16.876377565923747, 50.432196654880329 ], [ 16.875274083941463, 50.417609067383637 ], [ 16.872791249481509, 50.415675435427033 ], [ 16.862584041145681, 50.414796485718284 ], [ 16.861204688667954, 50.411807934726028 ], [ 16.863963393623465, 50.406885204479977 ], [ 16.874170601959236, 50.405830267174508 ], [ 16.876653436419417, 50.398796751636155 ], [ 16.888239997232972, 50.397741634278418 ], [ 16.888515867728472, 50.394400274370014 ], [ 16.894033277639664, 50.392993315528827 ], [ 16.896240241604119, 50.388772188480743 ], [ 16.914999435302263, 50.388420410930564 ], [ 16.914999435302263, 50.385430196387006 ], [ 16.919689233726729, 50.384550685637464 ], [ 16.921344456700183, 50.351293217252191 ], [ 16.926034255124591, 50.350061011522541 ], [ 16.928517089584773, 50.346012110409163 ], [ 16.932655147018011, 50.345836063399133 ], [ 16.932103406027011, 50.335272048496279 ], [ 16.939276038911601, 50.332102385870371 ], [ 16.940103650398328, 50.321535316518919 ], [ 16.945069319318463, 50.320302338703414 ], [ 16.947276283282747, 50.31537010760735 ], [ 16.965207865494392, 50.315193947032185 ], [ 16.968242440945403, 50.310437364764368 ], [ 16.972656368874311, 50.309908826249568 ], [ 16.979829001758958, 50.302332461946492 ], [ 16.990587951085956, 50.302332461946492 ], [ 16.992243174059183, 50.299160602229961 ], [ 17.004657346359465, 50.297398366550055 ], [ 17.003553864377238, 50.294578653676581 ], [ 17.008795403792874, 50.293697459130271 ], [ 17.010726497261828, 50.289643754004373 ], [ 17.01679564816402, 50.287528640319465 ], [ 17.018175000641975, 50.276422751068367 ], [ 17.02341654005761, 50.275893834563135 ], [ 17.021485446588656, 50.259494508228158 ], [ 17.010174756270658, 50.258259921797958 ], [ 17.010450626766328, 50.246441547186919 ], [ 17.014312813704066, 50.245030202074645 ], [ 17.01679564816402, 50.23832574203044 ], [ 17.021209576093156, 50.237972849589994 ], [ 17.023692410553167, 50.233561473673035 ], [ 17.026726986004348, 50.233385010146378 ], [ 17.027830467986576, 50.231796809016998 ], [ 17.027278726995348, 50.222089985984724 ], [ 17.019173992074684, 50.212389545607209 ], [ 17.021446768192561, 50.207953646093529 ], [ 17.027303922185638, 50.206347077584894 ], [ 17.027303922185638, 50.20170557670383 ], [ 17.032826381870052, 50.197734950106337 ], [ 17.033718900325653, 50.192249799876663 ], [ 17.027292766007974, 50.190078420898544 ], [ 17.026757254216079, 50.183220785423771 ], [ 17.037110470816231, 50.177505336719776 ], [ 17.045321642943179, 50.177048071190143 ], [ 17.047642191646389, 50.172932485627712 ], [ 17.0508552588052, 50.172818159001679 ], [ 17.052461792384634, 50.161841504532561 ], [ 17.060137452719687, 50.156466598188899 ], [ 17.074774759164313, 50.155780396251487 ], [ 17.078523338115019, 50.158639505155065 ], [ 17.088162539591281, 50.159897458998557 ], [ 17.092268125205692, 50.156009131324879 ], [ 17.107440942544088, 50.154636705045391 ], [ 17.111546529056795, 50.157724609207833 ], [ 17.12100722630305, 50.15909694685098 ], [ 17.131181939571377, 50.151205466131444 ], [ 17.140999645277759, 50.150061665495002 ], [ 17.143141689750735, 50.148345912668105 ], [ 17.14421271243657, 50.142397493676242 ], [ 17.147068772033379, 50.14193989220945 ], [ 17.14885380894458, 50.139651819788298 ], [ 17.149746328298477, 50.131185000412415 ], [ 17.154030417244655, 50.128667548853571 ], [ 17.156350965947865, 50.12042769038726 ], [ 17.161884581809943, 50.119054243021992 ], [ 17.165633159862352, 50.116192767452048 ], [ 17.180270466306922, 50.11436133335684 ], [ 17.188303134203807, 50.110583778970067 ], [ 17.188838645995872, 50.108065243821272 ], [ 17.193301239172115, 50.106691441813268 ], [ 17.195800291207149, 50.103027776176646 ], [ 17.19901335836596, 50.102798787733832 ], [ 17.203475952440499, 50.098333295745249 ], [ 17.226502933445659, 50.096959214024309 ], [ 17.226771566766786, 50.096987934840058 ], [ 17.230787023290134, 50.097417245643328 ], [ 17.23917669874902, 50.102111816413867 ], [ 17.240961736558518, 50.107836279460514 ], [ 17.247030863314137, 50.111385103182556 ], [ 17.247387870875968, 50.130612863540648 ], [ 17.243639292823559, 50.131642704178489 ], [ 17.242211262575893, 50.138736559946551 ], [ 17.254171012755478, 50.140910273191878 ], [ 17.255063531211022, 50.143312682901581 ], [ 17.266666273828776, 50.148002754370566 ], [ 17.269879341885883, 50.15166297895604 ], [ 17.275948468641502, 50.153149865117769 ], [ 17.281303580273345, 50.157038425325823 ], [ 17.284159639870154, 50.164128515471248 ], [ 17.290050263294063, 50.168359196869346 ], [ 17.298796946314781, 50.169388224970817 ], [ 17.308971659583108, 50.173732766076171 ], [ 17.310756696494479, 50.1804774554098 ], [ 17.317718342603825, 50.185049584380522 ], [ 17.326108018062712, 50.185735366152471 ], [ 17.332712655712157, 50.18104899532068 ], [ 17.34485091012175, 50.180820380061846 ], [ 17.347885473948793, 50.182306359399831 ], [ 17.349670510859994, 50.187792651813595 ], [ 17.355025623390077, 50.190421276623681 ], [ 17.355561134283846, 50.19510672732315 ], [ 17.363058291286961, 50.201391366464122 ], [ 17.369305921374576, 50.202876705792278 ], [ 17.370733951622242, 50.20984575702721 ], [ 17.380194649766565, 50.214300847089419 ], [ 17.391618889052552, 50.214415074433077 ], [ 17.400722578736747, 50.21030270857301 ], [ 17.405542180373288, 50.205961493371433 ], [ 17.414824374287775, 50.206304235048265 ], [ 17.41678791542904, 50.208703359594551 ], [ 17.428569161378505, 50.210416945488191 ], [ 17.432545217826828, 50.253672898923867 ] ] ] } },
{ "type": "Feature", "properties": { "shapeName": "Nymburk", "shapeISO": "", "shapeID": "57006924B9844142294582", "shapeGroup": "CZE", "shapeType": "ADM2" }, "geometry": { "type": "Polygon", "coordinates": [ [ [ 14.773315723477197, 50.205668601676734 ], [ 14.779573736600412, 50.204704752064345 ], [ 14.779930744162414, 50.18470669008957 ], [ 14.799566154676995, 50.182877877428609 ], [ 14.800101665570594, 50.175904888793752 ], [ 14.807063311680281, 50.173046812555356 ], [ 14.807420319242112, 50.165043288863046 ], [ 14.808848348591482, 50.163099374118815 ], [ 14.813667949329499, 50.162070210608135 ], [ 14.814738972015334, 50.154979815164552 ], [ 14.820094083647177, 50.153035490590867 ], [ 14.822593136580451, 50.150176046559466 ], [ 14.825806203739091, 50.149832901969546 ], [ 14.826341714632861, 50.138393333279339 ], [ 14.832946353180603, 50.136105091225943 ], [ 14.833303360742434, 50.130040720404395 ], [ 14.830804307809103, 50.1296974313546 ], [ 14.815095979577166, 50.1296974313546 ], [ 14.810633386400923, 50.133015790937463 ], [ 14.79760261353556, 50.133587898503947 ], [ 14.794568049708687, 50.132214828737403 ], [ 14.795460569062584, 50.125005564463322 ], [ 14.800280169800828, 50.123288913421902 ], [ 14.800280169800828, 50.120084332383897 ], [ 14.800544509903318, 50.116390006452491 ], [ 14.801306565979701, 50.105739774049653 ], [ 14.803537862567907, 50.104308659784863 ], [ 14.818320202913469, 50.103593086617593 ], [ 14.821946060318396, 50.100015060432213 ], [ 14.825571917723096, 50.099478333165848 ], [ 14.827803214311302, 50.095899999638561 ], [ 14.8339392799287, 50.095363226270251 ], [ 14.83868078562773, 50.095363226270251 ], [ 14.840075345546097, 50.102161908213532 ], [ 14.842585554656864, 50.103235296025389 ], [ 14.858483543296586, 50.103235296025389 ], [ 14.863782873142441, 50.099836151819488 ], [ 14.874660444458812, 50.099478333165848 ], [ 14.881075422598826, 50.102877502760521 ], [ 14.891395169768145, 50.103593086617593 ], [ 14.893905378878969, 50.106634199039718 ], [ 14.90478295019534, 50.108422998335641 ], [ 14.906177510113707, 50.110748337827943 ], [ 14.910919015812738, 50.111821533225736 ], [ 14.912313575731105, 50.119869732381403 ], [ 14.917891818099747, 50.120227398709972 ], [ 14.919286378018171, 50.122730988188778 ], [ 14.942993905614514, 50.124519186223438 ], [ 14.947177587166436, 50.120763892904449 ], [ 14.951082356195627, 50.120048565591674 ], [ 14.951640180342679, 50.112894704572398 ], [ 14.939925872356639, 50.111642668708271 ], [ 14.938531312438272, 50.105381999492124 ], [ 14.933231982592417, 50.103235296025389 ], [ 14.933231982592417, 50.095899999638561 ], [ 14.937415664144169, 50.095005374209393 ], [ 14.941041520650742, 50.091247766497645 ], [ 14.949687795378964, 50.091068825145385 ], [ 14.953313652783834, 50.094289662069684 ], [ 14.958334070107128, 50.095721075658389 ], [ 14.958612982629916, 50.097689199809338 ], [ 14.963912311577474, 50.099120511839658 ], [ 14.966980344835292, 50.106813081687619 ], [ 14.983436157622066, 50.106991964243662 ], [ 14.987062015026936, 50.103235296025389 ], [ 14.991245696578744, 50.102877502760521 ], [ 14.991993181133523, 50.10016534282795 ], [ 14.9959202625177, 50.098676809729568 ], [ 15.00359592375105, 50.099134824928512 ], [ 15.004666945538361, 50.10142483466575 ], [ 15.01055756896244, 50.104401683845538 ], [ 15.011271584086103, 50.118253047147732 ], [ 15.013592132789313, 50.119626517498148 ], [ 15.019482756213222, 50.119740971917963 ], [ 15.028586446795771, 50.115620451930511 ], [ 15.048221857310352, 50.11550598765956 ], [ 15.05072090934533, 50.112300885616776 ], [ 15.051077916907161, 50.103829226817766 ], [ 15.053219961380364, 50.102913282380143 ], [ 15.061252630175716, 50.103027776176646 ], [ 15.064822704896358, 50.106576956197614 ], [ 15.075889935721989, 50.10692041107103 ], [ 15.077496470199719, 50.095585093470788 ], [ 15.081245048252129, 50.094096418062918 ], [ 15.108377615769882, 50.093867386927514 ], [ 15.110519661141325, 50.087225009525298 ], [ 15.117659809684312, 50.086079679267129 ], [ 15.122300907090789, 50.087110477961687 ], [ 15.124799959125824, 50.097760766772183 ], [ 15.141400806711658, 50.098218790152146 ], [ 15.144435370538702, 50.102111816413867 ], [ 15.155145594700627, 50.101653829676422 ], [ 15.158180157629431, 50.098218790152146 ], [ 15.177994072374076, 50.098104284861734 ], [ 15.182278162218552, 50.099592835748524 ], [ 15.183170680674152, 50.101882823592518 ], [ 15.187811778080459, 50.102455303305419 ], [ 15.190846341009205, 50.106576956197614 ], [ 15.195487438415512, 50.107149379810323 ], [ 15.196736964433057, 50.109210048630075 ], [ 15.201913572733133, 50.110583778970067 ], [ 15.223155517725445, 50.110469302658771 ], [ 15.226904095777854, 50.110125873235006 ], [ 15.229581652042953, 50.10692041107103 ], [ 15.234758260342971, 50.106004525743629 ], [ 15.236186289692341, 50.101882823592518 ], [ 15.241541402222481, 50.10142483466575 ], [ 15.2467180105225, 50.102455303305419 ], [ 15.250466588575136, 50.105317599822513 ], [ 15.25992728671946, 50.106233498861457 ], [ 15.261533820299064, 50.108637649646369 ], [ 15.281526238375477, 50.111499576728534 ], [ 15.281883245937308, 50.113216651113646 ], [ 15.287952373591281, 50.115963841949167 ], [ 15.288130876923219, 50.124433354290204 ], [ 15.286167335781784, 50.126493279360034 ], [ 15.281883245937308, 50.127408773412697 ], [ 15.28134773504371, 50.130384006991846 ], [ 15.275100104057856, 50.132786945880412 ], [ 15.275100104057856, 50.137935693508837 ], [ 15.289915913834363, 50.147888368107999 ], [ 15.294200003678839, 50.148689067927648 ], [ 15.294914018802672, 50.15189173372687 ], [ 15.299198108647147, 50.152692366519318 ], [ 15.302411175805787, 50.155894763637093 ], [ 15.319369030953624, 50.156237865304035 ], [ 15.323653119899802, 50.152463615578654 ], [ 15.332042795358689, 50.151434223090916 ], [ 15.33775491545083, 50.147430819170552 ], [ 15.375129820408574, 50.147768564694729 ], [ 15.375062195338614, 50.147773981571845 ], [ 15.372920150865582, 50.15257799089801 ], [ 15.373277158427413, 50.17087455990594 ], [ 15.386843442186375, 50.174075739719058 ], [ 15.400766733507112, 50.183220785423771 ], [ 15.400588230175401, 50.192592640011981 ], [ 15.406657356931021, 50.195335274203387 ], [ 15.406657356931021, 50.202191170174501 ], [ 15.405229326683354, 50.205276002058497 ], [ 15.401123741069114, 50.20698971159328 ], [ 15.399015166026913, 50.21848425427595 ], [ 15.393715836180888, 50.220090414180561 ], [ 15.393715836180888, 50.222410327333705 ], [ 15.388137594710543, 50.224016354475225 ], [ 15.380885879900745, 50.229547813103807 ], [ 15.381722616570357, 50.247565212119014 ], [ 15.386464122269388, 50.2495270920964 ], [ 15.387378953079974, 50.260654772273881 ], [ 15.385593916168943, 50.270011424866198 ], [ 15.380774315430699, 50.271152354013623 ], [ 15.380147753096423, 50.275658491485672 ], [ 15.381130420185627, 50.278080782973575 ], [ 15.387079067590378, 50.278793906837166 ], [ 15.387079067590378, 50.280712268347202 ], [ 15.386050885560508, 50.286552226010599 ], [ 15.361603014117691, 50.287428157512863 ], [ 15.358061500433223, 50.294872927225924 ], [ 15.353948774110734, 50.295091873323599 ], [ 15.344238170942219, 50.29494590937054 ], [ 15.340925141953619, 50.293924149159864 ], [ 15.339668475227938, 50.291588613702743 ], [ 15.330643326147253, 50.2909317240223 ], [ 15.317276966946281, 50.282902336156042 ], [ 15.304367576238917, 50.282975336661821 ], [ 15.301397274294061, 50.284800314065137 ], [ 15.301054547250317, 50.290055856434435 ], [ 15.298541214697252, 50.291296663853188 ], [ 15.280719402130046, 50.291588613702743 ], [ 15.268838193452325, 50.29574870614465 ], [ 15.262897588664487, 50.2951648551321 ], [ 15.25981304437164, 50.291515626408284 ], [ 15.250216683551173, 50.287866117791907 ], [ 15.236850324350371, 50.287866117791907 ], [ 15.233194567419559, 50.29180757491423 ], [ 15.22302699485931, 50.292318481063433 ], [ 15.215144270156486, 50.297500215044352 ], [ 15.215372754852353, 50.311437008696828 ], [ 15.221541843437763, 50.314647000164825 ], [ 15.220742147002284, 50.320482793277904 ], [ 15.209889119456079, 50.321868688894313 ], [ 15.206804575163403, 50.32945392765123 ], [ 15.189325489639884, 50.33098541548577 ], [ 15.186583672390952, 50.34163153730276 ], [ 15.172189131160337, 50.342214817883928 ], [ 15.16350670912334, 50.33842336807561 ], [ 15.149454894936639, 50.338787944115893 ], [ 15.147170047977681, 50.342579364251435 ], [ 15.143857018090841, 50.342870999330898 ], [ 15.141000958493805, 50.346224675184885 ], [ 15.134538205959814, 50.347612404849599 ], [ 15.134374899618194, 50.347464017348898 ], [ 15.129576719208046, 50.346443385447913 ], [ 15.126377932567323, 50.342870999330898 ], [ 15.117352783486638, 50.342214817883928 ], [ 15.112783087772357, 50.33907960247484 ], [ 15.104329151329523, 50.338642113691549 ], [ 15.098845516831773, 50.343016816198997 ], [ 15.09381885082729, 50.343527172285633 ], [ 15.089134913663258, 50.341850268718474 ], [ 15.087649762241711, 50.339298345068869 ], [ 15.070856130806021, 50.338058789810589 ], [ 15.064001587234486, 50.333610707954847 ], [ 15.062402194363187, 50.318513292820796 ], [ 15.050064015395606, 50.316397813206379 ], [ 15.047436440494494, 50.305527139327637 ], [ 15.024480860283234, 50.305025495993846 ], [ 15.022160311579967, 50.301833098137877 ], [ 15.016983703279948, 50.299666705638174 ], [ 15.016448192386179, 50.297500215044352 ], [ 14.99824081122091, 50.287920862184762 ], [ 14.997169789433542, 50.276970668937679 ], [ 14.983960512338115, 50.2702396129975 ], [ 14.983460702290586, 50.247556936632236 ], [ 14.961069194008871, 50.247045550007442 ], [ 14.951929802580196, 50.25106343715953 ], [ 14.946103440140178, 50.250479037940011 ], [ 14.942104957063805, 50.246753326943406 ], [ 14.925311325628115, 50.247191660867372 ], [ 14.924854356236381, 50.249675478100357 ], [ 14.91834253970876, 50.251720877068237 ], [ 14.91628617654743, 50.255227071775948 ], [ 14.904747694913624, 50.256249662795483 ], [ 14.903947998477975, 50.258513894522537 ], [ 14.89617951612297, 50.25917123163066 ], [ 14.891952547452433, 50.257929586682053 ], [ 14.89069588162522, 50.255446200270853 ], [ 14.887040124694238, 50.254934898307624 ], [ 14.873559523145616, 50.255080984978576 ], [ 14.872074371723841, 50.262384750294814 ], [ 14.866819221921958, 50.263991428330428 ], [ 14.862021041511809, 50.268007886596479 ], [ 14.840543472013621, 50.268007886596479 ], [ 14.838487108852462, 50.264867775585628 ], [ 14.832889232006664, 50.263042034562886 ], [ 14.831518322932936, 50.260339809112224 ], [ 14.825349234347357, 50.258075664170462 ], [ 14.824435294665591, 50.255884454236764 ], [ 14.820208326893294, 50.253912279068174 ], [ 14.818494690775879, 50.247703045924368 ], [ 14.808898329955582, 50.2466802708974 ], [ 14.803643180153472, 50.243392631769666 ], [ 14.789134396574866, 50.242662014180155 ], [ 14.779880762798257, 50.236743601881926 ], [ 14.780337732190048, 50.222784929165925 ], [ 14.784564700860585, 50.221542336075117 ], [ 14.785707124339922, 50.214451627194421 ], [ 14.773597430966561, 50.211892865705181 ], [ 14.773940158010248, 50.207067398049332 ], [ 14.773315723477197, 50.205668601676734 ] ] ] } },
{ "type": "Feature", "properties": { "shapeName": "Kolín", "shapeISO": "", "shapeID": "57006924B25962740711880", "shapeGroup": "CZE", "shapeType": "ADM2" }, "geometry": { "type": "Polygon", "coordinates": [ [ [ 15.375129820408574, 50.147768564694729 ], [ 15.33775491545083, 50.147430819170552 ], [ 15.332042795358689, 50.151434223090916 ], [ 15.323653119899802, 50.152463615578654 ], [ 15.319369030953624, 50.156237865304035 ], [ 15.302411175805787, 50.155894763637093 ], [ 15.299198108647147, 50.152692366519318 ], [ 15.294914018802672, 50.15189173372687 ], [ 15.294200003678839, 50.148689067927648 ], [ 15.289915913834363, 50.147888368107999 ], [ 15.275100104057856, 50.137935693508837 ], [ 15.275100104057856, 50.132786945880412 ], [ 15.28134773504371, 50.130384006991846 ], [ 15.281883245937308, 50.127408773412697 ], [ 15.286167335781784, 50.126493279360034 ], [ 15.288130876923219, 50.124433354290204 ], [ 15.287952373591281, 50.115963841949167 ], [ 15.281883245937308, 50.113216651113646 ], [ 15.281526238375477, 50.111499576728534 ], [ 15.261533820299064, 50.108637649646369 ], [ 15.25992728671946, 50.106233498861457 ], [ 15.250466588575136, 50.105317599822513 ], [ 15.2467180105225, 50.102455303305419 ], [ 15.241541402222481, 50.10142483466575 ], [ 15.236186289692341, 50.101882823592518 ], [ 15.234758260342971, 50.106004525743629 ], [ 15.229581652042953, 50.10692041107103 ], [ 15.226904095777854, 50.110125873235006 ], [ 15.223155517725445, 50.110469302658771 ], [ 15.201913572733133, 50.110583778970067 ], [ 15.196736964433057, 50.109210048630075 ], [ 15.195487438415512, 50.107149379810323 ], [ 15.190846341009205, 50.106576956197614 ], [ 15.187811778080459, 50.102455303305419 ], [ 15.183170680674152, 50.101882823592518 ], [ 15.182278162218552, 50.099592835748524 ], [ 15.177994072374076, 50.098104284861734 ], [ 15.158180157629431, 50.098218790152146 ], [ 15.155145594700627, 50.101653829676422 ], [ 15.144435370538702, 50.102111816413867 ], [ 15.141400806711658, 50.098218790152146 ], [ 15.124799959125824, 50.097760766772183 ], [ 15.122300907090789, 50.087110477961687 ], [ 15.117659809684312, 50.086079679267129 ], [ 15.110519661141325, 50.087225009525298 ], [ 15.108377615769882, 50.093867386927514 ], [ 15.081245048252129, 50.094096418062918 ], [ 15.077496470199719, 50.095585093470788 ], [ 15.075889935721989, 50.10692041107103 ], [ 15.064822704896358, 50.106576956197614 ], [ 15.061252630175716, 50.103027776176646 ], [ 15.053219961380364, 50.102913282380143 ], [ 15.051077916907161, 50.103829226817766 ], [ 15.05072090934533, 50.112300885616776 ], [ 15.048221857310352, 50.11550598765956 ], [ 15.028586446795771, 50.115620451930511 ], [ 15.019482756213222, 50.119740971917963 ], [ 15.013592132789313, 50.119626517498148 ], [ 15.011271584086103, 50.118253047147732 ], [ 15.01055756896244, 50.104401683845538 ], [ 15.004666945538361, 50.10142483466575 ], [ 15.00359592375105, 50.099134824928512 ], [ 14.9959202625177, 50.098676809729568 ], [ 14.991993181133523, 50.10016534282795 ], [ 14.991245696578744, 50.102877502760521 ], [ 14.987062015026936, 50.103235296025389 ], [ 14.983436157622066, 50.106991964243662 ], [ 14.966980344835292, 50.106813081687619 ], [ 14.963912311577474, 50.099120511839658 ], [ 14.958612982629916, 50.097689199809338 ], [ 14.958334070107128, 50.095721075658389 ], [ 14.953313652783834, 50.094289662069684 ], [ 14.949687795378964, 50.091068825145385 ], [ 14.941041520650742, 50.091247766497645 ], [ 14.937415664144169, 50.095005374209393 ], [ 14.933231982592417, 50.095899999638561 ], [ 14.933231982592417, 50.103235296025389 ], [ 14.938531312438272, 50.105381999492124 ], [ 14.939925872356639, 50.111642668708271 ], [ 14.951640180342679, 50.112894704572398 ], [ 14.951082356195627, 50.120048565591674 ], [ 14.947177587166436, 50.120763892904449 ], [ 14.942993905614514, 50.124519186223438 ], [ 14.919286378018171, 50.122730988188778 ], [ 14.917891818099747, 50.120227398709972 ], [ 14.912313575731105, 50.119869732381403 ], [ 14.910919015812738, 50.111821533225736 ], [ 14.906177510113707, 50.110748337827943 ], [ 14.90478295019534, 50.108422998335641 ], [ 14.893905378878969, 50.106634199039718 ], [ 14.891395169768145, 50.103593086617593 ], [ 14.881075422598826, 50.102877502760521 ], [ 14.874660444458812, 50.099478333165848 ], [ 14.863782873142441, 50.099836151819488 ], [ 14.858483543296586, 50.103235296025389 ], [ 14.842585554656864, 50.103235296025389 ], [ 14.840075345546097, 50.102161908213532 ], [ 14.83868078562773, 50.095363226270251 ], [ 14.8339392799287, 50.095363226270251 ], [ 14.827803214311302, 50.095899999638561 ], [ 14.825571917723096, 50.099478333165848 ], [ 14.821946060318396, 50.100015060432213 ], [ 14.818320202913469, 50.103593086617593 ], [ 14.803537862567907, 50.104308659784863 ], [ 14.801306565979701, 50.105739774049653 ], [ 14.800544509903318, 50.116390006452491 ], [ 14.782072788635389, 50.116078304549433 ], [ 14.779395232370348, 50.111957469328104 ], [ 14.774040120738505, 50.111728523575664 ], [ 14.774218624070272, 50.109210048630075 ], [ 14.768506504876427, 50.107492831154843 ], [ 14.767256978859052, 50.10463066404958 ], [ 14.761187851205079, 50.103256763524655 ], [ 14.76065234031131, 50.100623343795974 ], [ 14.754761716887401, 50.099134824928512 ], [ 14.75369069510009, 50.096386668630942 ], [ 14.742801966707873, 50.0952415573189 ], [ 14.74137393735873, 50.08837031299106 ], [ 14.746907552322284, 50.086652347817392 ], [ 14.74833558256995, 50.084705246138185 ], [ 14.749228101025551, 50.075312234472506 ], [ 14.760473836979543, 50.073937492607968 ], [ 14.762615881452746, 50.067406932507424 ], [ 14.755654235343002, 50.065000712048118 ], [ 14.754940221117693, 50.061104671293037 ], [ 14.755832739573236, 50.058927333866563 ], [ 14.760830843643248, 50.056520688603257 ], [ 14.762080370558976, 50.048268416256178 ], [ 14.761723362997145, 50.041505079151591 ], [ 14.756189747135068, 50.039556144600454 ], [ 14.754583213555691, 50.033823524194872 ], [ 14.761187851205079, 50.031071623307412 ], [ 14.762080370558976, 50.029007594295535 ], [ 14.774754134964041, 50.026599448524053 ], [ 14.776360669441715, 50.011230340130794 ], [ 14.786356878480035, 50.011459766011399 ], [ 14.79153348677994, 50.014901021636206 ], [ 14.811525904856524, 50.015245133471751 ], [ 14.814917475347102, 50.011115626490948 ], [ 14.819737076983472, 50.010542055916801 ], [ 14.826520218862925, 50.011803902490385 ], [ 14.829019270897959, 50.018227334743642 ], [ 14.831518322932936, 50.019030203327873 ], [ 14.860971439154071, 50.020177135587289 ], [ 14.860257424030237, 50.032562255887626 ], [ 14.861863957609671, 50.035772692030889 ], [ 14.877750790071673, 50.035543382240519 ], [ 14.879892835443172, 50.033250224683002 ], [ 14.880071338774883, 50.019603672591643 ], [ 14.875965753160472, 50.018456727219188 ], [ 14.874359219581095, 50.016162753754998 ], [ 14.875073234704928, 50.011803902490385 ], [ 14.88560495463679, 50.009968478497115 ], [ 14.888639518463833, 50.002511347357881 ], [ 14.893459119201907, 50.000790306465149 ], [ 14.89417313432574, 49.998495489624418 ], [ 14.899171238395752, 49.997807023039513 ], [ 14.900599268643418, 49.994479296436793 ], [ 14.929338369740549, 49.993790772921955 ], [ 14.932729941129423, 49.992528453436762 ], [ 14.933979467147026, 49.98931512688506 ], [ 14.943797171955055, 49.988626528852762 ], [ 14.945582209764552, 49.98690499150581 ], [ 14.945939217326554, 49.984035624508806 ], [ 14.939513083008876, 49.979329493063744 ], [ 14.938977571216981, 49.952116733910998 ], [ 14.929695377302551, 49.95188702485018 ], [ 14.923269242985043, 49.956136463672294 ], [ 14.915950589313525, 49.955562237189781 ], [ 14.914165552402324, 49.954988003859228 ], [ 14.912559018822947, 49.947981804330198 ], [ 14.908631936540303, 49.94729261469314 ], [ 14.905954380275205, 49.943272146133609 ], [ 14.902384305554563, 49.943157270936808 ], [ 14.900242261081416, 49.939940646694822 ], [ 14.902027297992731, 49.930289485923822 ], [ 14.905775876943437, 49.930174579771517 ], [ 14.90791792141647, 49.926727259716131 ], [ 14.911845003699113, 49.925807933150338 ], [ 14.915415078419755, 49.922590150646727 ], [ 14.936657022513771, 49.922015524211986 ], [ 14.939334578778812, 49.920291603234091 ], [ 14.940048593902645, 49.91419992308073 ], [ 14.94013071732644, 49.914190130039287 ], [ 14.94486819464089, 49.913625196066619 ], [ 14.946831735782098, 49.910521554259788 ], [ 14.952722359206007, 49.90845234875718 ], [ 14.953079366767838, 49.897530071395352 ], [ 14.957541959944081, 49.895805275019427 ], [ 14.977355874688897, 49.89684016012751 ], [ 14.980747445179304, 49.900174639005968 ], [ 14.984674527461948, 49.900634549162476 ], [ 14.986816572833447, 49.904083734437847 ], [ 14.992350187797001, 49.90488850883321 ], [ 14.996991285203308, 49.904198703361317 ], [ 14.998419315450974, 49.893735438218073 ], [ 15.005380960662194, 49.891665512636052 ], [ 15.00591647245426, 49.888560457796302 ], [ 15.011985599209936, 49.887180368915949 ], [ 15.021803304916261, 49.887870418288628 ], [ 15.025551882968898, 49.88936549113123 ], [ 15.025373378738607, 49.897530071395352 ], [ 15.031799513954581, 49.901784304794887 ], [ 15.030549987038683, 49.920636392708047 ], [ 15.032156521516583, 49.929140409759441 ], [ 15.042152730554733, 49.929600043744017 ], [ 15.04518729348348, 49.92822112864053 ], [ 15.045544301045311, 49.925693015735362 ], [ 15.049292879996187, 49.925348263003229 ], [ 15.051434924469163, 49.922245375723492 ], [ 15.057147043663008, 49.920981179138039 ], [ 15.05839656968044, 49.917188390478543 ], [ 15.081066544022065, 49.916728638140626 ], [ 15.083922604517227, 49.922705075458794 ], [ 15.087849686799871, 49.925003507805286 ], [ 15.107842104876283, 49.925693015735362 ], [ 15.109984149349259, 49.93178324444392 ], [ 15.114625246755736, 49.933506754481698 ], [ 15.116767291228768, 49.937183369346883 ], [ 15.117659809684312, 49.945339857457554 ], [ 15.121408388635246, 49.946029075035312 ], [ 15.124264448232054, 49.953494964689753 ], [ 15.128013026284464, 49.954643460689738 ], [ 15.161750232350073, 49.955332544563589 ], [ 15.1719249456184, 49.962567333945572 ], [ 15.179779110183574, 49.962911820994236 ], [ 15.183170680674152, 49.958777818333715 ], [ 15.189953822553605, 49.957399738176889 ], [ 15.192452874588582, 49.954413763680975 ], [ 15.198164994680724, 49.954184065576669 ], [ 15.2033416029808, 49.957514579985286 ], [ 15.21976394633657, 49.95866297953819 ], [ 15.223512525287276, 49.962337675314132 ], [ 15.227975118463519, 49.963256305000186 ], [ 15.228510629357288, 49.970375093458131 ], [ 15.232616214971699, 49.971293570341629 ], [ 15.242969431571794, 49.978870333499344 ], [ 15.254036663295778, 49.978411169552999 ], [ 15.255821701105219, 49.971637994364983 ], [ 15.258142249808486, 49.970489903738326 ], [ 15.264746887457704, 49.971178761401006 ], [ 15.26671042859914, 49.9720972229469 ], [ 15.268316962178346, 49.981854791762601 ], [ 15.273850578040424, 49.984609511947895 ], [ 15.274207585602255, 49.994249789501396 ], [ 15.280633719919877, 49.996200563247669 ], [ 15.28224025349931, 49.998954461870937 ], [ 15.287952373591281, 50.000216612668112 ], [ 15.318119504037725, 50.000790306465149 ], [ 15.323117609006204, 50.008132984405677 ], [ 15.332578307150754, 50.008936021659963 ], [ 15.333113818044353, 50.015818648490892 ], [ 15.321511075426599, 50.018800813590474 ], [ 15.320440052740992, 50.022700289601914 ], [ 15.324902645917405, 50.024420545432861 ], [ 15.339182944799973, 50.02591138445058 ], [ 15.350250176523957, 50.033250224683002 ], [ 15.355962295717745, 50.033364884902085 ], [ 15.360781897354286, 50.029924951731061 ], [ 15.364173467844694, 50.029580945034695 ], [ 15.372741647533644, 50.030154288352037 ], [ 15.374169676883014, 50.032332930765563 ], [ 15.379934484714283, 50.034158099627462 ], [ 15.379881796975155, 50.034167500501155 ], [ 15.380774315430699, 50.040702586203395 ], [ 15.386843442186375, 50.044829550217685 ], [ 15.402908777980315, 50.045975866465483 ], [ 15.406835860262788, 50.049873135782661 ], [ 15.403979800665979, 50.053540864812135 ], [ 15.394697606751492, 50.054228533013998 ], [ 15.393983591627659, 50.062136007010508 ], [ 15.414333017266074, 50.062250598242997 ], [ 15.418795610442317, 50.063740262816566 ], [ 15.418617107110549, 50.077030605512448 ], [ 15.416475062637574, 50.079894421545475 ], [ 15.413619002142241, 50.080123518884591 ], [ 15.412726483686697, 50.08378893606664 ], [ 15.413797506372305, 50.091347972763685 ], [ 15.425043241428227, 50.093523838459987 ], [ 15.427185286799499, 50.095814116395843 ], [ 15.426828279237668, 50.099707337481277 ], [ 15.431647879975742, 50.100623343795974 ], [ 15.434018980473184, 50.104429894324824 ], [ 15.446551742432973, 50.10552501764414 ], [ 15.446106682190305, 50.107378347454983 ], [ 15.446463689752079, 50.116078304549433 ], [ 15.452532816507926, 50.118710875168006 ], [ 15.452532816507926, 50.124891123206339 ], [ 15.439323540310795, 50.127294337325793 ], [ 15.437002991607585, 50.129926291186678 ], [ 15.42183017426936, 50.130384006991846 ], [ 15.41950962556615, 50.133587898503947 ], [ 15.414154513934307, 50.135189763530661 ], [ 15.410584439213665, 50.138393333279339 ], [ 15.394697606751492, 50.139308599111757 ], [ 15.392912568941995, 50.146401318344317 ], [ 15.380774315430699, 50.147316431539991 ], [ 15.375129820408574, 50.147768564694729 ] ] ] } },
{ "type": "Feature", "properties": { "shapeName": "Beroun", "shapeISO": "", "shapeID": "57006924B82146122340181", "shapeGroup": "CZE", "shapeType": "ADM2" }, "geometry": { "type": "Polygon", "coordinates": [ [ [ 13.813743293198456, 49.936909236234555 ], [ 13.819013064448598, 49.932466372274121 ], [ 13.828269458747968, 49.931759456023599 ], [ 13.829995227511631, 49.900846986159536 ], [ 13.835800085182086, 49.897916345111696 ], [ 13.836584525529247, 49.885181147316302 ], [ 13.844115151963308, 49.878205686567753 ], [ 13.843958263894024, 49.874565915626249 ], [ 13.84003606215839, 49.873049263186488 ], [ 13.821837048799864, 49.872745926982702 ], [ 13.818228624101437, 49.871330332839989 ], [ 13.816973519546025, 49.85656523781887 ], [ 13.813208205879846, 49.855452616165564 ], [ 13.811796214153276, 49.853126143232544 ], [ 13.811011773806115, 49.835421048463047 ], [ 13.806775795931685, 49.83400436056786 ], [ 13.805677580344025, 49.830867261686194 ], [ 13.808030900487097, 49.82661667386634 ], [ 13.811796214153276, 49.82570578489765 ], [ 13.811639326083821, 49.811129230366817 ], [ 13.808344676625836, 49.809408097692028 ], [ 13.792655871479951, 49.807686903233957 ], [ 13.792498984308793, 49.803333021106027 ], [ 13.794538528313069, 49.801004039958912 ], [ 13.798774506187669, 49.800295197195737 ], [ 13.799872721775273, 49.793915145909352 ], [ 13.80520691613566, 49.792092120129439 ], [ 13.806775795931685, 49.789357451922172 ], [ 13.805677580344025, 49.785103217277765 ], [ 13.800500274052979, 49.782368155058748 ], [ 13.799088282326409, 49.775783112458839 ], [ 13.792969647618918, 49.773554125708131 ], [ 13.793910976035363, 49.767677215243737 ], [ 13.818071736031925, 49.766866551481826 ], [ 13.819483727758495, 49.76585320198933 ], [ 13.819681758689001, 49.763080583929366 ], [ 13.842964639154729, 49.763387296791223 ], [ 13.847070225667437, 49.76626980366035 ], [ 13.858494464054957, 49.768229810735363 ], [ 13.861529027882, 49.771573168937039 ], [ 13.872060747813862, 49.772725997323562 ], [ 13.872060747813862, 49.778604997069635 ], [ 13.874916808309194, 49.780564505354675 ], [ 13.889554113855468, 49.780910292469343 ], [ 13.891696159226797, 49.782639192186991 ], [ 13.891696159226797, 49.792089419445688 ], [ 13.890982144102964, 49.79635294236067 ], [ 13.885448528241056, 49.798542173585929 ], [ 13.885984039134826, 49.805685290933127 ], [ 13.902049375826891, 49.806146101173795 ], [ 13.904905435423927, 49.809602037578713 ], [ 13.909546532830177, 49.81086915236142 ], [ 13.910617554617545, 49.813633650763165 ], [ 13.928110920659151, 49.815246202584149 ], [ 13.93043146936219, 49.816973876182317 ], [ 13.930252966030423, 49.822502018821581 ], [ 13.937036107909933, 49.823538475178623 ], [ 13.942212716210008, 49.823077830521243 ], [ 13.944533264913218, 49.819968365229784 ], [ 13.956671518424514, 49.81893183238941 ], [ 13.958456556234012, 49.815131021803325 ], [ 13.968095757710273, 49.816052458055083 ], [ 13.970237802183476, 49.822847506547816 ], [ 13.973807876904118, 49.823653635367691 ], [ 13.977734959186762, 49.832174748376531 ], [ 13.987195657331313, 49.831944467714607 ], [ 13.997370369701343, 49.824344592485033 ], [ 14.008080593863326, 49.823308153398102 ], [ 14.009687127442703, 49.820889709370817 ], [ 14.013971217287178, 49.819968365229784 ], [ 14.016113261760381, 49.807413306427577 ], [ 14.022360892746065, 49.804994067927225 ], [ 14.022360892746065, 49.800846520306095 ], [ 14.024502938117394, 49.799233488711252 ], [ 14.040389770579566, 49.798426953052171 ], [ 14.043424333508142, 49.795085447587326 ], [ 14.047708423352617, 49.793933151139356 ], [ 14.051099993843195, 49.785751055861624 ], [ 14.065558796956054, 49.786212055831186 ], [ 14.067879345659264, 49.787364535981965 ], [ 14.070021390132467, 49.793702688443716 ], [ 14.080910117626161, 49.799348707325805 ], [ 14.080731614294393, 49.806491706265547 ], [ 14.076626028679982, 49.806837308309923 ], [ 14.074126975746708, 49.813864018598736 ], [ 14.086622237718302, 49.816743523729997 ], [ 14.088050267067445, 49.818816660960749 ], [ 14.098046476105765, 49.82054420708414 ], [ 14.102687573512242, 49.824574909330977 ], [ 14.107328670918548, 49.825726477113619 ], [ 14.107507174250316, 49.836204481022037 ], [ 14.111612760763023, 49.837125515953574 ], [ 14.114825827921834, 49.840924598743982 ], [ 14.125714555415755, 49.846104684874831 ], [ 14.134818245998247, 49.85393131739454 ], [ 14.145706973492167, 49.855312356687591 ], [ 14.147670514633376, 49.861641613682536 ], [ 14.154989168304951, 49.866934536890881 ], [ 14.158202235463762, 49.867509819587383 ], [ 14.159808769042968, 49.871076420308441 ], [ 14.18247874338465, 49.871651654253924 ], [ 14.185513306313396, 49.874642757665072 ], [ 14.190154403719703, 49.875563060262039 ], [ 14.192831959984744, 49.87947414947422 ], [ 14.205505725288106, 49.885110162187061 ], [ 14.205505725288106, 49.892010506205565 ], [ 14.215323430096191, 49.892470494181111 ], [ 14.216340083301702, 49.893452905273875 ], [ 14.217108467905689, 49.89419540975274 ], [ 14.217286971237627, 49.899484765551222 ], [ 14.224248617347143, 49.90270409003557 ], [ 14.22353460222331, 49.908682264927734 ], [ 14.218893504817004, 49.90971687384382 ], [ 14.217108467905689, 49.912475722646889 ], [ 14.217465475467691, 49.916958514857583 ], [ 14.22264208376771, 49.918337752145135 ], [ 14.224070113116909, 49.921211035581052 ], [ 14.236922382650505, 49.923279693674601 ], [ 14.237993404437873, 49.929714951266078 ], [ 14.254058741130109, 49.930634203893703 ], [ 14.270302580255816, 49.941204346055258 ], [ 14.269053054238213, 49.946833149456609 ], [ 14.264411957730033, 49.947407480028517 ], [ 14.262983927482594, 49.949704734412933 ], [ 14.261734401465162, 49.955677083380806 ], [ 14.249953154617401, 49.961189362832897 ], [ 14.249060636161801, 49.988970829390041 ], [ 14.239956945579081, 49.994020281470682 ], [ 14.236565375088503, 49.994364543394681 ], [ 14.234780337279005, 50.001708202185114 ], [ 14.230317744102763, 50.002626080957214 ], [ 14.228532706293322, 50.009050739925044 ], [ 14.226747669382121, 50.010771485083353 ], [ 14.223177594661479, 50.010771485083353 ], [ 14.221392557750164, 50.014212789995099 ], [ 14.209968318464348, 50.015818648490892 ], [ 14.207112258867539, 50.018456727219188 ], [ 14.200150612758023, 50.019259591970183 ], [ 14.193902981772112, 50.022700289601914 ], [ 14.172661037678097, 50.023617766929419 ], [ 14.169626473851224, 50.024879270147778 ], [ 14.168555452063686, 50.030612958308438 ], [ 14.160701287498739, 50.031530284502821 ], [ 14.156595701884328, 50.033594205096051 ], [ 14.154989168304951, 50.039441498588303 ], [ 14.151240589354018, 50.040358656712499 ], [ 14.147670514633376, 50.044141747905485 ], [ 14.139816350068259, 50.048497665270247 ], [ 14.130355652822004, 50.048956159436614 ], [ 14.128206481471977, 50.056946621548889 ], [ 14.121616109611125, 50.056869086823042 ], [ 14.103337327652184, 50.05679574010037 ], [ 14.101509449186665, 50.060242916014317 ], [ 14.081859758154167, 50.060902985053929 ], [ 14.070549761216228, 50.059729522704629 ], [ 14.067693701619248, 50.056429004228335 ], [ 14.040618255275433, 50.055842221925388 ], [ 14.037419467736413, 50.055035384541611 ], [ 14.035705832517294, 50.052468083269446 ], [ 14.031021894454966, 50.051734543144448 ], [ 14.030450681817058, 50.049240424231471 ], [ 14.025081289666957, 50.047333069230547 ], [ 14.023481896795829, 50.044178430951945 ], [ 14.01742704966, 50.041977397390326 ], [ 14.015484928846661, 50.039629517673916 ], [ 13.99804530182206, 50.037706603896709 ], [ 13.99804530182206, 50.02497369900874 ], [ 13.996362075473542, 50.022161990180678 ], [ 13.992322332776155, 50.021080519797238 ], [ 13.984242847381665, 50.014591186802363 ], [ 13.974143490189192, 50.013293215372073 ], [ 13.972123618391379, 50.016754395379223 ], [ 13.966400650243997, 50.018484891891376 ], [ 13.965054069344944, 50.021945697936133 ], [ 13.957984519400043, 50.023027148842914 ], [ 13.954954712152414, 50.026271354912581 ], [ 13.944855354960112, 50.024757419423963 ], [ 13.945865291307996, 50.013509546570901 ], [ 13.950914969455084, 50.01307688319929 ], [ 13.951924904904843, 50.00550464879035 ], [ 13.941152257712076, 50.000311569841472 ], [ 13.938122450464505, 49.992088047213429 ], [ 13.932399481418827, 49.991005899951176 ], [ 13.932399481418827, 49.987759312638048 ], [ 13.927013157822444, 49.986677067972778 ], [ 13.92633986782198, 49.971956124839664 ], [ 13.915567220629157, 49.966975962465426 ], [ 13.908834315235254, 49.966109794740873 ], [ 13.906477798886442, 49.963078085248185 ], [ 13.895368506244381, 49.962428407877098 ], [ 13.888298956299479, 49.963511198046774 ], [ 13.886952375400199, 49.966759421851009 ], [ 13.879209535455004, 49.9708735246316 ], [ 13.869110178262702, 49.971523087447565 ], [ 13.864060500115613, 49.975203778766627 ], [ 13.855644369271658, 49.9745542656309 ], [ 13.851604626574328, 49.971523087447565 ], [ 13.843525141179612, 49.971523087447565 ], [ 13.840831979381505, 49.974121251618158 ], [ 13.828039460390926, 49.974337759111506 ], [ 13.826019589491409, 49.971306567290412 ], [ 13.811543844152254, 49.969790900069881 ], [ 13.809187327803443, 49.965676705322494 ], [ 13.811207198702959, 49.953332010412851 ], [ 13.815246941400346, 49.95246559718845 ], [ 13.817940103198453, 49.949433027857538 ], [ 13.822653136794543, 49.948783166935129 ], [ 13.822316491345077, 49.94271737413851 ], [ 13.816256877748401, 49.938167528116992 ], [ 13.813743293198456, 49.936909236234555 ] ] ] } },
{ "type": "Feature", "properties": { "shapeName": "Prague-East", "shapeISO": "", "shapeID": "57006924B9167412778740", "shapeGroup": "CZE", "shapeType": "ADM2" }, "geometry": { "type": "Polygon", "coordinates": [ [ [ 14.369452747103992, 50.213477478921106 ], [ 14.370621679996702, 50.205847245790437 ], [ 14.375441280734776, 50.204361998901049 ], [ 14.378475843663523, 50.200363027634239 ], [ 14.382759933507998, 50.200248766652408 ], [ 14.383473948631831, 50.193392591713291 ], [ 14.377226317646091, 50.190878414144947 ], [ 14.376869310084089, 50.184363792761644 ], [ 14.363660033887129, 50.182763574599903 ], [ 14.363124522993417, 50.179905908660658 ], [ 14.357412402901275, 50.177848283282515 ], [ 14.35848342558694, 50.17258950435388 ], [ 14.360982477622088, 50.170988891757474 ], [ 14.374727265611114, 50.171217554064526 ], [ 14.378297340331756, 50.172475176907369 ], [ 14.37936836301742, 50.174876001019868 ], [ 14.402573848252644, 50.174761678468599 ], [ 14.410249508587697, 50.170302898271132 ], [ 14.410877841501417, 50.15746843462972 ], [ 14.411532700439523, 50.149648232566733 ], [ 14.423242930401727, 50.150042530676501 ], [ 14.426882439504027, 50.154456700289757 ], [ 14.430391965079593, 50.15470654712027 ], [ 14.432471684438269, 50.158620638507671 ], [ 14.46236764853478, 50.159619929235134 ], [ 14.464967297508565, 50.166947425877652 ], [ 14.474585999430076, 50.167530246902004 ], [ 14.478095525903939, 50.171776298278644 ], [ 14.483294823851509, 50.172359059838698 ], [ 14.484204701351587, 50.175356008918016 ], [ 14.527228892945345, 50.176271705945567 ], [ 14.534767875508237, 50.174606789414668 ], [ 14.536977576596996, 50.168279577364558 ], [ 14.563234032489504, 50.165781763082066 ], [ 14.564143909989582, 50.163533618381791 ], [ 14.568043383450345, 50.16278421350853 ], [ 14.569733154923881, 50.156955106392559 ], [ 14.572722751782635, 50.155206236289246 ], [ 14.593389961842774, 50.154373418298348 ], [ 14.595599662931363, 50.152707738222887 ], [ 14.595989610816559, 50.140629826505688 ], [ 14.605738294467983, 50.133631571545266 ], [ 14.634724381962883, 50.133631571545266 ], [ 14.640703574782151, 50.129132153204068 ], [ 14.655911521637904, 50.128382208536493 ], [ 14.657081363496502, 50.125298981452715 ], [ 14.662280661443901, 50.123298943482951 ], [ 14.66306055631577, 50.114047682792147 ], [ 14.66825985426334, 50.110630098274157 ], [ 14.670989485865334, 50.104211048627519 ], [ 14.691136766310365, 50.104294418534948 ], [ 14.694256344899202, 50.103210599573572 ], [ 14.694776274514311, 50.098124661520842 ], [ 14.697245941758013, 50.096540406748318 ], [ 14.714143660087473, 50.09478932712517 ], [ 14.7153135019459, 50.087617571819806 ], [ 14.709464291755012, 50.085699362015305 ], [ 14.708814379511523, 50.075856905840908 ], [ 14.704524959064088, 50.074355336865835 ], [ 14.693216485669041, 50.074105070990413 ], [ 14.689057046951689, 50.072520021524895 ], [ 14.688927064323252, 50.07076806418462 ], [ 14.676968678684545, 50.069516626979919 ], [ 14.674628994967577, 50.066513044336318 ], [ 14.66799988990482, 50.066012428845227 ], [ 14.663450503302442, 50.06476086754617 ], [ 14.661760731828963, 50.062424532642865 ], [ 14.650062310548549, 50.059837743037406 ], [ 14.650873401215392, 50.045743130879828 ], [ 14.659358655623805, 50.045208909829114 ], [ 14.662436640418321, 50.042697990727675 ], [ 14.663185339495271, 50.034042327219424 ], [ 14.676245975953861, 50.025278214502293 ], [ 14.675497277775207, 50.015764135453992 ], [ 14.670173195749783, 50.014801932477667 ], [ 14.668842175468058, 50.011915208518758 ], [ 14.657944446855083, 50.005713511137685 ], [ 14.656197482342293, 49.999992271054225 ], [ 14.653535441778843, 49.99860196036434 ], [ 14.633570137552567, 49.998815856800206 ], [ 14.629410698835215, 50.002131131893577 ], [ 14.619095291426959, 50.003040119455079 ], [ 14.615850929658734, 50.007424404595383 ], [ 14.611691490941382, 50.008333291487702 ], [ 14.610693225505543, 50.014160453122486 ], [ 14.606450598301365, 50.015710679853839 ], [ 14.597097107351203, 50.015663354451931 ], [ 14.597207180166095, 50.010051074201442 ], [ 14.596521726078436, 50.007040832069094 ], [ 14.592180515059852, 50.0065268690675 ], [ 14.590352637492856, 50.00322269253013 ], [ 14.584869002096639, 50.00182752748583 ], [ 14.583383851573331, 49.994777653988422 ], [ 14.571388400547789, 49.992794690886967 ], [ 14.570474460866023, 49.96083567722161 ], [ 14.566590220137641, 49.960468208974532 ], [ 14.564648099324359, 49.957160867377809 ], [ 14.559735676566163, 49.955617363511237 ], [ 14.558136282796738, 49.952456701241204 ], [ 14.554137799720365, 49.952015661689302 ], [ 14.548539921976271, 49.948046128008343 ], [ 14.539286289097788, 49.946575847171516 ], [ 14.539057803503624, 49.938929663456747 ], [ 14.539971743185617, 49.936797338377573 ], [ 14.544427196552022, 49.935106116206725 ], [ 14.546483558814884, 49.928414179153151 ], [ 14.544998408291633, 49.923633655114315 ], [ 14.539514773793883, 49.921206438682702 ], [ 14.538486591764013, 49.914880390528083 ], [ 14.53243174552648, 49.91208489541981 ], [ 14.532545987874357, 49.906934874775686 ], [ 14.537572652980543, 49.905831227874899 ], [ 14.538829318807757, 49.903403114650644 ], [ 14.542599318086559, 49.902005054713129 ], [ 14.558136282796738, 49.901122048979914 ], [ 14.5579077981007, 49.893542248843175 ], [ 14.551852951863111, 49.891481515018711 ], [ 14.551019178328318, 49.889467164674954 ], [ 14.551267459605413, 49.889480494549218 ], [ 14.553566587082287, 49.88525756382802 ], [ 14.563510244676309, 49.884362473909221 ], [ 14.568701419158799, 49.884880685854569 ], [ 14.576524738272042, 49.888979076620899 ], [ 14.628381073212779, 49.889480494549218 ], [ 14.631772643703357, 49.892930477772438 ], [ 14.637841770459033, 49.893390456400766 ], [ 14.643910898112949, 49.892355497308813 ], [ 14.650872543324169, 49.887525394545889 ], [ 14.652836084465605, 49.8811995295207 ], [ 14.656406159186247, 49.879934256925878 ], [ 14.66336780529582, 49.8811995295207 ], [ 14.664260323751364, 49.887640402927047 ], [ 14.669972442945209, 49.88936549113123 ], [ 14.67032945050704, 49.891780510573597 ], [ 14.676220073930892, 49.893275462299414 ], [ 14.677291096616557, 49.896380213802217 ], [ 14.676041569700658, 49.901209430403753 ], [ 14.671935984086417, 49.901784304794887 ], [ 14.670507953838808, 49.913050462781655 ], [ 14.67264999921008, 49.913970033212649 ], [ 14.694248950866097, 49.914084977994548 ], [ 14.69817603314857, 49.910176693033634 ], [ 14.704066656572479, 49.908682264927734 ], [ 14.704780671696312, 49.906383054481694 ], [ 14.70817224218689, 49.905693269802725 ], [ 14.7096002724345, 49.898564919512239 ], [ 14.704959175028023, 49.897185116705145 ], [ 14.702103115431214, 49.893390456400766 ], [ 14.697640522254972, 49.892815481996308 ], [ 14.698711544042339, 49.885225176322706 ], [ 14.701567604537445, 49.884880133672254 ], [ 14.704959175028023, 49.880279334348018 ], [ 14.721203015052083, 49.880509384785341 ], [ 14.722988051963398, 49.883039866672675 ], [ 14.734055283687155, 49.884190041551392 ], [ 14.737982365969856, 49.887870418288628 ], [ 14.753869198431858, 49.88810043255387 ], [ 14.756011242905004, 49.880854458096792 ], [ 14.76065234031131, 49.880279334348018 ], [ 14.763508399908289, 49.876943480693171 ], [ 14.781894284405325, 49.875793133170873 ], [ 14.788141915391009, 49.877633676399796 ], [ 14.789391441408611, 49.88810043255387 ], [ 14.80385024452147, 49.8887904681946 ], [ 14.807420319242112, 49.88936549113123 ], [ 14.809026852821546, 49.892010506205565 ], [ 14.816345505594597, 49.892355497308813 ], [ 14.824556677721716, 49.892355497308813 ], [ 14.830982812039167, 49.888215438986151 ], [ 14.865077025666778, 49.88810043255387 ], [ 14.867219070139811, 49.88131455239477 ], [ 14.871681663315997, 49.880049282814241 ], [ 14.8781292179616, 49.880513985562914 ], [ 14.88338436866195, 49.883532144740798 ], [ 14.891152851016955, 49.883679367713626 ], [ 14.899835272155428, 49.889052679568067 ], [ 14.900863454185298, 49.894572582468356 ], [ 14.904062240826022, 49.896412410384357 ], [ 14.909203148280028, 49.896412410384357 ], [ 14.911635731644481, 49.897505564385767 ], [ 14.912202011260945, 49.897760039047398 ], [ 14.913808544840322, 49.900059660492673 ], [ 14.926125302581852, 49.902129226025863 ], [ 14.928445851284948, 49.912705619638473 ], [ 14.94013071732644, 49.914190130039287 ], [ 14.940048593902645, 49.91419992308073 ], [ 14.939334578778812, 49.920291603234091 ], [ 14.936657022513771, 49.922015524211986 ], [ 14.915415078419755, 49.922590150646727 ], [ 14.911845003699113, 49.925807933150338 ], [ 14.90791792141647, 49.926727259716131 ], [ 14.905775876943437, 49.930174579771517 ], [ 14.902027297992731, 49.930289485923822 ], [ 14.900242261081416, 49.939940646694822 ], [ 14.902384305554563, 49.943157270936808 ], [ 14.905954380275205, 49.943272146133609 ], [ 14.908631936540303, 49.94729261469314 ], [ 14.912559018822947, 49.947981804330198 ], [ 14.914165552402324, 49.954988003859228 ], [ 14.915950589313525, 49.955562237189781 ], [ 14.923269242985043, 49.956136463672294 ], [ 14.929695377302551, 49.95188702485018 ], [ 14.938977571216981, 49.952116733910998 ], [ 14.939513083008876, 49.979329493063744 ], [ 14.945939217326554, 49.984035624508806 ], [ 14.945582209764552, 49.98690499150581 ], [ 14.943797171955055, 49.988626528852762 ], [ 14.933979467147026, 49.98931512688506 ], [ 14.932729941129423, 49.992528453436762 ], [ 14.929338369740549, 49.993790772921955 ], [ 14.900599268643418, 49.994479296436793 ], [ 14.899171238395752, 49.997807023039513 ], [ 14.89417313432574, 49.998495489624418 ], [ 14.893459119201907, 50.000790306465149 ], [ 14.888639518463833, 50.002511347357881 ], [ 14.88560495463679, 50.009968478497115 ], [ 14.875073234704928, 50.011803902490385 ], [ 14.874359219581095, 50.016162753754998 ], [ 14.875965753160472, 50.018456727219188 ], [ 14.880071338774883, 50.019603672591643 ], [ 14.879892835443172, 50.033250224683002 ], [ 14.877750790071673, 50.035543382240519 ], [ 14.861863957609671, 50.035772692030889 ], [ 14.860257424030237, 50.032562255887626 ], [ 14.860971439154071, 50.020177135587289 ], [ 14.831518322932936, 50.019030203327873 ], [ 14.829019270897959, 50.018227334743642 ], [ 14.826520218862925, 50.011803902490385 ], [ 14.819737076983472, 50.010542055916801 ], [ 14.814917475347102, 50.011115626490948 ], [ 14.811525904856524, 50.015245133471751 ], [ 14.79153348677994, 50.014901021636206 ], [ 14.786356878480035, 50.011459766011399 ], [ 14.776360669441715, 50.011230340130794 ], [ 14.774754134964041, 50.026599448524053 ], [ 14.762080370558976, 50.029007594295535 ], [ 14.761187851205079, 50.031071623307412 ], [ 14.754583213555691, 50.033823524194872 ], [ 14.756189747135068, 50.039556144600454 ], [ 14.761723362997145, 50.041505079151591 ], [ 14.762080370558976, 50.048268416256178 ], [ 14.760830843643248, 50.056520688603257 ], [ 14.755832739573236, 50.058927333866563 ], [ 14.754940221117693, 50.061104671293037 ], [ 14.755654235343002, 50.065000712048118 ], [ 14.762615881452746, 50.067406932507424 ], [ 14.760473836979543, 50.073937492607968 ], [ 14.749228101025551, 50.075312234472506 ], [ 14.74833558256995, 50.084705246138185 ], [ 14.746907552322284, 50.086652347817392 ], [ 14.74137393735873, 50.08837031299106 ], [ 14.742801966707873, 50.0952415573189 ], [ 14.75369069510009, 50.096386668630942 ], [ 14.754761716887401, 50.099134824928512 ], [ 14.76065234031131, 50.100623343795974 ], [ 14.761187851205079, 50.103256763524655 ], [ 14.767256978859052, 50.10463066404958 ], [ 14.768506504876427, 50.107492831154843 ], [ 14.774218624070272, 50.109210048630075 ], [ 14.774040120738505, 50.111728523575664 ], [ 14.779395232370348, 50.111957469328104 ], [ 14.782072788635389, 50.116078304549433 ], [ 14.800544509903318, 50.116390006452491 ], [ 14.800280169800828, 50.120084332383897 ], [ 14.800280169800828, 50.123288913421902 ], [ 14.795460569062584, 50.125005564463322 ], [ 14.794568049708687, 50.132214828737403 ], [ 14.79760261353556, 50.133587898503947 ], [ 14.810633386400923, 50.133015790937463 ], [ 14.815095979577166, 50.1296974313546 ], [ 14.830804307809103, 50.1296974313546 ], [ 14.833303360742434, 50.130040720404395 ], [ 14.832946353180603, 50.136105091225943 ], [ 14.826341714632861, 50.138393333279339 ], [ 14.825806203739091, 50.149832901969546 ], [ 14.822593136580451, 50.150176046559466 ], [ 14.820094083647177, 50.153035490590867 ], [ 14.814738972015334, 50.154979815164552 ], [ 14.813667949329499, 50.162070210608135 ], [ 14.808848348591482, 50.163099374118815 ], [ 14.807420319242112, 50.165043288863046 ], [ 14.807063311680281, 50.173046812555356 ], [ 14.800101665570594, 50.175904888793752 ], [ 14.799566154676995, 50.182877877428609 ], [ 14.779930744162414, 50.18470669008957 ], [ 14.779573736600412, 50.204704752064345 ], [ 14.773315723477197, 50.205668601676734 ], [ 14.773026219226779, 50.205020082938631 ], [ 14.767999554120763, 50.204435119797779 ], [ 14.765371979219651, 50.200998315407901 ], [ 14.760231071765588, 50.199316384196891 ], [ 14.759659860025977, 50.197049340645265 ], [ 14.753262285846233, 50.19485532500903 ], [ 14.752462589410584, 50.193173177365111 ], [ 14.74069562308091, 50.190978983605248 ], [ 14.736925623802279, 50.187906942607526 ], [ 14.722074113179758, 50.188199526345386 ], [ 14.720474719410333, 50.195294136087171 ], [ 14.71544805430409, 50.197561262985516 ], [ 14.713163206447064, 50.203703905214695 ], [ 14.708250783688698, 50.206482460000586 ], [ 14.706765633165617, 50.210649988890225 ], [ 14.709735935110302, 50.21313570957318 ], [ 14.713734419084972, 50.213793673207704 ], [ 14.715219569608223, 50.217448859470835 ], [ 14.71853259949529, 50.217741262182699 ], [ 14.721388659092099, 50.221469241389798 ], [ 14.726986535937897, 50.22307729917128 ], [ 14.72812895941729, 50.228997408500447 ], [ 14.733155625421773, 50.23447833559436 ], [ 14.740238652790879, 50.235647518712312 ], [ 14.741266834820692, 50.237839659277711 ], [ 14.746636226970622, 50.239812500237633 ], [ 14.747778651348256, 50.242588951862729 ], [ 14.752462589410584, 50.244050177508086 ], [ 14.752576831758404, 50.249383271162571 ], [ 14.746636226970622, 50.252962683832664 ], [ 14.74606501523084, 50.270782696225297 ], [ 14.73338411011764, 50.274068445677415 ], [ 14.732013201043912, 50.279982223542845 ], [ 14.7247016880807, 50.283997332559863 ], [ 14.700596543681741, 50.285019306513277 ], [ 14.697968968780799, 50.293194306429427 ], [ 14.66728632365573, 50.293343954269346 ], [ 14.666759375786398, 50.290201835389553 ], [ 14.66033324146872, 50.28814896448273 ], [ 14.658548203659279, 50.285069492068942 ], [ 14.648194987059128, 50.284499197659898 ], [ 14.644981919900317, 50.281077286550783 ], [ 14.640876334285906, 50.280050665360022 ], [ 14.640340823392307, 50.270810078254556 ], [ 14.633914688176333, 50.266360266625384 ], [ 14.634093192406397, 50.260312421062508 ], [ 14.628024065650777, 50.259057111470952 ], [ 14.626239027841279, 50.255747500449104 ], [ 14.620705411979429, 50.254377938621417 ], [ 14.619991396855596, 50.251638697432156 ], [ 14.615885811241185, 50.251182142402115 ], [ 14.611958728958712, 50.247415392612709 ], [ 14.607496135782299, 50.246844647130558 ], [ 14.606782120658636, 50.242392596401373 ], [ 14.608745661799901, 50.239424331543319 ], [ 14.619991396855596, 50.23348724789264 ], [ 14.621062419541261, 50.227892011495953 ], [ 14.620526908647662, 50.226179052622342 ], [ 14.609816684485509, 50.221154019203652 ], [ 14.606246609764867, 50.214072391006596 ], [ 14.581077583388208, 50.213387016194929 ], [ 14.569831847434386, 50.218070213666181 ], [ 14.557872097254688, 50.218184431985605 ], [ 14.553052496516614, 50.221725072298796 ], [ 14.522885365171817, 50.223095571949784 ], [ 14.518958282889173, 50.22971909954498 ], [ 14.497716338795158, 50.230518428518337 ], [ 14.493610753180747, 50.234058153327055 ], [ 14.489505166668209, 50.234857410140819 ], [ 14.487541626425127, 50.243077554483648 ], [ 14.476295890471079, 50.243305871657014 ], [ 14.474510853559934, 50.253921409263455 ], [ 14.472368808188435, 50.255405113395796 ], [ 14.452019382550191, 50.254948593880272 ], [ 14.439345617246829, 50.247301243718482 ], [ 14.429349408208566, 50.247529540659116 ], [ 14.428635393084733, 50.250154876585157 ], [ 14.423637289014891, 50.252095248662215 ], [ 14.422030755435458, 50.258030015434144 ], [ 14.416854147135439, 50.260198303062509 ], [ 14.414533598432172, 50.263393495110506 ], [ 14.403287863376477, 50.263165274173957 ], [ 14.40239534402258, 50.255861628537048 ], [ 14.396504721497024, 50.252780067305082 ], [ 14.396861729058799, 50.248899299337154 ], [ 14.402216840690812, 50.246273894238641 ], [ 14.402423905058583, 50.227170292225992 ], [ 14.400139057201557, 50.225781637913599 ], [ 14.385516031275074, 50.224758392498757 ], [ 14.383002698721953, 50.223808216344139 ], [ 14.382203002286303, 50.217668161672691 ], [ 14.373455426340229, 50.217591920297878 ], [ 14.370387393082353, 50.215271772806659 ], [ 14.369452747103992, 50.213477478921106 ] ] ] } },
{ "type": "Feature", "properties": { "shapeName": "Prague", "shapeISO": "", "shapeID": "57006924B6298598328883", "shapeGroup": "CZE", "shapeType": "ADM2" }, "geometry": { "type": "Polygon", "coordinates": [ [ [ 14.411532700439523, 50.149648232566733 ], [ 14.411847798516533, 50.14588539069598 ], [ 14.393525692419189, 50.145935112627797 ], [ 14.3896668380807, 50.150099792354922 ], [ 14.372200445752355, 50.149579227078505 ], [ 14.371794250936944, 50.146976316271775 ], [ 14.365904420725485, 50.144763730930549 ], [ 14.364888932789086, 50.121330075095557 ], [ 14.362857956915889, 50.120809196711377 ], [ 14.327518977443788, 50.120548755681909 ], [ 14.325081806755406, 50.125627104216164 ], [ 14.325284904163084, 50.131746450301989 ], [ 14.318582684321029, 50.133308710829169 ], [ 14.306396829082928, 50.131876640531289 ], [ 14.304162755802224, 50.12523648145924 ], [ 14.292992388500522, 50.123543744279345 ], [ 14.291976900563952, 50.120939416694796 ], [ 14.2700423616742, 50.119897646333243 ], [ 14.262324653895575, 50.115990804270098 ], [ 14.247295432255385, 50.115209397715319 ], [ 14.247295432255385, 50.108957685025018 ], [ 14.259684384901163, 50.106482823823569 ], [ 14.260090580614872, 50.099578586181849 ], [ 14.266995897864604, 50.097884942350447 ], [ 14.266995897864604, 50.093194538423006 ], [ 14.270448557387681, 50.091240067890567 ], [ 14.28385299707179, 50.09058855999865 ], [ 14.286696363473652, 50.087591509381525 ], [ 14.29441407215063, 50.084594271915648 ], [ 14.29441407215063, 50.078859903299815 ], [ 14.267808288393496, 50.077426204109145 ], [ 14.268205059881325, 50.059043320343562 ], [ 14.269619268650104, 50.057334265560144 ], [ 14.273861895854338, 50.056639944700692 ], [ 14.275442482494896, 50.050337187170783 ], [ 14.280400338447009, 50.047960711190854 ], [ 14.282837510033517, 50.040917604923777 ], [ 14.28728128440298, 50.03988974672626 ], [ 14.288711091518167, 50.036800821852182 ], [ 14.292870530235518, 50.036216408116957 ], [ 14.294690284337435, 50.032793271772277 ], [ 14.307168599591193, 50.031290354621888 ], [ 14.309898231193188, 50.028200876504684 ], [ 14.320426810615004, 50.026029773030416 ], [ 14.320816757601733, 50.013585787454019 ], [ 14.318477072986241, 50.010912833050099 ], [ 14.308598406706437, 50.009910437251335 ], [ 14.308858371963197, 50.003394352333146 ], [ 14.314837564782465, 50.001055029233271 ], [ 14.316787301512761, 49.99838137846973 ], [ 14.340054160546458, 49.997880052218136 ], [ 14.342523826892034, 49.994621304455848 ], [ 14.347203195224324, 49.993451443977108 ], [ 14.347203195224324, 49.98166768967144 ], [ 14.341353985033436, 49.979160134876906 ], [ 14.339924177918078, 49.968626979813507 ], [ 14.334984845227325, 49.96670401243955 ], [ 14.336284669714303, 49.9565862647313 ], [ 14.348892967596328, 49.951652046743334 ], [ 14.365660704195705, 49.952572024171275 ], [ 14.369300212399651, 49.953993772375554 ], [ 14.369690160284676, 49.955917248068943 ], [ 14.375019440860626, 49.956419011726098 ], [ 14.37995877355138, 49.955917248068943 ], [ 14.385028089768866, 49.951902951158445 ], [ 14.398156317265943, 49.952321122664046 ], [ 14.400366019252999, 49.953910141154324 ], [ 14.401535861111597, 49.963861223484912 ], [ 14.406995124315756, 49.966453184567342 ], [ 14.407515053930865, 49.971803888753357 ], [ 14.410374667262943, 49.972974275783486 ], [ 14.418953509954463, 49.973559458913371 ], [ 14.422593018158238, 49.969463028722373 ], [ 14.436371157898861, 49.96921221580584 ], [ 14.441310491487911, 49.972890677530017 ], [ 14.45248898225492, 49.973977442341493 ], [ 14.453918789370107, 49.976736041681193 ], [ 14.466657069880512, 49.978909372498038 ], [ 14.468476823982428, 49.985930232011356 ], [ 14.484724630966696, 49.986933127885436 ], [ 14.48797419218397, 49.990108828313055 ], [ 14.492263612631234, 49.991195203656844 ], [ 14.49278354314481, 49.993869254599304 ], [ 14.516960278780346, 49.99445418360267 ], [ 14.521379682754343, 49.998632039346489 ], [ 14.528268752175563, 49.998548485673552 ], [ 14.534117963264748, 50.003060170453296 ], [ 14.537627488840315, 50.00381207656028 ], [ 14.538017436725283, 50.009826903180169 ], [ 14.540747068327505, 50.011581085877935 ], [ 14.557254839670236, 50.012332858696993 ], [ 14.559464541657121, 50.015840977125833 ], [ 14.596528544291459, 50.015663863006182 ], [ 14.597097107351203, 50.015663354451931 ], [ 14.606450598301365, 50.015710679853839 ], [ 14.610693225505543, 50.014160453122486 ], [ 14.611691490941382, 50.008333291487702 ], [ 14.615850929658734, 50.007424404595383 ], [ 14.619095291426959, 50.003040119455079 ], [ 14.629410698835215, 50.002131131893577 ], [ 14.633570137552567, 49.998815856800206 ], [ 14.653535441778843, 49.99860196036434 ], [ 14.656197482342293, 49.999992271054225 ], [ 14.657944446855083, 50.005713511137685 ], [ 14.668842175468058, 50.011915208518758 ], [ 14.670173195749783, 50.014801932477667 ], [ 14.675497277775207, 50.015764135453992 ], [ 14.676245975953861, 50.025278214502293 ], [ 14.663185339495271, 50.034042327219424 ], [ 14.662436640418321, 50.042697990727675 ], [ 14.659358655623805, 50.045208909829114 ], [ 14.650873401215392, 50.045743130879828 ], [ 14.650062310548549, 50.059837743037406 ], [ 14.661760731828963, 50.062424532642865 ], [ 14.663450503302442, 50.06476086754617 ], [ 14.66799988990482, 50.066012428845227 ], [ 14.674628994967577, 50.066513044336318 ], [ 14.676968678684545, 50.069516626979919 ], [ 14.688927064323252, 50.07076806418462 ], [ 14.689057046951689, 50.072520021524895 ], [ 14.693216485669041, 50.074105070990413 ], [ 14.704524959064088, 50.074355336865835 ], [ 14.708814379511523, 50.075856905840908 ], [ 14.709464291755012, 50.085699362015305 ], [ 14.7153135019459, 50.087617571819806 ], [ 14.714143660087473, 50.09478932712517 ], [ 14.697245941758013, 50.096540406748318 ], [ 14.694776274514311, 50.098124661520842 ], [ 14.694256344899202, 50.103210599573572 ], [ 14.691136766310365, 50.104294418534948 ], [ 14.670989485865334, 50.104211048627519 ], [ 14.66825985426334, 50.110630098274157 ], [ 14.66306055631577, 50.114047682792147 ], [ 14.662280661443901, 50.123298943482951 ], [ 14.657081363496502, 50.125298981452715 ], [ 14.655911521637904, 50.128382208536493 ], [ 14.640703574782151, 50.129132153204068 ], [ 14.634724381962883, 50.133631571545266 ], [ 14.605738294467983, 50.133631571545266 ], [ 14.595989610816559, 50.140629826505688 ], [ 14.595599662931363, 50.152707738222887 ], [ 14.593389961842774, 50.154373418298348 ], [ 14.572722751782635, 50.155206236289246 ], [ 14.569733154923881, 50.156955106392559 ], [ 14.568043383450345, 50.16278421350853 ], [ 14.564143909989582, 50.163533618381791 ], [ 14.563234032489504, 50.165781763082066 ], [ 14.536977576596996, 50.168279577364558 ], [ 14.534767875508237, 50.174606789414668 ], [ 14.527228892945345, 50.176271705945567 ], [ 14.484204701351587, 50.175356008918016 ], [ 14.483294823851509, 50.172359059838698 ], [ 14.478095525903939, 50.171776298278644 ], [ 14.474585999430076, 50.167530246902004 ], [ 14.464967297508565, 50.166947425877652 ], [ 14.46236764853478, 50.159619929235134 ], [ 14.432471684438269, 50.158620638507671 ], [ 14.430391965079593, 50.15470654712027 ], [ 14.426882439504027, 50.154456700289757 ], [ 14.423242930401727, 50.150042530676501 ], [ 14.411532700439523, 50.149648232566733 ] ] ] } },
{ "type": "Feature", "properties": { "shapeName": "Prague-West", "shapeISO": "", "shapeID": "57006924B10827026185454", "shapeGroup": "CZE", "shapeType": "ADM2" }, "geometry": { "type": "Polygon", "coordinates": [ [ [ 14.128206481471977, 50.056946621548889 ], [ 14.130355652822004, 50.048956159436614 ], [ 14.139816350068259, 50.048497665270247 ], [ 14.147670514633376, 50.044141747905485 ], [ 14.151240589354018, 50.040358656712499 ], [ 14.154989168304951, 50.039441498588303 ], [ 14.156595701884328, 50.033594205096051 ], [ 14.160701287498739, 50.031530284502821 ], [ 14.168555452063686, 50.030612958308438 ], [ 14.169626473851224, 50.024879270147778 ], [ 14.172661037678097, 50.023617766929419 ], [ 14.193902981772112, 50.022700289601914 ], [ 14.200150612758023, 50.019259591970183 ], [ 14.207112258867539, 50.018456727219188 ], [ 14.209968318464348, 50.015818648490892 ], [ 14.221392557750164, 50.014212789995099 ], [ 14.223177594661479, 50.010771485083353 ], [ 14.226747669382121, 50.010771485083353 ], [ 14.228532706293322, 50.009050739925044 ], [ 14.230317744102763, 50.002626080957214 ], [ 14.234780337279005, 50.001708202185114 ], [ 14.236565375088503, 49.994364543394681 ], [ 14.239956945579081, 49.994020281470682 ], [ 14.249060636161801, 49.988970829390041 ], [ 14.249953154617401, 49.961189362832897 ], [ 14.261734401465162, 49.955677083380806 ], [ 14.262983927482594, 49.949704734412933 ], [ 14.264411957730033, 49.947407480028517 ], [ 14.269053054238213, 49.946833149456609 ], [ 14.270302580255816, 49.941204346055258 ], [ 14.254058741130109, 49.930634203893703 ], [ 14.237993404437873, 49.929714951266078 ], [ 14.236922382650505, 49.923279693674601 ], [ 14.224070113116909, 49.921211035581052 ], [ 14.22264208376771, 49.918337752145135 ], [ 14.217465475467691, 49.916958514857583 ], [ 14.217108467905689, 49.912475722646889 ], [ 14.218893504817004, 49.90971687384382 ], [ 14.22353460222331, 49.908682264927734 ], [ 14.224248617347143, 49.90270409003557 ], [ 14.217286971237627, 49.899484765551222 ], [ 14.217108467905689, 49.89419540975274 ], [ 14.216340083301702, 49.893452905273875 ], [ 14.219064868338762, 49.888743546319688 ], [ 14.230982634855195, 49.887424555509028 ], [ 14.231494441005168, 49.878567541380335 ], [ 14.230146380580834, 49.876317695118701 ], [ 14.226147896606165, 49.875875959242194 ], [ 14.223977291096958, 49.874035348435882 ], [ 14.223406079357176, 49.871605635697847 ], [ 14.213124264449277, 49.871458376486601 ], [ 14.21106790128789, 49.868365828173353 ], [ 14.205355782094102, 49.866745842915236 ], [ 14.204784569456194, 49.864021199543174 ], [ 14.192789118430653, 49.862916570502819 ], [ 14.191189725559354, 49.859897122678774 ], [ 14.186734272192894, 49.85879239992056 ], [ 14.18559184781526, 49.851132291226861 ], [ 14.191418210255222, 49.849732717062238 ], [ 14.193017604024817, 49.843028931410458 ], [ 14.204670327108147, 49.841776473326945 ], [ 14.207183659661268, 49.837724179019858 ], [ 14.230603349972569, 49.837797860098021 ], [ 14.233916378961339, 49.840818688790819 ], [ 14.243170012737892, 49.842218521061341 ], [ 14.245683345291013, 49.845239073565835 ], [ 14.267160914789031, 49.846344106752554 ], [ 14.27321576192486, 49.850248354151006 ], [ 14.289209696026774, 49.850101029829716 ], [ 14.291037574492066, 49.847007114192081 ], [ 14.297092421628122, 49.846270438697957 ], [ 14.298920299195117, 49.834334726900011 ], [ 14.30817393297167, 49.833597857717791 ], [ 14.312400901642206, 49.829839652037265 ], [ 14.329080290730076, 49.829692265517224 ], [ 14.333307258502316, 49.826007455387696 ], [ 14.366551794330007, 49.825417859323807 ], [ 14.370664520652497, 49.821585312353534 ], [ 14.374663004627166, 49.821069368958831 ], [ 14.376376639846342, 49.809938401839474 ], [ 14.371121490044288, 49.807874100218783 ], [ 14.369864824216847, 49.805809710559402 ], [ 14.370207551260762, 49.796150145217496 ], [ 14.373977549641268, 49.795633931213501 ], [ 14.376605124542209, 49.792462780446442 ], [ 14.414876325476087, 49.792020277946051 ], [ 14.415175534556681, 49.792516964970673 ], [ 14.415676021911565, 49.79334777389812 ], [ 14.416704203941379, 49.798878614699674 ], [ 14.43559703919442, 49.801307376026273 ], [ 14.435775542526187, 49.805224476885769 ], [ 14.4295279124388, 49.808910869920851 ], [ 14.428813897314967, 49.818816660960749 ], [ 14.433633498053041, 49.821120042664802 ], [ 14.435240031632418, 49.827914379509423 ], [ 14.446664270918404, 49.830332472380405 ], [ 14.454339931253287, 49.834247224413332 ], [ 14.453982923691456, 49.85393131739454 ], [ 14.447556789373778, 49.857498920650528 ], [ 14.44737828604201, 49.865553830349427 ], [ 14.449877338077044, 49.867049594325749 ], [ 14.45969504378354, 49.867394763827804 ], [ 14.463622125167717, 49.863367630320397 ], [ 14.471833297294836, 49.86359776132889 ], [ 14.475760379577537, 49.871651654253924 ], [ 14.484507062598198, 49.872341925018532 ], [ 14.486827611301464, 49.870616229029622 ], [ 14.489505166668209, 49.859800460373435 ], [ 14.497002323671325, 49.85968538625167 ], [ 14.500929405953968, 49.857729079614103 ], [ 14.501643421077802, 49.854852014641835 ], [ 14.505749006692042, 49.854621841974449 ], [ 14.516102223292364, 49.85853462706342 ], [ 14.531096537298765, 49.859800460373435 ], [ 14.534131101125865, 49.862792298292732 ], [ 14.538058183408339, 49.863482696251253 ], [ 14.540021723651421, 49.866359247342984 ], [ 14.538772197633818, 49.870846324927641 ], [ 14.5335955893338, 49.873837478794826 ], [ 14.532881574209966, 49.882924847909123 ], [ 14.537879679178275, 49.885110162187061 ], [ 14.540735738775084, 49.888560457796302 ], [ 14.54912541423397, 49.88936549113123 ], [ 14.551019178328318, 49.889467164674954 ], [ 14.551852951863111, 49.891481515018711 ], [ 14.5579077981007, 49.893542248843175 ], [ 14.558136282796738, 49.901122048979914 ], [ 14.542599318086559, 49.902005054713129 ], [ 14.538829318807757, 49.903403114650644 ], [ 14.537572652980543, 49.905831227874899 ], [ 14.532545987874357, 49.906934874775686 ], [ 14.53243174552648, 49.91208489541981 ], [ 14.538486591764013, 49.914880390528083 ], [ 14.539514773793883, 49.921206438682702 ], [ 14.544998408291633, 49.923633655114315 ], [ 14.546483558814884, 49.928414179153151 ], [ 14.544427196552022, 49.935106116206725 ], [ 14.539971743185617, 49.936797338377573 ], [ 14.539057803503624, 49.938929663456747 ], [ 14.539286289097788, 49.946575847171516 ], [ 14.548539921976271, 49.948046128008343 ], [ 14.554137799720365, 49.952015661689302 ], [ 14.558136282796738, 49.952456701241204 ], [ 14.559735676566163, 49.955617363511237 ], [ 14.564648099324359, 49.957160867377809 ], [ 14.566590220137641, 49.960468208974532 ], [ 14.570474460866023, 49.96083567722161 ], [ 14.571388400547789, 49.992794690886967 ], [ 14.583383851573331, 49.994777653988422 ], [ 14.584869002096639, 50.00182752748583 ], [ 14.590352637492856, 50.00322269253013 ], [ 14.592180515059852, 50.0065268690675 ], [ 14.596521726078436, 50.007040832069094 ], [ 14.597207180166095, 50.010051074201442 ], [ 14.596528544291459, 50.015663863006182 ], [ 14.559464541657121, 50.015840977125833 ], [ 14.557254839670236, 50.012332858696993 ], [ 14.540747068327505, 50.011581085877935 ], [ 14.538017436725283, 50.009826903180169 ], [ 14.537627488840315, 50.00381207656028 ], [ 14.534117963264748, 50.003060170453296 ], [ 14.528268752175563, 49.998548485673552 ], [ 14.521379682754343, 49.998632039346489 ], [ 14.516960278780346, 49.99445418360267 ], [ 14.49278354314481, 49.993869254599304 ], [ 14.492263612631234, 49.991195203656844 ], [ 14.48797419218397, 49.990108828313055 ], [ 14.484724630966696, 49.986933127885436 ], [ 14.468476823982428, 49.985930232011356 ], [ 14.466657069880512, 49.978909372498038 ], [ 14.453918789370107, 49.976736041681193 ], [ 14.45248898225492, 49.973977442341493 ], [ 14.441310491487911, 49.972890677530017 ], [ 14.436371157898861, 49.96921221580584 ], [ 14.422593018158238, 49.969463028722373 ], [ 14.418953509954463, 49.973559458913371 ], [ 14.410374667262943, 49.972974275783486 ], [ 14.407515053930865, 49.971803888753357 ], [ 14.406995124315756, 49.966453184567342 ], [ 14.401535861111597, 49.963861223484912 ], [ 14.400366019252999, 49.953910141154324 ], [ 14.398156317265943, 49.952321122664046 ], [ 14.385028089768866, 49.951902951158445 ], [ 14.37995877355138, 49.955917248068943 ], [ 14.375019440860626, 49.956419011726098 ], [ 14.369690160284676, 49.955917248068943 ], [ 14.369300212399651, 49.953993772375554 ], [ 14.365660704195705, 49.952572024171275 ], [ 14.348892967596328, 49.951652046743334 ], [ 14.336284669714303, 49.9565862647313 ], [ 14.334984845227325, 49.96670401243955 ], [ 14.339924177918078, 49.968626979813507 ], [ 14.341353985033436, 49.979160134876906 ], [ 14.347203195224324, 49.98166768967144 ], [ 14.347203195224324, 49.993451443977108 ], [ 14.342523826892034, 49.994621304455848 ], [ 14.340054160546458, 49.997880052218136 ], [ 14.316787301512761, 49.99838137846973 ], [ 14.314837564782465, 50.001055029233271 ], [ 14.308858371963197, 50.003394352333146 ], [ 14.308598406706437, 50.009910437251335 ], [ 14.318477072986241, 50.010912833050099 ], [ 14.320816757601733, 50.013585787454019 ], [ 14.320426810615004, 50.026029773030416 ], [ 14.309898231193188, 50.028200876504684 ], [ 14.307168599591193, 50.031290354621888 ], [ 14.294690284337435, 50.032793271772277 ], [ 14.292870530235518, 50.036216408116957 ], [ 14.288711091518167, 50.036800821852182 ], [ 14.28728128440298, 50.03988974672626 ], [ 14.282837510033517, 50.040917604923777 ], [ 14.280400338447009, 50.047960711190854 ], [ 14.275442482494896, 50.050337187170783 ], [ 14.273861895854338, 50.056639944700692 ], [ 14.269619268650104, 50.057334265560144 ], [ 14.268205059881325, 50.059043320343562 ], [ 14.267808288393496, 50.077426204109145 ], [ 14.29441407215063, 50.078859903299815 ], [ 14.29441407215063, 50.084594271915648 ], [ 14.286696363473652, 50.087591509381525 ], [ 14.28385299707179, 50.09058855999865 ], [ 14.270448557387681, 50.091240067890567 ], [ 14.266995897864604, 50.093194538423006 ], [ 14.266995897864604, 50.097884942350447 ], [ 14.260090580614872, 50.099578586181849 ], [ 14.259684384901163, 50.106482823823569 ], [ 14.247295432255385, 50.108957685025018 ], [ 14.247295432255385, 50.115209397715319 ], [ 14.262324653895575, 50.115990804270098 ], [ 14.2700423616742, 50.119897646333243 ], [ 14.291976900563952, 50.120939416694796 ], [ 14.292992388500522, 50.123543744279345 ], [ 14.304162755802224, 50.12523648145924 ], [ 14.306396829082928, 50.131876640531289 ], [ 14.318582684321029, 50.133308710829169 ], [ 14.325284904163084, 50.131746450301989 ], [ 14.325081806755406, 50.125627104216164 ], [ 14.327518977443788, 50.120548755681909 ], [ 14.362857956915889, 50.120809196711377 ], [ 14.364888932789086, 50.121330075095557 ], [ 14.365904420725485, 50.144763730930549 ], [ 14.371794250936944, 50.146976316271775 ], [ 14.372200445752355, 50.149579227078505 ], [ 14.3896668380807, 50.150099792354922 ], [ 14.393525692419189, 50.145935112627797 ], [ 14.411847798516533, 50.14588539069598 ], [ 14.411532700439523, 50.149648232566733 ], [ 14.410877841501417, 50.15746843462972 ], [ 14.410249508587697, 50.170302898271132 ], [ 14.402573848252644, 50.174761678468599 ], [ 14.37936836301742, 50.174876001019868 ], [ 14.378297340331756, 50.172475176907369 ], [ 14.374727265611114, 50.171217554064526 ], [ 14.360982477622088, 50.170988891757474 ], [ 14.35848342558694, 50.17258950435388 ], [ 14.357412402901275, 50.177848283282515 ], [ 14.363124522993417, 50.179905908660658 ], [ 14.363660033887129, 50.182763574599903 ], [ 14.376869310084089, 50.184363792761644 ], [ 14.377226317646091, 50.190878414144947 ], [ 14.383473948631831, 50.193392591713291 ], [ 14.382759933507998, 50.200248766652408 ], [ 14.378475843663523, 50.200363027634239 ], [ 14.375441280734776, 50.204361998901049 ], [ 14.370621679996702, 50.205847245790437 ], [ 14.369452747103992, 50.213477478921106 ], [ 14.36927174478825, 50.213129998317868 ], [ 14.353742937679272, 50.212916386537017 ], [ 14.350672102576084, 50.213992522319415 ], [ 14.350160296426111, 50.216519006522276 ], [ 14.342263862533571, 50.217407923200994 ], [ 14.338023184673489, 50.216285078387955 ], [ 14.336268421885791, 50.213524640128867 ], [ 14.330126750780948, 50.212963175903894 ], [ 14.296580708762065, 50.213726538185369 ], [ 14.296521208990043, 50.213647459978631 ], [ 14.278242427031046, 50.202680186784107 ], [ 14.27869939642278, 50.199096997645995 ], [ 14.276071821521668, 50.196244879587823 ], [ 14.272416064590914, 50.195513540113893 ], [ 14.27001697438584, 50.187248622643267 ], [ 14.258935463042064, 50.186005104043204 ], [ 14.257564553968507, 50.183591122534438 ], [ 14.252537888862321, 50.181835423248572 ], [ 14.252537888862321, 50.169031498006746 ], [ 14.250824252745076, 50.167055729849324 ], [ 14.239856983749178, 50.166177584129798 ], [ 14.237800620587961, 50.162152544044034 ], [ 14.22580516956242, 50.161640242119802 ], [ 14.22683335159229, 50.154979815164552 ], [ 14.232431228438088, 50.153589059378135 ], [ 14.235173045686849, 50.149782573950802 ], [ 14.244655164159497, 50.149270138890188 ], [ 14.246483042624789, 50.143266923712247 ], [ 14.245226375899108, 50.141802610570437 ], [ 14.234830318643162, 50.140631128242944 ], [ 14.232659713133955, 50.134041002713559 ], [ 14.226888187452005, 50.131808941218651 ], [ 14.224767848971226, 50.128715518984507 ], [ 14.220500038396267, 50.127866513871936 ], [ 14.2203215350645, 50.108523169259115 ], [ 14.214430911640591, 50.106233498861457 ], [ 14.214073904078759, 50.103600242206255 ], [ 14.207826273093076, 50.102340807564303 ], [ 14.206398243743706, 50.099936340701902 ], [ 14.203363679916663, 50.099134824928512 ], [ 14.184085276964083, 50.099249327755842 ], [ 14.1748030821513, 50.097531753152055 ], [ 14.1748030821513, 50.083559855667545 ], [ 14.162129317746235, 50.080696259172328 ], [ 14.162307821078002, 50.064313198234061 ], [ 14.160522783268505, 50.061677638189735 ], [ 14.146956499509542, 50.060760887985452 ], [ 14.140708869422156, 50.057093710247443 ], [ 14.128206481471977, 50.056946621548889 ] ] ] } },
{ "type": "Feature", "properties": { "shapeName": "Benešov", "shapeISO": "", "shapeID": "57006924B72367242001240", "shapeGroup": "CZE", "shapeType": "ADM2" }, "geometry": { "type": "Polygon", "coordinates": [ [ [ 14.551019178328318, 49.889467164674954 ], [ 14.54912541423397, 49.88936549113123 ], [ 14.540735738775084, 49.888560457796302 ], [ 14.537879679178275, 49.885110162187061 ], [ 14.532881574209966, 49.882924847909123 ], [ 14.5335955893338, 49.873837478794826 ], [ 14.538772197633818, 49.870846324927641 ], [ 14.540021723651421, 49.866359247342984 ], [ 14.538058183408339, 49.863482696251253 ], [ 14.534131101125865, 49.862792298292732 ], [ 14.531096537298765, 49.859800460373435 ], [ 14.516102223292364, 49.85853462706342 ], [ 14.505749006692042, 49.854621841974449 ], [ 14.501643421077802, 49.854852014641835 ], [ 14.500929405953968, 49.857729079614103 ], [ 14.497002323671325, 49.85968538625167 ], [ 14.489505166668209, 49.859800460373435 ], [ 14.486827611301464, 49.870616229029622 ], [ 14.484507062598198, 49.872341925018532 ], [ 14.475760379577537, 49.871651654253924 ], [ 14.471833297294836, 49.86359776132889 ], [ 14.463622125167717, 49.863367630320397 ], [ 14.45969504378354, 49.867394763827804 ], [ 14.449877338077044, 49.867049594325749 ], [ 14.44737828604201, 49.865553830349427 ], [ 14.447556789373778, 49.857498920650528 ], [ 14.453982923691456, 49.85393131739454 ], [ 14.454339931253287, 49.834247224413332 ], [ 14.446664270918404, 49.830332472380405 ], [ 14.435240031632418, 49.827914379509423 ], [ 14.433633498053041, 49.821120042664802 ], [ 14.428813897314967, 49.818816660960749 ], [ 14.4295279124388, 49.808910869920851 ], [ 14.435775542526187, 49.805224476885769 ], [ 14.43559703919442, 49.801307376026273 ], [ 14.416704203941379, 49.798878614699674 ], [ 14.415676021911565, 49.79334777389812 ], [ 14.415175534556681, 49.792516964970673 ], [ 14.42181312328654, 49.791056591419192 ], [ 14.422463035529859, 49.784343032860306 ], [ 14.415963913095538, 49.781825207930638 ], [ 14.415703947838892, 49.77124891661731 ], [ 14.428572210977507, 49.769402025658906 ], [ 14.429482088477812, 49.764616572079717 ], [ 14.428312246619214, 49.762097722669466 ], [ 14.424932702773731, 49.761677901711153 ], [ 14.415703947838892, 49.755632076603774 ], [ 14.416093895723918, 49.741606219459982 ], [ 14.428052281362454, 49.741102220867049 ], [ 14.430391965079593, 49.737406072184513 ], [ 14.440270632257921, 49.736650006599234 ], [ 14.442610315974889, 49.730180967699312 ], [ 14.448069579179048, 49.727828376446269 ], [ 14.448589508794157, 49.725559697865833 ], [ 14.458078228087288, 49.720013593209956 ], [ 14.465227262765325, 49.720265702963616 ], [ 14.469126736225917, 49.716483923859698 ], [ 14.475365894301945, 49.714634947514185 ], [ 14.475755841288674, 49.707910801883486 ], [ 14.47900540250572, 49.706397741190415 ], [ 14.483944736094998, 49.706397741190415 ], [ 14.487194297312101, 49.708078917087221 ], [ 14.490703823786134, 49.715475400192815 ], [ 14.509031349230611, 49.71555944419606 ], [ 14.513840700191452, 49.714382808525727 ], [ 14.515400489935075, 49.707658628567629 ], [ 14.528268752175563, 49.700849447809219 ], [ 14.526708963330293, 49.665190753948423 ], [ 14.510201191987505, 49.664349431364201 ], [ 14.50799149000045, 49.660395020681392 ], [ 14.508901366602402, 49.65770247158747 ], [ 14.51449061243494, 49.655262220025236 ], [ 14.516180384806773, 49.648193216079278 ], [ 14.520469805254208, 49.646509968551243 ], [ 14.522159577626212, 49.640954838645484 ], [ 14.524629243971617, 49.639355516651221 ], [ 14.532948120508024, 49.638261213992564 ], [ 14.534377927623211, 49.63615671623694 ], [ 14.533857998008102, 49.631947447304242 ], [ 14.522029594997832, 49.629590098355834 ], [ 14.521509665382723, 49.623106799608195 ], [ 14.531648296021046, 49.618138493641936 ], [ 14.538927313327292, 49.617801640529251 ], [ 14.544516559159831, 49.622685776365813 ], [ 14.549715857107401, 49.62285418633212 ], [ 14.55881462941386, 49.617717426887339 ], [ 14.56024443563075, 49.611316773000397 ], [ 14.562714102874395, 49.609884933120156 ], [ 14.571682891654177, 49.609716478330483 ], [ 14.579351856845392, 49.603904439740859 ], [ 14.580911645690662, 49.585958556898561 ], [ 14.585331049664831, 49.582503427260121 ], [ 14.588840575240397, 49.575845292738222 ], [ 14.599466640734931, 49.569043997137157 ], [ 14.599855392962354, 49.551920699945981 ], [ 14.59357297651394, 49.549019217153841 ], [ 14.592838990740972, 49.540228405237031 ], [ 14.593909891457884, 49.539504532527531 ], [ 14.594559803701372, 49.534358992092336 ], [ 14.587410769023506, 49.531659475371953 ], [ 14.588190662996908, 49.5255850179135 ], [ 14.602748698507696, 49.524994405190853 ], [ 14.609637767928746, 49.529044176480227 ], [ 14.623935838182774, 49.528622340992968 ], [ 14.626405504528122, 49.525247526052738 ], [ 14.638233907538449, 49.524150660686587 ], [ 14.639923679910225, 49.517231406287067 ], [ 14.644992995229586, 49.515628024872058 ], [ 14.647592644203201, 49.508285553566282 ], [ 14.657471310483174, 49.5080323449003 ], [ 14.659031100226798, 49.509720376167991 ], [ 14.659291065483387, 49.527947396292291 ], [ 14.672549275609072, 49.529719105455115 ], [ 14.672809239967364, 49.532334368238025 ], [ 14.677618590928034, 49.534949491100065 ], [ 14.678138520543143, 49.53714271208338 ], [ 14.689576976566741, 49.537901880874017 ], [ 14.699975573360177, 49.545324244704034 ], [ 14.714403625344062, 49.545998949463296 ], [ 14.719082993676523, 49.549456663436956 ], [ 14.736630624249301, 49.550805948332652 ], [ 14.73559076501931, 49.562357679294848 ], [ 14.731171361943439, 49.563706608394796 ], [ 14.729611572199872, 49.56589853862647 ], [ 14.729611572199872, 49.578120959575756 ], [ 14.731171361943439, 49.584020343871487 ], [ 14.734810870147442, 49.584104615148362 ], [ 14.737150554762707, 49.586042825410004 ], [ 14.737150554762707, 49.595058702910592 ], [ 14.748848975144824, 49.597838964702191 ], [ 14.749758852644902, 49.607694978357017 ], [ 14.75560806283579, 49.609969159714581 ], [ 14.755998009822463, 49.612159012311622 ], [ 14.775495378024004, 49.617548999748578 ], [ 14.780174746356465, 49.617548999748578 ], [ 14.781994500458381, 49.616201558773469 ], [ 14.78264441270187, 49.611822118449993 ], [ 14.788233658534409, 49.608537280248697 ], [ 14.790443360521522, 49.605083749887115 ], [ 14.820339324617976, 49.604325625252216 ], [ 14.821509166476574, 49.602219660728224 ], [ 14.827618341924222, 49.600113605822628 ], [ 14.82839823679592, 49.594553183684638 ], [ 14.834247446986979, 49.592194025458866 ], [ 14.835807236730545, 49.587896693509038 ], [ 14.877531603837326, 49.587643897144403 ], [ 14.881041130311246, 49.580396520881152 ], [ 14.88559051601527, 49.579385173272158 ], [ 14.887280287488977, 49.576266720593651 ], [ 14.892479585436377, 49.575086712961934 ], [ 14.893259480308245, 49.56792177127312 ], [ 14.899368655755893, 49.565224108722703 ], [ 14.900538497614491, 49.559828337003864 ], [ 14.905087883318515, 49.557551816687749 ], [ 14.906387708703619, 49.550721619555645 ], [ 14.928614707608858, 49.550131310543463 ], [ 14.928675611314986, 49.550176676400156 ], [ 14.932124234082949, 49.552745481095656 ], [ 14.9378434616454, 49.554684936845604 ], [ 14.939403251389024, 49.560840089292924 ], [ 14.943952637093048, 49.562357679294848 ], [ 14.945382444208462, 49.564802585520226 ], [ 14.945252461580026, 49.581997777909635 ], [ 14.947072215681942, 49.582924797619171 ], [ 14.975148425676537, 49.583261891169798 ], [ 14.980087759265587, 49.579300893843879 ], [ 14.990876303045695, 49.579385173272158 ], [ 14.989316513302128, 49.595479964832464 ], [ 14.977878057278701, 49.596827978647354 ], [ 14.977228145035212, 49.600197849881852 ], [ 14.977098162406833, 49.602977818692011 ], [ 14.984117215354559, 49.604831042597198 ], [ 14.986716864328514, 49.608200361354875 ], [ 15.014663091694558, 49.608537280248697 ], [ 15.017522705925103, 49.604409861452098 ], [ 15.022462038615856, 49.603146296185628 ], [ 15.024541757974532, 49.600366337563401 ], [ 15.033900494639454, 49.600113605822628 ], [ 15.036240179254776, 49.603146296185628 ], [ 15.045728897649781, 49.604325625252216 ], [ 15.053267880212616, 49.603735964284738 ], [ 15.05950703828853, 49.599860873353919 ], [ 15.070945493413831, 49.599945117849757 ], [ 15.078094528989936, 49.603651726338342 ], [ 15.097721878921391, 49.603735964284738 ], [ 15.103311124754157, 49.607610747251044 ], [ 15.12202859808383, 49.607694978357017 ], [ 15.125668106287776, 49.607610747251044 ], [ 15.129697562376748, 49.604157151251286 ], [ 15.152314509167013, 49.603314773679472 ], [ 15.155694053012667, 49.599439649273961 ], [ 15.167002526407714, 49.599608138993176 ], [ 15.171421929483358, 49.600197849881852 ], [ 15.178960912046421, 49.604746807124911 ], [ 15.179870789546499, 49.610558745293304 ], [ 15.1893595088398, 49.611906342279326 ], [ 15.194688789415579, 49.615864692853904 ], [ 15.209506788386363, 49.615864692853904 ], [ 15.213796209731925, 49.611906342279326 ], [ 15.223674876011955, 49.61165367093696 ], [ 15.227184402485818, 49.615527824605977 ], [ 15.237453015752578, 49.616369991150975 ], [ 15.239402752482874, 49.622938390515174 ], [ 15.249281419661145, 49.62428564521548 ], [ 15.250638797985062, 49.625208899485131 ], [ 15.251881068634759, 49.626053860437537 ], [ 15.252271015621659, 49.639608044944396 ], [ 15.258770138055979, 49.642722448810957 ], [ 15.257600296197438, 49.647940732311383 ], [ 15.252141032993279, 49.652905999643053 ], [ 15.2468117524175, 49.654589026007898 ], [ 15.244991998315413, 49.661657101673427 ], [ 15.236153191265601, 49.6664527105454 ], [ 15.215745946462221, 49.666536839937578 ], [ 15.211846473001685, 49.670658996698762 ], [ 15.195338701659068, 49.670827240207643 ], [ 15.192739051786987, 49.67385553024917 ], [ 15.187019824224365, 49.676210736853818 ], [ 15.186239929352439, 49.684116666419925 ], [ 15.18651969388435, 49.696664278848289 ], [ 15.163492999933794, 49.696813927108678 ], [ 15.161543263203555, 49.697738763573682 ], [ 15.160633386601717, 49.708162974471009 ], [ 15.158813631601333, 49.709423816030323 ], [ 15.136846597054443, 49.710012197209494 ], [ 15.13359703583734, 49.713374241224415 ], [ 15.11838908898153, 49.714298761905411 ], [ 15.110460159431796, 49.718332830389841 ], [ 15.106820650329723, 49.722450595845203 ], [ 15.096941984049693, 49.723374944318152 ], [ 15.09616209007612, 49.725979831484949 ], [ 15.089273019756774, 49.728164467808881 ], [ 15.088623107513286, 49.730769097987036 ], [ 15.077184651489858, 49.731861320960661 ], [ 15.075104932131183, 49.738750158984942 ], [ 15.065746195466261, 49.744042138178088 ], [ 15.058857126045211, 49.743958142896588 ], [ 15.052487985340747, 49.748241711607022 ], [ 15.05092819559718, 49.754036525002164 ], [ 15.043779160919314, 49.760166516394008 ], [ 15.024801723231349, 49.762097722669466 ], [ 15.023371916115991, 49.768562506609953 ], [ 15.011803477464127, 49.774270949760478 ], [ 15.011023582592259, 49.788371279420119 ], [ 15.003094653042695, 49.794496929670629 ], [ 14.988016688815321, 49.794916466382858 ], [ 14.983857250097969, 49.790804849997187 ], [ 14.979177881765509, 49.790217447484224 ], [ 14.965399742024886, 49.791476157934767 ], [ 14.964359881896428, 49.793825663603172 ], [ 14.952531478886272, 49.800957392282783 ], [ 14.952791444142917, 49.805990921320074 ], [ 14.958250707347077, 49.808171954826946 ], [ 14.958640654333749, 49.818236989954642 ], [ 14.956950882860269, 49.820165882295953 ], [ 14.936803602415239, 49.820752921526662 ], [ 14.934073970813245, 49.82150767537189 ], [ 14.932644163698058, 49.824358861742439 ], [ 14.933164093312939, 49.828299931317474 ], [ 14.944472566708157, 49.829641498803369 ], [ 14.946422303438624, 49.831066873595091 ], [ 14.94629232170854, 49.835091233612786 ], [ 14.93797344427378, 49.841378626678477 ], [ 14.930174497352482, 49.841630105141064 ], [ 14.925105181134995, 49.845569767479844 ], [ 14.920295831072622, 49.845988861575961 ], [ 14.920295831072622, 49.85294529316019 ], [ 14.926664970878619, 49.855208013037043 ], [ 14.926794953506999, 49.873222185755935 ], [ 14.932774146326267, 49.876572918527188 ], [ 14.933814005556428, 49.881096038858061 ], [ 14.927964795365597, 49.884194969587895 ], [ 14.925755093378484, 49.891899556406543 ], [ 14.913796707739778, 49.893658039760339 ], [ 14.911635731644481, 49.897505564385767 ], [ 14.909203148280028, 49.896412410384357 ], [ 14.904062240826022, 49.896412410384357 ], [ 14.900863454185298, 49.894572582468356 ], [ 14.899835272155428, 49.889052679568067 ], [ 14.891152851016955, 49.883679367713626 ], [ 14.88338436866195, 49.883532144740798 ], [ 14.8781292179616, 49.880513985562914 ], [ 14.871681663315997, 49.880049282814241 ], [ 14.867219070139811, 49.88131455239477 ], [ 14.865077025666778, 49.88810043255387 ], [ 14.830982812039167, 49.888215438986151 ], [ 14.824556677721716, 49.892355497308813 ], [ 14.816345505594597, 49.892355497308813 ], [ 14.809026852821546, 49.892010506205565 ], [ 14.807420319242112, 49.88936549113123 ], [ 14.80385024452147, 49.8887904681946 ], [ 14.789391441408611, 49.88810043255387 ], [ 14.788141915391009, 49.877633676399796 ], [ 14.781894284405325, 49.875793133170873 ], [ 14.763508399908289, 49.876943480693171 ], [ 14.76065234031131, 49.880279334348018 ], [ 14.756011242905004, 49.880854458096792 ], [ 14.753869198431858, 49.88810043255387 ], [ 14.737982365969856, 49.887870418288628 ], [ 14.734055283687155, 49.884190041551392 ], [ 14.722988051963398, 49.883039866672675 ], [ 14.721203015052083, 49.880509384785341 ], [ 14.704959175028023, 49.880279334348018 ], [ 14.701567604537445, 49.884880133672254 ], [ 14.698711544042339, 49.885225176322706 ], [ 14.697640522254972, 49.892815481996308 ], [ 14.702103115431214, 49.893390456400766 ], [ 14.704959175028023, 49.897185116705145 ], [ 14.7096002724345, 49.898564919512239 ], [ 14.70817224218689, 49.905693269802725 ], [ 14.704780671696312, 49.906383054481694 ], [ 14.704066656572479, 49.908682264927734 ], [ 14.69817603314857, 49.910176693033634 ], [ 14.694248950866097, 49.914084977994548 ], [ 14.67264999921008, 49.913970033212649 ], [ 14.670507953838808, 49.913050462781655 ], [ 14.671935984086417, 49.901784304794887 ], [ 14.676041569700658, 49.901209430403753 ], [ 14.677291096616557, 49.896380213802217 ], [ 14.676220073930892, 49.893275462299414 ], [ 14.67032945050704, 49.891780510573597 ], [ 14.669972442945209, 49.88936549113123 ], [ 14.664260323751364, 49.887640402927047 ], [ 14.66336780529582, 49.8811995295207 ], [ 14.656406159186247, 49.879934256925878 ], [ 14.652836084465605, 49.8811995295207 ], [ 14.650872543324169, 49.887525394545889 ], [ 14.643910898112949, 49.892355497308813 ], [ 14.637841770459033, 49.893390456400766 ], [ 14.631772643703357, 49.892930477772438 ], [ 14.628381073212779, 49.889480494549218 ], [ 14.576524738272042, 49.888979076620899 ], [ 14.568701419158799, 49.884880685854569 ], [ 14.563510244676309, 49.884362473909221 ], [ 14.553566587082287, 49.88525756382802 ], [ 14.551267459605413, 49.889480494549218 ], [ 14.551019178328318, 49.889467164674954 ] ] ] } },
{ "type": "Feature", "properties": { "shapeName": "Příbram", "shapeISO": "", "shapeID": "57006924B48464151885273", "shapeGroup": "CZE", "shapeType": "ADM2" }, "geometry": { "type": "Polygon", "coordinates": [ [ [ 13.772029318709087, 49.516836124338056 ], [ 13.790618331617111, 49.516725080839194 ], [ 13.792568068347407, 49.520016102257784 ], [ 13.798157314180116, 49.521113059792526 ], [ 13.798807226423435, 49.523813158924554 ], [ 13.81323527840749, 49.525163152577591 ], [ 13.816874787509789, 49.526091251628372 ], [ 13.819604419111954, 49.529466008327347 ], [ 13.827013419046409, 49.529887836534385 ], [ 13.830262980263683, 49.529297275792032 ], [ 13.83325257622397, 49.525669390660539 ], [ 13.837541997569758, 49.524910031279092 ], [ 13.838581856799919, 49.51782211278146 ], [ 13.853529839297437, 49.517062632109003 ], [ 13.863148540320651, 49.521956856715178 ], [ 13.865488224935916, 49.529381642132421 ], [ 13.876796698331134, 49.529972201855685 ], [ 13.881346084035215, 49.529634739697201 ], [ 13.885115574867598, 49.51799088433836 ], [ 13.896164083904296, 49.516725080839194 ], [ 13.897073960506077, 49.513855805062917 ], [ 13.907732521657806, 49.513349444667881 ], [ 13.910072206273298, 49.509551575487308 ], [ 13.934638889793803, 49.509635975900551 ], [ 13.935337088549318, 49.509656582846787 ], [ 13.940358117356482, 49.509804775706527 ], [ 13.943477696843672, 49.521197440256572 ], [ 13.957255836584238, 49.521956856715178 ], [ 13.960635380429892, 49.521534960073836 ], [ 13.964144906903584, 49.518244041456569 ], [ 13.97831299363105, 49.518412811557596 ], [ 13.982602414976668, 49.522209993302454 ], [ 13.986371905808994, 49.522378749716268 ], [ 13.989621467026097, 49.530815845893699 ], [ 14.005349344395484, 49.531743837635474 ], [ 14.00729908112578, 49.534612063885902 ], [ 14.013538238303511, 49.536805300011451 ], [ 14.014188150546829, 49.552155196541662 ], [ 14.024456764711829, 49.552829806961597 ], [ 14.027056413685614, 49.556034077323545 ], [ 14.036935079965644, 49.55687727148819 ], [ 14.047983589002342, 49.565308413043056 ], [ 14.058382184897312, 49.566151447074219 ], [ 14.070470553164398, 49.56117733539736 ], [ 14.072160324637878, 49.558479300760098 ], [ 14.072290307266258, 49.536974006630089 ], [ 14.074759974509959, 49.53596175934797 ], [ 14.122853481422908, 49.536467885609795 ], [ 14.125583113025073, 49.540094969366123 ], [ 14.138451376163687, 49.540685399653569 ], [ 14.143260727124527, 49.540179317070056 ], [ 14.146120340456605, 49.536636592810339 ], [ 14.154309235262986, 49.536805300011451 ], [ 14.160288428082254, 49.540263664628355 ], [ 14.205262357304605, 49.540601052823035 ], [ 14.210721619610467, 49.544312170968624 ], [ 14.220470304160358, 49.545408583381402 ], [ 14.227229391851495, 49.549456663436956 ], [ 14.22956907556852, 49.552998457673652 ], [ 14.23502833877285, 49.555022225459027 ], [ 14.23502833877285, 49.565729931878309 ], [ 14.253745812102522, 49.566994466548579 ], [ 14.256215478447928, 49.570450694315298 ], [ 14.274543003892575, 49.57078787403924 ], [ 14.278442478251463, 49.57061928475963 ], [ 14.282991863955488, 49.566825863585166 ], [ 14.291440723120331, 49.566657260622264 ], [ 14.293650425107217, 49.565139804256887 ], [ 14.296250074081001, 49.553757380711318 ], [ 14.305608810745923, 49.553420082780235 ], [ 14.308858371963197, 49.550299971155709 ], [ 14.321206704588406, 49.550046980019033 ], [ 14.325106178947465, 49.549203667932716 ], [ 14.329395599394786, 49.545830274001275 ], [ 14.336544634072595, 49.545661597956951 ], [ 14.338624353431271, 49.544143489682995 ], [ 14.33927426567476, 49.535624339122535 ], [ 14.345383441122408, 49.532924892289202 ], [ 14.357341826760944, 49.533515409205961 ], [ 14.362151177721785, 49.536720946483513 ], [ 14.37488945823219, 49.537227064883155 ], [ 14.386327914255617, 49.545577260299183 ], [ 14.406865141687376, 49.545745936051844 ], [ 14.414404123351915, 49.550131310543463 ], [ 14.431171859951291, 49.550131310543463 ], [ 14.440140649629541, 49.554010352048181 ], [ 14.449369403666026, 49.553926028220417 ], [ 14.451059175139562, 49.547517000084326 ], [ 14.456648420972101, 49.544902549716312 ], [ 14.458858122959214, 49.541444513409772 ], [ 14.473286174943269, 49.541613204013117 ], [ 14.474964337264566, 49.542906313283595 ], [ 14.475365894301945, 49.543215733368356 ], [ 14.478615455519048, 49.545492921913137 ], [ 14.519299963395667, 49.545745936051844 ], [ 14.531648296021046, 49.537733178041321 ], [ 14.569863137552261, 49.537817529822007 ], [ 14.572332803897666, 49.537986232363494 ], [ 14.576492242615018, 49.541781893451343 ], [ 14.59079031286899, 49.541613204013117 ], [ 14.592838990740972, 49.540228405237031 ], [ 14.59357297651394, 49.549019217153841 ], [ 14.599855392962354, 49.551920699945981 ], [ 14.599466640734931, 49.569043997137157 ], [ 14.588840575240397, 49.575845292738222 ], [ 14.585331049664831, 49.582503427260121 ], [ 14.580911645690662, 49.585958556898561 ], [ 14.579351856845392, 49.603904439740859 ], [ 14.571682891654177, 49.609716478330483 ], [ 14.562714102874395, 49.609884933120156 ], [ 14.56024443563075, 49.611316773000397 ], [ 14.55881462941386, 49.617717426887339 ], [ 14.549715857107401, 49.62285418633212 ], [ 14.544516559159831, 49.622685776365813 ], [ 14.538927313327292, 49.617801640529251 ], [ 14.531648296021046, 49.618138493641936 ], [ 14.521509665382723, 49.623106799608195 ], [ 14.522029594997832, 49.629590098355834 ], [ 14.533857998008102, 49.631947447304242 ], [ 14.534377927623211, 49.63615671623694 ], [ 14.532948120508024, 49.638261213992564 ], [ 14.524629243971617, 49.639355516651221 ], [ 14.522159577626212, 49.640954838645484 ], [ 14.520469805254208, 49.646509968551243 ], [ 14.516180384806773, 49.648193216079278 ], [ 14.51449061243494, 49.655262220025236 ], [ 14.508901366602402, 49.65770247158747 ], [ 14.50799149000045, 49.660395020681392 ], [ 14.510201191987505, 49.664349431364201 ], [ 14.526708963330293, 49.665190753948423 ], [ 14.528268752175563, 49.700849447809219 ], [ 14.515400489935075, 49.707658628567629 ], [ 14.513840700191452, 49.714382808525727 ], [ 14.509031349230611, 49.71555944419606 ], [ 14.490703823786134, 49.715475400192815 ], [ 14.487194297312101, 49.708078917087221 ], [ 14.483944736094998, 49.706397741190415 ], [ 14.47900540250572, 49.706397741190415 ], [ 14.475755841288674, 49.707910801883486 ], [ 14.475365894301945, 49.714634947514185 ], [ 14.469126736225917, 49.716483923859698 ], [ 14.465227262765325, 49.720265702963616 ], [ 14.458078228087288, 49.720013593209956 ], [ 14.448589508794157, 49.725559697865833 ], [ 14.448069579179048, 49.727828376446269 ], [ 14.442610315974889, 49.730180967699312 ], [ 14.440270632257921, 49.736650006599234 ], [ 14.430391965079593, 49.737406072184513 ], [ 14.428052281362454, 49.741102220867049 ], [ 14.416093895723918, 49.741606219459982 ], [ 14.415703947838892, 49.755632076603774 ], [ 14.424932702773731, 49.761677901711153 ], [ 14.428312246619214, 49.762097722669466 ], [ 14.429482088477812, 49.764616572079717 ], [ 14.428572210977507, 49.769402025658906 ], [ 14.415703947838892, 49.77124891661731 ], [ 14.415963913095538, 49.781825207930638 ], [ 14.422463035529859, 49.784343032860306 ], [ 14.42181312328654, 49.791056591419192 ], [ 14.415175534556681, 49.792516964970673 ], [ 14.414876325476087, 49.792020277946051 ], [ 14.376605124542209, 49.792462780446442 ], [ 14.373977549641268, 49.795633931213501 ], [ 14.370207551260762, 49.796150145217496 ], [ 14.369864824216847, 49.805809710559402 ], [ 14.371121490044288, 49.807874100218783 ], [ 14.376376639846342, 49.809938401839474 ], [ 14.374663004627166, 49.821069368958831 ], [ 14.370664520652497, 49.821585312353534 ], [ 14.366551794330007, 49.825417859323807 ], [ 14.333307258502316, 49.826007455387696 ], [ 14.329080290730076, 49.829692265517224 ], [ 14.312400901642206, 49.829839652037265 ], [ 14.30817393297167, 49.833597857717791 ], [ 14.298920299195117, 49.834334726900011 ], [ 14.297092421628122, 49.846270438697957 ], [ 14.291037574492066, 49.847007114192081 ], [ 14.289209696026774, 49.850101029829716 ], [ 14.27321576192486, 49.850248354151006 ], [ 14.267160914789031, 49.846344106752554 ], [ 14.245683345291013, 49.845239073565835 ], [ 14.243170012737892, 49.842218521061341 ], [ 14.233916378961339, 49.840818688790819 ], [ 14.230603349972569, 49.837797860098021 ], [ 14.207183659661268, 49.837724179019858 ], [ 14.204670327108147, 49.841776473326945 ], [ 14.193017604024817, 49.843028931410458 ], [ 14.191418210255222, 49.849732717062238 ], [ 14.18559184781526, 49.851132291226861 ], [ 14.186734272192894, 49.85879239992056 ], [ 14.191189725559354, 49.859897122678774 ], [ 14.192789118430653, 49.862916570502819 ], [ 14.204784569456194, 49.864021199543174 ], [ 14.205355782094102, 49.866745842915236 ], [ 14.21106790128789, 49.868365828173353 ], [ 14.213124264449277, 49.871458376486601 ], [ 14.223406079357176, 49.871605635697847 ], [ 14.223977291096958, 49.874035348435882 ], [ 14.226147896606165, 49.875875959242194 ], [ 14.230146380580834, 49.876317695118701 ], [ 14.231494441005168, 49.878567541380335 ], [ 14.230982634855195, 49.887424555509028 ], [ 14.219064868338762, 49.888743546319688 ], [ 14.216340083301702, 49.893452905273875 ], [ 14.215323430096191, 49.892470494181111 ], [ 14.205505725288106, 49.892010506205565 ], [ 14.205505725288106, 49.885110162187061 ], [ 14.192831959984744, 49.87947414947422 ], [ 14.190154403719703, 49.875563060262039 ], [ 14.185513306313396, 49.874642757665072 ], [ 14.18247874338465, 49.871651654253924 ], [ 14.159808769042968, 49.871076420308441 ], [ 14.158202235463762, 49.867509819587383 ], [ 14.154989168304951, 49.866934536890881 ], [ 14.147670514633376, 49.861641613682536 ], [ 14.145706973492167, 49.855312356687591 ], [ 14.134818245998247, 49.85393131739454 ], [ 14.125714555415755, 49.846104684874831 ], [ 14.114825827921834, 49.840924598743982 ], [ 14.111612760763023, 49.837125515953574 ], [ 14.107507174250316, 49.836204481022037 ], [ 14.107328670918548, 49.825726477113619 ], [ 14.102687573512242, 49.824574909330977 ], [ 14.098046476105765, 49.82054420708414 ], [ 14.088050267067445, 49.818816660960749 ], [ 14.086622237718302, 49.816743523729997 ], [ 14.074126975746708, 49.813864018598736 ], [ 14.076626028679982, 49.806837308309923 ], [ 14.080731614294393, 49.806491706265547 ], [ 14.080910117626161, 49.799348707325805 ], [ 14.070021390132467, 49.793702688443716 ], [ 14.067879345659264, 49.787364535981965 ], [ 14.065558796956054, 49.786212055831186 ], [ 14.051099993843195, 49.785751055861624 ], [ 14.047708423352617, 49.793933151139356 ], [ 14.043424333508142, 49.795085447587326 ], [ 14.040389770579566, 49.798426953052171 ], [ 14.024502938117394, 49.799233488711252 ], [ 14.022360892746065, 49.800846520306095 ], [ 14.022360892746065, 49.804994067927225 ], [ 14.016113261760381, 49.807413306427577 ], [ 14.013971217287178, 49.819968365229784 ], [ 14.009687127442703, 49.820889709370817 ], [ 14.008080593863326, 49.823308153398102 ], [ 13.997370369701343, 49.824344592485033 ], [ 13.987195657331313, 49.831944467714607 ], [ 13.977734959186762, 49.832174748376531 ], [ 13.973807876904118, 49.823653635367691 ], [ 13.970237802183476, 49.822847506547816 ], [ 13.968095757710273, 49.816052458055083 ], [ 13.958456556234012, 49.815131021803325 ], [ 13.956671518424514, 49.81893183238941 ], [ 13.944533264913218, 49.819968365229784 ], [ 13.942212716210008, 49.823077830521243 ], [ 13.937036107909933, 49.823538475178623 ], [ 13.930252966030423, 49.822502018821581 ], [ 13.93043146936219, 49.816973876182317 ], [ 13.928110920659151, 49.815246202584149 ], [ 13.910617554617545, 49.813633650763165 ], [ 13.909546532830177, 49.81086915236142 ], [ 13.904905435423927, 49.809602037578713 ], [ 13.902049375826891, 49.806146101173795 ], [ 13.885984039134826, 49.805685290933127 ], [ 13.885448528241056, 49.798542173585929 ], [ 13.890982144102964, 49.79635294236067 ], [ 13.891696159226797, 49.792089419445688 ], [ 13.891696159226797, 49.782639192186991 ], [ 13.889554113855468, 49.780910292469343 ], [ 13.874916808309194, 49.780564505354675 ], [ 13.872060747813862, 49.778604997069635 ], [ 13.872060747813862, 49.772725997323562 ], [ 13.861529027882, 49.771573168937039 ], [ 13.858494464054957, 49.768229810735363 ], [ 13.847070225667437, 49.76626980366035 ], [ 13.842964639154729, 49.763387296791223 ], [ 13.819681758689001, 49.763080583929366 ], [ 13.819875948381252, 49.760361746794558 ], [ 13.821837048799864, 49.727729554227096 ], [ 13.823798149218419, 49.724718683359811 ], [ 13.827230075624982, 49.72392631815876 ], [ 13.826731956206515, 49.699871047992929 ], [ 13.821309904814655, 49.698052602372172 ], [ 13.820004596112994, 49.695714501197813 ], [ 13.811670703338393, 49.691037960782808 ], [ 13.797613534294101, 49.689998668534486 ], [ 13.795304141768554, 49.687790098796029 ], [ 13.793798016481674, 49.679279671178449 ], [ 13.787171065578946, 49.673951774599743 ], [ 13.783154732079595, 49.672717178909181 ], [ 13.782351464840701, 49.670442841559293 ], [ 13.776226555400797, 49.668038425923953 ], [ 13.774921246699137, 49.665568902998984 ], [ 13.770202054253616, 49.664139121993571 ], [ 13.77050327913139, 49.654324489287887 ], [ 13.77522247157691, 49.651984284257594 ], [ 13.775423289060257, 49.644247807480383 ], [ 13.756456647220944, 49.643128412680937 ], [ 13.756670671840141, 49.630237758948738 ], [ 13.757532483184377, 49.601202141202862 ], [ 13.751930706751978, 49.593381903729835 ], [ 13.744820759568597, 49.59128698424945 ], [ 13.745467118076817, 49.568795850022582 ], [ 13.746975288827628, 49.563485871816624 ], [ 13.751499801079774, 49.562507654789783 ], [ 13.753007971830527, 49.559852395330381 ], [ 13.757963389754707, 49.55859459069876 ], [ 13.760117919013737, 49.555380053635361 ], [ 13.76399607185931, 49.55454144440705 ], [ 13.778000513389657, 49.540562496405244 ], [ 13.77929323130445, 49.535249447894955 ], [ 13.777354154881436, 49.528956932137419 ], [ 13.77218328412124, 49.526719398061573 ], [ 13.77218328412124, 49.520845384001348 ], [ 13.772029318709087, 49.516836124338056 ] ] ] } },
{ "type": "Feature", "properties": { "shapeName": "Kutná Hora", "shapeISO": "", "shapeID": "57006924B23642111246292", "shapeGroup": "CZE", "shapeType": "ADM2" }, "geometry": { "type": "Polygon", "coordinates": [ [ [ 15.379934484714283, 50.034158099627462 ], [ 15.374169676883014, 50.032332930765563 ], [ 15.372741647533644, 50.030154288352037 ], [ 15.364173467844694, 50.029580945034695 ], [ 15.360781897354286, 50.029924951731061 ], [ 15.355962295717745, 50.033364884902085 ], [ 15.350250176523957, 50.033250224683002 ], [ 15.339182944799973, 50.02591138445058 ], [ 15.324902645917405, 50.024420545432861 ], [ 15.320440052740992, 50.022700289601914 ], [ 15.321511075426599, 50.018800813590474 ], [ 15.333113818044353, 50.015818648490892 ], [ 15.332578307150754, 50.008936021659963 ], [ 15.323117609006204, 50.008132984405677 ], [ 15.318119504037725, 50.000790306465149 ], [ 15.287952373591281, 50.000216612668112 ], [ 15.28224025349931, 49.998954461870937 ], [ 15.280633719919877, 49.996200563247669 ], [ 15.274207585602255, 49.994249789501396 ], [ 15.273850578040424, 49.984609511947895 ], [ 15.268316962178346, 49.981854791762601 ], [ 15.26671042859914, 49.9720972229469 ], [ 15.264746887457704, 49.971178761401006 ], [ 15.258142249808486, 49.970489903738326 ], [ 15.255821701105219, 49.971637994364983 ], [ 15.254036663295778, 49.978411169552999 ], [ 15.242969431571794, 49.978870333499344 ], [ 15.232616214971699, 49.971293570341629 ], [ 15.228510629357288, 49.970375093458131 ], [ 15.227975118463519, 49.963256305000186 ], [ 15.223512525287276, 49.962337675314132 ], [ 15.21976394633657, 49.95866297953819 ], [ 15.2033416029808, 49.957514579985286 ], [ 15.198164994680724, 49.954184065576669 ], [ 15.192452874588582, 49.954413763680975 ], [ 15.189953822553605, 49.957399738176889 ], [ 15.183170680674152, 49.958777818333715 ], [ 15.179779110183574, 49.962911820994236 ], [ 15.1719249456184, 49.962567333945572 ], [ 15.161750232350073, 49.955332544563589 ], [ 15.128013026284464, 49.954643460689738 ], [ 15.124264448232054, 49.953494964689753 ], [ 15.121408388635246, 49.946029075035312 ], [ 15.117659809684312, 49.945339857457554 ], [ 15.116767291228768, 49.937183369346883 ], [ 15.114625246755736, 49.933506754481698 ], [ 15.109984149349259, 49.93178324444392 ], [ 15.107842104876283, 49.925693015735362 ], [ 15.087849686799871, 49.925003507805286 ], [ 15.083922604517227, 49.922705075458794 ], [ 15.081066544022065, 49.916728638140626 ], [ 15.05839656968044, 49.917188390478543 ], [ 15.057147043663008, 49.920981179138039 ], [ 15.051434924469163, 49.922245375723492 ], [ 15.049292879996187, 49.925348263003229 ], [ 15.045544301045311, 49.925693015735362 ], [ 15.04518729348348, 49.92822112864053 ], [ 15.042152730554733, 49.929600043744017 ], [ 15.032156521516583, 49.929140409759441 ], [ 15.030549987038683, 49.920636392708047 ], [ 15.031799513954581, 49.901784304794887 ], [ 15.025373378738607, 49.897530071395352 ], [ 15.025551882968898, 49.88936549113123 ], [ 15.021803304916261, 49.887870418288628 ], [ 15.011985599209936, 49.887180368915949 ], [ 15.00591647245426, 49.888560457796302 ], [ 15.005380960662194, 49.891665512636052 ], [ 14.998419315450974, 49.893735438218073 ], [ 14.996991285203308, 49.904198703361317 ], [ 14.992350187797001, 49.90488850883321 ], [ 14.986816572833447, 49.904083734437847 ], [ 14.984674527461948, 49.900634549162476 ], [ 14.980747445179304, 49.900174639005968 ], [ 14.977355874688897, 49.89684016012751 ], [ 14.957541959944081, 49.895805275019427 ], [ 14.953079366767838, 49.897530071395352 ], [ 14.952722359206007, 49.90845234875718 ], [ 14.946831735782098, 49.910521554259788 ], [ 14.94486819464089, 49.913625196066619 ], [ 14.94013071732644, 49.914190130039287 ], [ 14.928445851284948, 49.912705619638473 ], [ 14.926125302581852, 49.902129226025863 ], [ 14.913808544840322, 49.900059660492673 ], [ 14.912202011260945, 49.897760039047398 ], [ 14.911635731644481, 49.897505564385767 ], [ 14.913796707739778, 49.893658039760339 ], [ 14.925755093378484, 49.891899556406543 ], [ 14.927964795365597, 49.884194969587895 ], [ 14.933814005556428, 49.881096038858061 ], [ 14.932774146326267, 49.876572918527188 ], [ 14.926794953506999, 49.873222185755935 ], [ 14.926664970878619, 49.855208013037043 ], [ 14.920295831072622, 49.85294529316019 ], [ 14.920295831072622, 49.845988861575961 ], [ 14.925105181134995, 49.845569767479844 ], [ 14.930174497352482, 49.841630105141064 ], [ 14.93797344427378, 49.841378626678477 ], [ 14.94629232170854, 49.835091233612786 ], [ 14.946422303438624, 49.831066873595091 ], [ 14.944472566708157, 49.829641498803369 ], [ 14.933164093312939, 49.828299931317474 ], [ 14.932644163698058, 49.824358861742439 ], [ 14.934073970813245, 49.82150767537189 ], [ 14.936803602415239, 49.820752921526662 ], [ 14.956950882860269, 49.820165882295953 ], [ 14.958640654333749, 49.818236989954642 ], [ 14.958250707347077, 49.808171954826946 ], [ 14.952791444142917, 49.805990921320074 ], [ 14.952531478886272, 49.800957392282783 ], [ 14.964359881896428, 49.793825663603172 ], [ 14.965399742024886, 49.791476157934767 ], [ 14.979177881765509, 49.790217447484224 ], [ 14.983857250097969, 49.790804849997187 ], [ 14.988016688815321, 49.794916466382858 ], [ 15.003094653042695, 49.794496929670629 ], [ 15.011023582592259, 49.788371279420119 ], [ 15.011803477464127, 49.774270949760478 ], [ 15.023371916115991, 49.768562506609953 ], [ 15.024801723231349, 49.762097722669466 ], [ 15.043779160919314, 49.760166516394008 ], [ 15.05092819559718, 49.754036525002164 ], [ 15.052487985340747, 49.748241711607022 ], [ 15.058857126045211, 49.743958142896588 ], [ 15.065746195466261, 49.744042138178088 ], [ 15.075104932131183, 49.738750158984942 ], [ 15.077184651489858, 49.731861320960661 ], [ 15.088623107513286, 49.730769097987036 ], [ 15.089273019756774, 49.728164467808881 ], [ 15.09616209007612, 49.725979831484949 ], [ 15.096941984049693, 49.723374944318152 ], [ 15.106820650329723, 49.722450595845203 ], [ 15.110460159431796, 49.718332830389841 ], [ 15.11838908898153, 49.714298761905411 ], [ 15.13359703583734, 49.713374241224415 ], [ 15.136846597054443, 49.710012197209494 ], [ 15.158813631601333, 49.709423816030323 ], [ 15.160633386601717, 49.708162974471009 ], [ 15.161543263203555, 49.697738763573682 ], [ 15.163492999933794, 49.696813927108678 ], [ 15.18651969388435, 49.696664278848289 ], [ 15.186629877237635, 49.701606070448236 ], [ 15.187019824224365, 49.707574570311124 ], [ 15.192609070056903, 49.709087594349626 ], [ 15.193778911915501, 49.712029451661181 ], [ 15.199628122106333, 49.713710432652022 ], [ 15.200018069991529, 49.715895621077948 ], [ 15.207037122040958, 49.720349738676589 ], [ 15.212626367873554, 49.721862365349409 ], [ 15.213926192360361, 49.724803448304897 ], [ 15.225234665755579, 49.726315935646312 ], [ 15.226924437229229, 49.731441238244315 ], [ 15.22107522703817, 49.735893929814779 ], [ 15.220815261781581, 49.742446205287024 ], [ 15.23160380556169, 49.743370173016331 ], [ 15.233553542291986, 49.745638019151613 ], [ 15.234073471907095, 49.758319203176939 ], [ 15.254740681967007, 49.759074930515794 ], [ 15.258640155427599, 49.758403173591944 ], [ 15.260199945171223, 49.756051949910045 ], [ 15.272158330809873, 49.755380151107317 ], [ 15.291655699011471, 49.760502383804862 ], [ 15.293865400998357, 49.767303200773483 ], [ 15.330130504900978, 49.768058788085284 ], [ 15.331430329387786, 49.7739351777347 ], [ 15.337799470092193, 49.775781895378714 ], [ 15.343388715026492, 49.775278252460225 ], [ 15.346378311885246, 49.771752601990556 ], [ 15.362236170984545, 49.771836549140573 ], [ 15.365485732201591, 49.779223318519144 ], [ 15.375884328096731, 49.780146585668604 ], [ 15.377964047455407, 49.781489488246734 ], [ 15.377314135211918, 49.786441119863298 ], [ 15.383943240274675, 49.788203442839574 ], [ 15.384333188159871, 49.797769219524127 ], [ 15.389272520850625, 49.800621805188484 ], [ 15.395641661554862, 49.800286215188237 ], [ 15.397201450400189, 49.79760141550895 ], [ 15.402920678861108, 49.795168186433841 ], [ 15.403830555462946, 49.792734835674025 ], [ 15.428137274625158, 49.792650924726331 ], [ 15.432426695072593, 49.79575552890401 ], [ 15.441395484750672, 49.796175054712933 ], [ 15.443345221481138, 49.797265805154382 ], [ 15.44230536225092, 49.812701479877092 ], [ 15.438275906161948, 49.813456359314273 ], [ 15.432686660329239, 49.817398317025322 ], [ 15.424497765522858, 49.818236989954642 ], [ 15.423977835907976, 49.832324522146621 ], [ 15.434766379688085, 49.83442053039181 ], [ 15.445034993852914, 49.841965407916518 ], [ 15.481820027370645, 49.842971302869273 ], [ 15.485459536472888, 49.850011980380998 ], [ 15.500277536341969, 49.850431035963595 ], [ 15.503227877721201, 49.855197271297641 ], [ 15.50287087015937, 49.861181331932926 ], [ 15.509118500246757, 49.865093585872785 ], [ 15.509297004476821, 49.894425393297297 ], [ 15.511439048949853, 49.896150238995403 ], [ 15.528218399867626, 49.897645055358339 ], [ 15.530360445238898, 49.908797222312899 ], [ 15.533752015729476, 49.909372006864032 ], [ 15.536786579556576, 49.92006174240754 ], [ 15.541963187856652, 49.923854305041232 ], [ 15.541427676963053, 49.929714951266078 ], [ 15.529646430115292, 49.931553438409765 ], [ 15.531074460362731, 49.943042394888039 ], [ 15.535894061100976, 49.944191140158352 ], [ 15.53741640089919, 49.947623136404616 ], [ 15.536786579556576, 49.947981803752214 ], [ 15.536429571994745, 49.953380113872356 ], [ 15.530360445238898, 49.957399738176889 ], [ 15.530003437677067, 49.966471372301669 ], [ 15.527861393204091, 49.968423272168081 ], [ 15.50751196666738, 49.968423272168081 ], [ 15.504834411300635, 49.969456599045657 ], [ 15.503049373491137, 49.976230081832796 ], [ 15.486805533467134, 49.977607622391588 ], [ 15.482521444520955, 49.981969574655125 ], [ 15.478951369800143, 49.98265826799144 ], [ 15.478058850446416, 50.008591864067228 ], [ 15.47502428751767, 50.011803902490385 ], [ 15.464492566687454, 50.012262747680097 ], [ 15.451997305614157, 50.007100488137951 ], [ 15.433432916886943, 50.007215210784295 ], [ 15.430219849728076, 50.020062443304766 ], [ 15.389699501783184, 50.020750591160606 ], [ 15.387021946416439, 50.022126856724526 ], [ 15.385593916168943, 50.03175961345795 ], [ 15.383094864133795, 50.033594205096051 ], [ 15.379934484714283, 50.034158099627462 ] ] ] } },
{ "type": "Feature", "properties": { "shapeName": "České Budějovice", "shapeISO": "", "shapeID": "57006924B73132069516203", "shapeGroup": "CZE", "shapeType": "ADM2" }, "geometry": { "type": "Polygon", "coordinates": [ [ [ 14.398838301161788, 49.328347096617676 ], [ 14.398806229509432, 49.328347096617676 ], [ 14.397384545859325, 49.332969010157569 ], [ 14.37687169061968, 49.332704307699032 ], [ 14.373825226810141, 49.331513127850258 ], [ 14.374434519033002, 49.321188363088879 ], [ 14.379918154429106, 49.318673028151011 ], [ 14.379308861307891, 49.309007652289949 ], [ 14.37687169061968, 49.307815899123568 ], [ 14.367326104375593, 49.308610404242302 ], [ 14.364888932789086, 49.311788297180101 ], [ 14.334627392999494, 49.310596611278129 ], [ 14.334830490407001, 49.300267460590305 ], [ 14.339907930089566, 49.297618611532357 ], [ 14.340517223210952, 49.292850324577216 ], [ 14.346407053422411, 49.289936144519231 ], [ 14.347219443053007, 49.287684159586092 ], [ 14.347016345645329, 49.283047397422933 ], [ 14.340923418026193, 49.280265130594614 ], [ 14.340720320618459, 49.265821318170481 ], [ 14.342548199083978, 49.261712672602528 ], [ 14.345594662893518, 49.260784866787958 ], [ 14.348031833581899, 49.253229225578707 ], [ 14.352296882735573, 49.25230125969199 ], [ 14.355140249137435, 49.248058909618976 ], [ 14.359405298291108, 49.247396009452586 ], [ 14.361842468979489, 49.244479143218541 ], [ 14.366716811254378, 49.243418421545869 ], [ 14.36752920178327, 49.238512288740822 ], [ 14.365498225910301, 49.235462285057054 ], [ 14.348844224110621, 49.235594897727253 ], [ 14.344985369772132, 49.239440513220643 ], [ 14.335845978343627, 49.240236120988754 ], [ 14.333815002470601, 49.243551013440879 ], [ 14.33036234384565, 49.244081375114718 ], [ 14.326909685220869, 49.251770986309111 ], [ 14.316145512734352, 49.251770986309111 ], [ 14.312489756701893, 49.248191488467 ], [ 14.302741073050242, 49.247793750855067 ], [ 14.299694609240873, 49.243285829881302 ], [ 14.296648145431277, 49.243153237860724 ], [ 14.295632657494707, 49.237451439485596 ], [ 14.297054340246518, 49.235329671444333 ], [ 14.301522486807869, 49.23413613760016 ], [ 14.303147267865654, 49.210126714217552 ], [ 14.308021610140543, 49.209065255393455 ], [ 14.310052586013683, 49.205615355798102 ], [ 14.315333123103755, 49.203226822443014 ], [ 14.31553622051149, 49.197785844198506 ], [ 14.309646390300031, 49.195396933252482 ], [ 14.30720921961165, 49.192609724361773 ], [ 14.298069828183088, 49.192078809484713 ], [ 14.295835754902384, 49.185309146961004 ], [ 14.292992388500522, 49.183450646042729 ], [ 14.283040607441194, 49.182388614597869 ], [ 14.282837510033517, 49.179866197613762 ], [ 14.277556972044977, 49.178538558149626 ], [ 14.27654148410852, 49.164064978660747 ], [ 14.27654148410852, 49.16237651442583 ], [ 14.27654148410852, 49.151446939382822 ], [ 14.274307410827873, 49.149321479752643 ], [ 14.2710578496106, 49.149055791107685 ], [ 14.268303846714844, 49.145112800727247 ], [ 14.258165215178167, 49.144347548058022 ], [ 14.257515302934678, 49.142221783276966 ], [ 14.251276144858821, 49.139755782688837 ], [ 14.24984633864193, 49.132782288858834 ], [ 14.23970770710514, 49.131761695074204 ], [ 14.237887953003224, 49.129890552682241 ], [ 14.238277899989953, 49.125297447882645 ], [ 14.244153522446936, 49.122262635561185 ], [ 14.245166970309469, 49.119172646671757 ], [ 14.24520109969535, 49.119172114834385 ], [ 14.250626232615332, 49.11908757513595 ], [ 14.263624478382383, 49.118832357889005 ], [ 14.264144407997435, 49.113387418078162 ], [ 14.262714600882248, 49.111090154544797 ], [ 14.258555162164896, 49.109898939220159 ], [ 14.257515302934678, 49.103772236348391 ], [ 14.250886197871978, 49.101304322491103 ], [ 14.251666092743847, 49.095091445719845 ], [ 14.256215478447928, 49.093048685679435 ], [ 14.257775268191494, 49.087175283787815 ], [ 14.252186022358956, 49.082407953850236 ], [ 14.252705951974008, 49.064356058297335 ], [ 14.257645285563115, 49.063334056536235 ], [ 14.259205075306681, 49.060267925732035 ], [ 14.26674405697122, 49.055923916657264 ], [ 14.275712846649469, 49.055498012991336 ], [ 14.278312495623027, 49.044764035813671 ], [ 14.283251828314008, 49.041611554518113 ], [ 14.283901740557496, 49.03155636068675 ], [ 14.281562056840301, 49.030022339168909 ], [ 14.265834180369438, 49.029340536187192 ], [ 14.263754461010762, 49.017577969820081 ], [ 14.259075092678302, 49.01595826846642 ], [ 14.255955513191282, 49.01263345307575 ], [ 14.252575969345628, 49.01220717861753 ], [ 14.248676495885036, 49.008285281640781 ], [ 14.239057794861822, 49.007176863896518 ], [ 14.236718110246329, 49.003766192274213 ], [ 14.222550023519034, 49.003595652325316 ], [ 14.217610689929984, 48.999673077615455 ], [ 14.213451251212632, 48.998905581350698 ], [ 14.212694183647727, 48.996090912615273 ], [ 14.213383660173918, 48.979861062103055 ], [ 14.21929006340423, 48.976312012926371 ], [ 14.220371517326896, 48.971397528288605 ], [ 14.223033557890346, 48.970086916914909 ], [ 14.242998863015089, 48.969431598308404 ], [ 14.248073377783101, 48.965608735559897 ], [ 14.256891387037285, 48.965281048494887 ], [ 14.259387050627026, 48.962004054104511 ], [ 14.269702458035283, 48.961184771713647 ], [ 14.272780441931445, 48.953373605419927 ], [ 14.276856692161971, 48.9527180671721 ], [ 14.279601921212304, 48.94922171849305 ], [ 14.283511793570597, 48.94845685977981 ], [ 14.284676435980316, 48.945889033136211 ], [ 14.290666027697341, 48.943594267385436 ], [ 14.298818527260039, 48.936490754184319 ], [ 14.310215388590791, 48.935343168424936 ], [ 14.310631332822027, 48.933157218001043 ], [ 14.316121791820933, 48.931463041221377 ], [ 14.318451076640372, 48.928129169308136 ], [ 14.327768219510915, 48.922991292592371 ], [ 14.330513448561248, 48.915884846810343 ], [ 14.348565411300967, 48.914900797513155 ], [ 14.355969211786714, 48.907519811668408 ], [ 14.360544594734961, 48.90615284264635 ], [ 14.363040257426405, 48.902653231243391 ], [ 14.368364338553477, 48.901450183942302 ], [ 14.370277680938273, 48.898497125539166 ], [ 14.385251658883533, 48.898059620282424 ], [ 14.387747322473274, 48.896692392485875 ], [ 14.388412832164875, 48.894614134708263 ], [ 14.393154592087001, 48.892645179437238 ], [ 14.393903291164008, 48.888050648114188 ], [ 14.393237781472351, 48.886026733044389 ], [ 14.387913699446983, 48.883838623949373 ], [ 14.387996888832163, 48.877437855870824 ], [ 14.417112958056919, 48.877054878090803 ], [ 14.420440509210493, 48.873170222469128 ], [ 14.43167099266924, 48.867643642871599 ], [ 14.432835635977256, 48.865290557154367 ], [ 14.442485532795388, 48.864250786467437 ], [ 14.450970787203801, 48.859215801822529 ], [ 14.453050506562533, 48.851771853133812 ], [ 14.464364179406573, 48.846626124438387 ], [ 14.465612011201472, 48.84421730352517 ], [ 14.476426551327449, 48.842958101213526 ], [ 14.47809032645506, 48.814206826413283 ], [ 14.482249765172469, 48.813275557225097 ], [ 14.490152698376107, 48.806865763231372 ], [ 14.491733285016892, 48.792344824421946 ], [ 14.51269685467895, 48.79218041233537 ], [ 14.518104124292904, 48.796290551690447 ], [ 14.539067694853259, 48.796674148021509 ], [ 14.543559888416496, 48.800509945269141 ], [ 14.56660317743723, 48.801277069283572 ], [ 14.568100575591188, 48.808947666502661 ], [ 14.573757411563975, 48.809933801227999 ], [ 14.575337998204759, 48.812782525148577 ], [ 14.587233992253573, 48.814261606832588 ], [ 14.592225318534759, 48.812892088448564 ], [ 14.592058941561049, 48.806537033698532 ], [ 14.586818048920804, 48.803852329308882 ], [ 14.586901237407858, 48.799414032706295 ], [ 14.593223583970769, 48.794975343945794 ], [ 14.592142130047932, 48.788234361213199 ], [ 14.587649936484638, 48.787686274128191 ], [ 14.586568482561972, 48.785877543622689 ], [ 14.587899502843698, 48.780396145366694 ], [ 14.618263403863352, 48.779628702038792 ], [ 14.619261669299135, 48.77222775092622 ], [ 14.623337918631364, 48.771295702200405 ], [ 14.625833581322809, 48.767896318006308 ], [ 14.629826643066281, 48.767019020305895 ], [ 14.6329046269625, 48.763125826960788 ], [ 14.636897687807846, 48.762303282499261 ], [ 14.637729576269976, 48.759945247246662 ], [ 14.643303223755879, 48.757641943550652 ], [ 14.645965264319329, 48.750457150919203 ], [ 14.649209626087725, 48.749524698117511 ], [ 14.651039779087398, 48.746452965597598 ], [ 14.662187074059261, 48.745904422301294 ], [ 14.663518094340986, 48.743106757937653 ], [ 14.668925364853237, 48.740638101293769 ], [ 14.670589139980848, 48.735206629157176 ], [ 14.675497277775207, 48.732188891510873 ], [ 14.677909751979769, 48.721104008908128 ], [ 14.687476460310904, 48.719841714035226 ], [ 14.694464316565586, 48.715505763721239 ], [ 14.695795336847311, 48.682946761672326 ], [ 14.706693066358639, 48.67789356222994 ], [ 14.710543042646975, 48.673734179339249 ], [ 14.722101027195833, 48.673150151302082 ], [ 14.725967053028455, 48.67426810186322 ], [ 14.727898146497239, 48.690296339629924 ], [ 14.732312074426318, 48.691571094087806 ], [ 14.735346649877329, 48.699583097417417 ], [ 14.746381469699884, 48.701403829439641 ], [ 14.746381469699884, 48.704134803985141 ], [ 14.759347382991166, 48.705591263151916 ], [ 14.759071512495666, 48.707229729332596 ], [ 14.772037425786948, 48.708868142168058 ], [ 14.773140907769346, 48.711780744382054 ], [ 14.777554835698311, 48.713236982266096 ], [ 14.778382447184811, 48.715421260064204 ], [ 14.78472746858273, 48.717423431404768 ], [ 14.786382691556184, 48.724885368025355 ], [ 14.790796619485093, 48.726887162679645 ], [ 14.79190010146732, 48.733437933530581 ], [ 14.796038158900728, 48.734165744277561 ], [ 14.798245122865239, 48.750720592459061 ], [ 14.810107554174465, 48.75690452111553 ], [ 14.811486906652192, 48.780178367233759 ], [ 14.84541897760613, 48.779996582118599 ], [ 14.848453553057311, 48.776906134430305 ], [ 14.88569606995793, 48.776542539840307 ], [ 14.887351292931385, 48.772906449096752 ], [ 14.904421432366519, 48.771817728254405 ], [ 14.907297585305457, 48.776089401751619 ], [ 14.9109370944077, 48.77686032559393 ], [ 14.912886831138167, 48.782085164948853 ], [ 14.910677129151111, 48.7850827779817 ], [ 14.901188409857809, 48.786196131862766 ], [ 14.894299340436703, 48.791077467520608 ], [ 14.894689287423432, 48.796386451344176 ], [ 14.899888585371002, 48.798783872451111 ], [ 14.900538497614491, 48.803492759370442 ], [ 14.895729147551947, 48.806660307525988 ], [ 14.893779409923354, 48.813080399570424 ], [ 14.888710094604164, 48.815990570118345 ], [ 14.887670235374003, 48.818387054174025 ], [ 14.881561059926298, 48.820612258549772 ], [ 14.881301094669539, 48.822666206043664 ], [ 14.874931954863598, 48.82420661083529 ], [ 14.876101796721969, 48.830966717933393 ], [ 14.880911147682809, 48.834132530473312 ], [ 14.881041130311246, 48.84311550308604 ], [ 14.875711849735296, 48.845938390695892 ], [ 14.874801972235161, 48.849103256530896 ], [ 14.871422428389678, 48.849530925809574 ], [ 14.86544323557024, 48.849188790797143 ], [ 14.860113954994461, 48.845168527660917 ], [ 14.845425937753816, 48.845168527660917 ], [ 14.840876552049735, 48.853721891907128 ], [ 14.818909517502789, 48.853721891907128 ], [ 14.810070710452976, 48.858938726385304 ], [ 14.803701570646979, 48.865437628364191 ], [ 14.799932078916356, 48.865950663740819 ], [ 14.797462412570951, 48.86962726286572 ], [ 14.792653061610281, 48.870995230186281 ], [ 14.792133131995172, 48.877919993914418 ], [ 14.79811232481444, 48.88082639883504 ], [ 14.798372290071029, 48.884501904887486 ], [ 14.792133131995172, 48.887749801137204 ], [ 14.792133131995172, 48.892706710481718 ], [ 14.78654388706093, 48.896894060867567 ], [ 14.785763992189061, 48.900910169789086 ], [ 14.78654388706093, 48.911846021596887 ], [ 14.790963290136574, 48.913212834873661 ], [ 14.792393097251818, 48.915433826622007 ], [ 14.791483219751683, 48.920900462158102 ], [ 14.774975448408952, 48.921327517872783 ], [ 14.773025711678656, 48.917996386577386 ], [ 14.759897484181522, 48.916800541742134 ], [ 14.755348097579144, 48.917483884984904 ], [ 14.752488484247067, 48.921156696379114 ], [ 14.748329045529715, 48.92192538997466 ], [ 14.747679133286226, 48.928416109679119 ], [ 14.75560806283579, 48.934052102911267 ], [ 14.759247571938033, 48.934905985761532 ], [ 14.760287431168251, 48.937126012938052 ], [ 14.778744939241278, 48.939089801082901 ], [ 14.778484974882815, 48.945578289686409 ], [ 14.744169606812363, 48.946773445438566 ], [ 14.740270133351601, 48.950102657756304 ], [ 14.734810870147442, 48.951639141914484 ], [ 14.734420923160712, 48.954541260997303 ], [ 14.72064278252185, 48.95530944123459 ], [ 14.715703449830869, 48.957955303334529 ], [ 14.714663589702582, 48.963246606515725 ], [ 14.720122852906741, 48.964270664473986 ], [ 14.721552660021928, 48.966404051751681 ], [ 14.727401870212816, 48.968452018144546 ], [ 14.728701694699794, 48.975363282266471 ], [ 14.735330799762494, 48.979458393794914 ], [ 14.735330799762494, 48.984235599683416 ], [ 14.739100291493173, 48.985856333000186 ], [ 14.74092004559509, 48.991229967059496 ], [ 14.738580361878064, 48.99412978245249 ], [ 14.724022326367333, 48.993959209505931 ], [ 14.719602923291632, 48.997711674699815 ], [ 14.716223379446149, 48.998138073259497 ], [ 14.714533607972498, 49.001378582790437 ], [ 14.684637643875988, 49.002316585860854 ], [ 14.682687906247395, 49.003766192274213 ], [ 14.682297959260495, 49.007773707649051 ], [ 14.689836941823387, 49.013485991042046 ], [ 14.689446993938361, 49.022181044617298 ], [ 14.683727766375739, 49.024652890197615 ], [ 14.682817888875604, 49.026783693119455 ], [ 14.676968678684545, 49.028317815079959 ], [ 14.676578731698044, 49.034198176284121 ], [ 14.68333781938901, 49.037351127480065 ], [ 14.683467801119093, 49.046893977454147 ], [ 14.694776274514311, 49.049023827862527 ], [ 14.697115959129633, 49.051749903495704 ], [ 14.696076099001118, 49.055498012991336 ], [ 14.685157573491097, 49.061460332836816 ], [ 14.682947871503984, 49.067932898355252 ], [ 14.67488895932604, 49.074319471942715 ], [ 14.654871661509446, 49.074489769568686 ], [ 14.648112573818253, 49.070487626309557 ], [ 14.641483468755553, 49.070061847439433 ], [ 14.633294574847469, 49.074660066022432 ], [ 14.631864767732282, 49.07704416037086 ], [ 14.632124732090801, 49.085642977334203 ], [ 14.643693170742608, 49.08785629330805 ], [ 14.644473065614477, 49.089814144680133 ], [ 14.649932328818636, 49.091516561072694 ], [ 14.650972188048854, 49.09330403557567 ], [ 14.650452258433745, 49.103772236348391 ], [ 14.645902872729664, 49.104538115431012 ], [ 14.645252960486175, 49.105899649385606 ], [ 14.645772890101284, 49.115769652605991 ], [ 14.653701819650848, 49.120874056153127 ], [ 14.661370784842063, 49.121129262893874 ], [ 14.663970433815848, 49.118151773319482 ], [ 14.66319053894415, 49.113387418078162 ], [ 14.672549275609072, 49.112706758208674 ], [ 14.682427941888932, 49.117215953846539 ], [ 14.683467801119093, 49.120023358708352 ], [ 14.689187029580069, 49.122320208556118 ], [ 14.689966924451767, 49.136354201057543 ], [ 14.684117713362582, 49.139755782688837 ], [ 14.683727766375739, 49.144602633398279 ], [ 14.685132104681429, 49.146189368050386 ], [ 14.68320783676063, 49.150639275523645 ], [ 14.672159327723875, 49.151829512373695 ], [ 14.66825985426334, 49.155315041971789 ], [ 14.651882065548932, 49.156335150782922 ], [ 14.650842205420474, 49.158715322780381 ], [ 14.646292819716393, 49.1601603708379 ], [ 14.644343082986097, 49.167130012424082 ], [ 14.634984346321176, 49.168064889810069 ], [ 14.631604802475692, 49.17214414803783 ], [ 14.627315382028257, 49.17290897135365 ], [ 14.624065820811154, 49.175968147042568 ], [ 14.612757347415936, 49.177582635589147 ], [ 14.61236739953074, 49.19211066457342 ], [ 14.607168101583397, 49.193894514444821 ], [ 14.606388206711472, 49.196272880486674 ], [ 14.599889084277152, 49.198736068330959 ], [ 14.597809364918476, 49.201793647636975 ], [ 14.587540750753419, 49.202897726764661 ], [ 14.586630874151638, 49.204935962248328 ], [ 14.587150803766747, 49.213767346189115 ], [ 14.593649926201067, 49.215720227948509 ], [ 14.593000013957578, 49.227351010283598 ], [ 14.587280786395127, 49.228709171407274 ], [ 14.582081488447557, 49.232019532333084 ], [ 14.576622225243398, 49.231680018449254 ], [ 14.572852733512718, 49.228199865287706 ], [ 14.555955015183258, 49.22769055391808 ], [ 14.55478517332466, 49.230321938994109 ], [ 14.543996629544722, 49.235754032226794 ], [ 14.530348471534239, 49.236093518697203 ], [ 14.522679507241321, 49.235075053459354 ], [ 14.521639647112806, 49.232359043883321 ], [ 14.517220244036935, 49.2310009830951 ], [ 14.510591138974235, 49.231764897285643 ], [ 14.506691665513642, 49.236178389950112 ], [ 14.503832051283268, 49.236602743441154 ], [ 14.50266220942467, 49.246786133509033 ], [ 14.497722875835393, 49.249755893394536 ], [ 14.495123226861836, 49.256543245803186 ], [ 14.483554789108098, 49.262905540580391 ], [ 14.48264491160802, 49.265535049636242 ], [ 14.47757559628883, 49.26706179674153 ], [ 14.475511474378493, 49.277785017801079 ], [ 14.470270581738419, 49.279575951583865 ], [ 14.469105939328699, 49.281800960876069 ], [ 14.446977726358625, 49.281909495561081 ], [ 14.435830431386762, 49.274908532952736 ], [ 14.426263723055456, 49.273985851600969 ], [ 14.425265457619446, 49.284459986915408 ], [ 14.418943111056535, 49.288475386437767 ], [ 14.417362524415978, 49.299000692691379 ], [ 14.413535840544512, 49.299543173258144 ], [ 14.412204820262787, 49.305835512743499 ], [ 14.409958723930174, 49.308384766402696 ], [ 14.405799285212822, 49.309523751589211 ], [ 14.405716096725996, 49.319122726492878 ], [ 14.40363637736732, 49.321129055658787 ], [ 14.400392015599095, 49.321020607317621 ], [ 14.398838301161788, 49.328347096617676 ] ] ] } },
{ "type": "Feature", "properties": { "shapeName": "Písek", "shapeISO": "", "shapeID": "57006924B60448668577783", "shapeGroup": "CZE", "shapeType": "ADM2" }, "geometry": { "type": "Polygon", "coordinates": [ [ [ 13.935337088549318, 49.509656582846787 ], [ 13.936198679537597, 49.50136405436615 ], [ 13.972552171375753, 49.501093926981355 ], [ 13.975214211939374, 49.489260895311986 ], [ 13.993765308295337, 49.487801830590115 ], [ 13.996260970986611, 49.47607369137711 ], [ 14.005661302344038, 49.475857478270484 ], [ 14.008656097753544, 49.472614164795971 ], [ 14.01431293372633, 49.471533012773648 ], [ 14.01339785767567, 49.464288677620232 ], [ 14.008073776548599, 49.461747500178433 ], [ 14.007408265958645, 49.45520471392058 ], [ 13.991602399551311, 49.454393563690758 ], [ 13.98827484929609, 49.45093250599308 ], [ 13.97804263037483, 49.449580463844256 ], [ 13.974881457093488, 49.444117834100666 ], [ 13.975962911016154, 49.442116520804234 ], [ 13.982202069092239, 49.440872419338518 ], [ 13.982451635451241, 49.438275932987608 ], [ 14.000753164549849, 49.437194023246434 ], [ 14.001252297267797, 49.430215130620297 ], [ 13.995345894935951, 49.426860581267192 ], [ 13.995595461294954, 49.418094384949541 ], [ 14.001834618472571, 49.415875531320353 ], [ 14.002416939677516, 49.404833890638372 ], [ 14.013481046162553, 49.403480577477637 ], [ 14.015228010675287, 49.401748282344386 ], [ 14.014895255829401, 49.379331203110212 ], [ 14.00898885259943, 49.376189829349642 ], [ 14.008656097753544, 49.36660198120984 ], [ 14.003914337831418, 49.364109918236636 ], [ 14.002583317549522, 49.361401010415705 ], [ 13.996510537345671, 49.359613049246946 ], [ 13.996477261950929, 49.342538543006583 ], [ 13.995785131584057, 49.340387823091532 ], [ 13.99067401316313, 49.338896139758901 ], [ 13.990194846400641, 49.328661277767026 ], [ 13.991259662626078, 49.327203937879005 ], [ 14.008190240430338, 49.326544651305198 ], [ 14.010373114231356, 49.323421592702005 ], [ 14.016016639866621, 49.322311124805367 ], [ 14.017880068261093, 49.319014273733558 ], [ 14.021340720993692, 49.318493698217537 ], [ 14.023523594794653, 49.314641268613059 ], [ 14.029380084034358, 49.313600019634293 ], [ 14.030305974902888, 49.303689562636691 ], [ 14.043174238041502, 49.295043793902323 ], [ 14.043434203298318, 49.286226938395089 ], [ 14.048633501245661, 49.284192055721178 ], [ 14.050583237976127, 49.277662906271303 ], [ 14.055132623680208, 49.274355604910511 ], [ 14.056302465538806, 49.26044555064118 ], [ 14.058252202269102, 49.259003430257565 ], [ 14.067091009318744, 49.258324771134539 ], [ 14.070470553164398, 49.251622508412822 ], [ 14.082038991816205, 49.244325340111573 ], [ 14.082818885789777, 49.231170742955271 ], [ 14.088408131622145, 49.228284750103285 ], [ 14.089577973480743, 49.222427363313329 ], [ 14.095427183671802, 49.219031459106247 ], [ 14.0962070785435, 49.216908900478529 ], [ 14.106995622323609, 49.216144757175584 ], [ 14.109205324310722, 49.204086707624356 ], [ 14.118434078347036, 49.20417163386054 ], [ 14.121943604821126, 49.200689543272574 ], [ 14.129352604755582, 49.200010082632332 ], [ 14.133772007831396, 49.200774475343053 ], [ 14.134681885331531, 49.202982655042774 ], [ 14.138061428278661, 49.204001781242539 ], [ 14.145340446483203, 49.20417163386054 ], [ 14.150279779174014, 49.200264881319526 ], [ 14.162758094427602, 49.200349814119363 ], [ 14.165357743401557, 49.199075808569376 ], [ 14.166917533144954, 49.184040063756299 ], [ 14.197723374741713, 49.182595712568457 ], [ 14.200582988972144, 49.170529481515928 ], [ 14.210851602238847, 49.169764621438276 ], [ 14.214101163456121, 49.166365099828965 ], [ 14.233988478644164, 49.166620071811167 ], [ 14.240617583706921, 49.170444498103109 ], [ 14.246986724411386, 49.170699449078427 ], [ 14.254655688704304, 49.16645009083129 ], [ 14.262454636523955, 49.166025134947631 ], [ 14.266484092612927, 49.162030371135131 ], [ 14.27654148410852, 49.16237651442583 ], [ 14.27654148410852, 49.164064978660747 ], [ 14.277556972044977, 49.178538558149626 ], [ 14.282837510033517, 49.179866197613762 ], [ 14.283040607441194, 49.182388614597869 ], [ 14.292992388500522, 49.183450646042729 ], [ 14.295835754902384, 49.185309146961004 ], [ 14.298069828183088, 49.192078809484713 ], [ 14.30720921961165, 49.192609724361773 ], [ 14.309646390300031, 49.195396933252482 ], [ 14.31553622051149, 49.197785844198506 ], [ 14.315333123103755, 49.203226822443014 ], [ 14.310052586013683, 49.205615355798102 ], [ 14.308021610140543, 49.209065255393455 ], [ 14.303147267865654, 49.210126714217552 ], [ 14.301522486807869, 49.23413613760016 ], [ 14.297054340246518, 49.235329671444333 ], [ 14.295632657494707, 49.237451439485596 ], [ 14.296648145431277, 49.243153237860724 ], [ 14.299694609240873, 49.243285829881302 ], [ 14.302741073050242, 49.247793750855067 ], [ 14.312489756701893, 49.248191488467 ], [ 14.316145512734352, 49.251770986309111 ], [ 14.326909685220869, 49.251770986309111 ], [ 14.33036234384565, 49.244081375114718 ], [ 14.333815002470601, 49.243551013440879 ], [ 14.335845978343627, 49.240236120988754 ], [ 14.344985369772132, 49.239440513220643 ], [ 14.348844224110621, 49.235594897727253 ], [ 14.365498225910301, 49.235462285057054 ], [ 14.36752920178327, 49.238512288740822 ], [ 14.366716811254378, 49.243418421545869 ], [ 14.361842468979489, 49.244479143218541 ], [ 14.359405298291108, 49.247396009452586 ], [ 14.355140249137435, 49.248058909618976 ], [ 14.352296882735573, 49.25230125969199 ], [ 14.348031833581899, 49.253229225578707 ], [ 14.345594662893518, 49.260784866787958 ], [ 14.342548199083978, 49.261712672602528 ], [ 14.340720320618459, 49.265821318170481 ], [ 14.340923418026193, 49.280265130594614 ], [ 14.347016345645329, 49.283047397422933 ], [ 14.347219443053007, 49.287684159586092 ], [ 14.346407053422411, 49.289936144519231 ], [ 14.340517223210952, 49.292850324577216 ], [ 14.339907930089566, 49.297618611532357 ], [ 14.334830490407001, 49.300267460590305 ], [ 14.334627392999494, 49.310596611278129 ], [ 14.364888932789086, 49.311788297180101 ], [ 14.367326104375593, 49.308610404242302 ], [ 14.37687169061968, 49.307815899123568 ], [ 14.379308861307891, 49.309007652289949 ], [ 14.379918154429106, 49.318673028151011 ], [ 14.374434519033002, 49.321188363088879 ], [ 14.373825226810141, 49.331513127850258 ], [ 14.37687169061968, 49.332704307699032 ], [ 14.397384545859325, 49.332969010157569 ], [ 14.398806229509432, 49.328347096617676 ], [ 14.398838301161788, 49.328347096617676 ], [ 14.409854737647834, 49.328347096617676 ], [ 14.411544510019837, 49.32902479296223 ], [ 14.411934457006566, 49.336987022000471 ], [ 14.416743807967407, 49.337833991862169 ], [ 14.42558261501722, 49.345879479197208 ], [ 14.430781912964619, 49.347149698967428 ], [ 14.429872035464484, 49.354092987651541 ], [ 14.424932702773731, 49.356463641957816 ], [ 14.424022825273482, 49.361543231808412 ], [ 14.425972562003722, 49.367299465755707 ], [ 14.453918789370107, 49.367384110754074 ], [ 14.456778403600481, 49.369161631999873 ], [ 14.456778403600481, 49.373901374270133 ], [ 14.463927438278347, 49.377963647021431 ], [ 14.464057420906727, 49.389640810350329 ], [ 14.46236764853478, 49.3926019685033 ], [ 14.458078228087288, 49.393194178948079 ], [ 14.45560856174194, 49.400807674215173 ], [ 14.444430070076805, 49.407489658989221 ], [ 14.444300088346893, 49.413240511978927 ], [ 14.46262761379154, 49.414593556123407 ], [ 14.463147543406649, 49.420428131717074 ], [ 14.464577350521836, 49.422203734412733 ], [ 14.469126736225917, 49.423133786430014 ], [ 14.469386701482506, 49.429897269956655 ], [ 14.463537491291675, 49.433025065992183 ], [ 14.463017560778269, 49.437843172188821 ], [ 14.469516684110886, 49.440463347022728 ], [ 14.470296578084287, 49.44240725692265 ], [ 14.470166596354375, 49.463869662884633 ], [ 14.482384946351431, 49.465559216920326 ], [ 14.484204701351587, 49.46716423917286 ], [ 14.482124981992911, 49.473583802969472 ], [ 14.478225508532319, 49.474259497927221 ], [ 14.475625858660237, 49.477722286606877 ], [ 14.460677877061073, 49.478397923888281 ], [ 14.45716835058721, 49.480678131918296 ], [ 14.45716835058721, 49.519425422264533 ], [ 14.468086876995699, 49.521197440256572 ], [ 14.475625858660237, 49.525163152577591 ], [ 14.474964337264566, 49.542906313283595 ], [ 14.473286174943269, 49.541613204013117 ], [ 14.458858122959214, 49.541444513409772 ], [ 14.456648420972101, 49.544902549716312 ], [ 14.451059175139562, 49.547517000084326 ], [ 14.449369403666026, 49.553926028220417 ], [ 14.440140649629541, 49.554010352048181 ], [ 14.431171859951291, 49.550131310543463 ], [ 14.414404123351915, 49.550131310543463 ], [ 14.406865141687376, 49.545745936051844 ], [ 14.386327914255617, 49.545577260299183 ], [ 14.37488945823219, 49.537227064883155 ], [ 14.362151177721785, 49.536720946483513 ], [ 14.357341826760944, 49.533515409205961 ], [ 14.345383441122408, 49.532924892289202 ], [ 14.33927426567476, 49.535624339122535 ], [ 14.338624353431271, 49.544143489682995 ], [ 14.336544634072595, 49.545661597956951 ], [ 14.329395599394786, 49.545830274001275 ], [ 14.325106178947465, 49.549203667932716 ], [ 14.321206704588406, 49.550046980019033 ], [ 14.308858371963197, 49.550299971155709 ], [ 14.305608810745923, 49.553420082780235 ], [ 14.296250074081001, 49.553757380711318 ], [ 14.293650425107217, 49.565139804256887 ], [ 14.291440723120331, 49.566657260622264 ], [ 14.282991863955488, 49.566825863585166 ], [ 14.278442478251463, 49.57061928475963 ], [ 14.274543003892575, 49.57078787403924 ], [ 14.256215478447928, 49.570450694315298 ], [ 14.253745812102522, 49.566994466548579 ], [ 14.23502833877285, 49.565729931878309 ], [ 14.23502833877285, 49.555022225459027 ], [ 14.22956907556852, 49.552998457673652 ], [ 14.227229391851495, 49.549456663436956 ], [ 14.220470304160358, 49.545408583381402 ], [ 14.210721619610467, 49.544312170968624 ], [ 14.205262357304605, 49.540601052823035 ], [ 14.160288428082254, 49.540263664628355 ], [ 14.154309235262986, 49.536805300011451 ], [ 14.146120340456605, 49.536636592810339 ], [ 14.143260727124527, 49.540179317070056 ], [ 14.138451376163687, 49.540685399653569 ], [ 14.125583113025073, 49.540094969366123 ], [ 14.122853481422908, 49.536467885609795 ], [ 14.074759974509959, 49.53596175934797 ], [ 14.072290307266258, 49.536974006630089 ], [ 14.072160324637878, 49.558479300760098 ], [ 14.070470553164398, 49.56117733539736 ], [ 14.058382184897312, 49.566151447074219 ], [ 14.047983589002342, 49.565308413043056 ], [ 14.036935079965644, 49.55687727148819 ], [ 14.027056413685614, 49.556034077323545 ], [ 14.024456764711829, 49.552829806961597 ], [ 14.014188150546829, 49.552155196541662 ], [ 14.013538238303511, 49.536805300011451 ], [ 14.00729908112578, 49.534612063885902 ], [ 14.005349344395484, 49.531743837635474 ], [ 13.989621467026097, 49.530815845893699 ], [ 13.986371905808994, 49.522378749716268 ], [ 13.982602414976668, 49.522209993302454 ], [ 13.97831299363105, 49.518412811557596 ], [ 13.964144906903584, 49.518244041456569 ], [ 13.960635380429892, 49.521534960073836 ], [ 13.957255836584238, 49.521956856715178 ], [ 13.943477696843672, 49.521197440256572 ], [ 13.940358117356482, 49.509804775706527 ], [ 13.935337088549318, 49.509656582846787 ] ] ] } },
{ "type": "Feature", "properties": { "shapeName": "Prachatice", "shapeISO": "", "shapeID": "57006924B34464963037986", "shapeGroup": "CZE", "shapeType": "ADM2" }, "geometry": { "type": "Polygon", "coordinates": [ [ [ 13.543545982794626, 48.973299737704565 ], [ 13.548816613651184, 48.972732274061229 ], [ 13.552171198877147, 48.969255294042796 ], [ 13.586599836723224, 48.970066611069001 ], [ 13.589601307714759, 48.952910239851064 ], [ 13.593662121409523, 48.951518924064601 ], [ 13.595427692581097, 48.945489440626716 ], [ 13.599841620510006, 48.94421387961097 ], [ 13.621558145920687, 48.944097917901786 ], [ 13.623147159975076, 48.932500386213519 ], [ 13.627031416552597, 48.931108501328822 ], [ 13.628796987724172, 48.927744619321743 ], [ 13.633564029887509, 48.927396618593093 ], [ 13.634976486824655, 48.919159893418453 ], [ 13.640273200339379, 48.918463769884909 ], [ 13.643627785565513, 48.910573691793218 ], [ 13.646982370791477, 48.909877448603879 ], [ 13.648924499080238, 48.903958989771354 ], [ 13.653514984126389, 48.901405712683982 ], [ 13.655103998180778, 48.893396861134079 ], [ 13.667286439264785, 48.892816459711469 ], [ 13.667109882147599, 48.882019765014263 ], [ 13.669934796022119, 48.877143074246817 ], [ 13.686001493683477, 48.877143074246817 ], [ 13.688649850441038, 48.880742582436426 ], [ 13.703304091165194, 48.881323124014784 ], [ 13.713191289726069, 48.880858691291223 ], [ 13.714250632429071, 48.87749142506982 ], [ 13.724844059458519, 48.878188119438164 ], [ 13.725726845044278, 48.881555338759483 ], [ 13.736673386308098, 48.881439231521881 ], [ 13.74038108576849, 48.873543307026296 ], [ 13.750797955680923, 48.868317377552614 ], [ 13.751857298383868, 48.857747718822168 ], [ 13.757683683249979, 48.856121419349449 ], [ 13.759096140187353, 48.846246324034098 ], [ 13.761038268476113, 48.84334151356353 ], [ 13.763686625233504, 48.842876728252349 ], [ 13.766158424873652, 48.830790796132874 ], [ 13.771631695505562, 48.829744761070742 ], [ 13.774280052262952, 48.826838993538217 ], [ 13.790170192807295, 48.825792875976731 ], [ 13.792465435330257, 48.819050705615723 ], [ 13.796173134790592, 48.817655660578566 ], [ 13.798291820196596, 48.806261339508239 ], [ 13.803941647945692, 48.805331076526727 ], [ 13.805530662000081, 48.801144679559002 ], [ 13.811003932631991, 48.799167648407547 ], [ 13.811533603983548, 48.797306842020703 ], [ 13.815947531912514, 48.796609021829227 ], [ 13.817359988849717, 48.781952555388216 ], [ 13.816653760381087, 48.779509394763295 ], [ 13.810650818397789, 48.777647859227955 ], [ 13.810297704163418, 48.772528280540769 ], [ 13.836251600385765, 48.770201026727989 ], [ 13.838370285791598, 48.767524551487099 ], [ 13.862028939490983, 48.767640922942292 ], [ 13.863617953545372, 48.763916902612493 ], [ 13.875623837512194, 48.76263670684358 ], [ 13.877036294449397, 48.759261488851678 ], [ 13.881097108144104, 48.758446747079688 ], [ 13.882156450847106, 48.75553684715851 ], [ 13.899459048328652, 48.754722044974756 ], [ 13.902460519320357, 48.747271812249608 ], [ 13.919030215261898, 48.746341554732851 ], [ 13.920600784796591, 48.758269192833211 ], [ 13.925150170500672, 48.759982949759092 ], [ 13.928009784731046, 48.763667327649841 ], [ 13.93645864389589, 48.764267084792834 ], [ 13.938928311139591, 48.76272483792269 ], [ 13.940098152998189, 48.752784779766898 ], [ 13.941657941843459, 48.752184885513032 ], [ 13.946597275432509, 48.751670685414354 ], [ 13.957385819212618, 48.756383993689212 ], [ 13.958295695814456, 48.766151988677734 ], [ 13.965054783505593, 48.770435597503251 ], [ 13.965704695748911, 48.780029555508179 ], [ 13.97142392420983, 48.784825846974002 ], [ 13.977403117029269, 48.786881259980362 ], [ 13.977403117029269, 48.798527011595866 ], [ 13.970903993696425, 48.801694873375368 ], [ 13.971163958953241, 48.806146664579501 ], [ 13.977273134400889, 48.810255660250107 ], [ 13.9766232221574, 48.820269925981449 ], [ 13.972853731325017, 48.821211335362307 ], [ 13.969864134466263, 48.828142986480486 ], [ 13.964534853890484, 48.830624456090675 ], [ 13.962455134531808, 48.837212588395971 ], [ 13.959075590686325, 48.838153678924527 ], [ 13.956995871327649, 48.841575679570951 ], [ 13.951666590751699, 48.842516688127148 ], [ 13.950496748893102, 48.856886266380684 ], [ 13.957645783570968, 48.861076616190587 ], [ 13.957905748827727, 48.86962726286572 ], [ 13.957645783570968, 48.875953800270793 ], [ 13.950886696778298, 48.878774836456785 ], [ 13.95140662639318, 48.897235869795963 ], [ 13.960115450814612, 48.898090382777411 ], [ 13.968824275236045, 48.893134007214087 ], [ 13.974803468055484, 48.893732216149829 ], [ 13.979222871131185, 48.898004932077527 ], [ 13.985202063950453, 48.898773981936358 ], [ 13.988711590424316, 48.897321321810466 ], [ 13.990661327154612, 48.890484708483484 ], [ 14.006259220997265, 48.890228316942057 ], [ 14.014578098431798, 48.89569771091692 ], [ 14.015357993303724, 48.897919481231668 ], [ 14.03394548400496, 48.899884810777564 ], [ 14.034595396248449, 48.901935507765927 ], [ 14.037974940093932, 48.903046266344745 ], [ 14.045383940028557, 48.902789939814795 ], [ 14.048893465604181, 48.899543019962664 ], [ 14.05617248291037, 48.899799363735724 ], [ 14.068000886818993, 48.907318185567533 ], [ 14.07969930720094, 48.908087092717949 ], [ 14.084898605148283, 48.906891010078425 ], [ 14.086848341878749, 48.903986120024626 ], [ 14.096467043800317, 48.903473474700206 ], [ 14.099196675402311, 48.899970258263579 ], [ 14.103616078478126, 48.899457571746211 ], [ 14.114534604886444, 48.899884810777564 ], [ 14.117784166103718, 48.90142284140677 ], [ 14.118694043603853, 48.903900679403989 ], [ 14.130522446614123, 48.903644357256098 ], [ 14.13182227110093, 48.891681183186961 ], [ 14.146640270970011, 48.891424798371702 ], [ 14.151579603660821, 48.895612256126867 ], [ 14.157818761736849, 48.896210435998853 ], [ 14.169257217760446, 48.890057389108051 ], [ 14.170037111733848, 48.887236989282371 ], [ 14.181735533014091, 48.88809167258853 ], [ 14.180695672885577, 48.908343392078507 ], [ 14.176276269809875, 48.909454008827311 ], [ 14.174976445322898, 48.913212834873661 ], [ 14.16886726987525, 48.91449418824925 ], [ 14.169127235132066, 48.937552929899539 ], [ 14.174716480066309, 48.939858218634583 ], [ 14.17705616468163, 48.947285646452599 ], [ 14.187584743204923, 48.953260935101696 ], [ 14.187974690191822, 48.974510091635807 ], [ 14.188624603333608, 48.976984304117593 ], [ 14.19408386563947, 48.979031835350156 ], [ 14.193953883909387, 48.988927051912412 ], [ 14.199803094100446, 48.991485839687641 ], [ 14.200712970702227, 48.994470926003771 ], [ 14.212671356340763, 48.996006043958971 ], [ 14.212694183647727, 48.996090912615273 ], [ 14.213451251212632, 48.998905581350698 ], [ 14.217610689929984, 48.999673077615455 ], [ 14.222550023519034, 49.003595652325316 ], [ 14.236718110246329, 49.003766192274213 ], [ 14.239057794861822, 49.007176863896518 ], [ 14.248676495885036, 49.008285281640781 ], [ 14.252575969345628, 49.01220717861753 ], [ 14.255955513191282, 49.01263345307575 ], [ 14.259075092678302, 49.01595826846642 ], [ 14.263754461010762, 49.017577969820081 ], [ 14.265834180369438, 49.029340536187192 ], [ 14.281562056840301, 49.030022339168909 ], [ 14.283901740557496, 49.03155636068675 ], [ 14.283251828314008, 49.041611554518113 ], [ 14.278312495623027, 49.044764035813671 ], [ 14.275712846649469, 49.055498012991336 ], [ 14.26674405697122, 49.055923916657264 ], [ 14.259205075306681, 49.060267925732035 ], [ 14.257645285563115, 49.063334056536235 ], [ 14.252705951974008, 49.064356058297335 ], [ 14.252186022358956, 49.082407953850236 ], [ 14.257775268191494, 49.087175283787815 ], [ 14.256215478447928, 49.093048685679435 ], [ 14.251666092743847, 49.095091445719845 ], [ 14.250886197871978, 49.101304322491103 ], [ 14.257515302934678, 49.103772236348391 ], [ 14.258555162164896, 49.109898939220159 ], [ 14.262714600882248, 49.111090154544797 ], [ 14.264144407997435, 49.113387418078162 ], [ 14.263624478382383, 49.118832357889005 ], [ 14.250626232615332, 49.11908757513595 ], [ 14.24520109969535, 49.119172114834385 ], [ 14.243087250950794, 49.111685751187736 ], [ 14.231908760183956, 49.105133791316518 ], [ 14.230348970440389, 49.102665945171339 ], [ 14.226449496979626, 49.10164473210466 ], [ 14.225669602107928, 49.09900650005568 ], [ 14.220470304160358, 49.097985211099513 ], [ 14.194993743139548, 49.097219230885514 ], [ 14.190704321793987, 49.093559383570152 ], [ 14.184985094231308, 49.093218919089395 ], [ 14.175496374938007, 49.097644776973652 ], [ 14.163408006671091, 49.097219230885514 ], [ 14.156778901608334, 49.093559383570152 ], [ 14.150539744430773, 49.093559383570152 ], [ 14.14339070885444, 49.097304339924449 ], [ 14.132472183344419, 49.096963901128674 ], [ 14.12662297315336, 49.093559383570152 ], [ 14.117654183475338, 49.092367747377978 ], [ 14.090877797967721, 49.092537982534793 ], [ 14.088148166365556, 49.096538349203286 ], [ 14.08450865816161, 49.097559667930113 ], [ 14.082818885789777, 49.100112872220564 ], [ 14.078789429700635, 49.10087880777877 ], [ 14.067610938933797, 49.101049014336752 ], [ 14.060981833871097, 49.096197905153758 ], [ 14.053182886949912, 49.096197905153758 ], [ 14.044604045156689, 49.104538115431012 ], [ 14.044474062528479, 49.116705499366105 ], [ 14.042004396183074, 49.117896551257161 ], [ 14.026276518813916, 49.1183219200434 ], [ 14.024456764711829, 49.133292577872169 ], [ 14.011458519843131, 49.134993502921702 ], [ 14.007039115868963, 49.134058001249286 ], [ 14.005739291382156, 49.131761695074204 ], [ 14.001839817921393, 49.130485923590413 ], [ 13.988451625167727, 49.130060659133676 ], [ 13.98663187106564, 49.131081287936865 ], [ 13.985332046578833, 49.141541519711097 ], [ 13.983512292476746, 49.142902038092643 ], [ 13.974543502798724, 49.142391848003172 ], [ 13.97168388856835, 49.139075485273281 ], [ 13.966744555877369, 49.137629821526389 ], [ 13.9663546079924, 49.129890552682241 ], [ 13.960895345686538, 49.128954954709684 ], [ 13.95608599472564, 49.124957201123891 ], [ 13.929309609218024, 49.124616952030635 ], [ 13.927619837744373, 49.121214331515489 ], [ 13.9211207144117, 49.119598004514046 ], [ 13.920210837809918, 49.116875651639134 ], [ 13.89395438191724, 49.115344261931682 ], [ 13.887585242111243, 49.119683075762396 ], [ 13.882645908522193, 49.120448709254617 ], [ 13.876276768716025, 49.119002502866181 ], [ 13.875236908587567, 49.116960726968898 ], [ 13.865358242307707, 49.116365193656407 ], [ 13.863928435192349, 49.116620423010545 ], [ 13.863741260423126, 49.139959870209964 ], [ 13.860164143809016, 49.141538118269864 ], [ 13.850763812451419, 49.141048322404799 ], [ 13.849765547015636, 49.137837319497351 ], [ 13.846687563119417, 49.136803223309983 ], [ 13.821398176867774, 49.136367807656256 ], [ 13.793779504898623, 49.136585515667491 ], [ 13.789536877694388, 49.140830633995847 ], [ 13.779970169363139, 49.140885056040645 ], [ 13.77872233756824, 49.133156501511507 ], [ 13.77581073064573, 49.131577985961599 ], [ 13.760919941187524, 49.13190457946888 ], [ 13.759256165161617, 49.135007109893934 ], [ 13.749606268343484, 49.135714677297926 ], [ 13.746694661421145, 49.137891744829346 ], [ 13.747110604753914, 49.141919067066794 ], [ 13.75285063011188, 49.145565144209399 ], [ 13.751353232856445, 49.152638857168597 ], [ 13.734881855859157, 49.152257990780583 ], [ 13.732802136500482, 49.156828195941898 ], [ 13.728975453527312, 49.156828195941898 ], [ 13.72481601480996, 49.161452378326487 ], [ 13.714500607401703, 49.160146770771632 ], [ 13.712920020761089, 49.152312400863593 ], [ 13.69578313407203, 49.152203581225479 ], [ 13.693539443865973, 49.166654770404136 ], [ 13.692465693456995, 49.165562637920289 ], [ 13.676306722667846, 49.16429470717145 ], [ 13.674583099081019, 49.161195183890925 ], [ 13.664672263232319, 49.159927141313005 ], [ 13.659070486799919, 49.156263724756229 ], [ 13.649806010357906, 49.154291003381672 ], [ 13.650021463193923, 49.149077005168067 ], [ 13.641618798095976, 49.143298689591632 ], [ 13.610593573533947, 49.142734915753351 ], [ 13.605422702773581, 49.141466400579191 ], [ 13.603483626350737, 49.138365448687125 ], [ 13.598312755590541, 49.137378741461021 ], [ 13.597235490511821, 49.133572687233652 ], [ 13.593141884830175, 49.1327268575223 ], [ 13.591202808407218, 49.129202412401696 ], [ 13.592495526321954, 49.124972747287188 ], [ 13.598097302754354, 49.122857780014954 ], [ 13.598743661262574, 49.109884004016351 ], [ 13.597235490511821, 49.108191522521679 ], [ 13.585816484810778, 49.105511641247062 ], [ 13.586031937646794, 49.100151445656593 ], [ 13.598312755590541, 49.098317561248166 ], [ 13.599820926341124, 49.079269373593775 ], [ 13.606069061281801, 49.077575847994922 ], [ 13.606284515016284, 49.055413564035064 ], [ 13.603914532022941, 49.052024827976368 ], [ 13.594219149908724, 49.0501891665279 ], [ 13.592710979157971, 49.047929797402901 ], [ 13.567718436700318, 49.045811545529602 ], [ 13.566425719684048, 49.042563384100731 ], [ 13.561470301759869, 49.041433539114962 ], [ 13.555437618756969, 49.037055147275282 ], [ 13.555006713084765, 49.026178119762335 ], [ 13.548543124409775, 49.023352528362182 ], [ 13.548327671573759, 49.017135663469219 ], [ 13.544449518728015, 49.016146545062838 ], [ 13.543587707383722, 49.011624610957824 ], [ 13.543803160219966, 49.008091564210588 ], [ 13.548543124409775, 49.006960936278688 ], [ 13.548974030980162, 48.999469877567549 ], [ 13.542725895141189, 48.998056344091879 ], [ 13.543545982794626, 48.973299737704565 ] ] ] } },
{ "type": "Feature", "properties": { "shapeName": "Strakonice", "shapeISO": "", "shapeID": "57006924B10100479283290", "shapeGroup": "CZE", "shapeType": "ADM2" }, "geometry": { "type": "Polygon", "coordinates": [ [ [ 13.693539443865973, 49.166654770404136 ], [ 13.69578313407203, 49.152203581225479 ], [ 13.712920020761089, 49.152312400863593 ], [ 13.714500607401703, 49.160146770771632 ], [ 13.72481601480996, 49.161452378326487 ], [ 13.728975453527312, 49.156828195941898 ], [ 13.732802136500482, 49.156828195941898 ], [ 13.734881855859157, 49.152257990780583 ], [ 13.751353232856445, 49.152638857168597 ], [ 13.75285063011188, 49.145565144209399 ], [ 13.747110604753914, 49.141919067066794 ], [ 13.746694661421145, 49.137891744829346 ], [ 13.749606268343484, 49.135714677297926 ], [ 13.759256165161617, 49.135007109893934 ], [ 13.760919941187524, 49.13190457946888 ], [ 13.77581073064573, 49.131577985961599 ], [ 13.77872233756824, 49.133156501511507 ], [ 13.779970169363139, 49.140885056040645 ], [ 13.789536877694388, 49.140830633995847 ], [ 13.793779504898623, 49.136585515667491 ], [ 13.821398176867774, 49.136367807656256 ], [ 13.846687563119417, 49.136803223309983 ], [ 13.849765547015636, 49.137837319497351 ], [ 13.850763812451419, 49.141048322404799 ], [ 13.860164143809016, 49.141538118269864 ], [ 13.863741260423126, 49.139959870209964 ], [ 13.863928435192349, 49.116620423010545 ], [ 13.865358242307707, 49.116365193656407 ], [ 13.875236908587567, 49.116960726968898 ], [ 13.876276768716025, 49.119002502866181 ], [ 13.882645908522193, 49.120448709254617 ], [ 13.887585242111243, 49.119683075762396 ], [ 13.89395438191724, 49.115344261931682 ], [ 13.920210837809918, 49.116875651639134 ], [ 13.9211207144117, 49.119598004514046 ], [ 13.927619837744373, 49.121214331515489 ], [ 13.929309609218024, 49.124616952030635 ], [ 13.95608599472564, 49.124957201123891 ], [ 13.960895345686538, 49.128954954709684 ], [ 13.9663546079924, 49.129890552682241 ], [ 13.966744555877369, 49.137629821526389 ], [ 13.97168388856835, 49.139075485273281 ], [ 13.974543502798724, 49.142391848003172 ], [ 13.983512292476746, 49.142902038092643 ], [ 13.985332046578833, 49.141541519711097 ], [ 13.98663187106564, 49.131081287936865 ], [ 13.988451625167727, 49.130060659133676 ], [ 14.001839817921393, 49.130485923590413 ], [ 14.005739291382156, 49.131761695074204 ], [ 14.007039115868963, 49.134058001249286 ], [ 14.011458519843131, 49.134993502921702 ], [ 14.024456764711829, 49.133292577872169 ], [ 14.026276518813916, 49.1183219200434 ], [ 14.042004396183074, 49.117896551257161 ], [ 14.044474062528479, 49.116705499366105 ], [ 14.044604045156689, 49.104538115431012 ], [ 14.053182886949912, 49.096197905153758 ], [ 14.060981833871097, 49.096197905153758 ], [ 14.067610938933797, 49.101049014336752 ], [ 14.078789429700635, 49.10087880777877 ], [ 14.082818885789777, 49.100112872220564 ], [ 14.08450865816161, 49.097559667930113 ], [ 14.088148166365556, 49.096538349203286 ], [ 14.090877797967721, 49.092537982534793 ], [ 14.117654183475338, 49.092367747377978 ], [ 14.12662297315336, 49.093559383570152 ], [ 14.132472183344419, 49.096963901128674 ], [ 14.14339070885444, 49.097304339924449 ], [ 14.150539744430773, 49.093559383570152 ], [ 14.156778901608334, 49.093559383570152 ], [ 14.163408006671091, 49.097219230885514 ], [ 14.175496374938007, 49.097644776973652 ], [ 14.184985094231308, 49.093218919089395 ], [ 14.190704321793987, 49.093559383570152 ], [ 14.194993743139548, 49.097219230885514 ], [ 14.220470304160358, 49.097985211099513 ], [ 14.225669602107928, 49.09900650005568 ], [ 14.226449496979626, 49.10164473210466 ], [ 14.230348970440389, 49.102665945171339 ], [ 14.231908760183956, 49.105133791316518 ], [ 14.243087250950794, 49.111685751187736 ], [ 14.24520109969535, 49.119172114834385 ], [ 14.245166970309469, 49.119172646671757 ], [ 14.244153522446936, 49.122262635561185 ], [ 14.238277899989953, 49.125297447882645 ], [ 14.237887953003224, 49.129890552682241 ], [ 14.23970770710514, 49.131761695074204 ], [ 14.24984633864193, 49.132782288858834 ], [ 14.251276144858821, 49.139755782688837 ], [ 14.257515302934678, 49.142221783276966 ], [ 14.258165215178167, 49.144347548058022 ], [ 14.268303846714844, 49.145112800727247 ], [ 14.2710578496106, 49.149055791107685 ], [ 14.274307410827873, 49.149321479752643 ], [ 14.27654148410852, 49.151446939382822 ], [ 14.27654148410852, 49.16237651442583 ], [ 14.266484092612927, 49.162030371135131 ], [ 14.262454636523955, 49.166025134947631 ], [ 14.254655688704304, 49.16645009083129 ], [ 14.246986724411386, 49.170699449078427 ], [ 14.240617583706921, 49.170444498103109 ], [ 14.233988478644164, 49.166620071811167 ], [ 14.214101163456121, 49.166365099828965 ], [ 14.210851602238847, 49.169764621438276 ], [ 14.200582988972144, 49.170529481515928 ], [ 14.197723374741713, 49.182595712568457 ], [ 14.166917533144954, 49.184040063756299 ], [ 14.165357743401557, 49.199075808569376 ], [ 14.162758094427602, 49.200349814119363 ], [ 14.150279779174014, 49.200264881319526 ], [ 14.145340446483203, 49.20417163386054 ], [ 14.138061428278661, 49.204001781242539 ], [ 14.134681885331531, 49.202982655042774 ], [ 14.133772007831396, 49.200774475343053 ], [ 14.129352604755582, 49.200010082632332 ], [ 14.121943604821126, 49.200689543272574 ], [ 14.118434078347036, 49.20417163386054 ], [ 14.109205324310722, 49.204086707624356 ], [ 14.106995622323609, 49.216144757175584 ], [ 14.0962070785435, 49.216908900478529 ], [ 14.095427183671802, 49.219031459106247 ], [ 14.089577973480743, 49.222427363313329 ], [ 14.088408131622145, 49.228284750103285 ], [ 14.082818885789777, 49.231170742955271 ], [ 14.082038991816205, 49.244325340111573 ], [ 14.070470553164398, 49.251622508412822 ], [ 14.067091009318744, 49.258324771134539 ], [ 14.058252202269102, 49.259003430257565 ], [ 14.056302465538806, 49.26044555064118 ], [ 14.055132623680208, 49.274355604910511 ], [ 14.050583237976127, 49.277662906271303 ], [ 14.048633501245661, 49.284192055721178 ], [ 14.043434203298318, 49.286226938395089 ], [ 14.043174238041502, 49.295043793902323 ], [ 14.030305974902888, 49.303689562636691 ], [ 14.029380084034358, 49.313600019634293 ], [ 14.023523594794653, 49.314641268613059 ], [ 14.021340720993692, 49.318493698217537 ], [ 14.017880068261093, 49.319014273733558 ], [ 14.016016639866621, 49.322311124805367 ], [ 14.010373114231356, 49.323421592702005 ], [ 14.008190240430338, 49.326544651305198 ], [ 13.991259662626078, 49.327203937879005 ], [ 13.990194846400641, 49.328661277767026 ], [ 13.99067401316313, 49.338896139758901 ], [ 13.995785131584057, 49.340387823091532 ], [ 13.996477261950929, 49.342538543006583 ], [ 13.996510537345671, 49.359613049246946 ], [ 14.002583317549522, 49.361401010415705 ], [ 14.003914337831418, 49.364109918236636 ], [ 14.008656097753544, 49.36660198120984 ], [ 14.00898885259943, 49.376189829349642 ], [ 14.014895255829401, 49.379331203110212 ], [ 14.015228010675287, 49.401748282344386 ], [ 14.013481046162553, 49.403480577477637 ], [ 14.002416939677516, 49.404833890638372 ], [ 14.001834618472571, 49.415875531320353 ], [ 13.995595461294954, 49.418094384949541 ], [ 13.995345894935951, 49.426860581267192 ], [ 14.001252297267797, 49.430215130620297 ], [ 14.000753164549849, 49.437194023246434 ], [ 13.982451635451241, 49.438275932987608 ], [ 13.982202069092239, 49.440872419338518 ], [ 13.975962911016154, 49.442116520804234 ], [ 13.974881457093488, 49.444117834100666 ], [ 13.97804263037483, 49.449580463844256 ], [ 13.98827484929609, 49.45093250599308 ], [ 13.991602399551311, 49.454393563690758 ], [ 14.007408265958645, 49.45520471392058 ], [ 14.008073776548599, 49.461747500178433 ], [ 14.01339785767567, 49.464288677620232 ], [ 14.01431293372633, 49.471533012773648 ], [ 14.008656097753544, 49.472614164795971 ], [ 14.005661302344038, 49.475857478270484 ], [ 13.996260970986611, 49.47607369137711 ], [ 13.993765308295337, 49.487801830590115 ], [ 13.975214211939374, 49.489260895311986 ], [ 13.972552171375753, 49.501093926981355 ], [ 13.936198679537597, 49.50136405436615 ], [ 13.935337088549318, 49.509656582846787 ], [ 13.934638889793803, 49.509635975900551 ], [ 13.910072206273298, 49.509551575487308 ], [ 13.907732521657806, 49.513349444667881 ], [ 13.897073960506077, 49.513855805062917 ], [ 13.896164083904296, 49.516725080839194 ], [ 13.885115574867598, 49.51799088433836 ], [ 13.881346084035215, 49.529634739697201 ], [ 13.876796698331134, 49.529972201855685 ], [ 13.865488224935916, 49.529381642132421 ], [ 13.863148540320651, 49.521956856715178 ], [ 13.853529839297437, 49.517062632109003 ], [ 13.838581856799919, 49.51782211278146 ], [ 13.837541997569758, 49.524910031279092 ], [ 13.83325257622397, 49.525669390660539 ], [ 13.830262980263683, 49.529297275792032 ], [ 13.827013419046409, 49.529887836534385 ], [ 13.819604419111954, 49.529466008327347 ], [ 13.816874787509789, 49.526091251628372 ], [ 13.81323527840749, 49.525163152577591 ], [ 13.798807226423435, 49.523813158924554 ], [ 13.798157314180116, 49.521113059792526 ], [ 13.792568068347407, 49.520016102257784 ], [ 13.790618331617111, 49.516725080839194 ], [ 13.772029318709087, 49.516836124338056 ], [ 13.772028157647981, 49.516805890306387 ], [ 13.767615681481516, 49.515910666639456 ], [ 13.765409443398255, 49.508479676522711 ], [ 13.760307517437639, 49.506241205919537 ], [ 13.758514949051062, 49.499346070905631 ], [ 13.753007971830527, 49.496782534645604 ], [ 13.753223424666544, 49.49314409685752 ], [ 13.755377953925574, 49.49118482668905 ], [ 13.7648578841019, 49.490205161903987 ], [ 13.765935148282153, 49.488245773515757 ], [ 13.76623678279168, 49.46351155354597 ], [ 13.768994580171295, 49.457327447261321 ], [ 13.772717607442132, 49.456341503416695 ], [ 13.774923845525393, 49.449797916560499 ], [ 13.780025771486009, 49.446749921078549 ], [ 13.780853110879434, 49.440025730429625 ], [ 13.778784762395674, 49.435363083387131 ], [ 13.774234395731412, 49.433479965573838 ], [ 13.772993386641076, 49.426843641800986 ], [ 13.767753571080959, 49.425318953703083 ], [ 13.767455729258643, 49.410076647609685 ], [ 13.760587696284119, 49.409160881604464 ], [ 13.761841542600507, 49.4064414139429 ], [ 13.762703353944744, 49.403076670689813 ], [ 13.76722786619689, 49.399992120002082 ], [ 13.76830513127544, 49.391017780364791 ], [ 13.78424864922863, 49.380078087271329 ], [ 13.788557707746463, 49.378815657688733 ], [ 13.79049678416925, 49.376010143939084 ], [ 13.794590390749363, 49.37488789348032 ], [ 13.7954522020936, 49.372082155520673 ], [ 13.793944031342846, 49.367732944653483 ], [ 13.78877316058248, 49.365488040148534 ], [ 13.78661863132362, 49.354542662664528 ], [ 13.77713870204542, 49.353981295887593 ], [ 13.77498417188832, 49.352577849745217 ], [ 13.775630531294837, 49.333627413986449 ], [ 13.773906907707897, 49.329134388708383 ], [ 13.759687013341534, 49.328011068313288 ], [ 13.755593406761591, 49.324640953344499 ], [ 13.744820759568597, 49.322815377867585 ], [ 13.742881683145811, 49.315512400299838 ], [ 13.738788077464164, 49.314810133599622 ], [ 13.736633547306894, 49.311720041987655 ], [ 13.730816318038421, 49.310174923782029 ], [ 13.730816318038421, 49.301886643557566 ], [ 13.737279906713411, 49.297109713261648 ], [ 13.737495359549428, 49.29233231935325 ], [ 13.731678130281011, 49.288538177258147 ], [ 13.730600865202234, 49.281932862503595 ], [ 13.706685587823358, 49.279965150769954 ], [ 13.706039229315309, 49.263939433873531 ], [ 13.710563740669159, 49.263517634391974 ], [ 13.714441894413085, 49.259299438927201 ], [ 13.725214541605851, 49.258736985935855 ], [ 13.725214541605851, 49.249174299065942 ], [ 13.723060012347048, 49.247486574127834 ], [ 13.715519158593338, 49.246642689730777 ], [ 13.712933723662331, 49.244532915929085 ], [ 13.712718270826315, 49.239891096481529 ], [ 13.710132834996955, 49.238625070051683 ], [ 13.693758411371789, 49.236655630837504 ], [ 13.693112051965215, 49.221741615447002 ], [ 13.698282922725582, 49.220193676964868 ], [ 13.700221999148425, 49.213438467954916 ], [ 13.713364629334535, 49.210623525341703 ], [ 13.713364629334535, 49.197109568122642 ], [ 13.711641005747708, 49.195560857654016 ], [ 13.700868358554942, 49.194012099281224 ], [ 13.699144734968172, 49.191336856806402 ], [ 13.694404769879839, 49.189365532624095 ], [ 13.694404769879839, 49.167534910370364 ], [ 13.693539443865973, 49.166654770404136 ] ] ] } },
{ "type": "Feature", "properties": { "shapeName": "Český Krumlov", "shapeISO": "", "shapeID": "57006924B21154438881940", "shapeGroup": "CZE", "shapeType": "ADM2" }, "geometry": { "type": "Polygon", "coordinates": [ [ [ 14.212694183647727, 48.996090912615273 ], [ 14.212671356340763, 48.996006043958971 ], [ 14.200712970702227, 48.994470926003771 ], [ 14.199803094100446, 48.991485839687641 ], [ 14.193953883909387, 48.988927051912412 ], [ 14.19408386563947, 48.979031835350156 ], [ 14.188624603333608, 48.976984304117593 ], [ 14.187974690191822, 48.974510091635807 ], [ 14.187584743204923, 48.953260935101696 ], [ 14.17705616468163, 48.947285646452599 ], [ 14.174716480066309, 48.939858218634583 ], [ 14.169127235132066, 48.937552929899539 ], [ 14.16886726987525, 48.91449418824925 ], [ 14.174976445322898, 48.913212834873661 ], [ 14.176276269809875, 48.909454008827311 ], [ 14.180695672885577, 48.908343392078507 ], [ 14.181735533014091, 48.88809167258853 ], [ 14.170037111733848, 48.887236989282371 ], [ 14.169257217760446, 48.890057389108051 ], [ 14.157818761736849, 48.896210435998853 ], [ 14.151579603660821, 48.895612256126867 ], [ 14.146640270970011, 48.891424798371702 ], [ 14.13182227110093, 48.891681183186961 ], [ 14.130522446614123, 48.903644357256098 ], [ 14.118694043603853, 48.903900679403989 ], [ 14.117784166103718, 48.90142284140677 ], [ 14.114534604886444, 48.899884810777564 ], [ 14.103616078478126, 48.899457571746211 ], [ 14.099196675402311, 48.899970258263579 ], [ 14.096467043800317, 48.903473474700206 ], [ 14.086848341878749, 48.903986120024626 ], [ 14.084898605148283, 48.906891010078425 ], [ 14.07969930720094, 48.908087092717949 ], [ 14.068000886818993, 48.907318185567533 ], [ 14.05617248291037, 48.899799363735724 ], [ 14.048893465604181, 48.899543019962664 ], [ 14.045383940028557, 48.902789939814795 ], [ 14.037974940093932, 48.903046266344745 ], [ 14.034595396248449, 48.901935507765927 ], [ 14.03394548400496, 48.899884810777564 ], [ 14.015357993303724, 48.897919481231668 ], [ 14.014578098431798, 48.89569771091692 ], [ 14.006259220997265, 48.890228316942057 ], [ 13.990661327154612, 48.890484708483484 ], [ 13.988711590424316, 48.897321321810466 ], [ 13.985202063950453, 48.898773981936358 ], [ 13.979222871131185, 48.898004932077527 ], [ 13.974803468055484, 48.893732216149829 ], [ 13.968824275236045, 48.893134007214087 ], [ 13.960115450814612, 48.898090382777411 ], [ 13.95140662639318, 48.897235869795963 ], [ 13.950886696778298, 48.878774836456785 ], [ 13.957645783570968, 48.875953800270793 ], [ 13.957905748827727, 48.86962726286572 ], [ 13.957645783570968, 48.861076616190587 ], [ 13.950496748893102, 48.856886266380684 ], [ 13.951666590751699, 48.842516688127148 ], [ 13.956995871327649, 48.841575679570951 ], [ 13.959075590686325, 48.838153678924527 ], [ 13.962455134531808, 48.837212588395971 ], [ 13.964534853890484, 48.830624456090675 ], [ 13.969864134466263, 48.828142986480486 ], [ 13.972853731325017, 48.821211335362307 ], [ 13.9766232221574, 48.820269925981449 ], [ 13.977273134400889, 48.810255660250107 ], [ 13.971163958953241, 48.806146664579501 ], [ 13.970903993696425, 48.801694873375368 ], [ 13.977403117029269, 48.798527011595866 ], [ 13.977403117029269, 48.786881259980362 ], [ 13.97142392420983, 48.784825846974002 ], [ 13.965704695748911, 48.780029555508179 ], [ 13.965054783505593, 48.770435597503251 ], [ 13.958295695814456, 48.766151988677734 ], [ 13.957385819212618, 48.756383993689212 ], [ 13.946597275432509, 48.751670685414354 ], [ 13.941657941843459, 48.752184885513032 ], [ 13.940098152998189, 48.752784779766898 ], [ 13.938928311139591, 48.76272483792269 ], [ 13.93645864389589, 48.764267084792834 ], [ 13.928009784731046, 48.763667327649841 ], [ 13.925150170500672, 48.759982949759092 ], [ 13.920600784796591, 48.758269192833211 ], [ 13.919030215261898, 48.746341554732851 ], [ 13.922941144910681, 48.738306786895521 ], [ 13.926119173019629, 48.737608146332491 ], [ 13.928237858425575, 48.726312109827234 ], [ 13.932828343471726, 48.72479801517153 ], [ 13.93265178635454, 48.72223559729099 ], [ 13.940596856626598, 48.720255457692531 ], [ 13.941832756446786, 48.716411434759493 ], [ 13.945717013024307, 48.716061963562993 ], [ 13.946952912844324, 48.713033111499612 ], [ 13.958605682576717, 48.712800115326331 ], [ 13.960724367982721, 48.709887572120579 ], [ 13.970611566543539, 48.708489491496891 ], [ 13.975731722941248, 48.705227152311807 ], [ 14.009630689435767, 48.704178498373324 ], [ 14.01033691790434, 48.695089248934039 ], [ 14.012808717544488, 48.692175680633113 ], [ 14.017399202590809, 48.69124330316663 ], [ 14.019871002230957, 48.688096401748112 ], [ 14.02322558745692, 48.687513620643813 ], [ 14.02393181592555, 48.680053426828579 ], [ 14.029934757909018, 48.677488729985782 ], [ 14.031170657729206, 48.671309605922147 ], [ 14.055182425662679, 48.670959821519659 ], [ 14.055888654131422, 48.656383312969069 ], [ 14.049709155030712, 48.653817411176362 ], [ 14.049709155030712, 48.650784813416408 ], [ 14.024461487277108, 48.648801862414075 ], [ 14.024284930159922, 48.642152575278431 ], [ 14.011396260607341, 48.639469281345043 ], [ 14.011219703490099, 48.634568984962527 ], [ 14.025344272862924, 48.626050670477468 ], [ 14.026050501331497, 48.623833339075929 ], [ 14.043882770164601, 48.622432869049931 ], [ 14.045648341336175, 48.606791647279181 ], [ 14.050591940616528, 48.605390704444233 ], [ 14.051298169085101, 48.602938960969823 ], [ 14.061185367646146, 48.602004932149498 ], [ 14.066835195395072, 48.59383144318241 ], [ 14.087668935219938, 48.593481121245304 ], [ 14.0899641777429, 48.586474172397118 ], [ 14.113799388559528, 48.586474172397118 ], [ 14.114682174145173, 48.5898609856593 ], [ 14.152818511451528, 48.589977768275048 ], [ 14.154054411271716, 48.586590962840035 ], [ 14.19360320551516, 48.58705812191215 ], [ 14.198017133444239, 48.585773424072329 ], [ 14.200488933084443, 48.583087132147625 ], [ 14.209140231825302, 48.583320728417732 ], [ 14.211435474348264, 48.578882214668511 ], [ 14.260165238684124, 48.579349444996012 ], [ 14.26228392409007, 48.575261033204129 ], [ 14.268110308956182, 48.574092854818616 ], [ 14.269169651659183, 48.571405942098579 ], [ 14.279056850220059, 48.570588157712052 ], [ 14.281881764094578, 48.568017892106013 ], [ 14.29812501887335, 48.566732710312181 ], [ 14.299890590044924, 48.563110658625646 ], [ 14.311366802660132, 48.562175893500978 ], [ 14.313485488066078, 48.559254641139717 ], [ 14.324255472212712, 48.559137787536145 ], [ 14.326374157618716, 48.550840491722852 ], [ 14.337673813116908, 48.550606745374751 ], [ 14.339086270054111, 48.554580286446878 ], [ 14.344029869334634, 48.554930878030405 ], [ 14.344559540686021, 48.558787225105846 ], [ 14.35162182537232, 48.560656863327893 ], [ 14.352151496723877, 48.568017892106013 ], [ 14.356388867535657, 48.569069380189831 ], [ 14.356388867535657, 48.571522767359852 ], [ 14.365040166276515, 48.572106889617487 ], [ 14.369983765556867, 48.570938638354278 ], [ 14.371396222494184, 48.565096977155747 ], [ 14.375103921954576, 48.564162248741297 ], [ 14.387286363038356, 48.564746456024693 ], [ 14.387462920155599, 48.576896437598066 ], [ 14.382342763758061, 48.577246874513833 ], [ 14.381989649523632, 48.589393852497494 ], [ 14.414299601963762, 48.589744202773716 ], [ 14.41677140160391, 48.58600700792681 ], [ 14.426835157281971, 48.586240590701777 ], [ 14.42842417133653, 48.5898609856593 ], [ 14.433544327734069, 48.590211332696924 ], [ 14.435309898905643, 48.594415307680151 ], [ 14.438509996654204, 48.59514512881367 ], [ 14.439889349131931, 48.615028696891386 ], [ 14.452579391927713, 48.618311468803427 ], [ 14.452027650936714, 48.630346472847634 ], [ 14.449544816476532, 48.633628248609512 ], [ 14.446234370529851, 48.633810563226632 ], [ 14.447613723007578, 48.641467182249869 ], [ 14.458924413325633, 48.643472295196489 ], [ 14.461131377290087, 48.646570949326019 ], [ 14.471062715130358, 48.647117750880113 ], [ 14.471614456121415, 48.642925454116323 ], [ 14.477131866032607, 48.642560890102345 ], [ 14.479890570988232, 48.633628248609512 ], [ 14.49009777932406, 48.628523171857466 ], [ 14.489821908828389, 48.623782280955368 ], [ 14.497546282704207, 48.619588044675652 ], [ 14.499477376173161, 48.616670109530958 ], [ 14.515753735411124, 48.616122977914131 ], [ 14.517133087888908, 48.612657673306614 ], [ 14.547754712896278, 48.611928105186905 ], [ 14.548306453887335, 48.604449424149948 ], [ 14.574790021461126, 48.604449424149948 ], [ 14.575893503443353, 48.607915292091946 ], [ 14.582790265832443, 48.61320484247824 ], [ 14.586100711779125, 48.61320484247824 ], [ 14.588031805248079, 48.617217235218106 ], [ 14.598514884079407, 48.618493838761879 ], [ 14.600721848043861, 48.62633512370553 ], [ 14.608170351424008, 48.62633512370553 ], [ 14.612584279352916, 48.624694025332587 ], [ 14.6139636318307, 48.621776385348426 ], [ 14.618653430255335, 48.621776385348426 ], [ 14.619756912237563, 48.613752005720244 ], [ 14.624446710662028, 48.61320484247824 ], [ 14.626929545122152, 48.600800885139847 ], [ 14.63741262395348, 48.600800885139847 ], [ 14.638516105935707, 48.604631844182279 ], [ 14.650102666749262, 48.604631844182279 ], [ 14.650654407740262, 48.602077903773079 ], [ 14.656447688147125, 48.600253581556444 ], [ 14.658102911120409, 48.583649221346093 ], [ 14.665275544004999, 48.579451651054399 ], [ 14.681000162252019, 48.579634161359024 ], [ 14.683758867207473, 48.584379197987346 ], [ 14.706656118339083, 48.583831716494842 ], [ 14.709414823294765, 48.601713044600899 ], [ 14.7146563627104, 48.601713044600899 ], [ 14.713828751223673, 48.62597043978991 ], [ 14.720173772621592, 48.627429159640258 ], [ 14.720449643117263, 48.645477328431411 ], [ 14.719346161134865, 48.648393598115945 ], [ 14.714104621719173, 48.650033925703156 ], [ 14.714104621719173, 48.654407871736453 ], [ 14.715208103701457, 48.660603645766628 ], [ 14.720449643117263, 48.662425787326015 ], [ 14.722101027195833, 48.673150151302082 ], [ 14.710543042646975, 48.673734179339249 ], [ 14.706693066358639, 48.67789356222994 ], [ 14.695795336847311, 48.682946761672326 ], [ 14.694464316565586, 48.715505763721239 ], [ 14.687476460310904, 48.719841714035226 ], [ 14.677909751979769, 48.721104008908128 ], [ 14.675497277775207, 48.732188891510873 ], [ 14.670589139980848, 48.735206629157176 ], [ 14.668925364853237, 48.740638101293769 ], [ 14.663518094340986, 48.743106757937653 ], [ 14.662187074059261, 48.745904422301294 ], [ 14.651039779087398, 48.746452965597598 ], [ 14.649209626087725, 48.749524698117511 ], [ 14.645965264319329, 48.750457150919203 ], [ 14.643303223755879, 48.757641943550652 ], [ 14.637729576269976, 48.759945247246662 ], [ 14.636897687807846, 48.762303282499261 ], [ 14.6329046269625, 48.763125826960788 ], [ 14.629826643066281, 48.767019020305895 ], [ 14.625833581322809, 48.767896318006308 ], [ 14.623337918631364, 48.771295702200405 ], [ 14.619261669299135, 48.77222775092622 ], [ 14.618263403863352, 48.779628702038792 ], [ 14.587899502843698, 48.780396145366694 ], [ 14.586568482561972, 48.785877543622689 ], [ 14.587649936484638, 48.787686274128191 ], [ 14.592142130047932, 48.788234361213199 ], [ 14.593223583970769, 48.794975343945794 ], [ 14.586901237407858, 48.799414032706295 ], [ 14.586818048920804, 48.803852329308882 ], [ 14.592058941561049, 48.806537033698532 ], [ 14.592225318534759, 48.812892088448564 ], [ 14.587233992253573, 48.814261606832588 ], [ 14.575337998204759, 48.812782525148577 ], [ 14.573757411563975, 48.809933801227999 ], [ 14.568100575591188, 48.808947666502661 ], [ 14.56660317743723, 48.801277069283572 ], [ 14.543559888416496, 48.800509945269141 ], [ 14.539067694853259, 48.796674148021509 ], [ 14.518104124292904, 48.796290551690447 ], [ 14.51269685467895, 48.79218041233537 ], [ 14.491733285016892, 48.792344824421946 ], [ 14.490152698376107, 48.806865763231372 ], [ 14.482249765172469, 48.813275557225097 ], [ 14.47809032645506, 48.814206826413283 ], [ 14.476426551327449, 48.842958101213526 ], [ 14.465612011201472, 48.84421730352517 ], [ 14.464364179406573, 48.846626124438387 ], [ 14.453050506562533, 48.851771853133812 ], [ 14.450970787203801, 48.859215801822529 ], [ 14.442485532795388, 48.864250786467437 ], [ 14.432835635977256, 48.865290557154367 ], [ 14.43167099266924, 48.867643642871599 ], [ 14.420440509210493, 48.873170222469128 ], [ 14.417112958056919, 48.877054878090803 ], [ 14.387996888832163, 48.877437855870824 ], [ 14.387913699446983, 48.883838623949373 ], [ 14.393237781472351, 48.886026733044389 ], [ 14.393903291164008, 48.888050648114188 ], [ 14.393154592087001, 48.892645179437238 ], [ 14.388412832164875, 48.894614134708263 ], [ 14.387747322473274, 48.896692392485875 ], [ 14.385251658883533, 48.898059620282424 ], [ 14.370277680938273, 48.898497125539166 ], [ 14.368364338553477, 48.901450183942302 ], [ 14.363040257426405, 48.902653231243391 ], [ 14.360544594734961, 48.90615284264635 ], [ 14.355969211786714, 48.907519811668408 ], [ 14.348565411300967, 48.914900797513155 ], [ 14.330513448561248, 48.915884846810343 ], [ 14.327768219510915, 48.922991292592371 ], [ 14.318451076640372, 48.928129169308136 ], [ 14.316121791820933, 48.931463041221377 ], [ 14.310631332822027, 48.933157218001043 ], [ 14.310215388590791, 48.935343168424936 ], [ 14.298818527260039, 48.936490754184319 ], [ 14.290666027697341, 48.943594267385436 ], [ 14.284676435980316, 48.945889033136211 ], [ 14.283511793570597, 48.94845685977981 ], [ 14.279601921212304, 48.94922171849305 ], [ 14.276856692161971, 48.9527180671721 ], [ 14.272780441931445, 48.953373605419927 ], [ 14.269702458035283, 48.961184771713647 ], [ 14.259387050627026, 48.962004054104511 ], [ 14.256891387037285, 48.965281048494887 ], [ 14.248073377783101, 48.965608735559897 ], [ 14.242998863015089, 48.969431598308404 ], [ 14.223033557890346, 48.970086916914909 ], [ 14.220371517326896, 48.971397528288605 ], [ 14.21929006340423, 48.976312012926371 ], [ 14.213383660173918, 48.979861062103055 ], [ 14.212694183647727, 48.996090912615273 ] ] ] } },
{ "type": "Feature", "properties": { "shapeName": "Jindřichův Hradec", "shapeISO": "", "shapeID": "57006924B67285149942805", "shapeGroup": "CZE", "shapeType": "ADM2" }, "geometry": { "type": "Polygon", "coordinates": [ [ [ 14.904421432366519, 48.771817728254405 ], [ 14.906386357125086, 48.768360965324803 ], [ 14.938111464114513, 48.768179137414734 ], [ 14.941146039565695, 48.764542440949526 ], [ 14.963491549706077, 48.764906122447258 ], [ 14.965146772679532, 48.767997308846361 ], [ 14.976457462997359, 48.770361028880643 ], [ 14.97618159250186, 48.785449849188012 ], [ 14.964870902183804, 48.785813379258741 ], [ 14.963767420201577, 48.789085031392858 ], [ 14.957974139794885, 48.790357282951561 ], [ 14.959077621777169, 48.814523933705686 ], [ 14.964043290697305, 48.816522157898021 ], [ 14.965974384166088, 48.8194285236317 ], [ 14.970715908308648, 48.820711358024198 ], [ 14.971491794077394, 48.844852036035832 ], [ 14.984181836873177, 48.846485963374334 ], [ 14.984733577864233, 48.85102437070924 ], [ 14.981147261421995, 48.853202660120985 ], [ 14.974802240024133, 48.853021139623195 ], [ 14.972319405564122, 48.856106898580492 ], [ 14.972043535068451, 48.873165897073932 ], [ 14.982526613899779, 48.874073127732572 ], [ 14.985009448359904, 48.889674920079472 ], [ 14.986388800837688, 48.891851527433573 ], [ 14.991630340253323, 48.891851527433573 ], [ 14.990228918135756, 48.921248205809718 ], [ 14.984755647504016, 48.922872388415556 ], [ 14.984049419035273, 48.948620224889851 ], [ 14.983166633449457, 48.951518924064601 ], [ 14.97839959128612, 48.952330529655342 ], [ 14.97839959128612, 48.977136100661994 ], [ 14.981047948043681, 48.985247394445139 ], [ 14.984579090386831, 48.986521906305086 ], [ 14.986168104441219, 48.989534259301479 ], [ 14.997997431290855, 48.990808661516155 ], [ 14.998173988408041, 48.997527697773705 ], [ 15.003294144805579, 48.998801895520444 ], [ 15.004353487508524, 49.006330580468443 ], [ 14.997467759939241, 49.006678030758849 ], [ 14.998703659759428, 49.014668718317409 ], [ 15.016535928592532, 49.015131907254045 ], [ 15.017595271295534, 49.019300413743736 ], [ 15.029601155262355, 49.0189530515363 ], [ 15.032955740488319, 49.014900313324404 ], [ 15.04849276679829, 49.015479296128376 ], [ 15.05131768067281, 49.018489898155224 ], [ 15.069149949505743, 49.019300413743736 ], [ 15.069679620857357, 49.011194663916285 ], [ 15.063500121756817, 49.00934173577491 ], [ 15.062087664819444, 49.005056575329036 ], [ 15.065089135811206, 49.002160987882746 ], [ 15.075682562840655, 49.001234364342054 ], [ 15.0774481340124, 48.99810688260834 ], [ 15.099517773657112, 48.998686060708508 ], [ 15.102342687531632, 49.001813506075337 ], [ 15.132004283214371, 49.001929333613873 ], [ 15.137654110963524, 48.997527697773478 ], [ 15.143833610064007, 48.996716827690761 ], [ 15.147364752407157, 48.993125672939073 ], [ 15.152618016318854, 48.993253286452955 ], [ 15.152618016318854, 48.985050512043017 ], [ 15.156928492812085, 48.985333388813388 ], [ 15.164256302850333, 48.979675548306716 ], [ 15.164687350499662, 48.955905603798385 ], [ 15.158221635760015, 48.953358151943917 ], [ 15.158221635760015, 48.944299491793572 ], [ 15.19011916180915, 48.943450158086023 ], [ 15.192274400055851, 48.947413591719396 ], [ 15.197446971847569, 48.948829027443082 ], [ 15.197446971847569, 48.950810570002261 ], [ 15.203912686587159, 48.954773419034098 ], [ 15.210378401326921, 48.955056467634165 ], [ 15.211454985935802, 48.958822899083202 ], [ 15.247296080719025, 48.958475114998635 ], [ 15.248178866304841, 48.955692755024018 ], [ 15.260890978740406, 48.954185578570502 ], [ 15.261773764326222, 48.95917068074283 ], [ 15.267247034958132, 48.960329935428149 ], [ 15.268306377660906, 48.966821263753843 ], [ 15.280312261627898, 48.968559868941497 ], [ 15.281195047213544, 48.980380776587481 ], [ 15.273426534058615, 48.981539538230038 ], [ 15.274662433878802, 48.993009824927185 ], [ 15.292494702711735, 48.993125672939073 ], [ 15.295319616586312, 48.980612531071131 ], [ 15.311033200013469, 48.980033142841137 ], [ 15.314034671005174, 48.976209011602293 ], [ 15.325157769386237, 48.976209011602293 ], [ 15.327099897674827, 48.980612531071131 ], [ 15.331866939838164, 48.981191912565919 ], [ 15.333985625244111, 48.984436324470948 ], [ 15.368767377324389, 48.984436324470948 ], [ 15.370179834261535, 48.981307788056824 ], [ 15.375653104893502, 48.979106107663824 ], [ 15.378478018768021, 48.975513683491954 ], [ 15.38907144579764, 48.974702455105103 ], [ 15.391366688320659, 48.971457409542381 ], [ 15.395074387780994, 48.970646115147701 ], [ 15.39525094489818, 48.963691621650526 ], [ 15.400900772647276, 48.963691621650526 ], [ 15.402136672467464, 48.958822899083202 ], [ 15.420322055534768, 48.957895469469008 ], [ 15.423146969409345, 48.954533392562894 ], [ 15.439037109953517, 48.953953701228329 ], [ 15.44327448076541, 48.950243517175181 ], [ 15.471523619510776, 48.950011621510725 ], [ 15.47487820473674, 48.946069230310002 ], [ 15.491121459515512, 48.944445802220628 ], [ 15.493769816272845, 48.941198787601309 ], [ 15.503833571950906, 48.941662659766564 ], [ 15.503480457716535, 48.919856007250473 ], [ 15.510542742403004, 48.918811832864378 ], [ 15.51266142780878, 48.916259314691217 ], [ 15.523254854838399, 48.915563150733988 ], [ 15.525020426009974, 48.911618038386052 ], [ 15.540892607652779, 48.911249746752276 ], [ 15.542651815692295, 48.914237920439405 ], [ 15.547981096268018, 48.915946349247804 ], [ 15.549410903383261, 48.922267027709495 ], [ 15.560459411521833, 48.923889776068791 ], [ 15.561759236008641, 48.929270088925023 ], [ 15.564358884982425, 48.931917331887462 ], [ 15.567738428827909, 48.932600468900716 ], [ 15.570476184793449, 48.939783511776966 ], [ 15.580427965852778, 48.941517747215983 ], [ 15.582865137439455, 48.947787171505524 ], [ 15.587739478816047, 48.949921263864042 ], [ 15.58855186934494, 48.954589272940552 ], [ 15.588576938264339, 48.957114781719724 ], [ 15.588577216208932, 48.957142782595838 ], [ 15.577679486697605, 48.957361276724896 ], [ 15.575932523083111, 48.964352588249483 ], [ 15.573104104647655, 48.965936421061372 ], [ 15.566365814751975, 48.966537172417986 ], [ 15.56137448847079, 48.970086916914909 ], [ 15.551641402267478, 48.970796835489125 ], [ 15.54640050962729, 48.975219947228027 ], [ 15.533173495296694, 48.975492965600779 ], [ 15.529762755656293, 48.979205871971374 ], [ 15.525686505425767, 48.979642665956362 ], [ 15.524937807247284, 48.994545977118435 ], [ 15.521859822452598, 48.996019689043351 ], [ 15.509797450531778, 48.996074269932819 ], [ 15.503391915481984, 48.992417205735251 ], [ 15.488750692382666, 48.992526375937871 ], [ 15.486369413074726, 48.997967514037782 ], [ 15.493258483394243, 49.002316585860854 ], [ 15.495208220124539, 49.008370543658145 ], [ 15.505086886404342, 49.009137894655282 ], [ 15.507036623134638, 49.011695644332008 ], [ 15.512235921980505, 49.013230230831709 ], [ 15.513015815954077, 49.015446772723919 ], [ 15.517695184286367, 49.017322231221954 ], [ 15.520554798516969, 49.020902455562577 ], [ 15.52523416684943, 49.022351520322673 ], [ 15.527053920951289, 49.024738124184069 ], [ 15.53186327191213, 49.025249524448441 ], [ 15.53173328928375, 49.03274945589925 ], [ 15.526793956592996, 49.035476423733201 ], [ 15.526274026977887, 49.040929910951775 ], [ 15.528743693323293, 49.041952372797994 ], [ 15.549800850370104, 49.042037577150211 ], [ 15.552660464600478, 49.044082434866937 ], [ 15.552140534985426, 49.049620169863545 ], [ 15.546031359537778, 49.052090652292861 ], [ 15.545641411652753, 49.061289990548119 ], [ 15.547461166652965, 49.063163721258434 ], [ 15.558509674791537, 49.063845060044173 ], [ 15.559809499278344, 49.07082824666071 ], [ 15.589185533759746, 49.071509480945849 ], [ 15.591265253118422, 49.074915510490996 ], [ 15.596984480681044, 49.07670358263772 ], [ 15.597634392924363, 49.079853838891609 ], [ 15.597709442173482, 49.088209427081154 ], [ 15.597764375552799, 49.094325420261328 ], [ 15.597764375552799, 49.096453238262768 ], [ 15.592045147990291, 49.098155427580934 ], [ 15.591005287861833, 49.104112628445648 ], [ 15.579956779723375, 49.106325121048314 ], [ 15.577877060364699, 49.109303320538174 ], [ 15.567998394084668, 49.110069114253008 ], [ 15.566048657354372, 49.111770836006713 ], [ 15.565788692097613, 49.116450270449889 ], [ 15.572417797160369, 49.11908757513595 ], [ 15.57202785017364, 49.130656028586998 ], [ 15.558119727804694, 49.130741080866301 ], [ 15.553440359472233, 49.130230765589204 ], [ 15.552530481972099, 49.128019339081675 ], [ 15.548501025883127, 49.127168764205862 ], [ 15.538622359603323, 49.127168764205862 ], [ 15.535112833129233, 49.128019339081675 ], [ 15.533683026014046, 49.131081287936865 ], [ 15.516915290312966, 49.131421492672871 ], [ 15.507296588391455, 49.123426061524583 ], [ 15.459463045837026, 49.123085801337481 ], [ 15.455823536734727, 49.131846745456585 ], [ 15.435286309302967, 49.132016845784051 ], [ 15.427227397125023, 49.127849225038631 ], [ 15.413059310397728, 49.127338880583579 ], [ 15.40695013495008, 49.128019339081675 ], [ 15.405780292193185, 49.135163592451704 ], [ 15.403570591104597, 49.136779411528096 ], [ 15.381603556557707, 49.137119577160831 ], [ 15.379913784185703, 49.147493511364246 ], [ 15.376924188225246, 49.149363989897552 ], [ 15.36132629348441, 49.150469239101881 ], [ 15.35963652201076, 49.1570152112605 ], [ 15.350277785346009, 49.158630318502048 ], [ 15.347418171115464, 49.164580257428156 ], [ 15.342218873167894, 49.167554958825349 ], [ 15.342608820154567, 49.173843739620509 ], [ 15.347158206756944, 49.175373321919722 ], [ 15.348198065987162, 49.178432345312899 ], [ 15.34962787310252, 49.216823996120127 ], [ 15.347548153743844, 49.221663305329116 ], [ 15.333510048746462, 49.221833096687192 ], [ 15.329740557914249, 49.218012642106203 ], [ 15.319991873364359, 49.217248515867141 ], [ 15.315442487660277, 49.213427706881475 ], [ 15.299974575547708, 49.21308806524047 ], [ 15.296984979587194, 49.216823996120127 ], [ 15.291525716383035, 49.217757934867961 ], [ 15.286976330679011, 49.217588128922159 ], [ 15.283076857218248, 49.213682436434112 ], [ 15.265139278760444, 49.213257886059353 ], [ 15.259550032927905, 49.214361709802176 ], [ 15.25812022581249, 49.220135153334297 ], [ 15.257117000747371, 49.220840810972959 ], [ 15.256430454339011, 49.221323720276075 ], [ 15.249541384019494, 49.222512258045981 ], [ 15.246291822802391, 49.22556836718735 ], [ 15.212106437360148, 49.226162588894567 ], [ 15.207946999541093, 49.226926577312724 ], [ 15.203657578195305, 49.230916103532877 ], [ 15.195598666017361, 49.2310009830951 ], [ 15.190399368069848, 49.230491701187759 ], [ 15.186499894609256, 49.226671915428085 ], [ 15.181950508905175, 49.22590792307227 ], [ 15.178051035444582, 49.222682047073988 ], [ 15.169602175381499, 49.22174820137451 ], [ 15.167652438651203, 49.219031459106247 ], [ 15.158423684614661, 49.21826734861844 ], [ 15.155174123397558, 49.221917992440694 ], [ 15.145425439745964, 49.222597152632773 ], [ 15.141395983656992, 49.230831223238226 ], [ 15.137626491926312, 49.231849775389492 ], [ 15.135026842952527, 49.243052467757366 ], [ 15.12826775526139, 49.247804357256314 ], [ 15.093952388089235, 49.247974058781892 ], [ 15.092002651358939, 49.24967104547369 ], [ 15.09174268610218, 49.255016172657918 ], [ 15.104480966612584, 49.257985437487093 ], [ 15.103181142125777, 49.268673312595411 ], [ 15.094212352447528, 49.269860711185743 ], [ 15.088363142256696, 49.273507543168989 ], [ 15.079004405591775, 49.273677156332155 ], [ 15.072635265785777, 49.275203652071696 ], [ 15.071075476042211, 49.277069304152519 ], [ 15.060416914890482, 49.278680493114905 ], [ 15.053397862840825, 49.28317458259977 ], [ 15.052358002712367, 49.285803011405392 ], [ 15.047938599636666, 49.286905214348735 ], [ 15.045598915021401, 49.290126895801734 ], [ 15.04065958233042, 49.292246308417646 ], [ 15.037799968100046, 49.29936686786067 ], [ 15.028311248806915, 49.298943053857215 ], [ 15.024801723231349, 49.2956371796638 ], [ 15.014663091694558, 49.293687457183978 ], [ 15.011933460092564, 49.286989998260026 ], [ 15.002704706056022, 49.282581047405131 ], [ 15.00036502144053, 49.278171702317479 ], [ 14.985806986828266, 49.278171702317479 ], [ 14.982167478624262, 49.278934886252216 ], [ 14.980737671509075, 49.285972582873057 ], [ 14.974498513433048, 49.290126895801734 ], [ 14.964619847153187, 49.291398554305374 ], [ 14.955911022731755, 49.296569628319503 ], [ 14.953961286001459, 49.303774317682326 ], [ 14.950581742155805, 49.304452351627901 ], [ 14.948891970682325, 49.307333893275199 ], [ 14.9378434616454, 49.30885934661751 ], [ 14.9362836728003, 49.311316922946617 ], [ 14.930434107224357, 49.31335669414068 ], [ 14.911587006651189, 49.311655889189069 ], [ 14.909247322035753, 49.308350867222714 ], [ 14.905217865946781, 49.307588138583696 ], [ 14.881171112041329, 49.307842383165735 ], [ 14.877271638580567, 49.304113335821398 ], [ 14.871162463132919, 49.30207919141418 ], [ 14.871162463132919, 49.298519236209074 ], [ 14.877921550824055, 49.294450400997334 ], [ 14.878701445695924, 49.291907208639316 ], [ 14.887410270117357, 49.287074781439571 ], [ 14.896249077166999, 49.285972582873057 ], [ 14.897678884282186, 49.280800397785185 ], [ 14.896898989410488, 49.27876529116844 ], [ 14.892219621078027, 49.277662906271303 ], [ 14.884030726271703, 49.270539211667483 ], [ 14.879221375311033, 49.269521457445421 ], [ 14.878051533452435, 49.262905540580391 ], [ 14.871942358004787, 49.258748934326547 ], [ 14.871422428389678, 49.248143760310427 ], [ 14.872202323261376, 49.245683034575109 ], [ 14.877401621208946, 49.24356162075361 ], [ 14.878311498709081, 49.2375363078188 ], [ 14.872462287619896, 49.236008647298377 ], [ 14.853094902945031, 49.235669160831151 ], [ 14.850755218329539, 49.232783430186714 ], [ 14.839056797947649, 49.231425381065378 ], [ 14.838666850062623, 49.228963822204946 ], [ 14.829178130769492, 49.223191409484173 ], [ 14.820859254233085, 49.222342468434647 ], [ 14.814490114427144, 49.218691855968586 ], [ 14.802661710518521, 49.219540859730671 ], [ 14.798762237057929, 49.222766940782378 ], [ 14.788753588149518, 49.224125227911372 ], [ 14.784854114688926, 49.227011464315922 ], [ 14.774975448408952, 49.228624287320827 ], [ 14.772245816806731, 49.236008647298377 ], [ 14.763796957642114, 49.235584288703194 ], [ 14.759767501553142, 49.232104410586146 ], [ 14.755478080207354, 49.231085863098201 ], [ 14.754698185335656, 49.216823996120127 ], [ 14.760547396425011, 49.213003154318756 ], [ 14.76262711488539, 49.207228877113039 ], [ 14.76574669437241, 49.20663442773963 ], [ 14.767696431102706, 49.2039168553016 ], [ 14.768996255589684, 49.189052486648507 ], [ 14.789923430008116, 49.189477244870886 ], [ 14.795512675840655, 49.185569331554689 ], [ 14.805001395133786, 49.184549824940461 ], [ 14.806951131864082, 49.177157775256831 ], [ 14.811760482824923, 49.176053121560471 ], [ 14.813190289041813, 49.172484070905114 ], [ 14.812930324683521, 49.1699345916266 ], [ 14.810330675709736, 49.168404840686605 ], [ 14.794082868725468, 49.167554958825349 ], [ 14.791873167636709, 49.164070290555856 ], [ 14.782124483086761, 49.158885330311421 ], [ 14.780304728984902, 49.15735523858541 ], [ 14.781344588215063, 49.147748581097403 ], [ 14.79278304423849, 49.141541519711097 ], [ 14.794342833982057, 49.138990447292883 ], [ 14.799412149301247, 49.137289659395549 ], [ 14.800452009429762, 49.135248636410267 ], [ 14.809420798209658, 49.13380286163266 ], [ 14.811760482824923, 49.132186944939974 ], [ 14.813840202183655, 49.125637692306782 ], [ 14.8182596052593, 49.124872138922512 ], [ 14.826188534809035, 49.11730102918051 ], [ 14.825148675578816, 49.113982987141355 ], [ 14.822808990963381, 49.112962006974612 ], [ 14.800192044173116, 49.112706758208674 ], [ 14.800192044173116, 49.119938288631715 ], [ 14.793432956481979, 49.122320208556118 ], [ 14.792523079880198, 49.12521238626482 ], [ 14.787063816675868, 49.127168764205862 ], [ 14.78654388706093, 49.129295174036656 ], [ 14.783294324945359, 49.130060659133676 ], [ 14.779914781099876, 49.133377625628214 ], [ 14.77276574642184, 49.134058001249286 ], [ 14.768996255589684, 49.133122481922044 ], [ 14.767176501487768, 49.126828530287526 ], [ 14.76093734341174, 49.124531889245532 ], [ 14.760417413796631, 49.12206500853182 ], [ 14.742219870082067, 49.121809806606279 ], [ 14.739620221108282, 49.124616952030635 ], [ 14.735850730275899, 49.125552631860444 ], [ 14.735200818032411, 49.13720461835112 ], [ 14.729871537456631, 49.139670745875549 ], [ 14.728181765084685, 49.146473221063673 ], [ 14.720902747778439, 49.150639275523645 ], [ 14.708034484639825, 49.150894329062282 ], [ 14.703355116307364, 49.149704069156712 ], [ 14.701665344833657, 49.147323464733631 ], [ 14.685157573491097, 49.146218144765101 ], [ 14.685132104681429, 49.146189368050386 ], [ 14.683727766375739, 49.144602633398279 ], [ 14.684117713362582, 49.139755782688837 ], [ 14.689966924451767, 49.136354201057543 ], [ 14.689187029580069, 49.122320208556118 ], [ 14.683467801119093, 49.120023358708352 ], [ 14.682427941888932, 49.117215953846539 ], [ 14.672549275609072, 49.112706758208674 ], [ 14.66319053894415, 49.113387418078162 ], [ 14.663970433815848, 49.118151773319482 ], [ 14.661370784842063, 49.121129262893874 ], [ 14.653701819650848, 49.120874056153127 ], [ 14.645772890101284, 49.115769652605991 ], [ 14.645252960486175, 49.105899649385606 ], [ 14.645902872729664, 49.104538115431012 ], [ 14.650452258433745, 49.103772236348391 ], [ 14.650972188048854, 49.09330403557567 ], [ 14.649932328818636, 49.091516561072694 ], [ 14.644473065614477, 49.089814144680133 ], [ 14.643693170742608, 49.08785629330805 ], [ 14.632124732090801, 49.085642977334203 ], [ 14.631864767732282, 49.07704416037086 ], [ 14.633294574847469, 49.074660066022432 ], [ 14.641483468755553, 49.070061847439433 ], [ 14.648112573818253, 49.070487626309557 ], [ 14.654871661509446, 49.074489769568686 ], [ 14.67488895932604, 49.074319471942715 ], [ 14.682947871503984, 49.067932898355252 ], [ 14.685157573491097, 49.061460332836816 ], [ 14.696076099001118, 49.055498012991336 ], [ 14.697115959129633, 49.051749903495704 ], [ 14.694776274514311, 49.049023827862527 ], [ 14.683467801119093, 49.046893977454147 ], [ 14.68333781938901, 49.037351127480065 ], [ 14.676578731698044, 49.034198176284121 ], [ 14.676968678684545, 49.028317815079959 ], [ 14.682817888875604, 49.026783693119455 ], [ 14.683727766375739, 49.024652890197615 ], [ 14.689446993938361, 49.022181044617298 ], [ 14.689836941823387, 49.013485991042046 ], [ 14.682297959260495, 49.007773707649051 ], [ 14.682687906247395, 49.003766192274213 ], [ 14.684637643875988, 49.002316585860854 ], [ 14.714533607972498, 49.001378582790437 ], [ 14.716223379446149, 48.998138073259497 ], [ 14.719602923291632, 48.997711674699815 ], [ 14.724022326367333, 48.993959209505931 ], [ 14.738580361878064, 48.99412978245249 ], [ 14.74092004559509, 48.991229967059496 ], [ 14.739100291493173, 48.985856333000186 ], [ 14.735330799762494, 48.984235599683416 ], [ 14.735330799762494, 48.979458393794914 ], [ 14.728701694699794, 48.975363282266471 ], [ 14.727401870212816, 48.968452018144546 ], [ 14.721552660021928, 48.966404051751681 ], [ 14.720122852906741, 48.964270664473986 ], [ 14.714663589702582, 48.963246606515725 ], [ 14.715703449830869, 48.957955303334529 ], [ 14.72064278252185, 48.95530944123459 ], [ 14.734420923160712, 48.954541260997303 ], [ 14.734810870147442, 48.951639141914484 ], [ 14.740270133351601, 48.950102657756304 ], [ 14.744169606812363, 48.946773445438566 ], [ 14.778484974882815, 48.945578289686409 ], [ 14.778744939241278, 48.939089801082901 ], [ 14.760287431168251, 48.937126012938052 ], [ 14.759247571938033, 48.934905985761532 ], [ 14.75560806283579, 48.934052102911267 ], [ 14.747679133286226, 48.928416109679119 ], [ 14.748329045529715, 48.92192538997466 ], [ 14.752488484247067, 48.921156696379114 ], [ 14.755348097579144, 48.917483884984904 ], [ 14.759897484181522, 48.916800541742134 ], [ 14.773025711678656, 48.917996386577386 ], [ 14.774975448408952, 48.921327517872783 ], [ 14.791483219751683, 48.920900462158102 ], [ 14.792393097251818, 48.915433826622007 ], [ 14.790963290136574, 48.913212834873661 ], [ 14.78654388706093, 48.911846021596887 ], [ 14.785763992189061, 48.900910169789086 ], [ 14.78654388706093, 48.896894060867567 ], [ 14.792133131995172, 48.892706710481718 ], [ 14.792133131995172, 48.887749801137204 ], [ 14.798372290071029, 48.884501904887486 ], [ 14.79811232481444, 48.88082639883504 ], [ 14.792133131995172, 48.877919993914418 ], [ 14.792653061610281, 48.870995230186281 ], [ 14.797462412570951, 48.86962726286572 ], [ 14.799932078916356, 48.865950663740819 ], [ 14.803701570646979, 48.865437628364191 ], [ 14.810070710452976, 48.858938726385304 ], [ 14.818909517502789, 48.853721891907128 ], [ 14.840876552049735, 48.853721891907128 ], [ 14.845425937753816, 48.845168527660917 ], [ 14.860113954994461, 48.845168527660917 ], [ 14.86544323557024, 48.849188790797143 ], [ 14.871422428389678, 48.849530925809574 ], [ 14.874801972235161, 48.849103256530896 ], [ 14.875711849735296, 48.845938390695892 ], [ 14.881041130311246, 48.84311550308604 ], [ 14.880911147682809, 48.834132530473312 ], [ 14.876101796721969, 48.830966717933393 ], [ 14.874931954863598, 48.82420661083529 ], [ 14.881301094669539, 48.822666206043664 ], [ 14.881561059926298, 48.820612258549772 ], [ 14.887670235374003, 48.818387054174025 ], [ 14.888710094604164, 48.815990570118345 ], [ 14.893779409923354, 48.813080399570424 ], [ 14.895729147551947, 48.806660307525988 ], [ 14.900538497614491, 48.803492759370442 ], [ 14.899888585371002, 48.798783872451111 ], [ 14.894689287423432, 48.796386451344176 ], [ 14.894299340436703, 48.791077467520608 ], [ 14.901188409857809, 48.786196131862766 ], [ 14.910677129151111, 48.7850827779817 ], [ 14.912886831138167, 48.782085164948853 ], [ 14.9109370944077, 48.77686032559393 ], [ 14.907297585305457, 48.776089401751619 ], [ 14.904421432366519, 48.771817728254405 ] ] ] } },
{ "type": "Feature", "properties": { "shapeName": "Tábor", "shapeISO": "", "shapeID": "57006924B74433439756021", "shapeGroup": "CZE", "shapeType": "ADM2" }, "geometry": { "type": "Polygon", "coordinates": [ [ [ 14.592838990740972, 49.540228405237031 ], [ 14.59079031286899, 49.541613204013117 ], [ 14.576492242615018, 49.541781893451343 ], [ 14.572332803897666, 49.537986232363494 ], [ 14.569863137552261, 49.537817529822007 ], [ 14.531648296021046, 49.537733178041321 ], [ 14.519299963395667, 49.545745936051844 ], [ 14.478615455519048, 49.545492921913137 ], [ 14.475365894301945, 49.543215733368356 ], [ 14.474964337264566, 49.542906313283595 ], [ 14.475625858660237, 49.525163152577591 ], [ 14.468086876995699, 49.521197440256572 ], [ 14.45716835058721, 49.519425422264533 ], [ 14.45716835058721, 49.480678131918296 ], [ 14.460677877061073, 49.478397923888281 ], [ 14.475625858660237, 49.477722286606877 ], [ 14.478225508532319, 49.474259497927221 ], [ 14.482124981992911, 49.473583802969472 ], [ 14.484204701351587, 49.46716423917286 ], [ 14.482384946351431, 49.465559216920326 ], [ 14.470166596354375, 49.463869662884633 ], [ 14.470296578084287, 49.44240725692265 ], [ 14.469516684110886, 49.440463347022728 ], [ 14.463017560778269, 49.437843172188821 ], [ 14.463537491291675, 49.433025065992183 ], [ 14.469386701482506, 49.429897269956655 ], [ 14.469126736225917, 49.423133786430014 ], [ 14.464577350521836, 49.422203734412733 ], [ 14.463147543406649, 49.420428131717074 ], [ 14.46262761379154, 49.414593556123407 ], [ 14.444300088346893, 49.413240511978927 ], [ 14.444430070076805, 49.407489658989221 ], [ 14.45560856174194, 49.400807674215173 ], [ 14.458078228087288, 49.393194178948079 ], [ 14.46236764853478, 49.3926019685033 ], [ 14.464057420906727, 49.389640810350329 ], [ 14.463927438278347, 49.377963647021431 ], [ 14.456778403600481, 49.373901374270133 ], [ 14.456778403600481, 49.369161631999873 ], [ 14.453918789370107, 49.367384110754074 ], [ 14.425972562003722, 49.367299465755707 ], [ 14.424022825273482, 49.361543231808412 ], [ 14.424932702773731, 49.356463641957816 ], [ 14.429872035464484, 49.354092987651541 ], [ 14.430781912964619, 49.347149698967428 ], [ 14.42558261501722, 49.345879479197208 ], [ 14.416743807967407, 49.337833991862169 ], [ 14.411934457006566, 49.336987022000471 ], [ 14.411544510019837, 49.32902479296223 ], [ 14.409854737647834, 49.328347096617676 ], [ 14.398838301161788, 49.328347096617676 ], [ 14.400392015599095, 49.321020607317621 ], [ 14.40363637736732, 49.321129055658787 ], [ 14.405716096725996, 49.319122726492878 ], [ 14.405799285212822, 49.309523751589211 ], [ 14.409958723930174, 49.308384766402696 ], [ 14.412204820262787, 49.305835512743499 ], [ 14.413535840544512, 49.299543173258144 ], [ 14.417362524415978, 49.299000692691379 ], [ 14.418943111056535, 49.288475386437767 ], [ 14.425265457619446, 49.284459986915408 ], [ 14.426263723055456, 49.273985851600969 ], [ 14.435830431386762, 49.274908532952736 ], [ 14.446977726358625, 49.281909495561081 ], [ 14.469105939328699, 49.281800960876069 ], [ 14.470270581738419, 49.279575951583865 ], [ 14.475511474378493, 49.277785017801079 ], [ 14.47757559628883, 49.26706179674153 ], [ 14.48264491160802, 49.265535049636242 ], [ 14.483554789108098, 49.262905540580391 ], [ 14.495123226861836, 49.256543245803186 ], [ 14.497722875835393, 49.249755893394536 ], [ 14.50266220942467, 49.246786133509033 ], [ 14.503832051283268, 49.236602743441154 ], [ 14.506691665513642, 49.236178389950112 ], [ 14.510591138974235, 49.231764897285643 ], [ 14.517220244036935, 49.2310009830951 ], [ 14.521639647112806, 49.232359043883321 ], [ 14.522679507241321, 49.235075053459354 ], [ 14.530348471534239, 49.236093518697203 ], [ 14.543996629544722, 49.235754032226794 ], [ 14.55478517332466, 49.230321938994109 ], [ 14.555955015183258, 49.22769055391808 ], [ 14.572852733512718, 49.228199865287706 ], [ 14.576622225243398, 49.231680018449254 ], [ 14.582081488447557, 49.232019532333084 ], [ 14.587280786395127, 49.228709171407274 ], [ 14.593000013957578, 49.227351010283598 ], [ 14.593649926201067, 49.215720227948509 ], [ 14.587150803766747, 49.213767346189115 ], [ 14.586630874151638, 49.204935962248328 ], [ 14.587540750753419, 49.202897726764661 ], [ 14.597809364918476, 49.201793647636975 ], [ 14.599889084277152, 49.198736068330959 ], [ 14.606388206711472, 49.196272880486674 ], [ 14.607168101583397, 49.193894514444821 ], [ 14.61236739953074, 49.19211066457342 ], [ 14.612757347415936, 49.177582635589147 ], [ 14.624065820811154, 49.175968147042568 ], [ 14.627315382028257, 49.17290897135365 ], [ 14.631604802475692, 49.17214414803783 ], [ 14.634984346321176, 49.168064889810069 ], [ 14.644343082986097, 49.167130012424082 ], [ 14.646292819716393, 49.1601603708379 ], [ 14.650842205420474, 49.158715322780381 ], [ 14.651882065548932, 49.156335150782922 ], [ 14.66825985426334, 49.155315041971789 ], [ 14.672159327723875, 49.151829512373695 ], [ 14.68320783676063, 49.150639275523645 ], [ 14.685132104681429, 49.146189368050386 ], [ 14.685157573491097, 49.146218144765101 ], [ 14.701665344833657, 49.147323464733631 ], [ 14.703355116307364, 49.149704069156712 ], [ 14.708034484639825, 49.150894329062282 ], [ 14.720902747778439, 49.150639275523645 ], [ 14.728181765084685, 49.146473221063673 ], [ 14.729871537456631, 49.139670745875549 ], [ 14.735200818032411, 49.13720461835112 ], [ 14.735850730275899, 49.125552631860444 ], [ 14.739620221108282, 49.124616952030635 ], [ 14.742219870082067, 49.121809806606279 ], [ 14.760417413796631, 49.12206500853182 ], [ 14.76093734341174, 49.124531889245532 ], [ 14.767176501487768, 49.126828530287526 ], [ 14.768996255589684, 49.133122481922044 ], [ 14.77276574642184, 49.134058001249286 ], [ 14.779914781099876, 49.133377625628214 ], [ 14.783294324945359, 49.130060659133676 ], [ 14.78654388706093, 49.129295174036656 ], [ 14.787063816675868, 49.127168764205862 ], [ 14.792523079880198, 49.12521238626482 ], [ 14.793432956481979, 49.122320208556118 ], [ 14.800192044173116, 49.119938288631715 ], [ 14.800192044173116, 49.112706758208674 ], [ 14.822808990963381, 49.112962006974612 ], [ 14.825148675578816, 49.113982987141355 ], [ 14.826188534809035, 49.11730102918051 ], [ 14.8182596052593, 49.124872138922512 ], [ 14.813840202183655, 49.125637692306782 ], [ 14.811760482824923, 49.132186944939974 ], [ 14.809420798209658, 49.13380286163266 ], [ 14.800452009429762, 49.135248636410267 ], [ 14.799412149301247, 49.137289659395549 ], [ 14.794342833982057, 49.138990447292883 ], [ 14.79278304423849, 49.141541519711097 ], [ 14.781344588215063, 49.147748581097403 ], [ 14.780304728984902, 49.15735523858541 ], [ 14.782124483086761, 49.158885330311421 ], [ 14.791873167636709, 49.164070290555856 ], [ 14.794082868725468, 49.167554958825349 ], [ 14.810330675709736, 49.168404840686605 ], [ 14.812930324683521, 49.1699345916266 ], [ 14.813190289041813, 49.172484070905114 ], [ 14.811760482824923, 49.176053121560471 ], [ 14.806951131864082, 49.177157775256831 ], [ 14.805001395133786, 49.184549824940461 ], [ 14.795512675840655, 49.185569331554689 ], [ 14.789923430008116, 49.189477244870886 ], [ 14.768996255589684, 49.189052486648507 ], [ 14.767696431102706, 49.2039168553016 ], [ 14.76574669437241, 49.20663442773963 ], [ 14.76262711488539, 49.207228877113039 ], [ 14.760547396425011, 49.213003154318756 ], [ 14.754698185335656, 49.216823996120127 ], [ 14.755478080207354, 49.231085863098201 ], [ 14.759767501553142, 49.232104410586146 ], [ 14.763796957642114, 49.235584288703194 ], [ 14.772245816806731, 49.236008647298377 ], [ 14.774975448408952, 49.228624287320827 ], [ 14.784854114688926, 49.227011464315922 ], [ 14.788753588149518, 49.224125227911372 ], [ 14.798762237057929, 49.222766940782378 ], [ 14.802661710518521, 49.219540859730671 ], [ 14.814490114427144, 49.218691855968586 ], [ 14.820859254233085, 49.222342468434647 ], [ 14.829178130769492, 49.223191409484173 ], [ 14.838666850062623, 49.228963822204946 ], [ 14.839056797947649, 49.231425381065378 ], [ 14.850755218329539, 49.232783430186714 ], [ 14.853094902945031, 49.235669160831151 ], [ 14.872462287619896, 49.236008647298377 ], [ 14.878311498709081, 49.2375363078188 ], [ 14.877401621208946, 49.24356162075361 ], [ 14.872202323261376, 49.245683034575109 ], [ 14.871422428389678, 49.248143760310427 ], [ 14.871942358004787, 49.258748934326547 ], [ 14.878051533452435, 49.262905540580391 ], [ 14.879221375311033, 49.269521457445421 ], [ 14.884030726271703, 49.270539211667483 ], [ 14.892219621078027, 49.277662906271303 ], [ 14.896898989410488, 49.27876529116844 ], [ 14.897678884282186, 49.280800397785185 ], [ 14.896249077166999, 49.285972582873057 ], [ 14.887410270117357, 49.287074781439571 ], [ 14.878701445695924, 49.291907208639316 ], [ 14.877921550824055, 49.294450400997334 ], [ 14.871162463132919, 49.298519236209074 ], [ 14.871162463132919, 49.30207919141418 ], [ 14.877271638580567, 49.304113335821398 ], [ 14.881171112041329, 49.307842383165735 ], [ 14.905217865946781, 49.307588138583696 ], [ 14.909247322035753, 49.308350867222714 ], [ 14.911587006651189, 49.311655889189069 ], [ 14.930434107224357, 49.31335669414068 ], [ 14.930044514724273, 49.319959836784903 ], [ 14.928224760622186, 49.324534882834655 ], [ 14.912626865881407, 49.324958476720099 ], [ 14.91080711177932, 49.338257471327211 ], [ 14.911587006651189, 49.341306416027464 ], [ 14.91613639235527, 49.342322689146442 ], [ 14.918086129085566, 49.345794796596181 ], [ 14.930694426967591, 49.351637546539962 ], [ 14.930564444339325, 49.36933091660876 ], [ 14.929264619852347, 49.371193006492831 ], [ 14.925625111648401, 49.37187011228059 ], [ 14.907427567933837, 49.3719547499947 ], [ 14.903138146588049, 49.376186444041934 ], [ 14.898978708769164, 49.376863481047621 ], [ 14.898068831268915, 49.383379487837942 ], [ 14.898458778255815, 49.395139961994744 ], [ 14.904307989344943, 49.399285069813686 ], [ 14.904827918960052, 49.412310273042067 ], [ 14.9109370944077, 49.415354627465888 ], [ 14.911716989279569, 49.432602402538237 ], [ 14.917696182098837, 49.43801221959319 ], [ 14.919255970944164, 49.447477964116672 ], [ 14.924845216776703, 49.449506100628014 ], [ 14.925105181134995, 49.461419705578408 ], [ 14.926015058635301, 49.463869662884633 ], [ 14.930824409595971, 49.466657395567154 ], [ 14.931604304467839, 49.504402881920896 ], [ 14.930434461710945, 49.507019498880823 ], [ 14.924455268891506, 49.510311172796662 ], [ 14.922765497418027, 49.515881193638393 ], [ 14.911976953637918, 49.516725080839194 ], [ 14.913016813766376, 49.524066285318725 ], [ 14.924325287161594, 49.525500645020998 ], [ 14.92783481273716, 49.528284870098901 ], [ 14.938753339145705, 49.52820050186557 ], [ 14.944992497221563, 49.530309661101455 ], [ 14.944212602349864, 49.544733871051847 ], [ 14.932644163698058, 49.54642063498784 ], [ 14.928675611314986, 49.550176676400156 ], [ 14.928614707608858, 49.550131310543463 ], [ 14.906387708703619, 49.550721619555645 ], [ 14.905087883318515, 49.557551816687749 ], [ 14.900538497614491, 49.559828337003864 ], [ 14.899368655755893, 49.565224108722703 ], [ 14.893259480308245, 49.56792177127312 ], [ 14.892479585436377, 49.575086712961934 ], [ 14.887280287488977, 49.576266720593651 ], [ 14.88559051601527, 49.579385173272158 ], [ 14.881041130311246, 49.580396520881152 ], [ 14.877531603837326, 49.587643897144403 ], [ 14.835807236730545, 49.587896693509038 ], [ 14.834247446986979, 49.592194025458866 ], [ 14.82839823679592, 49.594553183684638 ], [ 14.827618341924222, 49.600113605822628 ], [ 14.821509166476574, 49.602219660728224 ], [ 14.820339324617976, 49.604325625252216 ], [ 14.790443360521522, 49.605083749887115 ], [ 14.788233658534409, 49.608537280248697 ], [ 14.78264441270187, 49.611822118449993 ], [ 14.781994500458381, 49.616201558773469 ], [ 14.780174746356465, 49.617548999748578 ], [ 14.775495378024004, 49.617548999748578 ], [ 14.755998009822463, 49.612159012311622 ], [ 14.75560806283579, 49.609969159714581 ], [ 14.749758852644902, 49.607694978357017 ], [ 14.748848975144824, 49.597838964702191 ], [ 14.737150554762707, 49.595058702910592 ], [ 14.737150554762707, 49.586042825410004 ], [ 14.734810870147442, 49.584104615148362 ], [ 14.731171361943439, 49.584020343871487 ], [ 14.729611572199872, 49.578120959575756 ], [ 14.729611572199872, 49.56589853862647 ], [ 14.731171361943439, 49.563706608394796 ], [ 14.73559076501931, 49.562357679294848 ], [ 14.736630624249301, 49.550805948332652 ], [ 14.719082993676523, 49.549456663436956 ], [ 14.714403625344062, 49.545998949463296 ], [ 14.699975573360177, 49.545324244704034 ], [ 14.689576976566741, 49.537901880874017 ], [ 14.678138520543143, 49.53714271208338 ], [ 14.677618590928034, 49.534949491100065 ], [ 14.672809239967364, 49.532334368238025 ], [ 14.672549275609072, 49.529719105455115 ], [ 14.659291065483387, 49.527947396292291 ], [ 14.659031100226798, 49.509720376167991 ], [ 14.657471310483174, 49.5080323449003 ], [ 14.647592644203201, 49.508285553566282 ], [ 14.644992995229586, 49.515628024872058 ], [ 14.639923679910225, 49.517231406287067 ], [ 14.638233907538449, 49.524150660686587 ], [ 14.626405504528122, 49.525247526052738 ], [ 14.623935838182774, 49.528622340992968 ], [ 14.609637767928746, 49.529044176480227 ], [ 14.602748698507696, 49.524994405190853 ], [ 14.588190662996908, 49.5255850179135 ], [ 14.587410769023506, 49.531659475371953 ], [ 14.594559803701372, 49.534358992092336 ], [ 14.593909891457884, 49.539504532527531 ], [ 14.592838990740972, 49.540228405237031 ] ] ] } },
{ "type": "Feature", "properties": { "shapeName": "Třebíč", "shapeISO": "", "shapeID": "57006924B42369994804969", "shapeGroup": "CZE", "shapeType": "ADM2" }, "geometry": { "type": "Polygon", "coordinates": [ [ [ 15.588576938264339, 48.957114781719724 ], [ 15.606225293701982, 48.957178691174136 ], [ 15.60940743545865, 48.953439505395352 ], [ 15.625206487246203, 48.95259631727123 ], [ 15.627048779180313, 48.95109320641842 ], [ 15.626713817173936, 48.946583603324598 ], [ 15.63201738616965, 48.944420315773527 ], [ 15.650499624862391, 48.944743439945398 ], [ 15.653639895245476, 48.948295375758278 ], [ 15.658263072160366, 48.949555679534114 ], [ 15.660094896924761, 48.964562302192064 ], [ 15.670475237256596, 48.964905912275697 ], [ 15.674575035025612, 48.96129788654298 ], [ 15.678849292809218, 48.961068796646941 ], [ 15.690625308767153, 48.965650392865086 ], [ 15.693765579150295, 48.969029050379163 ], [ 15.700656729967875, 48.969200840327858 ], [ 15.703797000351017, 48.967597443669717 ], [ 15.705977744246525, 48.961412431391238 ], [ 15.717230381956824, 48.959980606008173 ], [ 15.718189908444458, 48.95705955519287 ], [ 15.724034301868755, 48.953393680281692 ], [ 15.732757276552661, 48.952076190996024 ], [ 15.736072006950394, 48.953737367314147 ], [ 15.736420926081507, 48.958606015134137 ], [ 15.741567481243635, 48.961011524450896 ], [ 15.743922684255608, 48.968227355733063 ], [ 15.755088091958726, 48.973724431852872 ], [ 15.757792214101642, 48.981052923306379 ], [ 15.772534041326196, 48.981510917842513 ], [ 15.778116745626789, 48.98528921556715 ], [ 15.794254248477444, 48.986205123749357 ], [ 15.794952086739613, 48.994905408336194 ], [ 15.796260533256657, 48.997251935379268 ], [ 15.800709250156558, 48.998682689900534 ], [ 15.802104925782658, 49.004920301691698 ], [ 15.818853037786425, 49.00617917460886 ], [ 15.823127295570032, 49.010356114604519 ], [ 15.843713515320758, 49.010699409634071 ], [ 15.846941016609378, 49.013159617973372 ], [ 15.85234926089538, 49.014361071090093 ], [ 15.871278115896359, 49.01493318134635 ], [ 15.873895008032036, 49.017450389070007 ], [ 15.877558657560883, 49.017965256465288 ], [ 15.879564941441572, 49.019109387558274 ], [ 15.879652171448981, 49.025802028160342 ], [ 15.886194402237209, 49.029062219668958 ], [ 15.886194402237209, 49.038555594782679 ], [ 15.8969236617001, 49.039527705583112 ], [ 15.900849000352821, 49.035696334835109 ], [ 15.90451264988161, 49.03501008836804 ], [ 15.906518933762527, 49.030778023797382 ], [ 15.922743666620363, 49.030892408988848 ], [ 15.930681573932986, 49.035524774105966 ], [ 15.931815560435211, 49.046274774980873 ], [ 15.942632049007216, 49.047532602132605 ], [ 15.945074482026428, 49.050619860403685 ], [ 15.953884686717572, 49.055136059794165 ], [ 15.96103752576056, 49.055193224417053 ], [ 15.964701175289576, 49.052334920991484 ], [ 15.969237122196887, 49.051420229491839 ], [ 15.970371108699283, 49.040042344577785 ], [ 15.982408814679047, 49.03781220321963 ], [ 15.982844962919216, 49.035524774105966 ], [ 15.98772982895764, 49.034323831844915 ], [ 15.989910572853148, 49.026488402235827 ], [ 15.993486992374756, 49.025573235286799 ], [ 16.007967130475606, 49.025573235286799 ], [ 16.013898753009016, 49.027003176137896 ], [ 16.021138822059413, 49.032894101379213 ], [ 16.032827608009939, 49.034209455131872 ], [ 16.03396159541046, 49.040442615866084 ], [ 16.036142338407672, 49.04198648965189 ], [ 16.05446058605213, 49.041814950028822 ], [ 16.061613425095175, 49.037297540560473 ], [ 16.082723023991605, 49.036725687373803 ], [ 16.096330864713934, 49.037640649787932 ], [ 16.100605122497541, 49.040785703398512 ], [ 16.121365802262915, 49.041243148778733 ], [ 16.124244383522296, 49.044044912500738 ], [ 16.136631007735048, 49.046046075663071 ], [ 16.138201143375738, 49.064338690299451 ], [ 16.14264986027564, 49.066167581067305 ], [ 16.145528442433374, 49.069825161847064 ], [ 16.150500537581081, 49.071139538861758 ], [ 16.151547294974193, 49.073139611462807 ], [ 16.160095810541577, 49.074225331692787 ], [ 16.162974391801015, 49.073425329799306 ], [ 16.165852973060396, 49.069710866192167 ], [ 16.172046285615806, 49.069653718854454 ], [ 16.177803449032751, 49.073196755379286 ], [ 16.193243114519476, 49.073996760953776 ], [ 16.198825817922, 49.069539422805235 ], [ 16.207810481729439, 49.07028234007214 ], [ 16.20938061737013, 49.072853891483248 ], [ 16.218975889432556, 49.07731093226397 ], [ 16.221941701597473, 49.080796287590431 ], [ 16.22752440499977, 49.08273883852479 ], [ 16.228396702378461, 49.08485270519742 ], [ 16.228309472371052, 49.088737413752256 ], [ 16.225779810242784, 49.090222663556801 ], [ 16.215661159034653, 49.092107723668562 ], [ 16.216446227304232, 49.097990936516794 ], [ 16.246017111760523, 49.098847657138549 ], [ 16.24793616563403, 49.1009037254737 ], [ 16.254740086444428, 49.104501640841647 ], [ 16.254129478189668, 49.110154981001926 ], [ 16.244446976120003, 49.111125691672669 ], [ 16.234938933166688, 49.118947784579973 ], [ 16.226913796745009, 49.119861233047914 ], [ 16.218103592054035, 49.124314054813112 ], [ 16.216184538180528, 49.127853191739575 ], [ 16.205455278717636, 49.128937715695713 ], [ 16.204321292215241, 49.139039769527358 ], [ 16.205978656965044, 49.140808844004539 ], [ 16.21234642863692, 49.14120830371462 ], [ 16.216097308173119, 49.140352315098994 ], [ 16.218888660323444, 49.137156492070403 ], [ 16.226215958482953, 49.136015076931415 ], [ 16.235375082304984, 49.137213562313661 ], [ 16.238689812702887, 49.140181115601763 ], [ 16.24340021872672, 49.141550695608828 ], [ 16.242964070486551, 49.148226856223914 ], [ 16.237817515324423, 49.150223823608258 ], [ 16.23746859619331, 49.156328338768844 ], [ 16.232670960162068, 49.158096796066786 ], [ 16.231711432776194, 49.160321539359131 ], [ 16.231624202768785, 49.173439790651287 ], [ 16.260671708977839, 49.174124125431263 ], [ 16.269656372785278, 49.178172914788718 ], [ 16.270877589294912, 49.180453776601041 ], [ 16.271226508426025, 49.201774751158268 ], [ 16.266690561518658, 49.203940539144753 ], [ 16.26416089939039, 49.207417000850114 ], [ 16.241917313093381, 49.208157854315061 ], [ 16.240085488328816, 49.209867473924874 ], [ 16.240085488328816, 49.230720075446641 ], [ 16.241132245722099, 49.232656756231961 ], [ 16.24662772001551, 49.234023778930407 ], [ 16.247587247401441, 49.239947107006969 ], [ 16.253780559058555, 49.241997323938676 ], [ 16.254391167313372, 49.248318291466035 ], [ 16.255365813648211, 49.248821969422977 ], [ 16.246257726407862, 49.250216605512207 ], [ 16.216141892458893, 49.25031248700202 ], [ 16.213065202136647, 49.246554829272497 ], [ 16.190932882967502, 49.246619618634838 ], [ 16.188451681355502, 49.263138198020556 ], [ 16.184084765943453, 49.264498305026791 ], [ 16.182000556805008, 49.267412694221832 ], [ 16.176938905013628, 49.268319357844234 ], [ 16.17554943225457, 49.271751577096495 ], [ 16.158578012546059, 49.272917182058222 ], [ 16.157188539787001, 49.276284330508076 ], [ 16.146469748392065, 49.27686708287905 ], [ 16.141705840506631, 49.281269878127262 ], [ 16.133170506817748, 49.280816667404224 ], [ 16.132078777964637, 49.278097315013497 ], [ 16.126818630834862, 49.276672833049133 ], [ 16.125627653414199, 49.273176201773026 ], [ 16.118978033525309, 49.27239913854828 ], [ 16.117092319725259, 49.260158784253861 ], [ 16.101212628869689, 49.260417870954541 ], [ 16.099426163637247, 49.27239913854828 ], [ 16.087417147152507, 49.273370465373659 ], [ 16.086722410773177, 49.28120513424426 ], [ 16.080866774932986, 49.282888454019599 ], [ 16.079576549843182, 49.286125446429139 ], [ 16.068758510778991, 49.286319659614776 ], [ 16.065582572787605, 49.281917315210762 ], [ 16.050000625837981, 49.281787828474194 ], [ 16.048114912037988, 49.283341645702535 ], [ 16.04831340827468, 49.293246082098165 ], [ 16.042954012577297, 49.295964599125114 ], [ 16.042656268671294, 49.298424080465509 ], [ 16.036999129067794, 49.299718495063587 ], [ 16.034517927455965, 49.303407389771507 ], [ 16.030051764374662, 49.304183963843059 ], [ 16.02955552333367, 49.311237286627716 ], [ 16.020623197171233, 49.316283998674919 ], [ 16.00613297907455, 49.316995672327891 ], [ 16.004346513842052, 49.320489196395101 ], [ 15.98767283893784, 49.321006734700461 ], [ 15.985687877468536, 49.320295118421143 ], [ 15.98449690094634, 49.313566602501396 ], [ 15.978939009012095, 49.31259606741088 ], [ 15.976160062595795, 49.308649028567913 ], [ 15.959486387691584, 49.308649028567913 ], [ 15.95819616260178, 49.32042450401741 ], [ 15.952539022998451, 49.321912413061909 ], [ 15.951745038051342, 49.325599646777619 ], [ 15.946782634827343, 49.326440555607121 ], [ 15.946484890023044, 49.337371069351207 ], [ 15.94479767335821, 49.338341116225308 ], [ 15.930208207592386, 49.338599792240643 ], [ 15.927528509743524, 49.339311143979955 ], [ 15.926734524796586, 49.342091783622607 ], [ 15.915817237164958, 49.342803084887066 ], [ 15.914030771932516, 49.335236899746576 ], [ 15.908969120140966, 49.334396140574427 ], [ 15.907083407239213, 49.330968281747062 ], [ 15.90172401154183, 49.33051552792972 ], [ 15.900036793978472, 49.326117130788816 ], [ 15.87661425061782, 49.326634609946666 ], [ 15.87472853681777, 49.333814068209392 ], [ 15.863513505280196, 49.335624937147543 ], [ 15.86142929614175, 49.339052471703496 ], [ 15.856665388256147, 49.339569814897004 ], [ 15.855474411733951, 49.343449713159032 ], [ 15.849916519799706, 49.344290317677121 ], [ 15.849972494244355, 49.347681428467013 ], [ 15.833242843997198, 49.347846561699612 ], [ 15.828578185577499, 49.344096333518792 ], [ 15.817263905472316, 49.342997074143909 ], [ 15.815278944002955, 49.340281152030002 ], [ 15.804560152608246, 49.340022485437316 ], [ 15.803567672322743, 49.347911218632362 ], [ 15.798406771963755, 49.349462951337216 ], [ 15.796918051535386, 49.352307668489345 ], [ 15.789275950462923, 49.352436969959172 ], [ 15.785306027524427, 49.351790459211827 ], [ 15.783122569818431, 49.348493124278548 ], [ 15.779648887022631, 49.347846561699612 ], [ 15.770121073048188, 49.340604484383277 ], [ 15.746599281119927, 49.339957818137748 ], [ 15.746500032552547, 49.328833834520822 ], [ 15.751462435776318, 49.32702271516041 ], [ 15.751760180580789, 49.317125066592439 ], [ 15.750469955490985, 49.315248817363567 ], [ 15.739751164096106, 49.314472417688023 ], [ 15.736872970010552, 49.310654940449353 ], [ 15.727543651374503, 49.310784351371126 ], [ 15.725657938472978, 49.309231398457825 ], [ 15.726352674852478, 49.2992654539093 ], [ 15.731315078076307, 49.298359358521054 ], [ 15.734292519830944, 49.294346452470961 ], [ 15.743522590797681, 49.293699178583665 ], [ 15.744118078609631, 49.286708082519112 ], [ 15.726352674852478, 49.285219110068169 ], [ 15.722978240624116, 49.281917315210762 ], [ 15.705907572347996, 49.280816667404224 ], [ 15.705808324678912, 49.265599316992848 ], [ 15.711465464282242, 49.263915406530771 ], [ 15.712954185608737, 49.26132466310969 ], [ 15.724466961052258, 49.255365437293051 ], [ 15.724268465713862, 49.241176994133866 ], [ 15.709778247617351, 49.232363853950517 ], [ 15.700945169123997, 49.231197291051785 ], [ 15.69518878095306, 49.235474553475683 ], [ 15.680500067517983, 49.235733769740534 ], [ 15.675835408200157, 49.239751445546972 ], [ 15.667101578274412, 49.240205033545237 ], [ 15.665513608380309, 49.247137932818362 ], [ 15.660451957487226, 49.249211133969425 ], [ 15.659360228634341, 49.255494993395075 ], [ 15.657276019495896, 49.25698486383493 ], [ 15.64715271591291, 49.256337099476866 ], [ 15.646160235627406, 49.253357275692508 ], [ 15.641297080072718, 49.251349031807706 ], [ 15.639709111076968, 49.236641015368264 ], [ 15.62879182344534, 49.23553935737624 ], [ 15.62720385444959, 49.233984034433661 ], [ 15.627799343159836, 49.228021507909205 ], [ 15.632960242620527, 49.226530763980747 ], [ 15.635044451758915, 49.223743600154251 ], [ 15.644373770394964, 49.222576833706171 ], [ 15.64625948329649, 49.220372865841227 ], [ 15.645366250680297, 49.211556013793654 ], [ 15.640006854982914, 49.210259285152745 ], [ 15.638518134554715, 49.207082156264448 ], [ 15.632464002477832, 49.205136874823097 ], [ 15.632067010004278, 49.196447016132311 ], [ 15.633654979000028, 49.194047308106235 ], [ 15.651221887418785, 49.193074420272296 ], [ 15.652512111610292, 49.176921690703466 ], [ 15.656581283116338, 49.176143112314548 ], [ 15.663727143147867, 49.170757613052672 ], [ 15.663826391715475, 49.152066033861956 ], [ 15.65072564637785, 49.149534339765637 ], [ 15.650229406235155, 49.124080386688945 ], [ 15.649236925949651, 49.122326699550001 ], [ 15.643778281684718, 49.120507995792252 ], [ 15.643182793872597, 49.115051483164734 ], [ 15.649931662329038, 49.112387967656161 ], [ 15.649733166092346, 49.105826014111017 ], [ 15.636830916991414, 49.099977997589633 ], [ 15.636036932942773, 49.09672880187378 ], [ 15.624226412694725, 49.095689014345169 ], [ 15.615889574344408, 49.08905985660175 ], [ 15.597709442173482, 49.088209427081154 ], [ 15.597634392924363, 49.079853838891609 ], [ 15.596984480681044, 49.07670358263772 ], [ 15.591265253118422, 49.074915510490996 ], [ 15.589185533759746, 49.071509480945849 ], [ 15.559809499278344, 49.07082824666071 ], [ 15.558509674791537, 49.063845060044173 ], [ 15.547461166652965, 49.063163721258434 ], [ 15.545641411652753, 49.061289990548119 ], [ 15.546031359537778, 49.052090652292861 ], [ 15.552140534985426, 49.049620169863545 ], [ 15.552660464600478, 49.044082434866937 ], [ 15.549800850370104, 49.042037577150211 ], [ 15.528743693323293, 49.041952372797994 ], [ 15.526274026977887, 49.040929910951775 ], [ 15.526793956592996, 49.035476423733201 ], [ 15.53173328928375, 49.03274945589925 ], [ 15.53186327191213, 49.025249524448441 ], [ 15.527053920951289, 49.024738124184069 ], [ 15.52523416684943, 49.022351520322673 ], [ 15.520554798516969, 49.020902455562577 ], [ 15.517695184286367, 49.017322231221954 ], [ 15.513015815954077, 49.015446772723919 ], [ 15.512235921980505, 49.013230230831709 ], [ 15.507036623134638, 49.011695644332008 ], [ 15.505086886404342, 49.009137894655282 ], [ 15.495208220124539, 49.008370543658145 ], [ 15.493258483394243, 49.002316585860854 ], [ 15.486369413074726, 48.997967514037782 ], [ 15.488750692382666, 48.992526375937871 ], [ 15.503391915481984, 48.992417205735251 ], [ 15.509797450531778, 48.996074269932819 ], [ 15.521859822452598, 48.996019689043351 ], [ 15.524937807247284, 48.994545977118435 ], [ 15.525686505425767, 48.979642665956362 ], [ 15.529762755656293, 48.979205871971374 ], [ 15.533173495296694, 48.975492965600779 ], [ 15.54640050962729, 48.975219947228027 ], [ 15.551641402267478, 48.970796835489125 ], [ 15.56137448847079, 48.970086916914909 ], [ 15.566365814751975, 48.966537172417986 ], [ 15.573104104647655, 48.965936421061372 ], [ 15.575932523083111, 48.964352588249483 ], [ 15.577679486697605, 48.957361276724896 ], [ 15.588577216208932, 48.957142782595838 ], [ 15.588576938264339, 48.957114781719724 ] ] ] } },
{ "type": "Feature", "properties": { "shapeName": "Pelhřimov", "shapeISO": "", "shapeID": "57006924B47389261447584", "shapeGroup": "CZE", "shapeType": "ADM2" }, "geometry": { "type": "Polygon", "coordinates": [ [ [ 14.928675611314986, 49.550176676400156 ], [ 14.932644163698058, 49.54642063498784 ], [ 14.944212602349864, 49.544733871051847 ], [ 14.944992497221563, 49.530309661101455 ], [ 14.938753339145705, 49.52820050186557 ], [ 14.92783481273716, 49.528284870098901 ], [ 14.924325287161594, 49.525500645020998 ], [ 14.913016813766376, 49.524066285318725 ], [ 14.911976953637918, 49.516725080839194 ], [ 14.922765497418027, 49.515881193638393 ], [ 14.924455268891506, 49.510311172796662 ], [ 14.930434461710945, 49.507019498880823 ], [ 14.931604304467839, 49.504402881920896 ], [ 14.930824409595971, 49.466657395567154 ], [ 14.926015058635301, 49.463869662884633 ], [ 14.925105181134995, 49.461419705578408 ], [ 14.924845216776703, 49.449506100628014 ], [ 14.919255970944164, 49.447477964116672 ], [ 14.917696182098837, 49.43801221959319 ], [ 14.911716989279569, 49.432602402538237 ], [ 14.9109370944077, 49.415354627465888 ], [ 14.904827918960052, 49.412310273042067 ], [ 14.904307989344943, 49.399285069813686 ], [ 14.898458778255815, 49.395139961994744 ], [ 14.898068831268915, 49.383379487837942 ], [ 14.898978708769164, 49.376863481047621 ], [ 14.903138146588049, 49.376186444041934 ], [ 14.907427567933837, 49.3719547499947 ], [ 14.925625111648401, 49.37187011228059 ], [ 14.929264619852347, 49.371193006492831 ], [ 14.930564444339325, 49.36933091660876 ], [ 14.930694426967591, 49.351637546539962 ], [ 14.918086129085566, 49.345794796596181 ], [ 14.91613639235527, 49.342322689146442 ], [ 14.911587006651189, 49.341306416027464 ], [ 14.91080711177932, 49.338257471327211 ], [ 14.912626865881407, 49.324958476720099 ], [ 14.928224760622186, 49.324534882834655 ], [ 14.930044514724273, 49.319959836784903 ], [ 14.930434107224357, 49.31335669414068 ], [ 14.9362836728003, 49.311316922946617 ], [ 14.9378434616454, 49.30885934661751 ], [ 14.948891970682325, 49.307333893275199 ], [ 14.950581742155805, 49.304452351627901 ], [ 14.953961286001459, 49.303774317682326 ], [ 14.955911022731755, 49.296569628319503 ], [ 14.964619847153187, 49.291398554305374 ], [ 14.974498513433048, 49.290126895801734 ], [ 14.980737671509075, 49.285972582873057 ], [ 14.982167478624262, 49.278934886252216 ], [ 14.985806986828266, 49.278171702317479 ], [ 15.00036502144053, 49.278171702317479 ], [ 15.002704706056022, 49.282581047405131 ], [ 15.011933460092564, 49.286989998260026 ], [ 15.014663091694558, 49.293687457183978 ], [ 15.024801723231349, 49.2956371796638 ], [ 15.028311248806915, 49.298943053857215 ], [ 15.037799968100046, 49.29936686786067 ], [ 15.04065958233042, 49.292246308417646 ], [ 15.045598915021401, 49.290126895801734 ], [ 15.047938599636666, 49.286905214348735 ], [ 15.052358002712367, 49.285803011405392 ], [ 15.053397862840825, 49.28317458259977 ], [ 15.060416914890482, 49.278680493114905 ], [ 15.071075476042211, 49.277069304152519 ], [ 15.072635265785777, 49.275203652071696 ], [ 15.079004405591775, 49.273677156332155 ], [ 15.088363142256696, 49.273507543168989 ], [ 15.094212352447528, 49.269860711185743 ], [ 15.103181142125777, 49.268673312595411 ], [ 15.104480966612584, 49.257985437487093 ], [ 15.09174268610218, 49.255016172657918 ], [ 15.092002651358939, 49.24967104547369 ], [ 15.093952388089235, 49.247974058781892 ], [ 15.12826775526139, 49.247804357256314 ], [ 15.135026842952527, 49.243052467757366 ], [ 15.137626491926312, 49.231849775389492 ], [ 15.141395983656992, 49.230831223238226 ], [ 15.145425439745964, 49.222597152632773 ], [ 15.155174123397558, 49.221917992440694 ], [ 15.158423684614661, 49.21826734861844 ], [ 15.167652438651203, 49.219031459106247 ], [ 15.169602175381499, 49.22174820137451 ], [ 15.178051035444582, 49.222682047073988 ], [ 15.181950508905175, 49.22590792307227 ], [ 15.186499894609256, 49.226671915428085 ], [ 15.190399368069848, 49.230491701187759 ], [ 15.195598666017361, 49.2310009830951 ], [ 15.203657578195305, 49.230916103532877 ], [ 15.207946999541093, 49.226926577312724 ], [ 15.212106437360148, 49.226162588894567 ], [ 15.246291822802391, 49.22556836718735 ], [ 15.249541384019494, 49.222512258045981 ], [ 15.256430454339011, 49.221323720276075 ], [ 15.257117000747371, 49.220840810972959 ], [ 15.259291265125341, 49.225493698172556 ], [ 15.264253668349284, 49.226206682777274 ], [ 15.265543893439087, 49.229123332979498 ], [ 15.27090328913647, 49.230289944851506 ], [ 15.272094265658836, 49.234113646647074 ], [ 15.277949901498857, 49.235020922032163 ], [ 15.278644637878415, 49.244222346225627 ], [ 15.277354413686908, 49.246749197690747 ], [ 15.272392009564669, 49.247526664885356 ], [ 15.271002536805725, 49.251089897499924 ], [ 15.271895769421974, 49.254717652268141 ], [ 15.278346893972468, 49.256660982425387 ], [ 15.27844614254002, 49.276219579494068 ], [ 15.291447639310093, 49.276931832457024 ], [ 15.293829592354484, 49.280428197503909 ], [ 15.308716802924721, 49.280622433129565 ], [ 15.313976950952792, 49.275895824906854 ], [ 15.322214540735729, 49.276154828981021 ], [ 15.326085215106787, 49.272463894577584 ], [ 15.343552874958164, 49.272334383020052 ], [ 15.344247611337494, 49.278162063562434 ], [ 15.341964905962413, 49.281140389690563 ], [ 15.337498742881053, 49.282694227904926 ], [ 15.337498742881053, 49.300689283262045 ], [ 15.342858138578606, 49.301854204326332 ], [ 15.345637084096609, 49.305866499696265 ], [ 15.350500239651296, 49.306319480166792 ], [ 15.350698735887988, 49.313243093124413 ], [ 15.362509256135809, 49.314537118469957 ], [ 15.363600984988921, 49.316348696491787 ], [ 15.36260850380512, 49.326828662935952 ], [ 15.352286704883738, 49.32702271516041 ], [ 15.349805503271739, 49.331032960858579 ], [ 15.350698735887988, 49.334137442465135 ], [ 15.353080689830676, 49.335366246082003 ], [ 15.381366388746244, 49.335818955286356 ], [ 15.383351350215378, 49.336983045716295 ], [ 15.383847590358243, 49.350497413396852 ], [ 15.377297218138494, 49.353406719855684 ], [ 15.377098721901802, 49.359612664848612 ], [ 15.383847590358243, 49.360840832371707 ], [ 15.383946838925624, 49.366334888575466 ], [ 15.385931800394985, 49.368403080721862 ], [ 15.395459614369372, 49.369243258290112 ], [ 15.397742320642976, 49.372280705259584 ], [ 15.403002467772751, 49.373508556382433 ], [ 15.403597956482997, 49.390049239935593 ], [ 15.391985932471869, 49.39069524713301 ], [ 15.391886683904488, 49.387981958529963 ], [ 15.388214505770293, 49.385979197607526 ], [ 15.380671652366686, 49.385914590717732 ], [ 15.37779345828136, 49.387012891028348 ], [ 15.378686690897553, 49.397800768554362 ], [ 15.384542327636098, 49.399738459427567 ], [ 15.385336311684739, 49.410781838678247 ], [ 15.403796452719689, 49.411815010180931 ], [ 15.4041934451933, 49.416722278302188 ], [ 15.403597956482997, 49.419498541492942 ], [ 15.39873480092831, 49.420337846108225 ], [ 15.397742320642976, 49.423630363742575 ], [ 15.38543556025229, 49.425567035314714 ], [ 15.383450598782986, 49.432344784718737 ], [ 15.37878593946516, 49.434345654992285 ], [ 15.378488194660861, 49.448865657856857 ], [ 15.373525791436862, 49.451640102326792 ], [ 15.372831055057361, 49.461510689789861 ], [ 15.377892706848911, 49.462994332167568 ], [ 15.379282179607799, 49.46576797693956 ], [ 15.384244582831798, 49.466928990949441 ], [ 15.386229544300932, 49.470218380845722 ], [ 15.391688188565922, 49.471443783827283 ], [ 15.392779916520681, 49.474281440387699 ], [ 15.39873480092831, 49.475055318669149 ], [ 15.399131793401864, 49.48595280025188 ], [ 15.404590436768558, 49.487629120322026 ], [ 15.406178405764308, 49.490594777662182 ], [ 15.411537801461691, 49.492013071985923 ], [ 15.413423515261684, 49.495171851819009 ], [ 15.418782910959067, 49.495945399979121 ], [ 15.418870006783322, 49.500357564902288 ], [ 15.418882158628378, 49.5009731620965 ], [ 15.419279151101932, 49.510640484559588 ], [ 15.417294189632571, 49.512187079052069 ], [ 15.399628033544559, 49.513475870344564 ], [ 15.398834049495917, 49.519726026006026 ], [ 15.405384421715496, 49.521852185162686 ], [ 15.405979910425742, 49.524944616227003 ], [ 15.412034042502796, 49.525910960314206 ], [ 15.412927275119046, 49.537505604260502 ], [ 15.418683662391686, 49.538600512086248 ], [ 15.419676143575487, 49.540468239030361 ], [ 15.419179903432621, 49.545427029387554 ], [ 15.413622011498376, 49.547874039295323 ], [ 15.411637050029242, 49.550642876237646 ], [ 15.407865623327496, 49.550642876237646 ], [ 15.407567879421492, 49.558369032952214 ], [ 15.412927275119046, 49.559849739988124 ], [ 15.413225019024992, 49.566222706116264 ], [ 15.424936290705432, 49.572144312879288 ], [ 15.426524260599308, 49.575426633405925 ], [ 15.431685160059999, 49.576456335408693 ], [ 15.433173880488368, 49.579480959654859 ], [ 15.438930268659306, 49.580446225977596 ], [ 15.439426508801944, 49.587717283629388 ], [ 15.433967865435307, 49.589518793891045 ], [ 15.433570872961752, 49.600969697800736 ], [ 15.422157345187316, 49.601034021450801 ], [ 15.417393438200179, 49.596595512647127 ], [ 15.410247577270354, 49.596659842067481 ], [ 15.405582917952358, 49.60174157250907 ], [ 15.401910738919867, 49.60206318307354 ], [ 15.399032544834313, 49.60605097969966 ], [ 15.394963374226734, 49.606694141857133 ], [ 15.393176908994064, 49.609781203149737 ], [ 15.388413002006985, 49.611581899061264 ], [ 15.387519769390735, 49.614411428835126 ], [ 15.376205489285553, 49.615054481271841 ], [ 15.373823536241161, 49.618976915366545 ], [ 15.369059628355558, 49.619427010504012 ], [ 15.366379930506866, 49.623220504746655 ], [ 15.351492720835097, 49.622963327891057 ], [ 15.348416030512851, 49.619748504402367 ], [ 15.343453627288852, 49.61884831590902 ], [ 15.341964905962413, 49.615311699288839 ], [ 15.311396500773412, 49.615504612638347 ], [ 15.310205524251217, 49.618076712619143 ], [ 15.306434097549413, 49.619684206025283 ], [ 15.298891244146034, 49.61904121467694 ], [ 15.295417562248531, 49.611388970184805 ], [ 15.271895769421974, 49.611260351285807 ], [ 15.257604047562154, 49.611517589326638 ], [ 15.256810063513342, 49.623477680245003 ], [ 15.250638797985062, 49.625208899485131 ], [ 15.249281419661145, 49.62428564521548 ], [ 15.239402752482874, 49.622938390515174 ], [ 15.237453015752578, 49.616369991150975 ], [ 15.227184402485818, 49.615527824605977 ], [ 15.223674876011955, 49.61165367093696 ], [ 15.213796209731925, 49.611906342279326 ], [ 15.209506788386363, 49.615864692853904 ], [ 15.194688789415579, 49.615864692853904 ], [ 15.1893595088398, 49.611906342279326 ], [ 15.179870789546499, 49.610558745293304 ], [ 15.178960912046421, 49.604746807124911 ], [ 15.171421929483358, 49.600197849881852 ], [ 15.167002526407714, 49.599608138993176 ], [ 15.155694053012667, 49.599439649273961 ], [ 15.152314509167013, 49.603314773679472 ], [ 15.129697562376748, 49.604157151251286 ], [ 15.125668106287776, 49.607610747251044 ], [ 15.12202859808383, 49.607694978357017 ], [ 15.103311124754157, 49.607610747251044 ], [ 15.097721878921391, 49.603735964284738 ], [ 15.078094528989936, 49.603651726338342 ], [ 15.070945493413831, 49.599945117849757 ], [ 15.05950703828853, 49.599860873353919 ], [ 15.053267880212616, 49.603735964284738 ], [ 15.045728897649781, 49.604325625252216 ], [ 15.036240179254776, 49.603146296185628 ], [ 15.033900494639454, 49.600113605822628 ], [ 15.024541757974532, 49.600366337563401 ], [ 15.022462038615856, 49.603146296185628 ], [ 15.017522705925103, 49.604409861452098 ], [ 15.014663091694558, 49.608537280248697 ], [ 14.986716864328514, 49.608200361354875 ], [ 14.984117215354559, 49.604831042597198 ], [ 14.977098162406833, 49.602977818692011 ], [ 14.977228145035212, 49.600197849881852 ], [ 14.977878057278701, 49.596827978647354 ], [ 14.989316513302128, 49.595479964832464 ], [ 14.990876303045695, 49.579385173272158 ], [ 14.980087759265587, 49.579300893843879 ], [ 14.975148425676537, 49.583261891169798 ], [ 14.947072215681942, 49.582924797619171 ], [ 14.945252461580026, 49.581997777909635 ], [ 14.945382444208462, 49.564802585520226 ], [ 14.943952637093048, 49.562357679294848 ], [ 14.939403251389024, 49.560840089292924 ], [ 14.9378434616454, 49.554684936845604 ], [ 14.932124234082949, 49.552745481095656 ], [ 14.928675611314986, 49.550176676400156 ] ] ] } },
{ "type": "Feature", "properties": { "shapeName": "Havlíčkův Brod", "shapeISO": "", "shapeID": "57006924B85481167833175", "shapeGroup": "CZE", "shapeType": "ADM2" }, "geometry": { "type": "Polygon", "coordinates": [ [ [ 15.503227877721201, 49.855197271297641 ], [ 15.500277536341969, 49.850431035963595 ], [ 15.485459536472888, 49.850011980380998 ], [ 15.481820027370645, 49.842971302869273 ], [ 15.445034993852914, 49.841965407916518 ], [ 15.434766379688085, 49.83442053039181 ], [ 15.423977835907976, 49.832324522146621 ], [ 15.424497765522858, 49.818236989954642 ], [ 15.432686660329239, 49.817398317025322 ], [ 15.438275906161948, 49.813456359314273 ], [ 15.44230536225092, 49.812701479877092 ], [ 15.443345221481138, 49.797265805154382 ], [ 15.441395484750672, 49.796175054712933 ], [ 15.432426695072593, 49.79575552890401 ], [ 15.428137274625158, 49.792650924726331 ], [ 15.403830555462946, 49.792734835674025 ], [ 15.402920678861108, 49.795168186433841 ], [ 15.397201450400189, 49.79760141550895 ], [ 15.395641661554862, 49.800286215188237 ], [ 15.389272520850625, 49.800621805188484 ], [ 15.384333188159871, 49.797769219524127 ], [ 15.383943240274675, 49.788203442839574 ], [ 15.377314135211918, 49.786441119863298 ], [ 15.377964047455407, 49.781489488246734 ], [ 15.375884328096731, 49.780146585668604 ], [ 15.365485732201591, 49.779223318519144 ], [ 15.362236170984545, 49.771836549140573 ], [ 15.346378311885246, 49.771752601990556 ], [ 15.343388715026492, 49.775278252460225 ], [ 15.337799470092193, 49.775781895378714 ], [ 15.331430329387786, 49.7739351777347 ], [ 15.330130504900978, 49.768058788085284 ], [ 15.293865400998357, 49.767303200773483 ], [ 15.291655699011471, 49.760502383804862 ], [ 15.272158330809873, 49.755380151107317 ], [ 15.260199945171223, 49.756051949910045 ], [ 15.258640155427599, 49.758403173591944 ], [ 15.254740681967007, 49.759074930515794 ], [ 15.234073471907095, 49.758319203176939 ], [ 15.233553542291986, 49.745638019151613 ], [ 15.23160380556169, 49.743370173016331 ], [ 15.220815261781581, 49.742446205287024 ], [ 15.22107522703817, 49.735893929814779 ], [ 15.226924437229229, 49.731441238244315 ], [ 15.225234665755579, 49.726315935646312 ], [ 15.213926192360361, 49.724803448304897 ], [ 15.212626367873554, 49.721862365349409 ], [ 15.207037122040958, 49.720349738676589 ], [ 15.200018069991529, 49.715895621077948 ], [ 15.199628122106333, 49.713710432652022 ], [ 15.193778911915501, 49.712029451661181 ], [ 15.192609070056903, 49.709087594349626 ], [ 15.187019824224365, 49.707574570311124 ], [ 15.186629877237635, 49.701606070448236 ], [ 15.18651969388435, 49.696664278848289 ], [ 15.186239929352439, 49.684116666419925 ], [ 15.187019824224365, 49.676210736853818 ], [ 15.192739051786987, 49.67385553024917 ], [ 15.195338701659068, 49.670827240207643 ], [ 15.211846473001685, 49.670658996698762 ], [ 15.215745946462221, 49.666536839937578 ], [ 15.236153191265601, 49.6664527105454 ], [ 15.244991998315413, 49.661657101673427 ], [ 15.2468117524175, 49.654589026007898 ], [ 15.252141032993279, 49.652905999643053 ], [ 15.257600296197438, 49.647940732311383 ], [ 15.258770138055979, 49.642722448810957 ], [ 15.252271015621659, 49.639608044944396 ], [ 15.251881068634759, 49.626053860437537 ], [ 15.250638797985062, 49.625208899485131 ], [ 15.256810063513342, 49.623477680245003 ], [ 15.257604047562154, 49.611517589326638 ], [ 15.271895769421974, 49.611260351285807 ], [ 15.295417562248531, 49.611388970184805 ], [ 15.298891244146034, 49.61904121467694 ], [ 15.306434097549413, 49.619684206025283 ], [ 15.310205524251217, 49.618076712619143 ], [ 15.311396500773412, 49.615504612638347 ], [ 15.341964905962413, 49.615311699288839 ], [ 15.343453627288852, 49.61884831590902 ], [ 15.348416030512851, 49.619748504402367 ], [ 15.351492720835097, 49.622963327891057 ], [ 15.366379930506866, 49.623220504746655 ], [ 15.369059628355558, 49.619427010504012 ], [ 15.373823536241161, 49.618976915366545 ], [ 15.376205489285553, 49.615054481271841 ], [ 15.387519769390735, 49.614411428835126 ], [ 15.388413002006985, 49.611581899061264 ], [ 15.393176908994064, 49.609781203149737 ], [ 15.394963374226734, 49.606694141857133 ], [ 15.399032544834313, 49.60605097969966 ], [ 15.401910738919867, 49.60206318307354 ], [ 15.405582917952358, 49.60174157250907 ], [ 15.410247577270354, 49.596659842067481 ], [ 15.417393438200179, 49.596595512647127 ], [ 15.422157345187316, 49.601034021450801 ], [ 15.433570872961752, 49.600969697800736 ], [ 15.433967865435307, 49.589518793891045 ], [ 15.439426508801944, 49.587717283629388 ], [ 15.438930268659306, 49.580446225977596 ], [ 15.433173880488368, 49.579480959654859 ], [ 15.431685160059999, 49.576456335408693 ], [ 15.426524260599308, 49.575426633405925 ], [ 15.424936290705432, 49.572144312879288 ], [ 15.413225019024992, 49.566222706116264 ], [ 15.412927275119046, 49.559849739988124 ], [ 15.407567879421492, 49.558369032952214 ], [ 15.407865623327496, 49.550642876237646 ], [ 15.411637050029242, 49.550642876237646 ], [ 15.413622011498376, 49.547874039295323 ], [ 15.419179903432621, 49.545427029387554 ], [ 15.419676143575487, 49.540468239030361 ], [ 15.418683662391686, 49.538600512086248 ], [ 15.412927275119046, 49.537505604260502 ], [ 15.412034042502796, 49.525910960314206 ], [ 15.405979910425742, 49.524944616227003 ], [ 15.405384421715496, 49.521852185162686 ], [ 15.398834049495917, 49.519726026006026 ], [ 15.399628033544559, 49.513475870344564 ], [ 15.417294189632571, 49.512187079052069 ], [ 15.419279151101932, 49.510640484559588 ], [ 15.418882158628378, 49.5009731620965 ], [ 15.418870006783322, 49.500357564902288 ], [ 15.430748506476334, 49.499990210852729 ], [ 15.431989106832987, 49.49253686292559 ], [ 15.443154514536104, 49.491328105472746 ], [ 15.446566166864955, 49.499788783735937 ], [ 15.456025748403476, 49.499788783735937 ], [ 15.458662025284696, 49.503817164456166 ], [ 15.468431757361714, 49.503917869826978 ], [ 15.471223108613742, 49.496364399981815 ], [ 15.488436445526588, 49.495357182069881 ], [ 15.490607497498559, 49.491630297488484 ], [ 15.501152605023151, 49.491126642703421 ], [ 15.503323656096825, 49.486996477293019 ], [ 15.509216510037447, 49.485888324919983 ], [ 15.509216510037447, 49.48266446641378 ], [ 15.531547325443512, 49.482160719383899 ], [ 15.534958977772362, 49.483470451232563 ], [ 15.536044503758262, 49.485787583029037 ], [ 15.565818924000268, 49.485686840346943 ], [ 15.569385651598168, 49.48266446641378 ], [ 15.572797303926791, 49.482563717305709 ], [ 15.575433580808067, 49.477828280643166 ], [ 15.57993075912276, 49.477425243748826 ], [ 15.581326434748689, 49.473193154060141 ], [ 15.610480554812227, 49.473495458599984 ], [ 15.614047282410297, 49.476417636126428 ], [ 15.625988065560819, 49.477727521584484 ], [ 15.625677915022493, 49.484175676409279 ], [ 15.618234310186494, 49.489414177438334 ], [ 15.613116831693446, 49.490723715260913 ], [ 15.613737131871801, 49.497170158686913 ], [ 15.625677915022493, 49.498378772454373 ], [ 15.626143140830038, 49.505428423768819 ], [ 15.632966445487511, 49.507039630020245 ], [ 15.634207045844391, 49.509657727520448 ], [ 15.63792884871151, 49.510563959036233 ], [ 15.640254975054233, 49.518115237596533 ], [ 15.652971134550853, 49.519021312423263 ], [ 15.652971134550853, 49.522645444437501 ], [ 15.665687293149119, 49.522947443654573 ], [ 15.666927893505772, 49.511268794487933 ], [ 15.67669762558279, 49.510563959036233 ], [ 15.680729578089938, 49.506334734215216 ], [ 15.684606456226334, 49.505730529310824 ], [ 15.685536906943184, 49.503011515193293 ], [ 15.691429760883807, 49.501299465734633 ], [ 15.693135587048232, 49.497673751286868 ], [ 15.702129942779379, 49.49737159658207 ], [ 15.706006820915604, 49.500896621450693 ], [ 15.710814148870327, 49.501500886049769 ], [ 15.712209825394723, 49.508952868854976 ], [ 15.723685382737642, 49.514490769244617 ], [ 15.723685382737642, 49.521940773510039 ], [ 15.718722979513871, 49.522947443654573 ], [ 15.717947604066296, 49.52636996758946 ], [ 15.719343279692168, 49.543277745060493 ], [ 15.729733311947541, 49.543579616825411 ], [ 15.73376526445486, 49.539957036049998 ], [ 15.743690071800984, 49.538850082896829 ], [ 15.745085747427083, 49.535629713071444 ], [ 15.75501055477315, 49.534824587748972 ], [ 15.75873235674203, 49.530899410264738 ], [ 15.769624832905549, 49.530899410264738 ], [ 15.775480468745741, 49.530899410264738 ], [ 15.77703121964089, 49.533616874313736 ], [ 15.783234224120065, 49.535126511153294 ], [ 15.783699449029143, 49.541567104912417 ], [ 15.790522753686787, 49.544183354177108 ], [ 15.79036767841751, 49.56219141895582 ], [ 15.791608279672687, 49.563599591344996 ], [ 15.795485157808855, 49.563800755097702 ], [ 15.797035908704231, 49.566516390174854 ], [ 15.796725758165735, 49.584315142735022 ], [ 15.791143054763381, 49.586526963521976 ], [ 15.790677828955836, 49.592458169518011 ], [ 15.785095125553539, 49.594669621121568 ], [ 15.784784975015214, 49.609041612540921 ], [ 15.789747378238985, 49.610548918450149 ], [ 15.793469181106161, 49.614367219086716 ], [ 15.802618612106528, 49.614869604674425 ], [ 15.805254888987577, 49.618587097307113 ], [ 15.809441916764001, 49.619390842511507 ], [ 15.811768044005078, 49.621400146650785 ], [ 15.811923118376001, 49.63064187935538 ], [ 15.821692850453019, 49.631545868148351 ], [ 15.827585704393641, 49.627126209705409 ], [ 15.841542464247084, 49.627327111599982 ], [ 15.849451294890628, 49.631445425713025 ], [ 15.851312195425805, 49.634157295858699 ], [ 15.850381745607308, 49.639480157312732 ], [ 15.839061262635084, 49.640082708819023 ], [ 15.83720036120161, 49.643396608535454 ], [ 15.83254810761764, 49.643497026323985 ], [ 15.831772732170066, 49.65634878000003 ], [ 15.843868590589807, 49.655846822114484 ], [ 15.845419341485012, 49.653035761927697 ], [ 15.84960636926138, 49.652232571802813 ], [ 15.851932496502457, 49.648116016052484 ], [ 15.863408053845603, 49.648216424106806 ], [ 15.864803730369999, 49.651128164102943 ], [ 15.870076284132267, 49.653136159834048 ], [ 15.870851659579841, 49.666989070138413 ], [ 15.873332861191841, 49.66919714063323 ], [ 15.876589438251415, 49.669397869555951 ], [ 15.878295264415669, 49.684249495629956 ], [ 15.886204095059213, 49.689165588608546 ], [ 15.89039112283541, 49.689867847188168 ], [ 15.893319167477046, 49.694034904396119 ], [ 15.891830508686667, 49.695425838686504 ], [ 15.891294996894601, 49.697966008081323 ], [ 15.885582877700926, 49.699466954911429 ], [ 15.885047365908861, 49.701891463572849 ], [ 15.872016593941964, 49.704546738459044 ], [ 15.871124074588124, 49.706740116802507 ], [ 15.85952133197037, 49.712742541842204 ], [ 15.860056843762436, 49.723475798120603 ], [ 15.863983926044909, 49.723475798120603 ], [ 15.866661481411711, 49.727860746905662 ], [ 15.872730608167501, 49.730168455632338 ], [ 15.870410060362588, 49.735706508605006 ], [ 15.843098988614599, 49.737437020818732 ], [ 15.834173802261944, 49.74285889227292 ], [ 15.832388764452503, 49.749894885708102 ], [ 15.818286969799942, 49.750240892234103 ], [ 15.809183279217223, 49.754508098081089 ], [ 15.782764725924892, 49.755661332903571 ], [ 15.783300237716958, 49.766730988993629 ], [ 15.78919086114081, 49.768690976841583 ], [ 15.788298341786913, 49.774224633695383 ], [ 15.763129315410254, 49.776299591988732 ], [ 15.76223679695471, 49.779527128623329 ], [ 15.758845225565778, 49.780449242047894 ], [ 15.738674304157598, 49.781025554099301 ], [ 15.734390214313123, 49.789093205377696 ], [ 15.717789366727118, 49.789784655978281 ], [ 15.716539840709743, 49.797389958810413 ], [ 15.705651113215822, 49.798196511742219 ], [ 15.703152060282548, 49.801653015662282 ], [ 15.691727821895086, 49.803496383256004 ], [ 15.69119231010302, 49.806030899314692 ], [ 15.686015701802944, 49.806837308309923 ], [ 15.681374604396638, 49.810753961163186 ], [ 15.666023283726531, 49.810062809954559 ], [ 15.661025178758223, 49.806491706265547 ], [ 15.652278495737505, 49.806376504649108 ], [ 15.646744879875428, 49.806837308309923 ], [ 15.643174805154786, 49.81086915236142 ], [ 15.600512412736691, 49.811905857912166 ], [ 15.599262886719316, 49.819047003543972 ], [ 15.587660144101619, 49.821811035387725 ], [ 15.584804084504754, 49.828605275770656 ], [ 15.57480787546649, 49.828835572331343 ], [ 15.574093860342828, 49.831368761552767 ], [ 15.568024733586981, 49.834132088863726 ], [ 15.566596703339542, 49.836665000680739 ], [ 15.555172464053555, 49.838046533342151 ], [ 15.552851915350516, 49.84138507344943 ], [ 15.541784684524885, 49.84253624044635 ], [ 15.541070669401051, 49.84472338303766 ], [ 15.535001542645375, 49.846910426101147 ], [ 15.53535854930908, 49.850363451326359 ], [ 15.530003437677067, 49.85093893135479 ], [ 15.527504385642089, 49.854276581207444 ], [ 15.510368027162485, 49.854736928734837 ], [ 15.503227877721201, 49.855197271297641 ] ] ] } },
{ "type": "Feature", "properties": { "shapeName": "Žďár nad Sázavou", "shapeISO": "", "shapeID": "57006924B48131365256783", "shapeGroup": "CZE", "shapeType": "ADM2" }, "geometry": { "type": "Polygon", "coordinates": [ [ [ 15.893319167477046, 49.694034904396119 ], [ 15.89039112283541, 49.689867847188168 ], [ 15.886204095059213, 49.689165588608546 ], [ 15.878295264415669, 49.684249495629956 ], [ 15.876589438251415, 49.669397869555951 ], [ 15.873332861191841, 49.66919714063323 ], [ 15.870851659579841, 49.666989070138413 ], [ 15.870076284132267, 49.653136159834048 ], [ 15.864803730369999, 49.651128164102943 ], [ 15.863408053845603, 49.648216424106806 ], [ 15.851932496502457, 49.648116016052484 ], [ 15.84960636926138, 49.652232571802813 ], [ 15.845419341485012, 49.653035761927697 ], [ 15.843868590589807, 49.655846822114484 ], [ 15.831772732170066, 49.65634878000003 ], [ 15.83254810761764, 49.643497026323985 ], [ 15.83720036120161, 49.643396608535454 ], [ 15.839061262635084, 49.640082708819023 ], [ 15.850381745607308, 49.639480157312732 ], [ 15.851312195425805, 49.634157295858699 ], [ 15.849451294890628, 49.631445425713025 ], [ 15.841542464247084, 49.627327111599982 ], [ 15.827585704393641, 49.627126209705409 ], [ 15.821692850453019, 49.631545868148351 ], [ 15.811923118376001, 49.63064187935538 ], [ 15.811768044005078, 49.621400146650785 ], [ 15.809441916764001, 49.619390842511507 ], [ 15.805254888987577, 49.618587097307113 ], [ 15.802618612106528, 49.614869604674425 ], [ 15.793469181106161, 49.614367219086716 ], [ 15.789747378238985, 49.610548918450149 ], [ 15.784784975015214, 49.609041612540921 ], [ 15.785095125553539, 49.594669621121568 ], [ 15.790677828955836, 49.592458169518011 ], [ 15.791143054763381, 49.586526963521976 ], [ 15.796725758165735, 49.584315142735022 ], [ 15.797035908704231, 49.566516390174854 ], [ 15.795485157808855, 49.563800755097702 ], [ 15.791608279672687, 49.563599591344996 ], [ 15.79036767841751, 49.56219141895582 ], [ 15.790522753686787, 49.544183354177108 ], [ 15.783699449029143, 49.541567104912417 ], [ 15.783234224120065, 49.535126511153294 ], [ 15.77703121964089, 49.533616874313736 ], [ 15.775480468745741, 49.530899410264738 ], [ 15.769624832905549, 49.530899410264738 ], [ 15.770617313191053, 49.522560884532481 ], [ 15.774984228602875, 49.522045468198655 ], [ 15.77706843774132, 49.518823990543524 ], [ 15.782924073581569, 49.516633264885797 ], [ 15.783817306197761, 49.505420367782165 ], [ 15.787787229136427, 49.504711420011631 ], [ 15.789772190605561, 49.502004434084995 ], [ 15.795032337735506, 49.500135238003338 ], [ 15.796223315156055, 49.497170158686913 ], [ 15.801483462286001, 49.495752013793435 ], [ 15.802773687375634, 49.492980066804705 ], [ 15.807537594362884, 49.491046057480276 ], [ 15.808728571783433, 49.483889558025226 ], [ 15.827486456724557, 49.48285790372347 ], [ 15.826692471777449, 49.463961900135359 ], [ 15.838701488262132, 49.457575595886169 ], [ 15.841579682347685, 49.453317597524119 ], [ 15.844954116575934, 49.452607895068525 ], [ 15.848130054567264, 49.449381845733114 ], [ 15.858451853488589, 49.448478513966791 ], [ 15.858749598293059, 49.442154724362069 ], [ 15.853092457791263, 49.440154172076859 ], [ 15.850809752415955, 49.428859202079309 ], [ 15.845847349192127, 49.426987212823633 ], [ 15.845053364245018, 49.412396159631612 ], [ 15.842770658869881, 49.411040133738652 ], [ 15.820340595794562, 49.411750437854778 ], [ 15.817660897945871, 49.415237235942698 ], [ 15.804361656371384, 49.416270313670452 ], [ 15.799200756910693, 49.414914394802963 ], [ 15.799597749384247, 49.404388606066163 ], [ 15.805354137555184, 49.402709437569285 ], [ 15.806842857983384, 49.399609282336655 ], [ 15.812301502248488, 49.397542403838997 ], [ 15.813095486297129, 49.394958683098878 ], [ 15.817065409235624, 49.394700304017192 ], [ 15.82014209955787, 49.390824447670013 ], [ 15.824608262639003, 49.389984638397777 ], [ 15.825104502781642, 49.38378252621942 ], [ 15.831059387189441, 49.380487336167619 ], [ 15.831555627332136, 49.374154781065442 ], [ 15.837510511739936, 49.372474578867241 ], [ 15.837212766935636, 49.357738034661168 ], [ 15.850115016036398, 49.356315854253808 ], [ 15.849972494244355, 49.347681428467013 ], [ 15.849916519799706, 49.344290317677121 ], [ 15.855474411733951, 49.343449713159032 ], [ 15.856665388256147, 49.339569814897004 ], [ 15.86142929614175, 49.339052471703496 ], [ 15.863513505280196, 49.335624937147543 ], [ 15.87472853681777, 49.333814068209392 ], [ 15.87661425061782, 49.326634609946666 ], [ 15.900036793978472, 49.326117130788816 ], [ 15.90172401154183, 49.33051552792972 ], [ 15.907083407239213, 49.330968281747062 ], [ 15.908969120140966, 49.334396140574427 ], [ 15.914030771932516, 49.335236899746576 ], [ 15.915817237164958, 49.342803084887066 ], [ 15.926734524796586, 49.342091783622607 ], [ 15.927528509743524, 49.339311143979955 ], [ 15.930208207592386, 49.338599792240643 ], [ 15.94479767335821, 49.338341116225308 ], [ 15.946484890023044, 49.337371069351207 ], [ 15.946782634827343, 49.326440555607121 ], [ 15.951745038051342, 49.325599646777619 ], [ 15.952539022998451, 49.321912413061909 ], [ 15.95819616260178, 49.32042450401741 ], [ 15.959486387691584, 49.308649028567913 ], [ 15.976160062595795, 49.308649028567913 ], [ 15.978939009012095, 49.31259606741088 ], [ 15.98449690094634, 49.313566602501396 ], [ 15.985687877468536, 49.320295118421143 ], [ 15.98767283893784, 49.321006734700461 ], [ 16.004346513842052, 49.320489196395101 ], [ 16.00613297907455, 49.316995672327891 ], [ 16.020623197171233, 49.316283998674919 ], [ 16.02955552333367, 49.311237286627716 ], [ 16.030051764374662, 49.304183963843059 ], [ 16.034517927455965, 49.303407389771507 ], [ 16.036999129067794, 49.299718495063587 ], [ 16.042656268671294, 49.298424080465509 ], [ 16.042954012577297, 49.295964599125114 ], [ 16.04831340827468, 49.293246082098165 ], [ 16.048114912037988, 49.283341645702535 ], [ 16.050000625837981, 49.281787828474194 ], [ 16.065582572787605, 49.281917315210762 ], [ 16.068758510778991, 49.286319659614776 ], [ 16.079576549843182, 49.286125446429139 ], [ 16.080866774932986, 49.282888454019599 ], [ 16.086722410773177, 49.28120513424426 ], [ 16.087417147152507, 49.273370465373659 ], [ 16.099426163637247, 49.27239913854828 ], [ 16.101212628869689, 49.260417870954541 ], [ 16.117092319725259, 49.260158784253861 ], [ 16.118978033525309, 49.27239913854828 ], [ 16.125627653414199, 49.273176201773026 ], [ 16.126818630834862, 49.276672833049133 ], [ 16.132078777964637, 49.278097315013497 ], [ 16.133170506817748, 49.280816667404224 ], [ 16.141705840506631, 49.281269878127262 ], [ 16.146469748392065, 49.27686708287905 ], [ 16.157188539787001, 49.276284330508076 ], [ 16.158578012546059, 49.272917182058222 ], [ 16.17554943225457, 49.271751577096495 ], [ 16.176938905013628, 49.268319357844234 ], [ 16.182000556805008, 49.267412694221832 ], [ 16.184084765943453, 49.264498305026791 ], [ 16.188451681355502, 49.263138198020556 ], [ 16.190932882967502, 49.246619618634838 ], [ 16.213065202136647, 49.246554829272497 ], [ 16.216141892458893, 49.25031248700202 ], [ 16.246257726407862, 49.250216605512207 ], [ 16.255365813648211, 49.248821969422977 ], [ 16.256484681201471, 49.249400178054145 ], [ 16.266254413278489, 49.250823676085759 ], [ 16.267562858897179, 49.253670550187735 ], [ 16.284659890032003, 49.253955228216455 ], [ 16.286317254781636, 49.255207793679915 ], [ 16.286142795665342, 49.265454860993486 ], [ 16.281432388743212, 49.26721941890554 ], [ 16.279775023993409, 49.270008430258088 ], [ 16.262590763749643, 49.27148824947443 ], [ 16.261369547240065, 49.28434942626518 ], [ 16.268347927166587, 49.291006328385549 ], [ 16.274802927947576, 49.292997534810695 ], [ 16.275239077086098, 49.294988660805814 ], [ 16.282828065267609, 49.299482620722699 ], [ 16.293731783846852, 49.30033585817921 ], [ 16.29416793208685, 49.316089651150548 ], [ 16.25788035682757, 49.318079844219369 ], [ 16.256135762070528, 49.320638545043209 ], [ 16.249419071267539, 49.32296969108512 ], [ 16.250378598653413, 49.328939194405564 ], [ 16.25718251946364, 49.331213101011826 ], [ 16.257095289456288, 49.336385846116798 ], [ 16.254391167313372, 49.338943596333081 ], [ 16.249419071267539, 49.342069554908278 ], [ 16.240347178350817, 49.342865221792977 ], [ 16.236770757931083, 49.346786534741852 ], [ 16.227175485868713, 49.34741164281786 ], [ 16.22455859373315, 49.351275770719269 ], [ 16.217754672922752, 49.353889566822374 ], [ 16.218975889432556, 49.35923037139645 ], [ 16.231188054528786, 49.361275632528816 ], [ 16.232060351907307, 49.375760461923562 ], [ 16.238253663564421, 49.377577864800458 ], [ 16.238951501826591, 49.37928161863465 ], [ 16.240172718336225, 49.397224240320327 ], [ 16.257444208587344, 49.406022814248615 ], [ 16.260235560737669, 49.412776778395482 ], [ 16.266516102402363, 49.415160308807287 ], [ 16.266865021533306, 49.42055120069648 ], [ 16.274279549700168, 49.426338656401526 ], [ 16.284223740893538, 49.426735809738091 ], [ 16.286666173912749, 49.430083117176935 ], [ 16.291551039951344, 49.431331207453752 ], [ 16.296086986858654, 49.430990822558215 ], [ 16.299925095503966, 49.426452129445295 ], [ 16.322081451793565, 49.425941499849955 ], [ 16.324000505667016, 49.426849281863269 ], [ 16.324872803045707, 49.433260011361085 ], [ 16.337782806404164, 49.434848381298195 ], [ 16.337695576396754, 49.442449153486393 ], [ 16.314056314473703, 49.443810361422436 ], [ 16.312224489709308, 49.447383352686018 ], [ 16.313184017095182, 49.454471850071855 ], [ 16.317981653126424, 49.456569848491654 ], [ 16.322081451793565, 49.463940483177907 ], [ 16.350256659725801, 49.463260163099903 ], [ 16.352699092745013, 49.455832724224081 ], [ 16.358107337031015, 49.454528554086323 ], [ 16.359503013555411, 49.450785959517646 ], [ 16.37581497552236, 49.451126207036339 ], [ 16.377908490308755, 49.461162451083737 ], [ 16.383752882834813, 49.463997175653503 ], [ 16.385323018475503, 49.467115183561361 ], [ 16.391167411900028, 49.468929206124244 ], [ 16.390820684247387, 49.471582864074207 ], [ 16.390382343630392, 49.474937675996159 ], [ 16.386457004977899, 49.476297981822142 ], [ 16.383055044572586, 49.480151976393131 ], [ 16.37441929989626, 49.480321998511272 ], [ 16.372064096884458, 49.483778988241852 ], [ 16.367615379984329, 49.484572361362837 ], [ 16.367004771729341, 49.491882122937682 ], [ 16.389510046251928, 49.492618704881238 ], [ 16.392737546642422, 49.495848203457001 ], [ 16.397971331811902, 49.497491199393096 ], [ 16.399279778328946, 49.500040567210533 ], [ 16.404600792607539, 49.501343526517758 ], [ 16.40547308998606, 49.503666106302774 ], [ 16.411491942526879, 49.505648709280592 ], [ 16.419168160715799, 49.513068595601226 ], [ 16.41899370070098, 49.528924121376917 ], [ 16.413847145538853, 49.53101893111716 ], [ 16.41140471251947, 49.534245895330173 ], [ 16.387852681502125, 49.535830992621129 ], [ 16.386544234985081, 49.542284072045163 ], [ 16.380787071568193, 49.545170699978996 ], [ 16.383752882834813, 49.551622546071599 ], [ 16.387590991480124, 49.552980720852247 ], [ 16.388724978880816, 49.555470609768633 ], [ 16.393173695780888, 49.55643257832287 ], [ 16.395005520545112, 49.565881498063902 ], [ 16.395264814267421, 49.572607872307287 ], [ 16.395267209668987, 49.572670011750745 ], [ 16.393958763152, 49.580871540359681 ], [ 16.390382343630392, 49.581776451907842 ], [ 16.388288829742294, 49.5850566162473 ], [ 16.383665652827574, 49.587149019578078 ], [ 16.381397679822953, 49.593764948705825 ], [ 16.378257408541572, 49.594556538205552 ], [ 16.375117138158487, 49.59851429240922 ], [ 16.358194567038424, 49.59987116288579 ], [ 16.34572071281832, 49.607898540919393 ], [ 16.343103820682757, 49.611516082325352 ], [ 16.322081451793565, 49.611798691095885 ], [ 16.317283814864197, 49.616207181110894 ], [ 16.287712931306032, 49.617563559219889 ], [ 16.284834349148355, 49.624740431641783 ], [ 16.274802927947576, 49.625701035104839 ], [ 16.27209880580449, 49.637961192944545 ], [ 16.256920830339936, 49.646886001887651 ], [ 16.252123193410455, 49.651573695584887 ], [ 16.249331842158426, 49.651856072032786 ], [ 16.246714949124453, 49.654962108329926 ], [ 16.241742853976916, 49.656486817743598 ], [ 16.240608867474691, 49.659027893172208 ], [ 16.225343661104262, 49.660439543956954 ], [ 16.220807714196951, 49.664335488836684 ], [ 16.21095075301082, 49.665125932371154 ], [ 16.207287103482031, 49.668456946080084 ], [ 16.19873858791459, 49.669360232873373 ], [ 16.196121695778913, 49.672973210568557 ], [ 16.187224261978884, 49.673594164237272 ], [ 16.178937435535147, 49.678166396599238 ], [ 16.15416418710987, 49.678617951356216 ], [ 16.149017631947572, 49.68595513529948 ], [ 16.137328845997047, 49.686575923209432 ], [ 16.13008877694665, 49.683020394705466 ], [ 16.109415327188685, 49.683415466269196 ], [ 16.106100596790952, 49.686519488113902 ], [ 16.100954041628654, 49.687873908254744 ], [ 16.099471135995316, 49.690413344380659 ], [ 16.093365053447144, 49.692614081867134 ], [ 16.093277823439905, 49.696845988784844 ], [ 16.091794917806453, 49.69949779584249 ], [ 16.087869579153903, 49.701021109526039 ], [ 16.086222196066387, 49.708684168263289 ], [ 16.072304924773448, 49.708757938183282 ], [ 16.056653716817095, 49.709201200945245 ], [ 16.048999476809968, 49.713190384945051 ], [ 16.030263724560939, 49.713559737734499 ], [ 16.029349785777299, 49.716145125126843 ], [ 16.024208878323407, 49.717991746887776 ], [ 16.021809788118162, 49.721684778586678 ], [ 16.015983425678201, 49.723752753580811 ], [ 16.013241608429212, 49.734312824782251 ], [ 16.008100700975149, 49.73468201633159 ], [ 16.003188278216953, 49.734238986135608 ], [ 16.000446460968021, 49.726780701215432 ], [ 15.985023737707536, 49.725820641073824 ], [ 15.98319586014054, 49.720133739391315 ], [ 15.977141013004712, 49.716809917212913 ], [ 15.975370256611484, 49.698889673334577 ], [ 15.966266566028935, 49.697388708672861 ], [ 15.956448860322382, 49.691615336215079 ], [ 15.954663822512885, 49.685379322887513 ], [ 15.920391105553733, 49.685956765534797 ], [ 15.915571504815659, 49.693116479194941 ], [ 15.893437042266044, 49.69392476761567 ], [ 15.893319167477046, 49.694034904396119 ] ] ] } },
{ "type": "Feature", "properties": { "shapeName": "Jihlava", "shapeISO": "", "shapeID": "57006924B35034257273333", "shapeGroup": "CZE", "shapeType": "ADM2" }, "geometry": { "type": "Polygon", "coordinates": [ [ [ 15.597709442173482, 49.088209427081154 ], [ 15.615889574344408, 49.08905985660175 ], [ 15.624226412694725, 49.095689014345169 ], [ 15.636036932942773, 49.09672880187378 ], [ 15.636830916991414, 49.099977997589633 ], [ 15.649733166092346, 49.105826014111017 ], [ 15.649931662329038, 49.112387967656161 ], [ 15.643182793872597, 49.115051483164734 ], [ 15.643778281684718, 49.120507995792252 ], [ 15.649236925949651, 49.122326699550001 ], [ 15.650229406235155, 49.124080386688945 ], [ 15.65072564637785, 49.149534339765637 ], [ 15.663826391715475, 49.152066033861956 ], [ 15.663727143147867, 49.170757613052672 ], [ 15.656581283116338, 49.176143112314548 ], [ 15.652512111610292, 49.176921690703466 ], [ 15.651221887418785, 49.193074420272296 ], [ 15.633654979000028, 49.194047308106235 ], [ 15.632067010004278, 49.196447016132311 ], [ 15.632464002477832, 49.205136874823097 ], [ 15.638518134554715, 49.207082156264448 ], [ 15.640006854982914, 49.210259285152745 ], [ 15.645366250680297, 49.211556013793654 ], [ 15.64625948329649, 49.220372865841227 ], [ 15.644373770394964, 49.222576833706171 ], [ 15.635044451758915, 49.223743600154251 ], [ 15.632960242620527, 49.226530763980747 ], [ 15.627799343159836, 49.228021507909205 ], [ 15.62720385444959, 49.233984034433661 ], [ 15.62879182344534, 49.23553935737624 ], [ 15.639709111076968, 49.236641015368264 ], [ 15.641297080072718, 49.251349031807706 ], [ 15.646160235627406, 49.253357275692508 ], [ 15.64715271591291, 49.256337099476866 ], [ 15.657276019495896, 49.25698486383493 ], [ 15.659360228634341, 49.255494993395075 ], [ 15.660451957487226, 49.249211133969425 ], [ 15.665513608380309, 49.247137932818362 ], [ 15.667101578274412, 49.240205033545237 ], [ 15.675835408200157, 49.239751445546972 ], [ 15.680500067517983, 49.235733769740534 ], [ 15.69518878095306, 49.235474553475683 ], [ 15.700945169123997, 49.231197291051785 ], [ 15.709778247617351, 49.232363853950517 ], [ 15.724268465713862, 49.241176994133866 ], [ 15.724466961052258, 49.255365437293051 ], [ 15.712954185608737, 49.26132466310969 ], [ 15.711465464282242, 49.263915406530771 ], [ 15.705808324678912, 49.265599316992848 ], [ 15.705907572347996, 49.280816667404224 ], [ 15.722978240624116, 49.281917315210762 ], [ 15.726352674852478, 49.285219110068169 ], [ 15.744118078609631, 49.286708082519112 ], [ 15.743522590797681, 49.293699178583665 ], [ 15.734292519830944, 49.294346452470961 ], [ 15.731315078076307, 49.298359358521054 ], [ 15.726352674852478, 49.2992654539093 ], [ 15.725657938472978, 49.309231398457825 ], [ 15.727543651374503, 49.310784351371126 ], [ 15.736872970010552, 49.310654940449353 ], [ 15.739751164096106, 49.314472417688023 ], [ 15.750469955490985, 49.315248817363567 ], [ 15.751760180580789, 49.317125066592439 ], [ 15.751462435776318, 49.32702271516041 ], [ 15.746500032552547, 49.328833834520822 ], [ 15.746599281119927, 49.339957818137748 ], [ 15.770121073048188, 49.340604484383277 ], [ 15.779648887022631, 49.347846561699612 ], [ 15.783122569818431, 49.348493124278548 ], [ 15.785306027524427, 49.351790459211827 ], [ 15.789275950462923, 49.352436969959172 ], [ 15.796918051535386, 49.352307668489345 ], [ 15.798406771963755, 49.349462951337216 ], [ 15.803567672322743, 49.347911218632362 ], [ 15.804560152608246, 49.340022485437316 ], [ 15.815278944002955, 49.340281152030002 ], [ 15.817263905472316, 49.342997074143909 ], [ 15.828578185577499, 49.344096333518792 ], [ 15.833242843997198, 49.347846561699612 ], [ 15.849972494244355, 49.347681428467013 ], [ 15.850115016036398, 49.356315854253808 ], [ 15.837212766935636, 49.357738034661168 ], [ 15.837510511739936, 49.372474578867241 ], [ 15.831555627332136, 49.374154781065442 ], [ 15.831059387189441, 49.380487336167619 ], [ 15.825104502781642, 49.38378252621942 ], [ 15.824608262639003, 49.389984638397777 ], [ 15.82014209955787, 49.390824447670013 ], [ 15.817065409235624, 49.394700304017192 ], [ 15.813095486297129, 49.394958683098878 ], [ 15.812301502248488, 49.397542403838997 ], [ 15.806842857983384, 49.399609282336655 ], [ 15.805354137555184, 49.402709437569285 ], [ 15.799597749384247, 49.404388606066163 ], [ 15.799200756910693, 49.414914394802963 ], [ 15.804361656371384, 49.416270313670452 ], [ 15.817660897945871, 49.415237235942698 ], [ 15.820340595794562, 49.411750437854778 ], [ 15.842770658869881, 49.411040133738652 ], [ 15.845053364245018, 49.412396159631612 ], [ 15.845847349192127, 49.426987212823633 ], [ 15.850809752415955, 49.428859202079309 ], [ 15.853092457791263, 49.440154172076859 ], [ 15.858749598293059, 49.442154724362069 ], [ 15.858451853488589, 49.448478513966791 ], [ 15.848130054567264, 49.449381845733114 ], [ 15.844954116575934, 49.452607895068525 ], [ 15.841579682347685, 49.453317597524119 ], [ 15.838701488262132, 49.457575595886169 ], [ 15.826692471777449, 49.463961900135359 ], [ 15.827486456724557, 49.48285790372347 ], [ 15.808728571783433, 49.483889558025226 ], [ 15.807537594362884, 49.491046057480276 ], [ 15.802773687375634, 49.492980066804705 ], [ 15.801483462286001, 49.495752013793435 ], [ 15.796223315156055, 49.497170158686913 ], [ 15.795032337735506, 49.500135238003338 ], [ 15.789772190605561, 49.502004434084995 ], [ 15.787787229136427, 49.504711420011631 ], [ 15.783817306197761, 49.505420367782165 ], [ 15.782924073581569, 49.516633264885797 ], [ 15.77706843774132, 49.518823990543524 ], [ 15.774984228602875, 49.522045468198655 ], [ 15.770617313191053, 49.522560884532481 ], [ 15.769624832905549, 49.530899410264738 ], [ 15.75873235674203, 49.530899410264738 ], [ 15.75501055477315, 49.534824587748972 ], [ 15.745085747427083, 49.535629713071444 ], [ 15.743690071800984, 49.538850082896829 ], [ 15.73376526445486, 49.539957036049998 ], [ 15.729733311947541, 49.543579616825411 ], [ 15.719343279692168, 49.543277745060493 ], [ 15.717947604066296, 49.52636996758946 ], [ 15.718722979513871, 49.522947443654573 ], [ 15.723685382737642, 49.521940773510039 ], [ 15.723685382737642, 49.514490769244617 ], [ 15.712209825394723, 49.508952868854976 ], [ 15.710814148870327, 49.501500886049769 ], [ 15.706006820915604, 49.500896621450693 ], [ 15.702129942779379, 49.49737159658207 ], [ 15.693135587048232, 49.497673751286868 ], [ 15.691429760883807, 49.501299465734633 ], [ 15.685536906943184, 49.503011515193293 ], [ 15.684606456226334, 49.505730529310824 ], [ 15.680729578089938, 49.506334734215216 ], [ 15.67669762558279, 49.510563959036233 ], [ 15.666927893505772, 49.511268794487933 ], [ 15.665687293149119, 49.522947443654573 ], [ 15.652971134550853, 49.522645444437501 ], [ 15.652971134550853, 49.519021312423263 ], [ 15.640254975054233, 49.518115237596533 ], [ 15.63792884871151, 49.510563959036233 ], [ 15.634207045844391, 49.509657727520448 ], [ 15.632966445487511, 49.507039630020245 ], [ 15.626143140830038, 49.505428423768819 ], [ 15.625677915022493, 49.498378772454373 ], [ 15.613737131871801, 49.497170158686913 ], [ 15.613116831693446, 49.490723715260913 ], [ 15.618234310186494, 49.489414177438334 ], [ 15.625677915022493, 49.484175676409279 ], [ 15.625988065560819, 49.477727521584484 ], [ 15.614047282410297, 49.476417636126428 ], [ 15.610480554812227, 49.473495458599984 ], [ 15.581326434748689, 49.473193154060141 ], [ 15.57993075912276, 49.477425243748826 ], [ 15.575433580808067, 49.477828280643166 ], [ 15.572797303926791, 49.482563717305709 ], [ 15.569385651598168, 49.48266446641378 ], [ 15.565818924000268, 49.485686840346943 ], [ 15.536044503758262, 49.485787583029037 ], [ 15.534958977772362, 49.483470451232563 ], [ 15.531547325443512, 49.482160719383899 ], [ 15.509216510037447, 49.48266446641378 ], [ 15.509216510037447, 49.485888324919983 ], [ 15.503323656096825, 49.486996477293019 ], [ 15.501152605023151, 49.491126642703421 ], [ 15.490607497498559, 49.491630297488484 ], [ 15.488436445526588, 49.495357182069881 ], [ 15.471223108613742, 49.496364399981815 ], [ 15.468431757361714, 49.503917869826978 ], [ 15.458662025284696, 49.503817164456166 ], [ 15.456025748403476, 49.499788783735937 ], [ 15.446566166864955, 49.499788783735937 ], [ 15.443154514536104, 49.491328105472746 ], [ 15.431989106832987, 49.49253686292559 ], [ 15.430748506476334, 49.499990210852729 ], [ 15.418870006783322, 49.500357564902288 ], [ 15.418782910959067, 49.495945399979121 ], [ 15.413423515261684, 49.495171851819009 ], [ 15.411537801461691, 49.492013071985923 ], [ 15.406178405764308, 49.490594777662182 ], [ 15.404590436768558, 49.487629120322026 ], [ 15.399131793401864, 49.48595280025188 ], [ 15.39873480092831, 49.475055318669149 ], [ 15.392779916520681, 49.474281440387699 ], [ 15.391688188565922, 49.471443783827283 ], [ 15.386229544300932, 49.470218380845722 ], [ 15.384244582831798, 49.466928990949441 ], [ 15.379282179607799, 49.46576797693956 ], [ 15.377892706848911, 49.462994332167568 ], [ 15.372831055057361, 49.461510689789861 ], [ 15.373525791436862, 49.451640102326792 ], [ 15.378488194660861, 49.448865657856857 ], [ 15.37878593946516, 49.434345654992285 ], [ 15.383450598782986, 49.432344784718737 ], [ 15.38543556025229, 49.425567035314714 ], [ 15.397742320642976, 49.423630363742575 ], [ 15.39873480092831, 49.420337846108225 ], [ 15.403597956482997, 49.419498541492942 ], [ 15.4041934451933, 49.416722278302188 ], [ 15.403796452719689, 49.411815010180931 ], [ 15.385336311684739, 49.410781838678247 ], [ 15.384542327636098, 49.399738459427567 ], [ 15.378686690897553, 49.397800768554362 ], [ 15.37779345828136, 49.387012891028348 ], [ 15.380671652366686, 49.385914590717732 ], [ 15.388214505770293, 49.385979197607526 ], [ 15.391886683904488, 49.387981958529963 ], [ 15.391985932471869, 49.39069524713301 ], [ 15.403597956482997, 49.390049239935593 ], [ 15.403002467772751, 49.373508556382433 ], [ 15.397742320642976, 49.372280705259584 ], [ 15.395459614369372, 49.369243258290112 ], [ 15.385931800394985, 49.368403080721862 ], [ 15.383946838925624, 49.366334888575466 ], [ 15.383847590358243, 49.360840832371707 ], [ 15.377098721901802, 49.359612664848612 ], [ 15.377297218138494, 49.353406719855684 ], [ 15.383847590358243, 49.350497413396852 ], [ 15.383351350215378, 49.336983045716295 ], [ 15.381366388746244, 49.335818955286356 ], [ 15.353080689830676, 49.335366246082003 ], [ 15.350698735887988, 49.334137442465135 ], [ 15.349805503271739, 49.331032960858579 ], [ 15.352286704883738, 49.32702271516041 ], [ 15.36260850380512, 49.326828662935952 ], [ 15.363600984988921, 49.316348696491787 ], [ 15.362509256135809, 49.314537118469957 ], [ 15.350698735887988, 49.313243093124413 ], [ 15.350500239651296, 49.306319480166792 ], [ 15.345637084096609, 49.305866499696265 ], [ 15.342858138578606, 49.301854204326332 ], [ 15.337498742881053, 49.300689283262045 ], [ 15.337498742881053, 49.282694227904926 ], [ 15.341964905962413, 49.281140389690563 ], [ 15.344247611337494, 49.278162063562434 ], [ 15.343552874958164, 49.272334383020052 ], [ 15.326085215106787, 49.272463894577584 ], [ 15.322214540735729, 49.276154828981021 ], [ 15.313976950952792, 49.275895824906854 ], [ 15.308716802924721, 49.280622433129565 ], [ 15.293829592354484, 49.280428197503909 ], [ 15.291447639310093, 49.276931832457024 ], [ 15.27844614254002, 49.276219579494068 ], [ 15.278346893972468, 49.256660982425387 ], [ 15.271895769421974, 49.254717652268141 ], [ 15.271002536805725, 49.251089897499924 ], [ 15.272392009564669, 49.247526664885356 ], [ 15.277354413686908, 49.246749197690747 ], [ 15.278644637878415, 49.244222346225627 ], [ 15.277949901498857, 49.235020922032163 ], [ 15.272094265658836, 49.234113646647074 ], [ 15.27090328913647, 49.230289944851506 ], [ 15.265543893439087, 49.229123332979498 ], [ 15.264253668349284, 49.226206682777274 ], [ 15.259291265125341, 49.225493698172556 ], [ 15.257117000747371, 49.220840810972959 ], [ 15.25812022581249, 49.220135153334297 ], [ 15.259550032927905, 49.214361709802176 ], [ 15.265139278760444, 49.213257886059353 ], [ 15.283076857218248, 49.213682436434112 ], [ 15.286976330679011, 49.217588128922159 ], [ 15.291525716383035, 49.217757934867961 ], [ 15.296984979587194, 49.216823996120127 ], [ 15.299974575547708, 49.21308806524047 ], [ 15.315442487660277, 49.213427706881475 ], [ 15.319991873364359, 49.217248515867141 ], [ 15.329740557914249, 49.218012642106203 ], [ 15.333510048746462, 49.221833096687192 ], [ 15.347548153743844, 49.221663305329116 ], [ 15.34962787310252, 49.216823996120127 ], [ 15.348198065987162, 49.178432345312899 ], [ 15.347158206756944, 49.175373321919722 ], [ 15.342608820154567, 49.173843739620509 ], [ 15.342218873167894, 49.167554958825349 ], [ 15.347418171115464, 49.164580257428156 ], [ 15.350277785346009, 49.158630318502048 ], [ 15.35963652201076, 49.1570152112605 ], [ 15.36132629348441, 49.150469239101881 ], [ 15.376924188225246, 49.149363989897552 ], [ 15.379913784185703, 49.147493511364246 ], [ 15.381603556557707, 49.137119577160831 ], [ 15.403570591104597, 49.136779411528096 ], [ 15.405780292193185, 49.135163592451704 ], [ 15.40695013495008, 49.128019339081675 ], [ 15.413059310397728, 49.127338880583579 ], [ 15.427227397125023, 49.127849225038631 ], [ 15.435286309302967, 49.132016845784051 ], [ 15.455823536734727, 49.131846745456585 ], [ 15.459463045837026, 49.123085801337481 ], [ 15.507296588391455, 49.123426061524583 ], [ 15.516915290312966, 49.131421492672871 ], [ 15.533683026014046, 49.131081287936865 ], [ 15.535112833129233, 49.128019339081675 ], [ 15.538622359603323, 49.127168764205862 ], [ 15.548501025883127, 49.127168764205862 ], [ 15.552530481972099, 49.128019339081675 ], [ 15.553440359472233, 49.130230765589204 ], [ 15.558119727804694, 49.130741080866301 ], [ 15.57202785017364, 49.130656028586998 ], [ 15.572417797160369, 49.11908757513595 ], [ 15.565788692097613, 49.116450270449889 ], [ 15.566048657354372, 49.111770836006713 ], [ 15.567998394084668, 49.110069114253008 ], [ 15.577877060364699, 49.109303320538174 ], [ 15.579956779723375, 49.106325121048314 ], [ 15.591005287861833, 49.104112628445648 ], [ 15.592045147990291, 49.098155427580934 ], [ 15.597764375552799, 49.096453238262768 ], [ 15.597764375552799, 49.094325420261328 ], [ 15.597709442173482, 49.088209427081154 ] ] ] } },
{ "type": "Feature", "properties": { "shapeName": "Vsetín", "shapeISO": "", "shapeID": "57006924B65385651307074", "shapeGroup": "CZE", "shapeType": "ADM2" }, "geometry": { "type": "Polygon", "coordinates": [ [ [ 17.920485301218605, 49.535354361854957 ], [ 17.919703970839009, 49.532509777546238 ], [ 17.913500966359891, 49.530094206437241 ], [ 17.912105290733962, 49.51952468013792 ], [ 17.899389132135695, 49.513483925004834 ], [ 17.897838381240547, 49.506938931657885 ], [ 17.88093519396773, 49.506838232505231 ], [ 17.875817715474511, 49.510966723145032 ], [ 17.866823359743535, 49.512577747001615 ], [ 17.865427683219139, 49.515195548113638 ], [ 17.848059271935369, 49.515799636120676 ], [ 17.846198370501725, 49.508348696284315 ], [ 17.840770741470351, 49.506838232505231 ], [ 17.838599690396677, 49.499285212900418 ], [ 17.82743428269373, 49.49898306814498 ], [ 17.824177704735689, 49.495155736466927 ], [ 17.816579024630641, 49.495357182069881 ], [ 17.813322447571068, 49.493846317211933 ], [ 17.812391996854387, 49.487298696632706 ], [ 17.799520762986845, 49.486089809247517 ], [ 17.798435237000945, 49.463417645650281 ], [ 17.792387307791103, 49.460393897265305 ], [ 17.791611932343528, 49.454950680546688 ], [ 17.7852538534936, 49.452934520521637 ], [ 17.783548027329005, 49.434583656352572 ], [ 17.782706868674438, 49.433994550947034 ], [ 17.788727535390933, 49.432409329950076 ], [ 17.790216256717429, 49.429569247739778 ], [ 17.793590690945621, 49.428665550948097 ], [ 17.807584668899494, 49.427503630444789 ], [ 17.808775645421861, 49.415430939490307 ], [ 17.825250824987734, 49.415753777232453 ], [ 17.829716988068867, 49.419433979274572 ], [ 17.843611717455303, 49.419433979274572 ], [ 17.846489911540687, 49.418207275728719 ], [ 17.847978632867125, 49.406390617049794 ], [ 17.858697424262061, 49.39993222471935 ], [ 17.858498928025369, 49.396056781225582 ], [ 17.851154570858682, 49.389855435652009 ], [ 17.849665849532187, 49.381198082272931 ], [ 17.838748561900388, 49.375899545974335 ], [ 17.836465856525308, 49.369243258290112 ], [ 17.823762103661068, 49.362521432192068 ], [ 17.82237263090218, 49.352436969959172 ], [ 17.818799700437239, 49.351919762041064 ], [ 17.815425266209047, 49.348105187750832 ], [ 17.809030060519547, 49.348002948630381 ], [ 17.810264366748356, 49.340216485655731 ], [ 17.815127521404747, 49.339181808011688 ], [ 17.816120002588548, 49.336012972074798 ], [ 17.82396059989793, 49.331809099469183 ], [ 17.833686911007305, 49.331032960858579 ], [ 17.834977135198812, 49.327540184800512 ], [ 17.84331397354913, 49.322235865499181 ], [ 17.864850804008256, 49.321071426313438 ], [ 17.868324486804056, 49.317901425040759 ], [ 17.883707936618521, 49.3166721854721 ], [ 17.890953046116067, 49.311884329602833 ], [ 17.890456805973258, 49.301918921681192 ], [ 17.884898914039184, 49.299394894747593 ], [ 17.884700417802321, 49.292210417265721 ], [ 17.895915449340066, 49.291045268247217 ], [ 17.897602666903254, 49.287743863533478 ], [ 17.901473341274141, 49.286060708921354 ], [ 17.901175597368137, 49.271751577096495 ], [ 17.908519954534881, 49.266894593493817 ], [ 17.912787621379323, 49.265469787413963 ], [ 17.925590621912818, 49.265728846231752 ], [ 17.929064304708447, 49.269873599995208 ], [ 17.937698886066642, 49.269549803755808 ], [ 17.939286855062392, 49.268384119228926 ], [ 17.939088358825529, 49.251413814878902 ], [ 17.937500389829779, 49.249146348007912 ], [ 17.925888365818651, 49.243704001436129 ], [ 17.92420114915376, 49.235992984645179 ], [ 17.925888365818651, 49.23255827822652 ], [ 17.930950017610201, 49.229836265795427 ], [ 17.931446257752839, 49.225558515166654 ], [ 17.933629715458892, 49.223938058355088 ], [ 17.947127452371774, 49.223225040428758 ], [ 17.951097375310212, 49.214927348846061 ], [ 17.966580074590581, 49.214408697196234 ], [ 17.973825183189831, 49.209351555042645 ], [ 17.974122927095834, 49.199041163311165 ], [ 17.979184578887214, 49.196511871220537 ], [ 17.97978006759746, 49.190090779131083 ], [ 17.98642968748635, 49.187171825376595 ], [ 17.991590586946984, 49.181463151539845 ], [ 17.996354494832588, 49.180165633739989 ], [ 18.003698851999275, 49.174391267042836 ], [ 18.004889828521527, 49.168486443280244 ], [ 18.010745464361719, 49.165890693274946 ], [ 18.01183719321466, 49.163165009838792 ], [ 18.018089821528406, 49.162775613991528 ], [ 18.024739442315592, 49.166864115621024 ], [ 18.034168008620668, 49.167383265949979 ], [ 18.037740939085779, 49.17114694554482 ], [ 18.047864241770242, 49.170368276911574 ], [ 18.049948451807154, 49.163229908555422 ], [ 18.06036949839762, 49.157193939976992 ], [ 18.061957468291723, 49.154273045828745 ], [ 18.066721375278973, 49.152844990316851 ], [ 18.067594757822349, 49.150232840430249 ], [ 18.073120890717973, 49.148612511885631 ], [ 18.074327746759593, 49.145537895511893 ], [ 18.084490749589804, 49.144997740508472 ], [ 18.092049482512607, 49.136396018224332 ], [ 18.105652685225664, 49.135741280495949 ], [ 18.110070422071146, 49.136837106115877 ], [ 18.112829127026657, 49.152176345691998 ], [ 18.125243299326939, 49.153439365571614 ], [ 18.12579504031811, 49.175266477403738 ], [ 18.129657227255848, 49.190233230743161 ], [ 18.134071155184813, 49.191855859684438 ], [ 18.136278119149267, 49.197985310948127 ], [ 18.140416176582676, 49.198706372927518 ], [ 18.143726622529357, 49.21420666289373 ], [ 18.14951990293622, 49.216369107747823 ], [ 18.149895086810261, 49.226934894287922 ], [ 18.144598373295366, 49.228549112926316 ], [ 18.146363944467112, 49.248261384657155 ], [ 18.15148410086465, 49.249413905592178 ], [ 18.153602786270596, 49.252525577730125 ], [ 18.157663599965133, 49.253562758191606 ], [ 18.160311956722524, 49.261398528457505 ], [ 18.165432113120232, 49.262089860226922 ], [ 18.166138341588805, 49.264970305019119 ], [ 18.177967668438441, 49.266237647461139 ], [ 18.181322253664405, 49.272804264214585 ], [ 18.186618967179299, 49.274647367954458 ], [ 18.18924525429702, 49.289476086724846 ], [ 18.197521369163724, 49.289476086724846 ], [ 18.203866390561757, 49.293254537489247 ], [ 18.244419353409114, 49.293074617829461 ], [ 18.246902187869068, 49.297392508420671 ], [ 18.265661381567213, 49.297572412320051 ], [ 18.26648899305394, 49.300450785403086 ], [ 18.272282273460632, 49.300450785403086 ], [ 18.273661625938587, 49.304048515356499 ], [ 18.297662359052197, 49.304048515356499 ], [ 18.300145193512378, 49.30782584911708 ], [ 18.311455883830376, 49.3085453084297 ], [ 18.31311110680366, 49.311243187281036 ], [ 18.325801149599442, 49.311602893298357 ], [ 18.326077020094942, 49.31573932371856 ], [ 18.331318559510805, 49.315559486140671 ], [ 18.333801393970759, 49.318976287843043 ], [ 18.351181235191177, 49.318796462083981 ], [ 18.353664069651188, 49.32383133514378 ], [ 18.376837191278241, 49.323291909081036 ], [ 18.378768284747196, 49.331382679554679 ], [ 18.384285694658388, 49.333539993801423 ], [ 18.387044399614069, 49.347919672716557 ], [ 18.400010312905351, 49.349896549980429 ], [ 18.400837924392079, 49.356186085526474 ], [ 18.406907075294271, 49.356904838383343 ], [ 18.406907075294271, 49.364271449579064 ], [ 18.41325209669219, 49.366606973934154 ], [ 18.41325209669219, 49.373253628359748 ], [ 18.408010557276498, 49.373792506900998 ], [ 18.406907075294271, 49.386185082854524 ], [ 18.402217276869806, 49.387621701089529 ], [ 18.403166799462269, 49.396981836685029 ], [ 18.399661426799923, 49.398466858360621 ], [ 18.385859742215757, 49.398870544667034 ], [ 18.382137939348638, 49.403109052590708 ], [ 18.365389828243167, 49.404219077448147 ], [ 18.365544902614147, 49.414712617720056 ], [ 18.37252328254084, 49.41804183000994 ], [ 18.372368208169917, 49.428330695134264 ], [ 18.367405804047621, 49.429944438908763 ], [ 18.365699977883367, 49.432869213871641 ], [ 18.361512950106942, 49.43488619911443 ], [ 18.360272349750119, 49.441339993133283 ], [ 18.338406759253303, 49.442247490205432 ], [ 18.335770482372254, 49.444163261101664 ], [ 18.335460332732055, 49.450313389147254 ], [ 18.323984774490611, 49.45172478539979 ], [ 18.322278948326414, 49.455253097076536 ], [ 18.317316545102415, 49.456563548505869 ], [ 18.316231019116515, 49.459587533238903 ], [ 18.305840986860971, 49.460091512456358 ], [ 18.304445311235042, 49.472387000666345 ], [ 18.299793057651073, 49.473193154060141 ], [ 18.299172757472775, 49.475107716217678 ], [ 18.300258283458675, 49.486593515854963 ], [ 18.298707531665173, 49.489514912450488 ], [ 18.293872070727957, 49.489603392742197 ], [ 18.287697199231332, 49.489716381852929 ], [ 18.269708486870741, 49.489615647255334 ], [ 18.265831609632812, 49.485989067187461 ], [ 18.25528650210822, 49.485283867546229 ], [ 18.25171977451015, 49.482261469321202 ], [ 18.234816588135629, 49.483168208261475 ], [ 18.233731062149729, 49.48649277483139 ], [ 18.190154957323557, 49.488003867252928 ], [ 18.189069431337657, 49.490824447578291 ], [ 18.178214174173036, 49.497069439428344 ], [ 18.176973572917859, 49.503917869826978 ], [ 18.173226462712648, 49.504262844048242 ], [ 18.169161261760053, 49.508717484202407 ], [ 18.153535645907823, 49.508799973400301 ], [ 18.14902581302573, 49.505335294498821 ], [ 18.142864493070704, 49.504840320423398 ], [ 18.139243924048003, 49.506366474551783 ], [ 18.138037067108087, 49.509336151837033 ], [ 18.132828528191283, 49.510779680002145 ], [ 18.132193341132108, 49.513419163983031 ], [ 18.122411451256028, 49.514697612988186 ], [ 18.118346250303432, 49.518244102108497 ], [ 18.102466559447862, 49.518079154842326 ], [ 18.097575614509935, 49.514821331898133 ], [ 18.083156855597394, 49.514491413720748 ], [ 18.078964616694179, 49.511480806817247 ], [ 18.042568365048396, 49.511233351201554 ], [ 18.038820758074678, 49.507727599479608 ], [ 18.029356462177475, 49.507315141308709 ], [ 18.028276643188406, 49.504757823965747 ], [ 18.019828648203031, 49.500014060032584 ], [ 17.996453742501899, 49.500591585969687 ], [ 17.996453742501899, 49.515522400781776 ], [ 17.991118166532374, 49.517543072239334 ], [ 17.990355941522353, 49.520759479711785 ], [ 17.984893327602038, 49.522202670759327 ], [ 17.983622952585108, 49.525624924370504 ], [ 17.978795526622491, 49.527191659430741 ], [ 17.978160338664793, 49.529912711888585 ], [ 17.971999018709937, 49.531190729149671 ], [ 17.97028401176334, 49.534200122755976 ], [ 17.939413893013239, 49.534900913823151 ], [ 17.920485301218605, 49.535354361854957 ] ] ] } },
{ "type": "Feature", "properties": { "shapeName": "Uherské Hradiště", "shapeISO": "", "shapeID": "57006924B14436380449594", "shapeGroup": "CZE", "shapeType": "ADM2" }, "geometry": { "type": "Polygon", "coordinates": [ [ [ 17.917786195747397, 49.019554036132433 ], [ 17.910703411342581, 49.019465334207894 ], [ 17.90961168248964, 49.02232908625723 ], [ 17.896907930523696, 49.025062513401963 ], [ 17.895617705433949, 49.027600562073474 ], [ 17.885295906512567, 49.027730714971312 ], [ 17.884898914039184, 49.030528918458913 ], [ 17.878646285725438, 49.033131756767887 ], [ 17.878646285725438, 49.039768379664281 ], [ 17.885295906512567, 49.041459925809193 ], [ 17.885891394324517, 49.056225983982927 ], [ 17.883509441280125, 49.057526748132091 ], [ 17.86266734630226, 49.0572015604331 ], [ 17.858498928025369, 49.05375443837903 ], [ 17.836664352762, 49.053884522852172 ], [ 17.833488414770613, 49.058437262606617 ], [ 17.830411724448368, 49.058762442809893 ], [ 17.826640297746621, 49.062339279337664 ], [ 17.805500458862753, 49.063444795255066 ], [ 17.803317002055053, 49.075538830249684 ], [ 17.794880916035424, 49.076058938044696 ], [ 17.787933551342292, 49.079829554342155 ], [ 17.77413806962511, 49.080219602003353 ], [ 17.771557619445559, 49.083989903040049 ], [ 17.767786192743756, 49.08463992572905 ], [ 17.760441836475366, 49.08463992572905 ], [ 17.758159130201932, 49.077164148144675 ], [ 17.749723045080657, 49.072483088445381 ], [ 17.73195764042498, 49.073068245031152 ], [ 17.726598244727484, 49.071897924967175 ], [ 17.725804260678842, 49.069167071327058 ], [ 17.713100507814602, 49.064290172528445 ], [ 17.704565173227365, 49.056876370606744 ], [ 17.680745637393159, 49.057721859612684 ], [ 17.680944133630021, 49.065005480980233 ], [ 17.687296009612908, 49.067216369010907 ], [ 17.687593753518854, 49.073328312543197 ], [ 17.683127590437721, 49.074498598910907 ], [ 17.681440373772659, 49.078529374524976 ], [ 17.676477970548717, 49.078789412858271 ], [ 17.669232861051285, 49.085874946220599 ], [ 17.644023851559837, 49.08756492371208 ], [ 17.64471858883752, 49.099198210180987 ], [ 17.636282502817892, 49.103811774983171 ], [ 17.632213332210142, 49.104201634269145 ], [ 17.6329080685897, 49.115701099758326 ], [ 17.63925994457253, 49.117065266031432 ], [ 17.640550169662333, 49.124405136630401 ], [ 17.652459937579465, 49.129211189104581 ], [ 17.653353170195714, 49.13661419629517 ], [ 17.649383247257219, 49.13778299107878 ], [ 17.647497534355466, 49.140185426876087 ], [ 17.646802797975965, 49.149404505766427 ], [ 17.610378756946943, 49.149794006742979 ], [ 17.601347182216898, 49.142652672489419 ], [ 17.571969754448389, 49.14297730078664 ], [ 17.569389304269009, 49.140185426876087 ], [ 17.564129157139064, 49.139471201227707 ], [ 17.558472016637211, 49.139406271380096 ], [ 17.555990815025211, 49.143172077214501 ], [ 17.538820899079838, 49.143366852288977 ], [ 17.530583310195425, 49.13661419629517 ], [ 17.524529177220018, 49.134471334080899 ], [ 17.52254421664918, 49.127587574919971 ], [ 17.51301640177644, 49.127522629505449 ], [ 17.508450990127756, 49.123950485999444 ], [ 17.494159268267936, 49.124015436680736 ], [ 17.491777315223317, 49.124989681400677 ], [ 17.491380322749933, 49.132068621313124 ], [ 17.479470554832801, 49.132912831183489 ], [ 17.478974313791696, 49.136419394093252 ], [ 17.475103639420809, 49.137003797226953 ], [ 17.471629957523305, 49.140964570710537 ], [ 17.467957778490813, 49.141678774250408 ], [ 17.466270561825922, 49.14518471763563 ], [ 17.462201390319876, 49.146093625888625 ], [ 17.460117181181431, 49.148950084384126 ], [ 17.454757785484048, 49.149664173424469 ], [ 17.454162296773802, 49.156934311785676 ], [ 17.443542753946303, 49.158556964773311 ], [ 17.441359296240307, 49.162061713945945 ], [ 17.436396893016479, 49.162256414765523 ], [ 17.43560290806937, 49.166280064627358 ], [ 17.430342760939368, 49.166993903860373 ], [ 17.429449528323175, 49.170303386963269 ], [ 17.418432992123996, 49.176467521758525 ], [ 17.418234496785601, 49.178478809566684 ], [ 17.412180363810364, 49.180619768751569 ], [ 17.410890139618914, 49.183863469408436 ], [ 17.405101635677454, 49.184079672478106 ], [ 17.403942774925781, 49.184122956417184 ], [ 17.395109696432598, 49.184252699411161 ], [ 17.389948796971908, 49.180165633739989 ], [ 17.381115718478725, 49.180100757221282 ], [ 17.377840532817913, 49.184122956417184 ], [ 17.366923245186285, 49.184447312970917 ], [ 17.365236027622984, 49.180684645176996 ], [ 17.361464600921352, 49.180165633739989 ], [ 17.357395430313602, 49.176597284823401 ], [ 17.34359994859642, 49.176467521758525 ], [ 17.338018237832443, 49.17316104539384 ], [ 17.321122246064988, 49.172455081560145 ], [ 17.312801288132164, 49.16510415433288 ], [ 17.300732723225622, 49.163775056883139 ], [ 17.292665840296138, 49.15729519419142 ], [ 17.281232462448997, 49.156505922588337 ], [ 17.279072824471029, 49.153182534564678 ], [ 17.275325217497311, 49.152434741369518 ], [ 17.272784467463509, 49.145163942629893 ], [ 17.268084078553386, 49.144125170078382 ], [ 17.265670365572078, 49.14063473470793 ], [ 17.256777738657092, 49.140593180285123 ], [ 17.253284206686885, 49.137060938760555 ], [ 17.247503998787693, 49.134983032174432 ], [ 17.246805292752981, 49.133029720394688 ], [ 17.234609689895649, 49.128624096503586 ], [ 17.235054321825316, 49.120809385321252 ], [ 17.238547853795694, 49.120435245854821 ], [ 17.242168422818395, 49.115903778158952 ], [ 17.245852511714929, 49.114947543720348 ], [ 17.245852511714929, 49.104718842449984 ], [ 17.240072303815964, 49.102764338395559 ], [ 17.237874554811981, 49.095198434923475 ], [ 17.234256526224897, 49.094852385314937 ], [ 17.2301506729126, 49.091019059421058 ], [ 17.212121398458066, 49.090497138849628 ], [ 17.212890242719197, 49.089904798043676 ], [ 17.212890242719197, 49.083014852464089 ], [ 17.218448134653443, 49.081194707460838 ], [ 17.21854738322088, 49.074758658934911 ], [ 17.22489925920371, 49.07228803491455 ], [ 17.224700762967018, 49.063704912553931 ], [ 17.230258654901263, 49.059607899733749 ], [ 17.230060158664571, 49.049201269721436 ], [ 17.224700762967018, 49.048420684838106 ], [ 17.223013546302184, 49.045038007948392 ], [ 17.224303770493464, 49.036645373098224 ], [ 17.24365714414489, 49.036450178898065 ], [ 17.247527818515778, 49.03592965708981 ], [ 17.251001501311578, 49.031960496174293 ], [ 17.264697734461151, 49.031700212755652 ], [ 17.267178936073151, 49.027860866939818 ], [ 17.273034571913342, 49.026038701333334 ], [ 17.273332316717642, 49.015885413011233 ], [ 17.275019533382476, 49.014974118707187 ], [ 17.284249604349213, 49.015234490210787 ], [ 17.286730805961213, 49.018814458809857 ], [ 17.296754860976591, 49.018749370448461 ], [ 17.29983155040054, 49.014909025913312 ], [ 17.321666125663967, 49.013737336351767 ], [ 17.326529281218654, 49.009766405591733 ], [ 17.342706715980228, 49.008594594993099 ], [ 17.343699197164028, 49.00566494784016 ], [ 17.354020996085353, 49.005078997725434 ], [ 17.355807461317852, 49.004232613034389 ], [ 17.354417988558964, 48.98938599151694 ], [ 17.348165360245162, 48.986324953520011 ], [ 17.348264607914473, 48.980983969274007 ], [ 17.352730770995606, 48.979811481423553 ], [ 17.355410468844298, 48.975446978549428 ], [ 17.376649555397421, 48.97492581809172 ], [ 17.379825494287218, 48.976554425546624 ], [ 17.380817974572551, 48.979290366596729 ], [ 17.392429998583737, 48.978573825108356 ], [ 17.392628494820599, 48.967303227689968 ], [ 17.403744278688862, 48.966000104082923 ], [ 17.412378860047056, 48.957985145953728 ], [ 17.421608931013793, 48.957789642676005 ], [ 17.424685620437742, 48.954140114781524 ], [ 17.44155779247717, 48.954074942477348 ], [ 17.444237490325861, 48.957528971430179 ], [ 17.45495628172074, 48.957854810716924 ], [ 17.45743748333274, 48.960787269695857 ], [ 17.460712669891677, 48.961308577359375 ], [ 17.474706646947254, 48.960722105486184 ], [ 17.476790856984167, 48.957333466364503 ], [ 17.485524686909741, 48.957007623672098 ], [ 17.488303632427687, 48.960461449565514 ], [ 17.497434454826873, 48.960331120799424 ], [ 17.499915656438816, 48.959614306793185 ], [ 17.501106633859365, 48.952575950083826 ], [ 17.510535200164497, 48.952315251003029 ], [ 17.517284068620938, 48.956355931901726 ], [ 17.532072030623567, 48.955704231027482 ], [ 17.533064511807197, 48.952901821724254 ], [ 17.542592325781641, 48.951402794082014 ], [ 17.544478039581691, 48.949447472382928 ], [ 17.543485558397833, 48.936084059260736 ], [ 17.537530674888558, 48.933932541693764 ], [ 17.537828418794504, 48.923760473829475 ], [ 17.558372768968127, 48.922325785223904 ], [ 17.570878025595505, 48.913716785116605 ], [ 17.592017864479146, 48.91241226168637 ], [ 17.594598313760457, 48.909411728938721 ], [ 17.599659965552007, 48.908172325433611 ], [ 17.60660733024514, 48.900604776393891 ], [ 17.612065973611777, 48.899299910616151 ], [ 17.612264469848469, 48.893558096845936 ], [ 17.617822361782714, 48.890686942343734 ], [ 17.618715594398964, 48.883573600338138 ], [ 17.623677997622963, 48.882464088505174 ], [ 17.62496822271271, 48.879788106521801 ], [ 17.629335138124759, 48.878156339909481 ], [ 17.630228370740838, 48.867058914479117 ], [ 17.635290021634091, 48.865557309216626 ], [ 17.635786262675026, 48.857978347189032 ], [ 17.659849773316068, 48.85755895462961 ], [ 17.661780866785023, 48.861733381149975 ], [ 17.673643298094078, 48.86209635830761 ], [ 17.677229614536259, 48.865544510011887 ], [ 17.706471887065732, 48.865181557862286 ], [ 17.707023628056959, 48.873165897073932 ], [ 17.711437555985867, 48.874254571890219 ], [ 17.713920390445878, 48.877339021883245 ], [ 17.720265411843741, 48.878064747184055 ], [ 17.719989541348241, 48.881148962248915 ], [ 17.732955454639523, 48.882418877881321 ], [ 17.73350719563075, 48.888586580869287 ], [ 17.739024605541942, 48.890400466392634 ], [ 17.742335051488794, 48.898199424332915 ], [ 17.747024849913259, 48.899287554295597 ], [ 17.747300720408759, 48.905271845673383 ], [ 17.753645741806679, 48.905997165634631 ], [ 17.754473353293406, 48.909623607527749 ], [ 17.767439266584688, 48.911618038386052 ], [ 17.768266878071415, 48.9137936903428 ], [ 17.772956676495824, 48.914518886607254 ], [ 17.775439510956005, 48.925758082569985 ], [ 17.803578301503251, 48.925395567336864 ], [ 17.81075093438767, 48.925939339199601 ], [ 17.813785509838851, 48.929020601244019 ], [ 17.84771758079296, 48.92920184603139 ], [ 17.854890213677379, 48.924851789552974 ], [ 17.86426981052648, 48.92521430873353 ], [ 17.866476774490934, 48.928295615515481 ], [ 17.877511594313489, 48.928658109695618 ], [ 17.878615076295716, 48.9449676241519 ], [ 17.886063579675806, 48.944786436599657 ], [ 17.886063579675806, 48.948772410785011 ], [ 17.892132730578226, 48.951127609508717 ], [ 17.892960342064725, 48.981191912565919 ], [ 17.900684715940542, 48.983183485085476 ], [ 17.902891679905053, 48.986261213349337 ], [ 17.908133219320689, 48.988071552947588 ], [ 17.908409089816189, 49.010514299875979 ], [ 17.915305852205108, 49.012685641959024 ], [ 17.917786195747397, 49.019554036132433 ] ] ] } },
{ "type": "Feature", "properties": { "shapeName": "Kroměříž", "shapeISO": "", "shapeID": "57006924B59836523347755", "shapeGroup": "CZE", "shapeType": "ADM2" }, "geometry": { "type": "Polygon", "coordinates": [ [ [ 17.782706868674438, 49.433994550947034 ], [ 17.781532050626481, 49.433171767208478 ], [ 17.765714389339564, 49.433272617906084 ], [ 17.76245781227999, 49.437205629287007 ], [ 17.754859132174772, 49.437508155291425 ], [ 17.751602555115198, 49.43660057109571 ], [ 17.749121353503369, 49.429944438908763 ], [ 17.726635462828085, 49.429641865666042 ], [ 17.723999185946809, 49.433171767208478 ], [ 17.713764228960713, 49.434583656352572 ], [ 17.712058402796288, 49.436096350331752 ], [ 17.712058402796288, 49.446784721310394 ], [ 17.701513295271695, 49.447692117615361 ], [ 17.698721944019667, 49.455656316992133 ], [ 17.673754851732554, 49.455555512324224 ], [ 17.671583799760583, 49.435491278455402 ], [ 17.661658993312642, 49.43539043231948 ], [ 17.659487941340615, 49.439625786822546 ], [ 17.652199411773893, 49.444163261101664 ], [ 17.629093220920254, 49.444465744769843 ], [ 17.627387394756056, 49.441239159023496 ], [ 17.621804690455235, 49.438718241815764 ], [ 17.621029315007661, 49.433171767208478 ], [ 17.633280248696678, 49.430852146271945 ], [ 17.639948478084875, 49.425103047748792 ], [ 17.639793402815826, 49.419655912201733 ], [ 17.645065956578151, 49.418445355388712 ], [ 17.646151482564051, 49.415923266606114 ], [ 17.644755806039825, 49.406640862390873 ], [ 17.6405687782634, 49.405833614210735 ], [ 17.637932501382352, 49.402099917414603 ], [ 17.632970098158353, 49.401494426237377 ], [ 17.629558445829559, 49.398668702220846 ], [ 17.619633639381732, 49.397356703469768 ], [ 17.614981385797762, 49.394429811036787 ], [ 17.595286847272973, 49.394631671488696 ], [ 17.591720119675074, 49.402907226980801 ], [ 17.555587619684843, 49.40300813988938 ], [ 17.553416568611169, 49.399778827454725 ], [ 17.543491761265045, 49.399476068197032 ], [ 17.540545334743797, 49.396347450080839 ], [ 17.52813932578556, 49.394732601403632 ], [ 17.52689872542868, 49.392209293652456 ], [ 17.514802867008939, 49.390291493630173 ], [ 17.51340719138301, 49.375653182649216 ], [ 17.507824487082189, 49.374441540751661 ], [ 17.505963585648715, 49.367575006203253 ], [ 17.502241783679892, 49.366868103057072 ], [ 17.497124304288548, 49.36313144347713 ], [ 17.487664723648152, 49.36161650091924 ], [ 17.485028446766876, 49.354849186850458 ], [ 17.467504959315761, 49.355556263374183 ], [ 17.466264358060585, 49.367675991704459 ], [ 17.456649702150969, 49.367978946963547 ], [ 17.455409100895963, 49.371109371816544 ], [ 17.446724894804845, 49.37585512025646 ], [ 17.43152753459475, 49.376359960060199 ], [ 17.429201408251856, 49.373532790019908 ], [ 17.418656300727207, 49.372825971954683 ], [ 17.415244648398584, 49.377268658522837 ], [ 17.41198807133901, 49.377571554081783 ], [ 17.408111193202615, 49.381408073486512 ], [ 17.3927587577233, 49.381710943533619 ], [ 17.388726805216095, 49.377975412703336 ], [ 17.380662899303502, 49.377470589492759 ], [ 17.378491848229828, 49.378379267421167 ], [ 17.379577373317602, 49.401595341464827 ], [ 17.378336772960779, 49.402806313864687 ], [ 17.354765356299367, 49.403310876786634 ], [ 17.35274938049514, 49.391098997317386 ], [ 17.346236225477696, 49.38958491657678 ], [ 17.344375324043995, 49.387364180177201 ], [ 17.333520066879373, 49.385446190418577 ], [ 17.333520066879373, 49.371109371816544 ], [ 17.338017245194123, 49.369998598642155 ], [ 17.339567996089272, 49.362525471937658 ], [ 17.342979648418122, 49.36212148695779 ], [ 17.346546376016022, 49.357879442824242 ], [ 17.349647877806319, 49.35686937843866 ], [ 17.349182652897071, 49.336562682838633 ], [ 17.337086794477273, 49.334945869395654 ], [ 17.336156343760649, 49.331206784341987 ], [ 17.332899766701075, 49.328579149712652 ], [ 17.31770240649081, 49.328275952324361 ], [ 17.31661688050491, 49.32564816067736 ], [ 17.310879101833336, 49.322919152169106 ], [ 17.309018200399692, 49.312304903213601 ], [ 17.304365946815892, 49.311192801906031 ], [ 17.301264445025538, 49.30795745545538 ], [ 17.295991891263043, 49.30694636618972 ], [ 17.294596214738874, 49.299868159168852 ], [ 17.282035131409827, 49.294204862308959 ], [ 17.280329305245402, 49.291676394148226 ], [ 17.265131945035307, 49.291676394148226 ], [ 17.260634766720614, 49.295519613958902 ], [ 17.256963752803017, 49.295519613958902 ], [ 17.253191161884615, 49.295519613958902 ], [ 17.247143232674716, 49.292283238311427 ], [ 17.226363168163857, 49.292182098038722 ], [ 17.224347191461106, 49.289350089082347 ], [ 17.216593436086782, 49.285304079699699 ], [ 17.20713385454809, 49.284899460675888 ], [ 17.203567127848487, 49.288338618010471 ], [ 17.195193071397568, 49.288844356140203 ], [ 17.19255679451652, 49.288035172876732 ], [ 17.19116111889042, 49.285000615889714 ], [ 17.186974091113996, 49.28439368208052 ], [ 17.185113189680521, 49.277109894237242 ], [ 17.178134809753828, 49.275996998590131 ], [ 17.176172427439212, 49.272435401653865 ], [ 17.159163659607884, 49.27237162257012 ], [ 17.154067897653249, 49.272352514600016 ], [ 17.152448169619106, 49.271881090184081 ], [ 17.150661704386437, 49.253357275692508 ], [ 17.149172983059998, 49.252191208620275 ], [ 17.139545920518174, 49.251737730718673 ], [ 17.138156447759059, 49.249081561374794 ], [ 17.131506826971929, 49.24694356593028 ], [ 17.131010586829234, 49.240658617963959 ], [ 17.136866222669482, 49.237742648789379 ], [ 17.137858702954816, 49.231715766526293 ], [ 17.142523362272811, 49.231002860832689 ], [ 17.144210579835999, 49.227762251173488 ], [ 17.14907373449239, 49.225752966225286 ], [ 17.149272230729252, 49.220113569559715 ], [ 17.143416594889061, 49.217585354678533 ], [ 17.142424114603557, 49.209870259751881 ], [ 17.143118850983058, 49.206822790257718 ], [ 17.148478246680611, 49.204812653906856 ], [ 17.14937147929686, 49.197614399405779 ], [ 17.154631626426635, 49.195603888724804 ], [ 17.154929371230878, 49.193463577819387 ], [ 17.159991022124188, 49.192166374677356 ], [ 17.159991022124188, 49.181982148782538 ], [ 17.153936890047078, 49.179841249121466 ], [ 17.153837642377994, 49.172250039015751 ], [ 17.182818078571188, 49.17153627556246 ], [ 17.187085745415629, 49.175104989332624 ], [ 17.197407544337182, 49.175234755969541 ], [ 17.19790378447982, 49.163554402036937 ], [ 17.197010551863627, 49.159141106858954 ], [ 17.191353412260071, 49.156220327536005 ], [ 17.190956419786517, 49.148235985051599 ], [ 17.18966619469694, 49.146353310311042 ], [ 17.18520003161558, 49.145833939517559 ], [ 17.181924845954995, 49.138562172093771 ], [ 17.171603046135317, 49.137718058431801 ], [ 17.167930868001122, 49.134146650066839 ], [ 17.148081254207057, 49.134341460612859 ], [ 17.144806067648119, 49.133302461207563 ], [ 17.144157959416873, 49.126601647151062 ], [ 17.143813587362615, 49.123041172232092 ], [ 17.14331734721975, 49.112842724287248 ], [ 17.141630129656562, 49.109399463063028 ], [ 17.13825569542837, 49.108684793861187 ], [ 17.136469230195928, 49.106280830890967 ], [ 17.136369982526617, 49.103162003288219 ], [ 17.133888780914617, 49.101602515684817 ], [ 17.123467733425684, 49.100042979663954 ], [ 17.121681268193242, 49.093089449937509 ], [ 17.118108337728302, 49.092829485892025 ], [ 17.115627136116359, 49.090424755404058 ], [ 17.116421120165001, 49.072613123903125 ], [ 17.133094795967679, 49.07215799860586 ], [ 17.136568477865183, 49.075538830249684 ], [ 17.153639146141302, 49.076188964142546 ], [ 17.15602110008399, 49.079504512578694 ], [ 17.179642139681391, 49.079374495159982 ], [ 17.180138380722497, 49.082429813046872 ], [ 17.186688752942075, 49.084119908376124 ], [ 17.187284241652321, 49.086459945051331 ], [ 17.192742885019186, 49.087889913309766 ], [ 17.193735365304519, 49.090229772326211 ], [ 17.197705288242958, 49.09152964583177 ], [ 17.211203026054136, 49.091204680645944 ], [ 17.212121398458066, 49.090497138849628 ], [ 17.2301506729126, 49.091019059421058 ], [ 17.234256526224897, 49.094852385314937 ], [ 17.237874554811981, 49.095198434923475 ], [ 17.240072303815964, 49.102764338395559 ], [ 17.245852511714929, 49.104718842449984 ], [ 17.245852511714929, 49.114947543720348 ], [ 17.242168422818395, 49.115903778158952 ], [ 17.238547853795694, 49.120435245854821 ], [ 17.235054321825316, 49.120809385321252 ], [ 17.234609689895649, 49.128624096503586 ], [ 17.246805292752981, 49.133029720394688 ], [ 17.247503998787693, 49.134983032174432 ], [ 17.253284206686885, 49.137060938760555 ], [ 17.256777738657092, 49.140593180285123 ], [ 17.265670365572078, 49.14063473470793 ], [ 17.268084078553386, 49.144125170078382 ], [ 17.272784467463509, 49.145163942629893 ], [ 17.275325217497311, 49.152434741369518 ], [ 17.279072824471029, 49.153182534564678 ], [ 17.281232462448997, 49.156505922588337 ], [ 17.292665840296138, 49.15729519419142 ], [ 17.300732723225622, 49.163775056883139 ], [ 17.312801288132164, 49.16510415433288 ], [ 17.321122246064988, 49.172455081560145 ], [ 17.338018237832443, 49.17316104539384 ], [ 17.34359994859642, 49.176467521758525 ], [ 17.357395430313602, 49.176597284823401 ], [ 17.361464600921352, 49.180165633739989 ], [ 17.365236027622984, 49.180684645176996 ], [ 17.366923245186285, 49.184447312970917 ], [ 17.377840532817913, 49.184122956417184 ], [ 17.381115718478725, 49.180100757221282 ], [ 17.389948796971908, 49.180165633739989 ], [ 17.395109696432598, 49.184252699411161 ], [ 17.403942774925781, 49.184122956417184 ], [ 17.405101635677454, 49.184079672478106 ], [ 17.406237390165074, 49.191346524847518 ], [ 17.408269990192025, 49.192176752324713 ], [ 17.421037262031632, 49.192135241722099 ], [ 17.42459431297732, 49.193214517224476 ], [ 17.425165981061184, 49.195289982300721 ], [ 17.4422525288565, 49.195871096377402 ], [ 17.445555504798847, 49.199274630042112 ], [ 17.458386294715638, 49.199772688365556 ], [ 17.465690952634873, 49.203051448155804 ], [ 17.476552661500023, 49.203632471044273 ], [ 17.477124330482184, 49.211558607041979 ], [ 17.459847226658667, 49.212139530556044 ], [ 17.459521692471185, 49.219530146925422 ], [ 17.472026949098563, 49.22076180859267 ], [ 17.472920181714755, 49.223938058355088 ], [ 17.481058523828438, 49.224715884092404 ], [ 17.488303632427687, 49.219724621706632 ], [ 17.495350245688428, 49.220178393610922 ], [ 17.497831447300427, 49.2217989737116 ], [ 17.498129191206374, 49.231586148020995 ], [ 17.493166787982375, 49.233530389301677 ], [ 17.490784834039687, 49.240723415062689 ], [ 17.487013407337884, 49.241695365449175 ], [ 17.486318670958383, 49.244611101247187 ], [ 17.482348748918184, 49.245647765755052 ], [ 17.479470554832801, 49.249146348007912 ], [ 17.474011910567867, 49.250895546169886 ], [ 17.474905143184117, 49.257243966611668 ], [ 17.47937130626525, 49.258409914326023 ], [ 17.488601377231987, 49.265987903103166 ], [ 17.499320168626866, 49.266117431321902 ], [ 17.501404377765311, 49.262620051822068 ], [ 17.504381819520006, 49.262360976682601 ], [ 17.513314145682443, 49.262425745888095 ], [ 17.514108130629552, 49.264627837156013 ], [ 17.520063014138884, 49.265534551952726 ], [ 17.529987821484951, 49.265016431503113 ], [ 17.533957744423617, 49.26171328346976 ], [ 17.543684054634753, 49.260353099700069 ], [ 17.545867512340749, 49.257373517783037 ], [ 17.553013373270574, 49.256855311643392 ], [ 17.557578784021018, 49.257697393930641 ], [ 17.558571265204819, 49.263785872531571 ], [ 17.566709606420147, 49.26793079009542 ], [ 17.57802388652533, 49.267088881831057 ], [ 17.578321630431276, 49.260741727124696 ], [ 17.589536661969021, 49.260547413794825 ], [ 17.590826887058824, 49.263202965619655 ], [ 17.597476507846011, 49.264951665698106 ], [ 17.598766732935587, 49.271557306534362 ], [ 17.606905074151143, 49.276413831695095 ], [ 17.616333640456219, 49.277061331944026 ], [ 17.619211834541602, 49.287808598831305 ], [ 17.624074990096517, 49.289232759741083 ], [ 17.625365215186093, 49.296158772966407 ], [ 17.631320099593893, 49.298035749280871 ], [ 17.63201483597345, 49.312919581037249 ], [ 17.628441905508339, 49.314148914260045 ], [ 17.626556191708517, 49.317254460517006 ], [ 17.621395292247655, 49.319001244349067 ], [ 17.620700555868268, 49.320877350634134 ], [ 17.621196796010963, 49.326117130788816 ], [ 17.626059951565651, 49.32728145066028 ], [ 17.6269531841819, 49.329157241493306 ], [ 17.644817836506775, 49.331032960858579 ], [ 17.649978735967466, 49.334460814596468 ], [ 17.664965194206843, 49.334072768018132 ], [ 17.666553163202593, 49.330968281747062 ], [ 17.669332109618892, 49.330192129879833 ], [ 17.682929095099155, 49.330127450249336 ], [ 17.686700520902662, 49.332908608756895 ], [ 17.695136606922233, 49.333620042753239 ], [ 17.698709537387344, 49.332714579146227 ], [ 17.699106529860728, 49.330062769948199 ], [ 17.709626825018972, 49.329998090147512 ], [ 17.717963662471163, 49.334008092900604 ], [ 17.719452383797659, 49.336659690155443 ], [ 17.729575686482292, 49.337435740049841 ], [ 17.737912524832609, 49.341639132116256 ], [ 17.73959974149767, 49.344419640219655 ], [ 17.75478469597374, 49.352889522133921 ], [ 17.761732060666873, 49.352566271088961 ], [ 17.766495968552476, 49.349204333008686 ], [ 17.777314007616667, 49.347393963131196 ], [ 17.780589194175604, 49.344484301070736 ], [ 17.795277908508979, 49.344678284284782 ], [ 17.799247830549177, 49.347846561699612 ], [ 17.809030060519547, 49.348002948630381 ], [ 17.815425266209047, 49.348105187750832 ], [ 17.818799700437239, 49.351919762041064 ], [ 17.82237263090218, 49.352436969959172 ], [ 17.823762103661068, 49.362521432192068 ], [ 17.836465856525308, 49.369243258290112 ], [ 17.838748561900388, 49.375899545974335 ], [ 17.849665849532187, 49.381198082272931 ], [ 17.851154570858682, 49.389855435652009 ], [ 17.858498928025369, 49.396056781225582 ], [ 17.858697424262061, 49.39993222471935 ], [ 17.847978632867125, 49.406390617049794 ], [ 17.846489911540687, 49.418207275728719 ], [ 17.843611717455303, 49.419433979274572 ], [ 17.829716988068867, 49.419433979274572 ], [ 17.825250824987734, 49.415753777232453 ], [ 17.808775645421861, 49.415430939490307 ], [ 17.807584668899494, 49.427503630444789 ], [ 17.793590690945621, 49.428665550948097 ], [ 17.790216256717429, 49.429569247739778 ], [ 17.788727535390933, 49.432409329950076 ], [ 17.782706868674438, 49.433994550947034 ] ] ] } },
{ "type": "Feature", "properties": { "shapeName": "Zlín", "shapeISO": "", "shapeID": "57006924B65826634483108", "shapeGroup": "CZE", "shapeType": "ADM2" }, "geometry": { "type": "Polygon", "coordinates": [ [ [ 17.809030060519547, 49.348002948630381 ], [ 17.799247830549177, 49.347846561699612 ], [ 17.795277908508979, 49.344678284284782 ], [ 17.780589194175604, 49.344484301070736 ], [ 17.777314007616667, 49.347393963131196 ], [ 17.766495968552476, 49.349204333008686 ], [ 17.761732060666873, 49.352566271088961 ], [ 17.75478469597374, 49.352889522133921 ], [ 17.73959974149767, 49.344419640219655 ], [ 17.737912524832609, 49.341639132116256 ], [ 17.729575686482292, 49.337435740049841 ], [ 17.719452383797659, 49.336659690155443 ], [ 17.717963662471163, 49.334008092900604 ], [ 17.709626825018972, 49.329998090147512 ], [ 17.699106529860728, 49.330062769948199 ], [ 17.698709537387344, 49.332714579146227 ], [ 17.695136606922233, 49.333620042753239 ], [ 17.686700520902662, 49.332908608756895 ], [ 17.682929095099155, 49.330127450249336 ], [ 17.669332109618892, 49.330192129879833 ], [ 17.666553163202593, 49.330968281747062 ], [ 17.664965194206843, 49.334072768018132 ], [ 17.649978735967466, 49.334460814596468 ], [ 17.644817836506775, 49.331032960858579 ], [ 17.6269531841819, 49.329157241493306 ], [ 17.626059951565651, 49.32728145066028 ], [ 17.621196796010963, 49.326117130788816 ], [ 17.620700555868268, 49.320877350634134 ], [ 17.621395292247655, 49.319001244349067 ], [ 17.626556191708517, 49.317254460517006 ], [ 17.628441905508339, 49.314148914260045 ], [ 17.63201483597345, 49.312919581037249 ], [ 17.631320099593893, 49.298035749280871 ], [ 17.625365215186093, 49.296158772966407 ], [ 17.624074990096517, 49.289232759741083 ], [ 17.619211834541602, 49.287808598831305 ], [ 17.616333640456219, 49.277061331944026 ], [ 17.606905074151143, 49.276413831695095 ], [ 17.598766732935587, 49.271557306534362 ], [ 17.597476507846011, 49.264951665698106 ], [ 17.590826887058824, 49.263202965619655 ], [ 17.589536661969021, 49.260547413794825 ], [ 17.578321630431276, 49.260741727124696 ], [ 17.57802388652533, 49.267088881831057 ], [ 17.566709606420147, 49.26793079009542 ], [ 17.558571265204819, 49.263785872531571 ], [ 17.557578784021018, 49.257697393930641 ], [ 17.553013373270574, 49.256855311643392 ], [ 17.545867512340749, 49.257373517783037 ], [ 17.543684054634753, 49.260353099700069 ], [ 17.533957744423617, 49.26171328346976 ], [ 17.529987821484951, 49.265016431503113 ], [ 17.520063014138884, 49.265534551952726 ], [ 17.514108130629552, 49.264627837156013 ], [ 17.513314145682443, 49.262425745888095 ], [ 17.504381819520006, 49.262360976682601 ], [ 17.501404377765311, 49.262620051822068 ], [ 17.499320168626866, 49.266117431321902 ], [ 17.488601377231987, 49.265987903103166 ], [ 17.47937130626525, 49.258409914326023 ], [ 17.474905143184117, 49.257243966611668 ], [ 17.474011910567867, 49.250895546169886 ], [ 17.479470554832801, 49.249146348007912 ], [ 17.482348748918184, 49.245647765755052 ], [ 17.486318670958383, 49.244611101247187 ], [ 17.487013407337884, 49.241695365449175 ], [ 17.490784834039687, 49.240723415062689 ], [ 17.493166787982375, 49.233530389301677 ], [ 17.498129191206374, 49.231586148020995 ], [ 17.497831447300427, 49.2217989737116 ], [ 17.495350245688428, 49.220178393610922 ], [ 17.488303632427687, 49.219724621706632 ], [ 17.481058523828438, 49.224715884092404 ], [ 17.472920181714755, 49.223938058355088 ], [ 17.472026949098563, 49.22076180859267 ], [ 17.459521692471185, 49.219530146925422 ], [ 17.459847226658667, 49.212139530556044 ], [ 17.477124330482184, 49.211558607041979 ], [ 17.476552661500023, 49.203632471044273 ], [ 17.465690952634873, 49.203051448155804 ], [ 17.458386294715638, 49.199772688365556 ], [ 17.445555504798847, 49.199274630042112 ], [ 17.4422525288565, 49.195871096377402 ], [ 17.425165981061184, 49.195289982300721 ], [ 17.42459431297732, 49.193214517224476 ], [ 17.421037262031632, 49.192135241722099 ], [ 17.408269990192025, 49.192176752324713 ], [ 17.406237390165074, 49.191346524847518 ], [ 17.405101635677454, 49.184079672478106 ], [ 17.410890139618914, 49.183863469408436 ], [ 17.412180363810364, 49.180619768751569 ], [ 17.418234496785601, 49.178478809566684 ], [ 17.418432992123996, 49.176467521758525 ], [ 17.429449528323175, 49.170303386963269 ], [ 17.430342760939368, 49.166993903860373 ], [ 17.43560290806937, 49.166280064627358 ], [ 17.436396893016479, 49.162256414765523 ], [ 17.441359296240307, 49.162061713945945 ], [ 17.443542753946303, 49.158556964773311 ], [ 17.454162296773802, 49.156934311785676 ], [ 17.454757785484048, 49.149664173424469 ], [ 17.460117181181431, 49.148950084384126 ], [ 17.462201390319876, 49.146093625888625 ], [ 17.466270561825922, 49.14518471763563 ], [ 17.467957778490813, 49.141678774250408 ], [ 17.471629957523305, 49.140964570710537 ], [ 17.475103639420809, 49.137003797226953 ], [ 17.478974313791696, 49.136419394093252 ], [ 17.479470554832801, 49.132912831183489 ], [ 17.491380322749933, 49.132068621313124 ], [ 17.491777315223317, 49.124989681400677 ], [ 17.494159268267936, 49.124015436680736 ], [ 17.508450990127756, 49.123950485999444 ], [ 17.51301640177644, 49.127522629505449 ], [ 17.52254421664918, 49.127587574919971 ], [ 17.524529177220018, 49.134471334080899 ], [ 17.530583310195425, 49.13661419629517 ], [ 17.538820899079838, 49.143366852288977 ], [ 17.555990815025211, 49.143172077214501 ], [ 17.558472016637211, 49.139406271380096 ], [ 17.564129157139064, 49.139471201227707 ], [ 17.569389304269009, 49.140185426876087 ], [ 17.571969754448389, 49.14297730078664 ], [ 17.601347182216898, 49.142652672489419 ], [ 17.610378756946943, 49.149794006742979 ], [ 17.646802797975965, 49.149404505766427 ], [ 17.647497534355466, 49.140185426876087 ], [ 17.649383247257219, 49.13778299107878 ], [ 17.653353170195714, 49.13661419629517 ], [ 17.652459937579465, 49.129211189104581 ], [ 17.640550169662333, 49.124405136630401 ], [ 17.63925994457253, 49.117065266031432 ], [ 17.6329080685897, 49.115701099758326 ], [ 17.632213332210142, 49.104201634269145 ], [ 17.636282502817892, 49.103811774983171 ], [ 17.64471858883752, 49.099198210180987 ], [ 17.644023851559837, 49.08756492371208 ], [ 17.669232861051285, 49.085874946220599 ], [ 17.676477970548717, 49.078789412858271 ], [ 17.681440373772659, 49.078529374524976 ], [ 17.683127590437721, 49.074498598910907 ], [ 17.687593753518854, 49.073328312543197 ], [ 17.687296009612908, 49.067216369010907 ], [ 17.680944133630021, 49.065005480980233 ], [ 17.680745637393159, 49.057721859612684 ], [ 17.704565173227365, 49.056876370606744 ], [ 17.713100507814602, 49.064290172528445 ], [ 17.725804260678842, 49.069167071327058 ], [ 17.726598244727484, 49.071897924967175 ], [ 17.73195764042498, 49.073068245031152 ], [ 17.749723045080657, 49.072483088445381 ], [ 17.758159130201932, 49.077164148144675 ], [ 17.760441836475366, 49.08463992572905 ], [ 17.767786192743756, 49.08463992572905 ], [ 17.771557619445559, 49.083989903040049 ], [ 17.77413806962511, 49.080219602003353 ], [ 17.787933551342292, 49.079829554342155 ], [ 17.794880916035424, 49.076058938044696 ], [ 17.803317002055053, 49.075538830249684 ], [ 17.805500458862753, 49.063444795255066 ], [ 17.826640297746621, 49.062339279337664 ], [ 17.830411724448368, 49.058762442809893 ], [ 17.833488414770613, 49.058437262606617 ], [ 17.836664352762, 49.053884522852172 ], [ 17.858498928025369, 49.05375443837903 ], [ 17.86266734630226, 49.0572015604331 ], [ 17.883509441280125, 49.057526748132091 ], [ 17.885891394324517, 49.056225983982927 ], [ 17.885295906512567, 49.041459925809193 ], [ 17.878646285725438, 49.039768379664281 ], [ 17.878646285725438, 49.033131756767887 ], [ 17.884898914039184, 49.030528918458913 ], [ 17.885295906512567, 49.027730714971312 ], [ 17.895617705433949, 49.027600562073474 ], [ 17.896907930523696, 49.025062513401963 ], [ 17.90961168248964, 49.02232908625723 ], [ 17.910703411342581, 49.019465334207894 ], [ 17.917786195747397, 49.019554036132433 ], [ 17.928271765496618, 49.01919910001692 ], [ 17.931306340947799, 49.023179127049843 ], [ 17.947858570681319, 49.023540931906837 ], [ 17.94841031167249, 49.027158835804926 ], [ 17.970755821812872, 49.026616166988731 ], [ 17.979031936679746, 49.030595600872289 ], [ 17.985652828573109, 49.029510332286179 ], [ 17.98813566303329, 49.02553081160147 ], [ 17.992549590962255, 49.02553081160147 ], [ 17.993653072944483, 49.022817319562591 ], [ 18.01848141754499, 49.022636414832618 ], [ 18.021240122500501, 49.028967689115575 ], [ 18.038619963720919, 49.029691212027785 ], [ 18.042482150658657, 49.033308668770076 ], [ 18.052413488498928, 49.034212991857601 ], [ 18.052689358994428, 49.03656415495044 ], [ 18.05793089841012, 49.037287567391502 ], [ 18.059310250887847, 49.040000270343739 ], [ 18.071448552692573, 49.040723632810909 ], [ 18.072827905170357, 49.044882762831378 ], [ 18.078069444585992, 49.045967696066214 ], [ 18.080276408550446, 49.053019185120718 ], [ 18.092690580850729, 49.058081175908342 ], [ 18.09544928580641, 49.073806215415289 ], [ 18.099587343239648, 49.074709802104508 ], [ 18.101794307204329, 49.081757214210825 ], [ 18.113104997522328, 49.086996949365926 ], [ 18.114484350000112, 49.090790895209807 ], [ 18.114208479504384, 49.102532223570392 ], [ 18.108415199097692, 49.103435287638547 ], [ 18.108691069593249, 49.107408574311194 ], [ 18.110346292566646, 49.114451346076464 ], [ 18.116967184460066, 49.118062636095999 ], [ 18.117518925451293, 49.122034751450713 ], [ 18.113932609008884, 49.127811805901672 ], [ 18.107587587610965, 49.127811805901672 ], [ 18.104001271168784, 49.130158542024276 ], [ 18.105652685225664, 49.135741280495949 ], [ 18.092049482512607, 49.136396018224332 ], [ 18.084490749589804, 49.144997740508472 ], [ 18.074327746759593, 49.145537895511893 ], [ 18.073120890717973, 49.148612511885631 ], [ 18.067594757822349, 49.150232840430249 ], [ 18.066721375278973, 49.152844990316851 ], [ 18.061957468291723, 49.154273045828745 ], [ 18.06036949839762, 49.157193939976992 ], [ 18.049948451807154, 49.163229908555422 ], [ 18.047864241770242, 49.170368276911574 ], [ 18.037740939085779, 49.17114694554482 ], [ 18.034168008620668, 49.167383265949979 ], [ 18.024739442315592, 49.166864115621024 ], [ 18.018089821528406, 49.162775613991528 ], [ 18.01183719321466, 49.163165009838792 ], [ 18.010745464361719, 49.165890693274946 ], [ 18.004889828521527, 49.168486443280244 ], [ 18.003698851999275, 49.174391267042836 ], [ 17.996354494832588, 49.180165633739989 ], [ 17.991590586946984, 49.181463151539845 ], [ 17.98642968748635, 49.187171825376595 ], [ 17.97978006759746, 49.190090779131083 ], [ 17.979184578887214, 49.196511871220537 ], [ 17.974122927095834, 49.199041163311165 ], [ 17.973825183189831, 49.209351555042645 ], [ 17.966580074590581, 49.214408697196234 ], [ 17.951097375310212, 49.214927348846061 ], [ 17.947127452371774, 49.223225040428758 ], [ 17.933629715458892, 49.223938058355088 ], [ 17.931446257752839, 49.225558515166654 ], [ 17.930950017610201, 49.229836265795427 ], [ 17.925888365818651, 49.23255827822652 ], [ 17.92420114915376, 49.235992984645179 ], [ 17.925888365818651, 49.243704001436129 ], [ 17.937500389829779, 49.249146348007912 ], [ 17.939088358825529, 49.251413814878902 ], [ 17.939286855062392, 49.268384119228926 ], [ 17.937698886066642, 49.269549803755808 ], [ 17.929064304708447, 49.269873599995208 ], [ 17.925590621912818, 49.265728846231752 ], [ 17.912787621379323, 49.265469787413963 ], [ 17.908519954534881, 49.266894593493817 ], [ 17.901175597368137, 49.271751577096495 ], [ 17.901473341274141, 49.286060708921354 ], [ 17.897602666903254, 49.287743863533478 ], [ 17.895915449340066, 49.291045268247217 ], [ 17.884700417802321, 49.292210417265721 ], [ 17.884898914039184, 49.299394894747593 ], [ 17.890456805973258, 49.301918921681192 ], [ 17.890953046116067, 49.311884329602833 ], [ 17.883707936618521, 49.3166721854721 ], [ 17.868324486804056, 49.317901425040759 ], [ 17.864850804008256, 49.321071426313438 ], [ 17.84331397354913, 49.322235865499181 ], [ 17.834977135198812, 49.327540184800512 ], [ 17.833686911007305, 49.331032960858579 ], [ 17.82396059989793, 49.331809099469183 ], [ 17.816120002588548, 49.336012972074798 ], [ 17.815127521404747, 49.339181808011688 ], [ 17.810264366748356, 49.340216485655731 ], [ 17.809030060519547, 49.348002948630381 ] ] ] } },
{ "type": "Feature", "properties": { "shapeName": "Brno-Country", "shapeISO": "", "shapeID": "57006924B88312395520389", "shapeGroup": "CZE", "shapeType": "ADM2" }, "geometry": { "type": "Polygon", "coordinates": [ [ [ 16.246017111760523, 49.098847657138549 ], [ 16.249814776455253, 49.093988914561407 ], [ 16.270585412248806, 49.093947321041639 ], [ 16.273570794212276, 49.092907475248694 ], [ 16.273951907166634, 49.081467733346301 ], [ 16.27884285210456, 49.080718858186913 ], [ 16.280240265072337, 49.078264133187133 ], [ 16.285766397069665, 49.076142154433512 ], [ 16.286274547076516, 49.073437540727525 ], [ 16.292245311003569, 49.072646933125384 ], [ 16.297644405948347, 49.073645592710989 ], [ 16.299168855968617, 49.076433412167376 ], [ 16.315747253757252, 49.07601732950377 ], [ 16.320701716772362, 49.072480487909218 ], [ 16.329530825610391, 49.072105983986944 ], [ 16.33092823857811, 49.069484378071138 ], [ 16.335692145565247, 49.068402405032657 ], [ 16.339376233563428, 49.063616472742751 ], [ 16.349158123439508, 49.063117044660544 ], [ 16.350682573459949, 49.060536585982902 ], [ 16.355827593401216, 49.058164110133305 ], [ 16.358304825358061, 49.05067133820404 ], [ 16.367133933297737, 49.051212520700346 ], [ 16.382886587100813, 49.062409512804891 ], [ 16.403022034936839, 49.062492752646563 ], [ 16.405943897924828, 49.062076553221402 ], [ 16.409564467845826, 49.058663587989372 ], [ 16.419918025805771, 49.057165139363235 ], [ 16.421061363770207, 49.050588079152647 ], [ 16.425888789732824, 49.04925591006878 ], [ 16.426841571669343, 49.045883698891657 ], [ 16.437449204632628, 49.045051018397487 ], [ 16.440688661599495, 49.041845069846033 ], [ 16.45733057836361, 49.040595943025778 ], [ 16.45726705938813, 49.033017234786314 ], [ 16.450978701482427, 49.03122649213168 ], [ 16.450343514423025, 49.024854258024391 ], [ 16.439672361585963, 49.024229484895159 ], [ 16.437385686555444, 49.020563993210942 ], [ 16.432431222642037, 49.020022477173768 ], [ 16.430815464262992, 49.016341053612564 ], [ 16.425356819998058, 49.014843933034115 ], [ 16.425158323761366, 49.003451322407329 ], [ 16.430021479316054, 49.002735128319102 ], [ 16.431013960499683, 48.996940088534529 ], [ 16.425059076092055, 48.994595836076599 ], [ 16.424463587381808, 48.987888060410853 ], [ 16.435678619817736, 48.986259823272292 ], [ 16.436075611392994, 48.97863896599091 ], [ 16.4246620836185, 48.978508684730286 ], [ 16.422875618386058, 48.975056108716956 ], [ 16.411362842942481, 48.973492599329006 ], [ 16.409774873946731, 48.966000104082923 ], [ 16.405110214628735, 48.965153055977851 ], [ 16.404117733444934, 48.962546662328123 ], [ 16.404911718392043, 48.953749078499754 ], [ 16.420493665341667, 48.953032169902372 ], [ 16.423669603332996, 48.94957782958619 ], [ 16.434785387201487, 48.947817979490708 ], [ 16.434884634870741, 48.936801211373563 ], [ 16.423173363190358, 48.936670820793097 ], [ 16.418806447778309, 48.940908338254985 ], [ 16.410072617852734, 48.939995672729253 ], [ 16.409278632905568, 48.936931601613651 ], [ 16.407988408714289, 48.899299910616151 ], [ 16.418607951541617, 48.897538287868031 ], [ 16.422180882006501, 48.894863112514088 ], [ 16.438877389390484, 48.894958980986189 ], [ 16.44490868988612, 48.894993611675602 ], [ 16.454337256191252, 48.901713885137269 ], [ 16.464262063537547, 48.9023662910692 ], [ 16.465949280202437, 48.905106301214005 ], [ 16.470613939520433, 48.906476250542369 ], [ 16.483416940053758, 48.905432483397476 ], [ 16.491456033600002, 48.898451729504359 ], [ 16.501579337182989, 48.897603533999757 ], [ 16.505251515316957, 48.893231837163057 ], [ 16.513886097573447, 48.892253047111353 ], [ 16.518352260654808, 48.889251303261062 ], [ 16.535323680363319, 48.889120788519506 ], [ 16.535323680363319, 48.895450358420931 ], [ 16.537507137171019, 48.896885818914882 ], [ 16.566388325695129, 48.896559581539975 ], [ 16.570953736445517, 48.900082833934334 ], [ 16.576908620853146, 48.900082833934334 ], [ 16.579191326228454, 48.899430398785796 ], [ 16.580084558844703, 48.889055531316274 ], [ 16.56708306207446, 48.887293547547642 ], [ 16.567281558311322, 48.88089767712836 ], [ 16.572938697914708, 48.876785614367691 ], [ 16.575122155620704, 48.8755454023688 ], [ 16.590803350239582, 48.87606760101545 ], [ 16.593185304182327, 48.87822161133613 ], [ 16.604598831956764, 48.880310260287899 ], [ 16.605988304715652, 48.886967247574773 ], [ 16.612240933029454, 48.889381817661956 ], [ 16.612420819766783, 48.902680257779423 ], [ 16.607613491811833, 48.905126687773645 ], [ 16.607613491811833, 48.90777685139625 ], [ 16.601255412063665, 48.909407651504694 ], [ 16.600169886976062, 48.911649915412227 ], [ 16.601255412063665, 48.916949410190341 ], [ 16.605597515109139, 48.917968479306012 ], [ 16.607613491811833, 48.921127462152015 ], [ 16.606683041095209, 48.924795706930865 ], [ 16.602030788409536, 48.925610836175508 ], [ 16.60172063787121, 48.932437019132351 ], [ 16.606527965825933, 48.934270759538435 ], [ 16.609629468514754, 48.949141946777047 ], [ 16.61986442550085, 48.950465878933528 ], [ 16.621570251665275, 48.952095285352016 ], [ 16.621725326934552, 48.96156515685658 ], [ 16.628083405784423, 48.963194200763269 ], [ 16.629013856501274, 48.970218843631358 ], [ 16.635061785711116, 48.97347631287721 ], [ 16.635371936249442, 48.977853202063045 ], [ 16.641109714921015, 48.979787054250949 ], [ 16.642505390547115, 48.983043898307244 ], [ 16.647933019578488, 48.984366930081308 ], [ 16.649347800573935, 48.990771863195675 ], [ 16.655763196430655, 48.993897748946495 ], [ 16.655953752458515, 49.003232558788 ], [ 16.665608604383749, 49.00431595027635 ], [ 16.669610286360808, 49.007732645337285 ], [ 16.673993081292224, 49.008565950551088 ], [ 16.675898644266681, 49.011732381527736 ], [ 16.67990032624374, 49.012482296366215 ], [ 16.682695152179235, 49.01977254448127 ], [ 16.688221284176564, 49.022146852324738 ], [ 16.689491659193436, 49.025145815780093 ], [ 16.694763717085777, 49.025687276072688 ], [ 16.696796317112899, 49.032475854256234 ], [ 16.7056254259507, 49.032850656834512 ], [ 16.70854728893886, 49.03451641184239 ], [ 16.708928400994751, 49.039721535643366 ], [ 16.710897482944688, 49.04072085753188 ], [ 16.719408996905543, 49.040637581229419 ], [ 16.729381442809597, 49.033058879334362 ], [ 16.732938493755341, 49.032309274491638 ], [ 16.73554276366275, 49.028977561478769 ], [ 16.745324652640704, 49.027978004244858 ], [ 16.746277434577053, 49.024562697971305 ], [ 16.74843707255485, 49.023812965117884 ], [ 16.762792313390207, 49.023771313419616 ], [ 16.767175107423157, 49.027186673418896 ], [ 16.783626467260945, 49.027603164958123 ], [ 16.791058163131197, 49.034224908992655 ], [ 16.798045227071725, 49.036431960765071 ], [ 16.799252083113174, 49.048006969981429 ], [ 16.805766285566335, 49.047886360055315 ], [ 16.805201674647265, 49.068430148119774 ], [ 16.801588161891061, 49.069613843447655 ], [ 16.798878028222077, 49.07368258017533 ], [ 16.788376259918437, 49.073904501439984 ], [ 16.78690826991209, 49.07678939060753 ], [ 16.781713847121694, 49.079674112821692 ], [ 16.782617225310617, 49.08573887859302 ], [ 16.787359959006551, 49.086626343425849 ], [ 16.787924570823918, 49.097940127090965 ], [ 16.783746447148644, 49.099123118642297 ], [ 16.781600924398788, 49.102597994107896 ], [ 16.771212077919529, 49.10363301662926 ], [ 16.76929239971696, 49.106294403400682 ], [ 16.764210898751003, 49.108512116577515 ], [ 16.763194598737471, 49.114573360622501 ], [ 16.758000175048551, 49.117455887245228 ], [ 16.757661408676995, 49.122185824628332 ], [ 16.768840710622499, 49.12469842042691 ], [ 16.770986233372355, 49.127506465148656 ], [ 16.783633525324205, 49.133269847662632 ], [ 16.78442398079045, 49.139328066538553 ], [ 16.790973470864628, 49.141470430246841 ], [ 16.791763927229169, 49.148487868581412 ], [ 16.795716205458859, 49.149004904119749 ], [ 16.798313417303177, 49.155725869256514 ], [ 16.804072451910997, 49.15897524006806 ], [ 16.803846607363653, 49.168722072929768 ], [ 16.799216795492157, 49.171896763198106 ], [ 16.799442640039501, 49.185995834727407 ], [ 16.80836349741071, 49.186807700718191 ], [ 16.813444998376667, 49.182083929522321 ], [ 16.830044568558208, 49.182379178506494 ], [ 16.838513736834898, 49.189759828872411 ], [ 16.851725639705819, 49.197286958141092 ], [ 16.851048106064013, 49.205698276871658 ], [ 16.846418294192574, 49.207395123358651 ], [ 16.844272771442661, 49.215288385354995 ], [ 16.839755881395604, 49.218017537477238 ], [ 16.841449715050999, 49.223401639180906 ], [ 16.84528907145625, 49.224360390251263 ], [ 16.846305372368136, 49.231071127485791 ], [ 16.834561458605265, 49.232619629761928 ], [ 16.833319314044331, 49.235642755911158 ], [ 16.829254113091963, 49.236822462611485 ], [ 16.826543978524853, 49.240213961253403 ], [ 16.822027089376093, 49.241172386677249 ], [ 16.820559099369746, 49.253556512112766 ], [ 16.81683266568723, 49.254735790322229 ], [ 16.815703442950962, 49.261000235064216 ], [ 16.811299475626811, 49.263063642659915 ], [ 16.809944408343199, 49.26564278126682 ], [ 16.810283175613222, 49.269842803184758 ], [ 16.820672022092481, 49.270948012779229 ], [ 16.829592879463689, 49.275884313778477 ], [ 16.829574473506227, 49.286954972365663 ], [ 16.820297967201441, 49.287002994509237 ], [ 16.809182183333121, 49.279751965603907 ], [ 16.800183691758491, 49.27940665172207 ], [ 16.7966548712688, 49.283089872994424 ], [ 16.741958158621173, 49.284240823702817 ], [ 16.736135605038044, 49.288499105926405 ], [ 16.716021329594923, 49.289074521801695 ], [ 16.712845391603423, 49.293447459348897 ], [ 16.708434366215954, 49.294598167700769 ], [ 16.706493515620537, 49.297935070716733 ], [ 16.701729607734933, 49.299315791565277 ], [ 16.700494521237317, 49.301731960852692 ], [ 16.696612819147958, 49.302537324486082 ], [ 16.694495526854325, 49.30598873291342 ], [ 16.68002736419453, 49.306218818525281 ], [ 16.669970226023736, 49.302422273511638 ], [ 16.668558697827905, 49.299776023447578 ], [ 16.663618350040906, 49.297359758263383 ], [ 16.662206821845018, 49.293447459348897 ], [ 16.66344190924093, 49.290800727374858 ], [ 16.673675487313346, 49.289074521801695 ], [ 16.673146164015293, 49.2817086976209 ], [ 16.642974751299846, 49.282053994797877 ], [ 16.640517134057347, 49.277706405630227 ], [ 16.61739065834621, 49.277706405630227 ], [ 16.61702063509415, 49.27155029761559 ], [ 16.628676378313628, 49.269618811362022 ], [ 16.628861390837869, 49.266238528013844 ], [ 16.633671697606246, 49.265151959140212 ], [ 16.636631886317446, 49.261288410011048 ], [ 16.639962099179229, 49.260322475170312 ], [ 16.642552264638596, 49.239912688039567 ], [ 16.660313397804885, 49.237859165110251 ], [ 16.664938692947203, 49.233510247325228 ], [ 16.666418787751923, 49.22384461441095 ], [ 16.671599118670656, 49.219977831422227 ], [ 16.672894200951191, 49.21381452134176 ], [ 16.682884838637904, 49.213935377830865 ], [ 16.68658507475169, 49.217802632991948 ], [ 16.691395381519897, 49.21973614769604 ], [ 16.692135428922484, 49.224569602354734 ], [ 16.703421149788028, 49.226865327825635 ], [ 16.706566350125343, 49.238221557886334 ], [ 16.714151833979031, 49.242690847036272 ], [ 16.722847389385436, 49.242811633497126 ], [ 16.72562256647069, 49.239067129907937 ], [ 16.730062849986894, 49.237617568839994 ], [ 16.730802897389253, 49.231214830608792 ], [ 16.719332164897594, 49.225415408080835 ], [ 16.717482046840757, 49.215748191471221 ], [ 16.715631928783807, 49.213331091843372 ], [ 16.711006633641716, 49.212122497707128 ], [ 16.710636610389656, 49.207046079311453 ], [ 16.712116704296136, 49.204991190720818 ], [ 16.716556987812282, 49.204265915569408 ], [ 16.716001952035811, 49.189274510883934 ], [ 16.707121385901814, 49.184800389419308 ], [ 16.69694573569069, 49.183470167229302 ], [ 16.697130748214875, 49.172948057860651 ], [ 16.700460960178361, 49.170407903417754 ], [ 16.701571031731248, 49.165932075525461 ], [ 16.69546564178421, 49.160971902262929 ], [ 16.694910606007738, 49.151292084059037 ], [ 16.699350889523942, 49.150566021597683 ], [ 16.707491409153874, 49.14451508629395 ], [ 16.706566350125343, 49.128052803145522 ], [ 16.704716232068563, 49.12587356225913 ], [ 16.689545263463117, 49.125147126758236 ], [ 16.680849708955009, 49.120182869338691 ], [ 16.677334484467337, 49.114007123863473 ], [ 16.640887158207704, 49.114733721960931 ], [ 16.639962099179229, 49.116913452984875 ], [ 16.635521815663026, 49.118245463418702 ], [ 16.636446874691558, 49.130231948841413 ], [ 16.642182240488239, 49.133137327253394 ], [ 16.641257181459764, 49.141368308014762 ], [ 16.639037040150697, 49.143304810557765 ], [ 16.632561626951656, 49.14282069186919 ], [ 16.620905882834052, 49.13507415140549 ], [ 16.599259501029508, 49.134953102223108 ], [ 16.595559264915721, 49.147782683488913 ], [ 16.592044040427879, 49.148992849858701 ], [ 16.589268863342568, 49.156253227365369 ], [ 16.576133024420017, 49.15613222991044 ], [ 16.569842623745217, 49.15286518337814 ], [ 16.554116619363469, 49.153591212143738 ], [ 16.552451512932578, 49.165085252061999 ], [ 16.523034635648457, 49.166899856539544 ], [ 16.520814494339447, 49.172948057860651 ], [ 16.518594352132311, 49.17427856287793 ], [ 16.510823856652564, 49.174399515999539 ], [ 16.50323837190075, 49.179842106458239 ], [ 16.50138825384397, 49.183470167229302 ], [ 16.498058041880483, 49.184437604828702 ], [ 16.496392935449649, 49.189879090894692 ], [ 16.487882391669359, 49.196166285403876 ], [ 16.477521730730416, 49.195319979122473 ], [ 16.47604163592564, 49.191813697751627 ], [ 16.471601352409323, 49.191209141382217 ], [ 16.469566222726371, 49.188428086691886 ], [ 16.457910478608767, 49.188911759683492 ], [ 16.456800407954347, 49.191209141382217 ], [ 16.452175112812085, 49.192418246732984 ], [ 16.450324994755135, 49.196287185035374 ], [ 16.446439747015404, 49.197858855114418 ], [ 16.444404616434213, 49.203540629193355 ], [ 16.440334357068366, 49.204991190720818 ], [ 16.438484239011416, 49.20837566822081 ], [ 16.434043955495213, 49.20958435395795 ], [ 16.434969014523745, 49.221911260443335 ], [ 16.439039274787831, 49.222032097722376 ], [ 16.442184475125146, 49.238583947416942 ], [ 16.447734829295939, 49.240275065161484 ], [ 16.448289865072184, 49.242570060866569 ], [ 16.452915160214445, 49.245710408196146 ], [ 16.453285183466505, 49.249695946432666 ], [ 16.449029912474771, 49.252352793385228 ], [ 16.448844899950359, 49.261771370341421 ], [ 16.454950289897397, 49.267928698637036 ], [ 16.456430384702116, 49.272274585391472 ], [ 16.459575585039659, 49.272395299475363 ], [ 16.465310951734637, 49.276499386158832 ], [ 16.478816813010951, 49.276740792767669 ], [ 16.486217286136764, 49.274930217037479 ], [ 16.495097852270817, 49.267566523882465 ], [ 16.505458514108057, 49.266479984839748 ], [ 16.506753596388592, 49.26418610050996 ], [ 16.511933927307155, 49.262012848441202 ], [ 16.512118938933043, 49.255130252507456 ], [ 16.506013548986061, 49.254043439619977 ], [ 16.506753596388592, 49.246797405129485 ], [ 16.510823856652564, 49.243536343125413 ], [ 16.517484281477721, 49.241362181746638 ], [ 16.523959694676762, 49.24124139232714 ], [ 16.527844942416664, 49.23640956858867 ], [ 16.537095533599313, 49.237013572407363 ], [ 16.537835580103604, 49.240758231107804 ], [ 16.543570946798582, 49.243898693657911 ], [ 16.543941858484288, 49.253517316319289 ], [ 16.548261366205566, 49.254209795772283 ], [ 16.552505092947683, 49.257770964806639 ], [ 16.563114410252183, 49.258463383999526 ], [ 16.565387835132185, 49.265733204021615 ], [ 16.576224494475582, 49.266425512089882 ], [ 16.578119015358482, 49.273842487445563 ], [ 16.582817427076691, 49.274287470765614 ], [ 16.584105701923988, 49.277946068101073 ], [ 16.587970524669231, 49.278242699218652 ], [ 16.590850196483302, 49.279725828045855 ], [ 16.591456442519075, 49.282395348126727 ], [ 16.596761101171296, 49.283384022574637 ], [ 16.598276718057548, 49.286943085755922 ], [ 16.643164345723051, 49.286320579023709 ], [ 16.643327633798037, 49.289995171944099 ], [ 16.648973745682895, 49.291491193149 ], [ 16.649855950580843, 49.297935070716733 ], [ 16.648091540785117, 49.302192170171168 ], [ 16.644386279495734, 49.304608198435403 ], [ 16.643327633798037, 49.312315687255193 ], [ 16.638916608410568, 49.317146632562981 ], [ 16.637152198614899, 49.323587155758105 ], [ 16.633976259725046, 49.324852159815521 ], [ 16.626036414746409, 49.324507161825352 ], [ 16.623389799154836, 49.316341507719528 ], [ 16.615097071678065, 49.312545742734926 ], [ 16.595512119532827, 49.312085630115462 ], [ 16.590571771745829, 49.309209829607482 ], [ 16.581220397673007, 49.308174500211067 ], [ 16.576280049885952, 49.304608198435403 ], [ 16.567634439911046, 49.30472324430616 ], [ 16.566046470915239, 49.308174500211067 ], [ 16.560223917332166, 49.309324864733981 ], [ 16.558988830834551, 49.312315687255193 ], [ 16.55387204134928, 49.313696005774375 ], [ 16.552989836451331, 49.320942043002617 ], [ 16.548049487765979, 49.324392162153345 ], [ 16.546461518770229, 49.330026836671038 ], [ 16.536404381497903, 49.331061706777803 ], [ 16.535169294101991, 49.333016402199178 ], [ 16.535169294101991, 49.337845317021504 ], [ 16.540991847685291, 49.339339885065044 ], [ 16.540815406885372, 49.350375290633565 ], [ 16.536404381497903, 49.351639605774153 ], [ 16.534287089204099, 49.354857716987567 ], [ 16.529699623016882, 49.356581618094424 ], [ 16.529876063816801, 49.366693956249719 ], [ 16.536580822297822, 49.369681294446764 ], [ 16.535875058199849, 49.376229823688845 ], [ 16.530758268714578, 49.378527346750275 ], [ 16.529876063816801, 49.384730122252392 ], [ 16.522112659638083, 49.388864870563566 ], [ 16.506232968782513, 49.389898503271695 ], [ 16.50446855808849, 49.3969036631118 ], [ 16.499351769501516, 49.399085394471513 ], [ 16.499528210301492, 49.413092095429874 ], [ 16.475355791969093, 49.429848960512743 ], [ 16.469886119985631, 49.432373471433777 ], [ 16.462299156606662, 49.432029227409032 ], [ 16.458770337015494, 49.428586656039897 ], [ 16.452065578534416, 49.428012870754628 ], [ 16.448713198844871, 49.429389944515606 ], [ 16.448007434746842, 49.441667142255483 ], [ 16.449595403742592, 49.444764640982498 ], [ 16.455241516525973, 49.446141244469914 ], [ 16.455594398125811, 49.451991377660192 ], [ 16.453829988330142, 49.453711871901533 ], [ 16.449771845440864, 49.454170660283523 ], [ 16.448713198844871, 49.460937289672472 ], [ 16.444302173457402, 49.462198761541288 ], [ 16.441655558763955, 49.466556322791234 ], [ 16.405661592465265, 49.46735898878876 ], [ 16.402838536073602, 49.471257466982536 ], [ 16.390820684247387, 49.471582864074207 ], [ 16.391167411900028, 49.468929206124244 ], [ 16.385323018475503, 49.467115183561361 ], [ 16.383752882834813, 49.463997175653503 ], [ 16.377908490308755, 49.461162451083737 ], [ 16.37581497552236, 49.451126207036339 ], [ 16.359503013555411, 49.450785959517646 ], [ 16.358107337031015, 49.454528554086323 ], [ 16.352699092745013, 49.455832724224081 ], [ 16.350256659725801, 49.463260163099903 ], [ 16.322081451793565, 49.463940483177907 ], [ 16.317981653126424, 49.456569848491654 ], [ 16.313184017095182, 49.454471850071855 ], [ 16.312224489709308, 49.447383352686018 ], [ 16.314056314473703, 49.443810361422436 ], [ 16.337695576396754, 49.442449153486393 ], [ 16.337782806404164, 49.434848381298195 ], [ 16.324872803045707, 49.433260011361085 ], [ 16.324000505667016, 49.426849281863269 ], [ 16.322081451793565, 49.425941499849955 ], [ 16.299925095503966, 49.426452129445295 ], [ 16.296086986858654, 49.430990822558215 ], [ 16.291551039951344, 49.431331207453752 ], [ 16.286666173912749, 49.430083117176935 ], [ 16.284223740893538, 49.426735809738091 ], [ 16.274279549700168, 49.426338656401526 ], [ 16.266865021533306, 49.42055120069648 ], [ 16.266516102402363, 49.415160308807287 ], [ 16.260235560737669, 49.412776778395482 ], [ 16.257444208587344, 49.406022814248615 ], [ 16.240172718336225, 49.397224240320327 ], [ 16.238951501826591, 49.37928161863465 ], [ 16.238253663564421, 49.377577864800458 ], [ 16.232060351907307, 49.375760461923562 ], [ 16.231188054528786, 49.361275632528816 ], [ 16.218975889432556, 49.35923037139645 ], [ 16.217754672922752, 49.353889566822374 ], [ 16.22455859373315, 49.351275770719269 ], [ 16.227175485868713, 49.34741164281786 ], [ 16.236770757931083, 49.346786534741852 ], [ 16.240347178350817, 49.342865221792977 ], [ 16.249419071267539, 49.342069554908278 ], [ 16.254391167313372, 49.338943596333081 ], [ 16.257095289456288, 49.336385846116798 ], [ 16.25718251946364, 49.331213101011826 ], [ 16.250378598653413, 49.328939194405564 ], [ 16.249419071267539, 49.32296969108512 ], [ 16.256135762070528, 49.320638545043209 ], [ 16.25788035682757, 49.318079844219369 ], [ 16.29416793208685, 49.316089651150548 ], [ 16.293731783846852, 49.30033585817921 ], [ 16.282828065267609, 49.299482620722699 ], [ 16.275239077086098, 49.294988660805814 ], [ 16.274802927947576, 49.292997534810695 ], [ 16.268347927166587, 49.291006328385549 ], [ 16.261369547240065, 49.28434942626518 ], [ 16.262590763749643, 49.27148824947443 ], [ 16.279775023993409, 49.270008430258088 ], [ 16.281432388743212, 49.26721941890554 ], [ 16.286142795665342, 49.265454860993486 ], [ 16.286317254781636, 49.255207793679915 ], [ 16.284659890032003, 49.253955228216455 ], [ 16.267562858897179, 49.253670550187735 ], [ 16.266254413278489, 49.250823676085759 ], [ 16.256484681201471, 49.249400178054145 ], [ 16.255365813648211, 49.248821969422977 ], [ 16.254391167313372, 49.248318291466035 ], [ 16.253780559058555, 49.241997323938676 ], [ 16.247587247401441, 49.239947107006969 ], [ 16.24662772001551, 49.234023778930407 ], [ 16.241132245722099, 49.232656756231961 ], [ 16.240085488328816, 49.230720075446641 ], [ 16.240085488328816, 49.209867473924874 ], [ 16.241917313093381, 49.208157854315061 ], [ 16.26416089939039, 49.207417000850114 ], [ 16.266690561518658, 49.203940539144753 ], [ 16.271226508426025, 49.201774751158268 ], [ 16.270877589294912, 49.180453776601041 ], [ 16.269656372785278, 49.178172914788718 ], [ 16.260671708977839, 49.174124125431263 ], [ 16.231624202768785, 49.173439790651287 ], [ 16.231711432776194, 49.160321539359131 ], [ 16.232670960162068, 49.158096796066786 ], [ 16.23746859619331, 49.156328338768844 ], [ 16.237817515324423, 49.150223823608258 ], [ 16.242964070486551, 49.148226856223914 ], [ 16.24340021872672, 49.141550695608828 ], [ 16.238689812702887, 49.140181115601763 ], [ 16.235375082304984, 49.137213562313661 ], [ 16.226215958482953, 49.136015076931415 ], [ 16.218888660323444, 49.137156492070403 ], [ 16.216097308173119, 49.140352315098994 ], [ 16.21234642863692, 49.14120830371462 ], [ 16.205978656965044, 49.140808844004539 ], [ 16.204321292215241, 49.139039769527358 ], [ 16.205455278717636, 49.128937715695713 ], [ 16.216184538180528, 49.127853191739575 ], [ 16.218103592054035, 49.124314054813112 ], [ 16.226913796745009, 49.119861233047914 ], [ 16.234938933166688, 49.118947784579973 ], [ 16.244446976120003, 49.111125691672669 ], [ 16.254129478189668, 49.110154981001926 ], [ 16.254740086444428, 49.104501640841647 ], [ 16.24793616563403, 49.1009037254737 ], [ 16.246017111760523, 49.098847657138549 ] ] ] } },
{ "type": "Feature", "properties": { "shapeName": "Svitavy", "shapeISO": "", "shapeID": "57006924B8877246488305", "shapeGroup": "CZE", "shapeType": "ADM2" }, "geometry": { "type": "Polygon", "coordinates": [ [ [ 16.086222196066387, 49.708684168263289 ], [ 16.087869579153903, 49.701021109526039 ], [ 16.091794917806453, 49.69949779584249 ], [ 16.093277823439905, 49.696845988784844 ], [ 16.093365053447144, 49.692614081867134 ], [ 16.099471135995316, 49.690413344380659 ], [ 16.100954041628654, 49.687873908254744 ], [ 16.106100596790952, 49.686519488113902 ], [ 16.109415327188685, 49.683415466269196 ], [ 16.13008877694665, 49.683020394705466 ], [ 16.137328845997047, 49.686575923209432 ], [ 16.149017631947572, 49.68595513529948 ], [ 16.15416418710987, 49.678617951356216 ], [ 16.178937435535147, 49.678166396599238 ], [ 16.187224261978884, 49.673594164237272 ], [ 16.196121695778913, 49.672973210568557 ], [ 16.19873858791459, 49.669360232873373 ], [ 16.207287103482031, 49.668456946080084 ], [ 16.21095075301082, 49.665125932371154 ], [ 16.220807714196951, 49.664335488836684 ], [ 16.225343661104262, 49.660439543956954 ], [ 16.240608867474691, 49.659027893172208 ], [ 16.241742853976916, 49.656486817743598 ], [ 16.246714949124453, 49.654962108329926 ], [ 16.249331842158426, 49.651856072032786 ], [ 16.252123193410455, 49.651573695584887 ], [ 16.256920830339936, 49.646886001887651 ], [ 16.27209880580449, 49.637961192944545 ], [ 16.274802927947576, 49.625701035104839 ], [ 16.284834349148355, 49.624740431641783 ], [ 16.287712931306032, 49.617563559219889 ], [ 16.317283814864197, 49.616207181110894 ], [ 16.322081451793565, 49.611798691095885 ], [ 16.343103820682757, 49.611516082325352 ], [ 16.34572071281832, 49.607898540919393 ], [ 16.358194567038424, 49.59987116288579 ], [ 16.375117138158487, 49.59851429240922 ], [ 16.378257408541572, 49.594556538205552 ], [ 16.381397679822953, 49.593764948705825 ], [ 16.383665652827574, 49.587149019578078 ], [ 16.388288829742294, 49.5850566162473 ], [ 16.390382343630392, 49.581776451907842 ], [ 16.393958763152, 49.580871540359681 ], [ 16.395267209668987, 49.572670011750745 ], [ 16.395264814267421, 49.572607872307287 ], [ 16.406769641910387, 49.572646329071802 ], [ 16.408357610906137, 49.575817922598105 ], [ 16.421061363770207, 49.576641679799764 ], [ 16.421696551727905, 49.59286685348826 ], [ 16.426079346659151, 49.59336093644589 ], [ 16.4601928920315, 49.592928614058962 ], [ 16.46178086102725, 49.588875405172757 ], [ 16.478653033066678, 49.588811065484663 ], [ 16.480935738441758, 49.595694896511816 ], [ 16.497807910481185, 49.596209536672745 ], [ 16.501380840946069, 49.588232007386125 ], [ 16.545248486811261, 49.588553707631263 ], [ 16.546737208137756, 49.5993615871202 ], [ 16.551600363692444, 49.601162667914423 ], [ 16.552989836451331, 49.603542564813722 ], [ 16.55279134021464, 49.610488627271707 ], [ 16.547146109577056, 49.612667428733971 ], [ 16.546320366489624, 49.615795266347277 ], [ 16.547209628552366, 49.62842804139035 ], [ 16.551084273476931, 49.62912748045261 ], [ 16.571854909270428, 49.628140034356875 ], [ 16.572807690308707, 49.625465599937854 ], [ 16.577635116271324, 49.624601520604415 ], [ 16.580112348227942, 49.620980450091508 ], [ 16.597071858072582, 49.620774699256629 ], [ 16.600438352990295, 49.624066606614917 ], [ 16.629402908765996, 49.623902016558304 ], [ 16.634103297676063, 49.61978708385368 ], [ 16.647061125543473, 49.619499025154084 ], [ 16.652079107534121, 49.615054481271841 ], [ 16.661162291375433, 49.61501332605377 ], [ 16.664084154363479, 49.618346775072951 ], [ 16.713311195925996, 49.618058708441083 ], [ 16.716677690843881, 49.61431368435467 ], [ 16.727158286754445, 49.613078997997604 ], [ 16.728619217799405, 49.606287664225306 ], [ 16.739798520643376, 49.605217428281549 ], [ 16.743482608641443, 49.601100917770736 ], [ 16.763554538400399, 49.600730414684051 ], [ 16.768000851408658, 49.596407671046336 ], [ 16.772383646340074, 49.595254875042428 ], [ 16.773844578283331, 49.592372765525511 ], [ 16.792866116453695, 49.591678285023818 ], [ 16.792773169179441, 49.595775309322278 ], [ 16.803473351973309, 49.595574276756736 ], [ 16.807350229211238, 49.607333275932717 ], [ 16.811072032078357, 49.60793622513529 ], [ 16.813553233690357, 49.610649403970001 ], [ 16.813088008781108, 49.628130712639233 ], [ 16.808435755197138, 49.630742323447748 ], [ 16.808280679928032, 49.648919273524939 ], [ 16.814638759676257, 49.652332971365979 ], [ 16.815103984585505, 49.657352680239228 ], [ 16.832007171858322, 49.658557333422323 ], [ 16.834178222931996, 49.660464640070757 ], [ 16.83434057250048, 49.662802711220081 ], [ 16.834798523110351, 49.669397869555951 ], [ 16.84317257956144, 49.674817231557256 ], [ 16.847669756977837, 49.675921101661004 ], [ 16.849220508771339, 49.686557111518198 ], [ 16.855113362711961, 49.688964941270513 ], [ 16.855423045320435, 49.703187380827956 ], [ 16.855423512352161, 49.703208829661264 ], [ 16.850926334935764, 49.707120152678158 ], [ 16.849220508771339, 49.717448542734644 ], [ 16.838210175439144, 49.722261022712019 ], [ 16.836194199634747, 49.726070564501413 ], [ 16.806574853763664, 49.727173270823585 ], [ 16.806419778494558, 49.734189906429265 ], [ 16.811847407525931, 49.736194472824252 ], [ 16.811847407525931, 49.742608529923075 ], [ 16.805334253406784, 49.747318312630341 ], [ 16.80099215036131, 49.748220134173664 ], [ 16.799441399466161, 49.750524711639969 ], [ 16.79990662437541, 49.755935030011017 ], [ 16.803938576882388, 49.756435954789822 ], [ 16.805954553585309, 49.75863996257749 ], [ 16.806729929032883, 49.767855636909928 ], [ 16.803783501613339, 49.769257868907516 ], [ 16.789361516850818, 49.769558341583547 ], [ 16.786260015060293, 49.777269842949408 ], [ 16.7817628367456, 49.781075066706819 ], [ 16.774629381549801, 49.783978852409348 ], [ 16.774474307178878, 49.790086247107979 ], [ 16.763463973846683, 49.795992666601194 ], [ 16.761913222951534, 49.816209191521466 ], [ 16.75415946757721, 49.817009671836388 ], [ 16.750127515070062, 49.820011356533257 ], [ 16.744544811667765, 49.821211978273595 ], [ 16.744079533411821, 49.841317997705175 ], [ 16.744258708035773, 49.842343994936698 ], [ 16.716874770437414, 49.842996699802143 ], [ 16.712947689053067, 49.843572267539969 ], [ 16.710270132787969, 49.846795321282286 ], [ 16.703129983346685, 49.847370843794408 ], [ 16.696703849029007, 49.843457154772295 ], [ 16.688492676901888, 49.843226927835417 ], [ 16.684387091287647, 49.846450004022358 ], [ 16.668321754595411, 49.848061462111616 ], [ 16.664394673211063, 49.852204963645534 ], [ 16.653862952380905, 49.853355872996985 ], [ 16.648507840749062, 49.856693355934453 ], [ 16.63636958633947, 49.85611794442616 ], [ 16.620839761439129, 49.851284215967041 ], [ 16.614413627121621, 49.846334898107159 ], [ 16.614235122891557, 49.84253624044635 ], [ 16.608344500366002, 49.840118757746325 ], [ 16.59477821660704, 49.839312902738357 ], [ 16.593528689691311, 49.836895258865297 ], [ 16.589958614970499, 49.836319611637464 ], [ 16.586210036918089, 49.833326134659558 ], [ 16.576927843003602, 49.831483903101457 ], [ 16.574428790070328, 49.82975674703016 ], [ 16.572643753159127, 49.816052458055083 ], [ 16.549081260362072, 49.816282814376621 ], [ 16.546403704096804, 49.827914379509423 ], [ 16.541405599128723, 49.830447616975789 ], [ 16.541041451756882, 49.840818688790819 ], [ 16.536928725434166, 49.842365869408013 ], [ 16.535215090215218, 49.849217073892987 ], [ 16.533158727053888, 49.850322016143082 ], [ 16.511909642251737, 49.849585391169228 ], [ 16.50631176540594, 49.846859779991405 ], [ 16.48951813397008, 49.84649144252495 ], [ 16.480264500193528, 49.851205951871918 ], [ 16.455816628750654, 49.85127961240471 ], [ 16.446905722017789, 49.847301781246188 ], [ 16.443364208333378, 49.847228114651102 ], [ 16.438908754966917, 49.847964776129572 ], [ 16.43662390710972, 49.851353272825236 ], [ 16.431597242003704, 49.852384506924068 ], [ 16.425199667823961, 49.858055903470245 ], [ 16.426227849853774, 49.8698384949505 ], [ 16.423600274952662, 49.872341925018532 ], [ 16.41526057995975, 49.873225457965248 ], [ 16.410233914853563, 49.881544597899506 ], [ 16.400751796381087, 49.88279602603609 ], [ 16.39858119087188, 49.885814042552283 ], [ 16.384757862279173, 49.886402901598274 ], [ 16.380188166564892, 49.888169436214639 ], [ 16.381102105348418, 49.89413101360833 ], [ 16.411833308622988, 49.894351798543369 ], [ 16.414003914132365, 49.896633184881523 ], [ 16.412975732102495, 49.902152220764037 ], [ 16.403150886586161, 49.907302752043222 ], [ 16.395839373622891, 49.907964923012798 ], [ 16.393783010461561, 49.911128504445173 ], [ 16.38909907239929, 49.911569917753923 ], [ 16.386014528106557, 49.915763144424716 ], [ 16.382244529726051, 49.916645882740056 ], [ 16.380987863000541, 49.927825832762153 ], [ 16.376760894330005, 49.928487721946851 ], [ 16.373219380645367, 49.932605941050724 ], [ 16.369335139018744, 49.933120693479339 ], [ 16.368078473191304, 49.936576747120114 ], [ 16.362366353099389, 49.93834144543348 ], [ 16.361338171967873, 49.941576556850805 ], [ 16.356425749209677, 49.942017691419323 ], [ 16.350485144421668, 49.946943421443677 ], [ 16.34762908482486, 49.954073810166904 ], [ 16.344887267575871, 49.954367824032261 ], [ 16.340774541253325, 49.9585573282979 ], [ 16.329807272257426, 49.958924811129975 ], [ 16.322495759294213, 49.957528360868423 ], [ 16.323295455729863, 49.952677219213456 ], [ 16.328436363183926, 49.949369342446971 ], [ 16.328664847879793, 49.943120510746553 ], [ 16.313127883169784, 49.942385300474143 ], [ 16.307073036033728, 49.93900319020463 ], [ 16.297019705821526, 49.937017928046771 ], [ 16.295763039994142, 49.934444317912494 ], [ 16.289365465814569, 49.931576419120461 ], [ 16.289136981118702, 49.922530389752012 ], [ 16.283996073664639, 49.920397338996622 ], [ 16.282282437546996, 49.913629794266342 ], [ 16.272229107334965, 49.909436382089552 ], [ 16.264574867327838, 49.909509953836107 ], [ 16.26114759599119, 49.916940125061217 ], [ 16.252236689258382, 49.918264193865525 ], [ 16.246981539456442, 49.921721312863326 ], [ 16.238527602115369, 49.921206438682702 ], [ 16.236128511910294, 49.918852656961519 ], [ 16.2124803369029, 49.917896400204768 ], [ 16.210652459335904, 49.911349211604602 ], [ 16.216821547921484, 49.906787723314551 ], [ 16.215907609137844, 49.90288804486363 ], [ 16.210423974640037, 49.900091854619689 ], [ 16.209510034958271, 49.896265226824937 ], [ 16.212023367511335, 49.892732684983514 ], [ 16.215336397398232, 49.891775910869683 ], [ 16.215546603174744, 49.880876175020376 ], [ 16.206626556982201, 49.876541506443743 ], [ 16.199315044018988, 49.87625879735117 ], [ 16.195001251379608, 49.88002811833536 ], [ 16.17313982816745, 49.880216576342264 ], [ 16.170653913095066, 49.879227162007794 ], [ 16.168094884141908, 49.873101764013143 ], [ 16.157566304720262, 49.871688100729443 ], [ 16.156323348082367, 49.868530769159179 ], [ 16.150693483127554, 49.867399734109767 ], [ 16.150108562198227, 49.861697031022572 ], [ 16.15252136069472, 49.859717423154564 ], [ 16.156030887168583, 49.859434614995621 ], [ 16.158809262256284, 49.855616548333842 ], [ 16.162026327816363, 49.854438071520633 ], [ 16.163049940116366, 49.850808182823471 ], [ 16.162318788730317, 49.839586802958877 ], [ 16.156908269011694, 49.837417664437282 ], [ 16.155149150196962, 49.829939905711797 ], [ 16.155480524428299, 49.829871892996152 ], [ 16.156373042883899, 49.82227169210671 ], [ 16.162263666307808, 49.819853196268298 ], [ 16.160478629396607, 49.812942541256689 ], [ 16.156551547113963, 49.812366608355831 ], [ 16.15494501353453, 49.80821969239355 ], [ 16.155302021096531, 49.798772613250947 ], [ 16.161371147852208, 49.79381791963857 ], [ 16.16119264452044, 49.789554173541433 ], [ 16.155480524428299, 49.785981556394574 ], [ 16.154052495078986, 49.779066065040126 ], [ 16.147983367425013, 49.776991225203631 ], [ 16.149054390110678, 49.772380151802849 ], [ 16.154230998410753, 49.767538052479381 ], [ 16.152088953937721, 49.762118939379093 ], [ 16.147804864093246, 49.760504618529978 ], [ 16.147626360761478, 49.752432206871731 ], [ 16.144056286040836, 49.749779550037999 ], [ 16.137630150824918, 49.749664213513142 ], [ 16.129775987158098, 49.754277447825586 ], [ 16.112639628678494, 49.754392773380516 ], [ 16.108891049727561, 49.755661332903571 ], [ 16.107998531272017, 49.758544299109928 ], [ 16.104606959883085, 49.758890243351004 ], [ 16.100679877600612, 49.763156688767879 ], [ 16.094432247513225, 49.763733206479174 ], [ 16.089612646774981, 49.762810774966454 ], [ 16.08782760896554, 49.760043373963526 ], [ 16.076581873909788, 49.758083035895652 ], [ 16.068906213574735, 49.754162122576645 ], [ 16.069084716906502, 49.747818797041248 ], [ 16.080865963754263, 49.745973310360625 ], [ 16.082651000665464, 49.742628186618674 ], [ 16.087649105633773, 49.74101321690307 ], [ 16.08782760896554, 49.736975556851576 ], [ 16.080865963754263, 49.730629983747633 ], [ 16.0815799779798, 49.726129893215955 ], [ 16.087649105633773, 49.723937389870173 ], [ 16.089077134982915, 49.721629384913228 ], [ 16.0987163373577, 49.720013716335643 ], [ 16.099073344021235, 49.713550503818283 ], [ 16.088898631651148, 49.711934566425157 ], [ 16.086242495714032, 49.708684060662961 ], [ 16.086222196066387, 49.708684168263289 ] ] ] } },
{ "type": "Feature", "properties": { "shapeName": "Hodonín", "shapeISO": "", "shapeID": "57006924B82111344983201", "shapeGroup": "CZE", "shapeType": "ADM2" }, "geometry": { "type": "Polygon", "coordinates": [ [ [ 17.212121398458066, 49.090497138849628 ], [ 17.211203026054136, 49.091204680645944 ], [ 17.197705288242958, 49.09152964583177 ], [ 17.193735365304519, 49.090229772326211 ], [ 17.192742885019186, 49.087889913309766 ], [ 17.187284241652321, 49.086459945051331 ], [ 17.186688752942075, 49.084119908376124 ], [ 17.180138380722497, 49.082429813046872 ], [ 17.179642139681391, 49.079374495159982 ], [ 17.15602110008399, 49.079504512578694 ], [ 17.153639146141302, 49.076188964142546 ], [ 17.136568477865183, 49.075538830249684 ], [ 17.133094795967679, 49.07215799860586 ], [ 17.116421120165001, 49.072613123903125 ], [ 17.115627136116359, 49.090424755404058 ], [ 17.118108337728302, 49.092829485892025 ], [ 17.121681268193242, 49.093089449937509 ], [ 17.123467733425684, 49.100042979663954 ], [ 17.133888780914617, 49.101602515684817 ], [ 17.136369982526617, 49.103162003288219 ], [ 17.136469230195928, 49.106280830890967 ], [ 17.13825569542837, 49.108684793861187 ], [ 17.141630129656562, 49.109399463063028 ], [ 17.14331734721975, 49.112842724287248 ], [ 17.143813587362615, 49.123041172232092 ], [ 17.144157959416873, 49.126601647151062 ], [ 17.131302127868025, 49.126235875428449 ], [ 17.131302127868025, 49.123495831199989 ], [ 17.126029574105928, 49.121872029863198 ], [ 17.121687471060284, 49.11791379116994 ], [ 17.118120743462384, 49.117507800274666 ], [ 17.11625984202891, 49.110402418432272 ], [ 17.104939359954813, 49.109691824742811 ], [ 17.103388608161367, 49.102077677268824 ], [ 17.079196892220125, 49.101671556765552 ], [ 17.077025840248155, 49.099133227000891 ], [ 17.073148963010226, 49.098117858979947 ], [ 17.054539949573041, 49.098828619010874 ], [ 17.052368898499367, 49.109894852297714 ], [ 17.047561569646291, 49.112331122857768 ], [ 17.045390518572617, 49.119639216136022 ], [ 17.035155561586521, 49.119740709956886 ], [ 17.032674359974521, 49.123597317128429 ], [ 17.022904627897503, 49.123698802849049 ], [ 17.020423426285504, 49.115782301160721 ], [ 17.015461023061505, 49.115173287107837 ], [ 17.013600121628031, 49.107966053746964 ], [ 17.013910272166356, 49.093853086228421 ], [ 17.014840722883207, 49.091314356604585 ], [ 17.019337900299604, 49.089486391544938 ], [ 17.018407449582753, 49.082681706173673 ], [ 16.989098255148292, 49.082986413248307 ], [ 16.987547503354847, 49.085830258338603 ], [ 16.984290926295273, 49.087150559816507 ], [ 16.969558790994256, 49.087150559816507 ], [ 16.966767439742227, 49.083291119041746 ], [ 16.962890561606059, 49.082580136537217 ], [ 16.959478909277209, 49.079025071918181 ], [ 16.949864252469467, 49.079431378300683 ], [ 16.947383050857468, 49.082986413248307 ], [ 16.937923469318719, 49.083900524431328 ], [ 16.929859564304422, 49.078923494803291 ], [ 16.929239263227771, 49.076384002356917 ], [ 16.924587010542155, 49.075368169023875 ], [ 16.922726109108623, 49.071812588173145 ], [ 16.91714340480803, 49.070999848616793 ], [ 16.915282504272682, 49.063989414971275 ], [ 16.89667349083544, 49.063176546852901 ], [ 16.896402008912617, 49.058932063762882 ], [ 16.89558796484954, 49.046204894958009 ], [ 16.895432890478617, 49.030447577585846 ], [ 16.901015593880913, 49.027295514719469 ], [ 16.900550368971835, 49.018346636418528 ], [ 16.906598298181734, 49.016109165408295 ], [ 16.905357696926387, 49.009701305398949 ], [ 16.900705444240884, 49.006954827363188 ], [ 16.900705444240884, 49.000952737070861 ], [ 16.924742085811374, 48.999731884274183 ], [ 16.925207310720452, 48.987725239150052 ], [ 16.936682868962066, 48.986402295947016 ], [ 16.937303169140421, 48.983959847167966 ], [ 16.943196023081043, 48.982535030489316 ], [ 16.942885872542718, 48.97561391136685 ], [ 16.938853920035569, 48.974799598631762 ], [ 16.93513211716845, 48.971033230601336 ], [ 16.931255239930522, 48.970829635400719 ], [ 16.929859564304422, 48.968081013218068 ], [ 16.930014638675402, 48.963194200763269 ], [ 16.935907493514321, 48.961056069760161 ], [ 16.93513211716845, 48.955353938547489 ], [ 16.929239263227771, 48.953113637267165 ], [ 16.928153738139997, 48.950262199168378 ], [ 16.924121784734552, 48.949854837733483 ], [ 16.921330432584227, 48.945781038689404 ], [ 16.916988330437107, 48.945271790496975 ], [ 16.916368029360285, 48.937428711241978 ], [ 16.927998662870948, 48.936715642759452 ], [ 16.927843587601728, 48.926425951524777 ], [ 16.915592653912711, 48.925101382178127 ], [ 16.915127429003405, 48.92825991329903 ], [ 16.910320100150386, 48.929278751649974 ], [ 16.902566344776062, 48.927546713847903 ], [ 16.894812589401965, 48.922554033640324 ], [ 16.895432890478617, 48.918376101603371 ], [ 16.901480819688516, 48.91603223032871 ], [ 16.902101119866813, 48.912872925234183 ], [ 16.913886827748456, 48.912363341299113 ], [ 16.913421602839207, 48.904718957954685 ], [ 16.908459198716912, 48.903393812330307 ], [ 16.907218598360032, 48.900029823866873 ], [ 16.907528748898358, 48.892485511159009 ], [ 16.912646227391633, 48.890854158817262 ], [ 16.913266527569931, 48.884736113307952 ], [ 16.912646227391633, 48.881064926929582 ], [ 16.906753372552487, 48.877087503898849 ], [ 16.908149049076883, 48.870661767624199 ], [ 16.913266527569931, 48.866683517387742 ], [ 16.91714340480803, 48.866173462492213 ], [ 16.919159381510553, 48.863011005983083 ], [ 16.930634939751997, 48.861480712813204 ], [ 16.931255239930522, 48.858522014601988 ], [ 16.936217643154521, 48.857399703849012 ], [ 16.937768394049669, 48.853726510580884 ], [ 16.943040947811994, 48.852808170446849 ], [ 16.943506173619539, 48.850053048381426 ], [ 16.949864252469467, 48.848624406532508 ], [ 16.948158426305042, 48.821472472200867 ], [ 16.950329478277013, 48.819736697846395 ], [ 16.965681913756328, 48.81943037876357 ], [ 16.968628340277633, 48.815550171662551 ], [ 16.984601076833599, 48.816264968802557 ], [ 16.991114230952746, 48.819736697846395 ], [ 16.993285282924717, 48.822697688564404 ], [ 17.006001441522812, 48.828006613174409 ], [ 17.006621741701338, 48.831477528960818 ], [ 17.018097299942781, 48.830865031846486 ], [ 17.024610454061758, 48.824739648884531 ], [ 17.030813458540877, 48.821982982560371 ], [ 17.030813458540877, 48.81585651445755 ], [ 17.042754241691568, 48.809014406629501 ], [ 17.043839767677468, 48.806154741624994 ], [ 17.048647095632191, 48.804929121493217 ], [ 17.05019784652734, 48.801864938636243 ], [ 17.05485010011131, 48.801149935599767 ], [ 17.05686607681406, 48.79808552243685 ], [ 17.060898029321208, 48.797166161507448 ], [ 17.062914005125663, 48.793795028654927 ], [ 17.08162353690409, 48.793075506114349 ], [ 17.086039142549794, 48.793083427666829 ], [ 17.089625458992202, 48.800352422755907 ], [ 17.094591127912167, 48.802714619373035 ], [ 17.096522221381122, 48.809800541718459 ], [ 17.10038440831903, 48.809800541718459 ], [ 17.102591372283484, 48.832686679022515 ], [ 17.104798336247995, 48.834321003244213 ], [ 17.115557285574823, 48.834684179164526 ], [ 17.115833156070494, 48.838678940523891 ], [ 17.122454047963913, 48.838678940523891 ], [ 17.123005788954913, 48.842310265322453 ], [ 17.128799069361776, 48.843762721526105 ], [ 17.129626680848503, 48.846485963374334 ], [ 17.147834133555477, 48.847212136190421 ], [ 17.147834133555477, 48.850116722149892 ], [ 17.15390328445784, 48.850479783547883 ], [ 17.156110248422294, 48.854473285178244 ], [ 17.159420694369032, 48.854836314985732 ], [ 17.161627658333487, 48.857377449926787 ], [ 17.174869442120496, 48.85792196206063 ], [ 17.173765960138041, 48.865544510011887 ], [ 17.180662722527131, 48.867359231273497 ], [ 17.181766204509415, 48.870625563705062 ], [ 17.186731873429551, 48.870625563705062 ], [ 17.188387096402778, 48.874798900414305 ], [ 17.196111470278595, 48.876431850450842 ], [ 17.197490822756379, 48.878790461955873 ], [ 17.20714629010098, 48.878790461955873 ], [ 17.20742216059665, 48.87606897727153 ], [ 17.225353742807897, 48.873165897073932 ], [ 17.227008965781351, 48.869355348651538 ], [ 17.245492288983996, 48.868448032442018 ], [ 17.247423382452951, 48.865725985099459 ], [ 17.270872374575561, 48.864818603080494 ], [ 17.271148245071061, 48.856469916541471 ], [ 17.288528086291478, 48.855017828902135 ], [ 17.289907438769205, 48.852658096652931 ], [ 17.295700719175898, 48.851387425526013 ], [ 17.297631812644852, 48.84811983740201 ], [ 17.313356430891815, 48.846485963374334 ], [ 17.316115135847497, 48.843218055385989 ], [ 17.320804934271962, 48.842491824651461 ], [ 17.321908416254189, 48.839405226545239 ], [ 17.326046473687597, 48.838134219097014 ], [ 17.327977567156552, 48.830689099237873 ], [ 17.339564127970107, 48.829599476695989 ], [ 17.340943480447891, 48.826148848987089 ], [ 17.351426559279162, 48.82505912771245 ], [ 17.351426559279162, 48.821789821711434 ], [ 17.371013364464091, 48.820700005651474 ], [ 17.37156510545509, 48.817248765129477 ], [ 17.395565838568928, 48.818338656229002 ], [ 17.397496932037882, 48.82505912771245 ], [ 17.402462600958017, 48.825785611195101 ], [ 17.404117823931244, 48.828691439810143 ], [ 17.416531996231527, 48.829236263916357 ], [ 17.416531996231527, 48.832686679022515 ], [ 17.422877017629446, 48.833231459686829 ], [ 17.424256370107344, 48.836318438224851 ], [ 17.430049650514036, 48.837044758471791 ], [ 17.431429002991763, 48.840494635832158 ], [ 17.435567060425228, 48.841220895526305 ], [ 17.435567060425228, 48.844670485263009 ], [ 17.441912081823091, 48.845396684405614 ], [ 17.446601880247727, 48.849935190463498 ], [ 17.460119534530236, 48.849935190463498 ], [ 17.46205062799902, 48.845578232545677 ], [ 17.473361318317018, 48.844670485263009 ], [ 17.473637188812575, 48.840676201742895 ], [ 17.481361562688392, 48.838678940523891 ], [ 17.4857754906173, 48.833776234427489 ], [ 17.487430713590584, 48.827964998453638 ], [ 17.498465533413082, 48.827238546565695 ], [ 17.497913792421912, 48.823242872929995 ], [ 17.510603835217694, 48.822334720855224 ], [ 17.511707317199921, 48.81906523713036 ], [ 17.529914769907009, 48.818520302441698 ], [ 17.531569992880293, 48.822516352586547 ], [ 17.550605057073994, 48.823242872929995 ], [ 17.551984409551892, 48.825785611195101 ], [ 17.56991599176331, 48.82560399131188 ], [ 17.570191862258866, 48.829962686842748 ], [ 17.588675185461341, 48.830870700691207 ], [ 17.589226926452511, 48.837589491746314 ], [ 17.595571947850431, 48.838678940523891 ], [ 17.596951300328158, 48.842491824651461 ], [ 17.602468710239521, 48.84285494133502 ], [ 17.603848062717248, 48.845941326851744 ], [ 17.614607012044075, 48.846849051098843 ], [ 17.615710494026303, 48.857377449926958 ], [ 17.635786262675026, 48.857978347189032 ], [ 17.635290021634091, 48.865557309216626 ], [ 17.630228370740838, 48.867058914479117 ], [ 17.629335138124759, 48.878156339909481 ], [ 17.62496822271271, 48.879788106521801 ], [ 17.623677997622963, 48.882464088505174 ], [ 17.618715594398964, 48.883573600338138 ], [ 17.617822361782714, 48.890686942343734 ], [ 17.612264469848469, 48.893558096845936 ], [ 17.612065973611777, 48.899299910616151 ], [ 17.60660733024514, 48.900604776393891 ], [ 17.599659965552007, 48.908172325433611 ], [ 17.594598313760457, 48.909411728938721 ], [ 17.592017864479146, 48.91241226168637 ], [ 17.570878025595505, 48.913716785116605 ], [ 17.558372768968127, 48.922325785223904 ], [ 17.537828418794504, 48.923760473829475 ], [ 17.537530674888558, 48.933932541693764 ], [ 17.543485558397833, 48.936084059260736 ], [ 17.544478039581691, 48.949447472382928 ], [ 17.542592325781641, 48.951402794082014 ], [ 17.533064511807197, 48.952901821724254 ], [ 17.532072030623567, 48.955704231027482 ], [ 17.517284068620938, 48.956355931901726 ], [ 17.510535200164497, 48.952315251003029 ], [ 17.501106633859365, 48.952575950083826 ], [ 17.499915656438816, 48.959614306793185 ], [ 17.497434454826873, 48.960331120799424 ], [ 17.488303632427687, 48.960461449565514 ], [ 17.485524686909741, 48.957007623672098 ], [ 17.476790856984167, 48.957333466364503 ], [ 17.474706646947254, 48.960722105486184 ], [ 17.460712669891677, 48.961308577359375 ], [ 17.45743748333274, 48.960787269695857 ], [ 17.45495628172074, 48.957854810716924 ], [ 17.444237490325861, 48.957528971430179 ], [ 17.44155779247717, 48.954074942477348 ], [ 17.424685620437742, 48.954140114781524 ], [ 17.421608931013793, 48.957789642676005 ], [ 17.412378860047056, 48.957985145953728 ], [ 17.403744278688862, 48.966000104082923 ], [ 17.392628494820599, 48.967303227689968 ], [ 17.392429998583737, 48.978573825108356 ], [ 17.380817974572551, 48.979290366596729 ], [ 17.379825494287218, 48.976554425546624 ], [ 17.376649555397421, 48.97492581809172 ], [ 17.355410468844298, 48.975446978549428 ], [ 17.352730770995606, 48.979811481423553 ], [ 17.348264607914473, 48.980983969274007 ], [ 17.348165360245162, 48.986324953520011 ], [ 17.354417988558964, 48.98938599151694 ], [ 17.355807461317852, 49.004232613034389 ], [ 17.354020996085353, 49.005078997725434 ], [ 17.343699197164028, 49.00566494784016 ], [ 17.342706715980228, 49.008594594993099 ], [ 17.326529281218654, 49.009766405591733 ], [ 17.321666125663967, 49.013737336351767 ], [ 17.29983155040054, 49.014909025913312 ], [ 17.296754860976591, 49.018749370448461 ], [ 17.286730805961213, 49.018814458809857 ], [ 17.284249604349213, 49.015234490210787 ], [ 17.275019533382476, 49.014974118707187 ], [ 17.273332316717642, 49.015885413011233 ], [ 17.273034571913342, 49.026038701333334 ], [ 17.267178936073151, 49.027860866939818 ], [ 17.264697734461151, 49.031700212755652 ], [ 17.251001501311578, 49.031960496174293 ], [ 17.247527818515778, 49.03592965708981 ], [ 17.24365714414489, 49.036450178898065 ], [ 17.224303770493464, 49.036645373098224 ], [ 17.223013546302184, 49.045038007948392 ], [ 17.224700762967018, 49.048420684838106 ], [ 17.230060158664571, 49.049201269721436 ], [ 17.230258654901263, 49.059607899733749 ], [ 17.224700762967018, 49.063704912553931 ], [ 17.22489925920371, 49.07228803491455 ], [ 17.21854738322088, 49.074758658934911 ], [ 17.218448134653443, 49.081194707460838 ], [ 17.212890242719197, 49.083014852464089 ], [ 17.212890242719197, 49.089904798043676 ], [ 17.212121398458066, 49.090497138849628 ] ] ] } },
{ "type": "Feature", "properties": { "shapeName": "Znojmo", "shapeISO": "", "shapeID": "57006924B95695201424764", "shapeGroup": "CZE", "shapeType": "ADM2" }, "geometry": { "type": "Polygon", "coordinates": [ [ [ 15.540892607652779, 48.911249746752276 ], [ 15.543647201870215, 48.907447773974241 ], [ 15.554130280701486, 48.906178493979894 ], [ 15.558544208630451, 48.902733142903799 ], [ 15.567372064488495, 48.901826432089251 ], [ 15.570130769444006, 48.898562136952478 ], [ 15.610959602787034, 48.898018067036276 ], [ 15.614821789724772, 48.89457215337751 ], [ 15.62585660954727, 48.893121171298446 ], [ 15.627235962024997, 48.889674920079472 ], [ 15.63247750144069, 48.888949363238225 ], [ 15.634408594909644, 48.8864098313814 ], [ 15.65592649356347, 48.88495861241347 ], [ 15.662823255952389, 48.873165897073932 ], [ 15.669995888836979, 48.872258649963271 ], [ 15.669995888836979, 48.868629497000086 ], [ 15.673582205279217, 48.868629497000086 ], [ 15.677996133208126, 48.863911204608769 ], [ 15.682134190641591, 48.863911204608769 ], [ 15.682685931632761, 48.860099951364418 ], [ 15.724618246958016, 48.859555462923026 ], [ 15.726549340426971, 48.856651424534789 ], [ 15.738687642231582, 48.854836314985732 ], [ 15.739239383222753, 48.852295051050248 ], [ 15.757722706425227, 48.850842842313511 ], [ 15.758550317911954, 48.85465480041097 ], [ 15.764895339309817, 48.85465480041097 ], [ 15.766826432778771, 48.859373965459611 ], [ 15.772067972194463, 48.859736959728195 ], [ 15.77344732467219, 48.871895746512507 ], [ 15.783378662512291, 48.876250414190167 ], [ 15.791103036388108, 48.875161782806742 ], [ 15.793310000352619, 48.871895746512507 ], [ 15.804896561166117, 48.871895746512507 ], [ 15.813172676032991, 48.875706101459798 ], [ 15.841863207571237, 48.874617458230944 ], [ 15.842966689553464, 48.859192467338175 ], [ 15.852898027393621, 48.857377449926958 ], [ 15.8573119553227, 48.854836314985732 ], [ 15.867519163658358, 48.854836314985732 ], [ 15.870001998118482, 48.858466468271104 ], [ 15.88103681794081, 48.858284966859117 ], [ 15.882140299923094, 48.841765583386064 ], [ 15.892071637763365, 48.840676201742895 ], [ 15.89400273123232, 48.837044758471791 ], [ 15.923245003761622, 48.835410523106475 ], [ 15.925176097230576, 48.820336728365703 ], [ 15.938142010522029, 48.821063280304486 ], [ 15.939521362999756, 48.82396938274178 ], [ 15.950832053317811, 48.823061243831546 ], [ 15.949728571335584, 48.802714619373035 ], [ 15.955245981246776, 48.801987801494079 ], [ 15.95800468620223, 48.799080424650299 ], [ 15.969591247015785, 48.797990114885692 ], [ 15.969591247015785, 48.791629502251908 ], [ 15.980074325847113, 48.788721525022595 ], [ 15.98145367832484, 48.786176906696085 ], [ 15.992212627651838, 48.784177473202817 ], [ 15.992488498147395, 48.778360486455426 ], [ 16.01124769184554, 48.776724337464373 ], [ 16.01152356234104, 48.772906449096752 ], [ 16.019247936216857, 48.771451939060285 ], [ 16.021730770676868, 48.768360965324803 ], [ 16.036903647932604, 48.768179137414734 ], [ 16.039662352888286, 48.765269801311547 ], [ 16.050697172710613, 48.76326953496698 ], [ 16.050697172710613, 48.760359914429728 ], [ 16.055938712126306, 48.759632482958409 ], [ 16.056214582621976, 48.756358910969141 ], [ 16.062559604019896, 48.755085797582694 ], [ 16.066697661453304, 48.751630041469411 ], [ 16.085180984655779, 48.751266263840591 ], [ 16.091250135558141, 48.748355947992877 ], [ 16.140630954263543, 48.747082631803494 ], [ 16.152769256068098, 48.747810245005383 ], [ 16.154976220032552, 48.750538700681545 ], [ 16.16518342836838, 48.750538700681545 ], [ 16.171804320261742, 48.749083542757774 ], [ 16.174563025217424, 48.746355008066416 ], [ 16.209874448649089, 48.744717816137211 ], [ 16.209874448649089, 48.742534810597476 ], [ 16.241047814647516, 48.739805920331037 ], [ 16.241047814647516, 48.737804639972182 ], [ 16.245461742576481, 48.736894940742104 ], [ 16.259807008345717, 48.737986577842605 ], [ 16.262289842805671, 48.740715566881988 ], [ 16.305049769617654, 48.739987850958187 ], [ 16.305877381104381, 48.736894940742104 ], [ 16.310843050024346, 48.735439387732242 ], [ 16.3124982729978, 48.732346197654806 ], [ 16.329326373226991, 48.732164239370832 ], [ 16.332912689669229, 48.7427167313474 ], [ 16.33622313561591, 48.745081641175204 ], [ 16.344223379987227, 48.744717816137211 ], [ 16.345878602960681, 48.740351710237121 ], [ 16.349464919402919, 48.739623989045526 ], [ 16.351671883367374, 48.736531056440754 ], [ 16.357465163774236, 48.735075492894794 ], [ 16.358568645756463, 48.732164239370832 ], [ 16.381465896887846, 48.732528155280534 ], [ 16.384776342834584, 48.739987850958187 ], [ 16.394431810179356, 48.740169780926919 ], [ 16.396087033152583, 48.743808242018986 ], [ 16.406294241488411, 48.74399015815959 ], [ 16.410156428426319, 48.755813294896996 ], [ 16.415122097346284, 48.756358910969141 ], [ 16.415673838337455, 48.760178057549467 ], [ 16.421467118744147, 48.761269188954032 ], [ 16.423674082708658, 48.764724282027544 ], [ 16.428915622124464, 48.765633477542167 ], [ 16.428915622124464, 48.767997308846361 ], [ 16.434157161539929, 48.769270094998774 ], [ 16.435260643522156, 48.789630286010834 ], [ 16.441053923929019, 48.789630286010834 ], [ 16.442433276406803, 48.796536331667767 ], [ 16.448778297804665, 48.799625570645276 ], [ 16.448502427309165, 48.805258399004629 ], [ 16.455096269137471, 48.806315929821665 ], [ 16.454270949743488, 48.813744643301732 ], [ 16.443069063253404, 48.814886804846992 ], [ 16.441045495786568, 48.817980027844044 ], [ 16.437793335743265, 48.818646235471419 ], [ 16.436637011733069, 48.821834392586936 ], [ 16.430204960212848, 48.823975577738281 ], [ 16.430277230575712, 48.838580781284236 ], [ 16.424929233600835, 48.841006640499245 ], [ 16.423989719781218, 48.847237229998484 ], [ 16.418063560801329, 48.850756457466161 ], [ 16.419219884811525, 48.855892183133676 ], [ 16.430855392580725, 48.860884744429427 ], [ 16.432228526781387, 48.867350560089392 ], [ 16.438010145933731, 48.87039300837256 ], [ 16.436926092286512, 48.8771427786088 ], [ 16.431939446227943, 48.878521140880764 ], [ 16.431939446227943, 48.879851937298554 ], [ 16.43309577023814, 48.885317337212484 ], [ 16.437215173738252, 48.886552909839281 ], [ 16.438877389390484, 48.889309077772452 ], [ 16.438877389390484, 48.894958980986189 ], [ 16.422180882006501, 48.894863112514088 ], [ 16.418607951541617, 48.897538287868031 ], [ 16.407988408714289, 48.899299910616151 ], [ 16.409278632905568, 48.936931601613651 ], [ 16.410072617852734, 48.939995672729253 ], [ 16.418806447778309, 48.940908338254985 ], [ 16.423173363190358, 48.936670820793097 ], [ 16.434884634870741, 48.936801211373563 ], [ 16.434785387201487, 48.947817979490708 ], [ 16.423669603332996, 48.94957782958619 ], [ 16.420493665341667, 48.953032169902372 ], [ 16.404911718392043, 48.953749078499754 ], [ 16.404117733444934, 48.962546662328123 ], [ 16.405110214628735, 48.965153055977851 ], [ 16.409774873946731, 48.966000104082923 ], [ 16.411362842942481, 48.973492599329006 ], [ 16.422875618386058, 48.975056108716956 ], [ 16.4246620836185, 48.978508684730286 ], [ 16.436075611392994, 48.97863896599091 ], [ 16.435678619817736, 48.986259823272292 ], [ 16.424463587381808, 48.987888060410853 ], [ 16.425059076092055, 48.994595836076599 ], [ 16.431013960499683, 48.996940088534529 ], [ 16.430021479316054, 49.002735128319102 ], [ 16.425158323761366, 49.003451322407329 ], [ 16.425356819998058, 49.014843933034115 ], [ 16.430815464262992, 49.016341053612564 ], [ 16.432431222642037, 49.020022477173768 ], [ 16.437385686555444, 49.020563993210942 ], [ 16.439672361585963, 49.024229484895159 ], [ 16.450343514423025, 49.024854258024391 ], [ 16.450978701482427, 49.03122649213168 ], [ 16.45726705938813, 49.033017234786314 ], [ 16.45733057836361, 49.040595943025778 ], [ 16.440688661599495, 49.041845069846033 ], [ 16.437449204632628, 49.045051018397487 ], [ 16.426841571669343, 49.045883698891657 ], [ 16.425888789732824, 49.04925591006878 ], [ 16.421061363770207, 49.050588079152647 ], [ 16.419918025805771, 49.057165139363235 ], [ 16.409564467845826, 49.058663587989372 ], [ 16.405943897924828, 49.062076553221402 ], [ 16.403022034936839, 49.062492752646563 ], [ 16.382886587100813, 49.062409512804891 ], [ 16.367133933297737, 49.051212520700346 ], [ 16.358304825358061, 49.05067133820404 ], [ 16.355827593401216, 49.058164110133305 ], [ 16.350682573459949, 49.060536585982902 ], [ 16.349158123439508, 49.063117044660544 ], [ 16.339376233563428, 49.063616472742751 ], [ 16.335692145565247, 49.068402405032657 ], [ 16.33092823857811, 49.069484378071138 ], [ 16.329530825610391, 49.072105983986944 ], [ 16.320701716772362, 49.072480487909218 ], [ 16.315747253757252, 49.07601732950377 ], [ 16.299168855968617, 49.076433412167376 ], [ 16.297644405948347, 49.073645592710989 ], [ 16.292245311003569, 49.072646933125384 ], [ 16.286274547076516, 49.073437540727525 ], [ 16.285766397069665, 49.076142154433512 ], [ 16.280240265072337, 49.078264133187133 ], [ 16.27884285210456, 49.080718858186913 ], [ 16.273951907166634, 49.081467733346301 ], [ 16.273570794212276, 49.092907475248694 ], [ 16.270585412248806, 49.093947321041639 ], [ 16.249814776455253, 49.093988914561407 ], [ 16.246017111760523, 49.098847657138549 ], [ 16.216446227304232, 49.097990936516794 ], [ 16.215661159034653, 49.092107723668562 ], [ 16.225779810242784, 49.090222663556801 ], [ 16.228309472371052, 49.088737413752256 ], [ 16.228396702378461, 49.08485270519742 ], [ 16.22752440499977, 49.08273883852479 ], [ 16.221941701597473, 49.080796287590431 ], [ 16.218975889432556, 49.07731093226397 ], [ 16.20938061737013, 49.072853891483248 ], [ 16.207810481729439, 49.07028234007214 ], [ 16.198825817922, 49.069539422805235 ], [ 16.193243114519476, 49.073996760953776 ], [ 16.177803449032751, 49.073196755379286 ], [ 16.172046285615806, 49.069653718854454 ], [ 16.165852973060396, 49.069710866192167 ], [ 16.162974391801015, 49.073425329799306 ], [ 16.160095810541577, 49.074225331692787 ], [ 16.151547294974193, 49.073139611462807 ], [ 16.150500537581081, 49.071139538861758 ], [ 16.145528442433374, 49.069825161847064 ], [ 16.14264986027564, 49.066167581067305 ], [ 16.138201143375738, 49.064338690299451 ], [ 16.136631007735048, 49.046046075663071 ], [ 16.124244383522296, 49.044044912500738 ], [ 16.121365802262915, 49.041243148778733 ], [ 16.100605122497541, 49.040785703398512 ], [ 16.096330864713934, 49.037640649787932 ], [ 16.082723023991605, 49.036725687373803 ], [ 16.061613425095175, 49.037297540560473 ], [ 16.05446058605213, 49.041814950028822 ], [ 16.036142338407672, 49.04198648965189 ], [ 16.03396159541046, 49.040442615866084 ], [ 16.032827608009939, 49.034209455131872 ], [ 16.021138822059413, 49.032894101379213 ], [ 16.013898753009016, 49.027003176137896 ], [ 16.007967130475606, 49.025573235286799 ], [ 15.993486992374756, 49.025573235286799 ], [ 15.989910572853148, 49.026488402235827 ], [ 15.98772982895764, 49.034323831844915 ], [ 15.982844962919216, 49.035524774105966 ], [ 15.982408814679047, 49.03781220321963 ], [ 15.970371108699283, 49.040042344577785 ], [ 15.969237122196887, 49.051420229491839 ], [ 15.964701175289576, 49.052334920991484 ], [ 15.96103752576056, 49.055193224417053 ], [ 15.953884686717572, 49.055136059794165 ], [ 15.945074482026428, 49.050619860403685 ], [ 15.942632049007216, 49.047532602132605 ], [ 15.931815560435211, 49.046274774980873 ], [ 15.930681573932986, 49.035524774105966 ], [ 15.922743666620363, 49.030892408988848 ], [ 15.906518933762527, 49.030778023797382 ], [ 15.90451264988161, 49.03501008836804 ], [ 15.900849000352821, 49.035696334835109 ], [ 15.8969236617001, 49.039527705583112 ], [ 15.886194402237209, 49.038555594782679 ], [ 15.886194402237209, 49.029062219668958 ], [ 15.879652171448981, 49.025802028160342 ], [ 15.879564941441572, 49.019109387558274 ], [ 15.877558657560883, 49.017965256465288 ], [ 15.873895008032036, 49.017450389070007 ], [ 15.871278115896359, 49.01493318134635 ], [ 15.85234926089538, 49.014361071090093 ], [ 15.846941016609378, 49.013159617973372 ], [ 15.843713515320758, 49.010699409634071 ], [ 15.823127295570032, 49.010356114604519 ], [ 15.818853037786425, 49.00617917460886 ], [ 15.802104925782658, 49.004920301691698 ], [ 15.800709250156558, 48.998682689900534 ], [ 15.796260533256657, 48.997251935379268 ], [ 15.794952086739613, 48.994905408336194 ], [ 15.794254248477444, 48.986205123749357 ], [ 15.778116745626789, 48.98528921556715 ], [ 15.772534041326196, 48.981510917842513 ], [ 15.757792214101642, 48.981052923306379 ], [ 15.755088091958726, 48.973724431852872 ], [ 15.743922684255608, 48.968227355733063 ], [ 15.741567481243635, 48.961011524450896 ], [ 15.736420926081507, 48.958606015134137 ], [ 15.736072006950394, 48.953737367314147 ], [ 15.732757276552661, 48.952076190996024 ], [ 15.724034301868755, 48.953393680281692 ], [ 15.718189908444458, 48.95705955519287 ], [ 15.717230381956824, 48.959980606008173 ], [ 15.705977744246525, 48.961412431391238 ], [ 15.703797000351017, 48.967597443669717 ], [ 15.700656729967875, 48.969200840327858 ], [ 15.693765579150295, 48.969029050379163 ], [ 15.690625308767153, 48.965650392865086 ], [ 15.678849292809218, 48.961068796646941 ], [ 15.674575035025612, 48.96129788654298 ], [ 15.670475237256596, 48.964905912275697 ], [ 15.660094896924761, 48.964562302192064 ], [ 15.658263072160366, 48.949555679534114 ], [ 15.653639895245476, 48.948295375758278 ], [ 15.650499624862391, 48.944743439945398 ], [ 15.63201738616965, 48.944420315773527 ], [ 15.626713817173936, 48.946583603324598 ], [ 15.627048779180313, 48.95109320641842 ], [ 15.625206487246203, 48.95259631727123 ], [ 15.60940743545865, 48.953439505395352 ], [ 15.606225293701982, 48.957178691174136 ], [ 15.588576938264339, 48.957114781719724 ], [ 15.58855186934494, 48.954589272940552 ], [ 15.587739478816047, 48.949921263864042 ], [ 15.582865137439455, 48.947787171505524 ], [ 15.580427965852778, 48.941517747215983 ], [ 15.570476184793449, 48.939783511776966 ], [ 15.567738428827909, 48.932600468900716 ], [ 15.564358884982425, 48.931917331887462 ], [ 15.561759236008641, 48.929270088925023 ], [ 15.560459411521833, 48.923889776068791 ], [ 15.549410903383261, 48.922267027709495 ], [ 15.547981096268018, 48.915946349247804 ], [ 15.542651815692295, 48.914237920439405 ], [ 15.540892607652779, 48.911249746752276 ] ] ] } },
{ "type": "Feature", "properties": { "shapeName": "Břeclav", "shapeISO": "", "shapeID": "57006924B56764577868008", "shapeGroup": "CZE", "shapeType": "ADM2" }, "geometry": { "type": "Polygon", "coordinates": [ [ [ 16.438877389390484, 48.894958980986189 ], [ 16.438877389390484, 48.889309077772452 ], [ 16.437215173738252, 48.886552909839281 ], [ 16.43309577023814, 48.885317337212484 ], [ 16.431939446227943, 48.879851937298554 ], [ 16.431939446227943, 48.878521140880764 ], [ 16.436926092286512, 48.8771427786088 ], [ 16.438010145933731, 48.87039300837256 ], [ 16.432228526781387, 48.867350560089392 ], [ 16.430855392580725, 48.860884744429427 ], [ 16.419219884811525, 48.855892183133676 ], [ 16.418063560801329, 48.850756457466161 ], [ 16.423989719781218, 48.847237229998484 ], [ 16.424929233600835, 48.841006640499245 ], [ 16.430277230575712, 48.838580781284236 ], [ 16.430204960212848, 48.823975577738281 ], [ 16.436637011733069, 48.821834392586936 ], [ 16.437793335743265, 48.818646235471419 ], [ 16.441045495786568, 48.817980027844044 ], [ 16.443069063253404, 48.814886804846992 ], [ 16.454270949743488, 48.813744643301732 ], [ 16.455096269137471, 48.806315929821665 ], [ 16.47388251290073, 48.806166860461417 ], [ 16.475537735874184, 48.801987801494079 ], [ 16.514987216739257, 48.801806095378538 ], [ 16.524090943092858, 48.802351211750135 ], [ 16.524918554579358, 48.805076704738383 ], [ 16.530987705481778, 48.804713314231037 ], [ 16.534298151428629, 48.809800541718459 ], [ 16.544781230259787, 48.808892146089534 ], [ 16.546436453233184, 48.805440092612514 ], [ 16.550298640171093, 48.805076704738383 ], [ 16.55057451066665, 48.799443855971958 ], [ 16.554988438595558, 48.796718056874056 ], [ 16.563264553462432, 48.795082506317556 ], [ 16.565747387922386, 48.792538210573696 ], [ 16.575678725762657, 48.790902523744478 ], [ 16.576230466753714, 48.787994504381743 ], [ 16.588368768558439, 48.787267473207635 ], [ 16.590023991531893, 48.784177473202647 ], [ 16.593334437478404, 48.783086839539578 ], [ 16.626163026450286, 48.78381393128177 ], [ 16.626714767441342, 48.786903953670503 ], [ 16.647129184112941, 48.785813379258741 ], [ 16.648232666095168, 48.783086839539578 ], [ 16.657336392448542, 48.781450844605956 ], [ 16.659267485917496, 48.778178694756548 ], [ 16.664509025333132, 48.77781510938371 ], [ 16.666440118802086, 48.774179110813236 ], [ 16.669750564748824, 48.773088259888425 ], [ 16.670854046731051, 48.766178986949967 ], [ 16.676095586146687, 48.764906122447258 ], [ 16.675543845155687, 48.749265439802741 ], [ 16.669198823757597, 48.746718821251875 ], [ 16.669474694253324, 48.738896257318004 ], [ 16.672233399208778, 48.736531056440754 ], [ 16.694303038853661, 48.736167169505222 ], [ 16.702303283224978, 48.737258822409672 ], [ 16.704786117684989, 48.740533638888792 ], [ 16.717752030976442, 48.739805920331037 ], [ 16.723269440887634, 48.735803279935737 ], [ 16.731821426249951, 48.735075492894794 ], [ 16.734028390214462, 48.730890512944086 ], [ 16.744511469045733, 48.729980688598459 ], [ 16.746442562514687, 48.721973524467103 ], [ 16.75195997242588, 48.721791528647259 ], [ 16.752511713417107, 48.718515491276946 ], [ 16.770995036619581, 48.71796946430436 ], [ 16.772098518601808, 48.714693178001824 ], [ 16.779271151486398, 48.713601035151385 ], [ 16.824513912758334, 48.713601035151385 ], [ 16.841066142492025, 48.714329133019248 ], [ 16.842445494969809, 48.717423431404768 ], [ 16.866170357588089, 48.717605443029925 ], [ 16.8689290625436, 48.721063538781891 ], [ 16.894309148135164, 48.720153536633234 ], [ 16.8989989465598, 48.714693178001824 ], [ 16.900378299037527, 48.708322010483471 ], [ 16.908654413904401, 48.707411777837592 ], [ 16.909757895886628, 48.675361098287965 ], [ 16.913344212328809, 48.672628562764771 ], [ 16.916102917284491, 48.650216181030089 ], [ 16.919413363231229, 48.648211336201427 ], [ 16.921068586204626, 48.624511677774763 ], [ 16.944517578327236, 48.625058718471564 ], [ 16.94589693080502, 48.627976168713531 ], [ 16.958035232609745, 48.633081300805657 ], [ 16.960242196574256, 48.67390376445212 ], [ 16.966311347476619, 48.674814603039579 ], [ 16.967414829458846, 48.678093485608599 ], [ 16.973208109865539, 48.678093485608599 ], [ 16.973483980361209, 48.681918578880072 ], [ 16.979001390272401, 48.682282858328108 ], [ 16.981208354236855, 48.685743381682528 ], [ 16.986174023156991, 48.687382493965799 ], [ 16.986725764148048, 48.690114229215681 ], [ 16.991691433068183, 48.690478449385466 ], [ 16.995001879014865, 48.711052609634351 ], [ 17.000519288926057, 48.712326838527758 ], [ 17.002450382395011, 48.715239240536562 ], [ 17.007416051315147, 48.716331347824735 ], [ 17.008519533297374, 48.739805920331037 ], [ 17.01348520221751, 48.740715566881988 ], [ 17.015968036677521, 48.744172073641721 ], [ 17.020381964606429, 48.745081641175204 ], [ 17.022313058075383, 48.751993816464449 ], [ 17.028106338482075, 48.751630041469411 ], [ 17.02976156145553, 48.755813294896996 ], [ 17.034451359879995, 48.756540781676392 ], [ 17.034727230375665, 48.764178756818012 ], [ 17.040520510782358, 48.763996913764515 ], [ 17.041623992764585, 48.773270070021965 ], [ 17.060934927453786, 48.772724637646604 ], [ 17.062314279931684, 48.776542539840307 ], [ 17.068107560338376, 48.77763331570975 ], [ 17.068935171825103, 48.784541012490195 ], [ 17.079969991647431, 48.785268083165136 ], [ 17.08162353690409, 48.793075506114349 ], [ 17.062914005125663, 48.793795028654927 ], [ 17.060898029321208, 48.797166161507448 ], [ 17.05686607681406, 48.79808552243685 ], [ 17.05485010011131, 48.801149935599767 ], [ 17.05019784652734, 48.801864938636243 ], [ 17.048647095632191, 48.804929121493217 ], [ 17.043839767677468, 48.806154741624994 ], [ 17.042754241691568, 48.809014406629501 ], [ 17.030813458540877, 48.81585651445755 ], [ 17.030813458540877, 48.821982982560371 ], [ 17.024610454061758, 48.824739648884531 ], [ 17.018097299942781, 48.830865031846486 ], [ 17.006621741701338, 48.831477528960818 ], [ 17.006001441522812, 48.828006613174409 ], [ 16.993285282924717, 48.822697688564404 ], [ 16.991114230952746, 48.819736697846395 ], [ 16.984601076833599, 48.816264968802557 ], [ 16.968628340277633, 48.815550171662551 ], [ 16.965681913756328, 48.81943037876357 ], [ 16.950329478277013, 48.819736697846395 ], [ 16.948158426305042, 48.821472472200867 ], [ 16.949864252469467, 48.848624406532508 ], [ 16.943506173619539, 48.850053048381426 ], [ 16.943040947811994, 48.852808170446849 ], [ 16.937768394049669, 48.853726510580884 ], [ 16.936217643154521, 48.857399703849012 ], [ 16.931255239930522, 48.858522014601988 ], [ 16.930634939751997, 48.861480712813204 ], [ 16.919159381510553, 48.863011005983083 ], [ 16.91714340480803, 48.866173462492213 ], [ 16.913266527569931, 48.866683517387742 ], [ 16.908149049076883, 48.870661767624199 ], [ 16.906753372552487, 48.877087503898849 ], [ 16.912646227391633, 48.881064926929582 ], [ 16.913266527569931, 48.884736113307952 ], [ 16.912646227391633, 48.890854158817262 ], [ 16.907528748898358, 48.892485511159009 ], [ 16.907218598360032, 48.900029823866873 ], [ 16.908459198716912, 48.903393812330307 ], [ 16.913421602839207, 48.904718957954685 ], [ 16.913886827748456, 48.912363341299113 ], [ 16.902101119866813, 48.912872925234183 ], [ 16.901480819688516, 48.91603223032871 ], [ 16.895432890478617, 48.918376101603371 ], [ 16.894812589401965, 48.922554033640324 ], [ 16.902566344776062, 48.927546713847903 ], [ 16.910320100150386, 48.929278751649974 ], [ 16.915127429003405, 48.92825991329903 ], [ 16.915592653912711, 48.925101382178127 ], [ 16.927843587601728, 48.926425951524777 ], [ 16.927998662870948, 48.936715642759452 ], [ 16.916368029360285, 48.937428711241978 ], [ 16.916988330437107, 48.945271790496975 ], [ 16.921330432584227, 48.945781038689404 ], [ 16.924121784734552, 48.949854837733483 ], [ 16.928153738139997, 48.950262199168378 ], [ 16.929239263227771, 48.953113637267165 ], [ 16.93513211716845, 48.955353938547489 ], [ 16.935907493514321, 48.961056069760161 ], [ 16.930014638675402, 48.963194200763269 ], [ 16.929859564304422, 48.968081013218068 ], [ 16.931255239930522, 48.970829635400719 ], [ 16.93513211716845, 48.971033230601336 ], [ 16.938853920035569, 48.974799598631762 ], [ 16.942885872542718, 48.97561391136685 ], [ 16.943196023081043, 48.982535030489316 ], [ 16.937303169140421, 48.983959847167966 ], [ 16.936682868962066, 48.986402295947016 ], [ 16.925207310720452, 48.987725239150052 ], [ 16.924742085811374, 48.999731884274183 ], [ 16.900705444240884, 49.000952737070861 ], [ 16.900705444240884, 49.006954827363188 ], [ 16.905357696926387, 49.009701305398949 ], [ 16.906598298181734, 49.016109165408295 ], [ 16.900550368971835, 49.018346636418528 ], [ 16.901015593880913, 49.027295514719469 ], [ 16.895432890478617, 49.030447577585846 ], [ 16.89558796484954, 49.046204894958009 ], [ 16.896402008912617, 49.058932063762882 ], [ 16.884240189262243, 49.059163060826336 ], [ 16.868042904427796, 49.047382487584457 ], [ 16.851400988562204, 49.046924529312946 ], [ 16.842571880622472, 49.039804813479691 ], [ 16.819768643903501, 49.039221867463993 ], [ 16.810494904932455, 49.047798810053905 ], [ 16.805766285566335, 49.047886360055315 ], [ 16.799252083113174, 49.048006969981429 ], [ 16.798045227071725, 49.036431960765071 ], [ 16.791058163131197, 49.034224908992655 ], [ 16.783626467260945, 49.027603164958123 ], [ 16.767175107423157, 49.027186673418896 ], [ 16.762792313390207, 49.023771313419616 ], [ 16.74843707255485, 49.023812965117884 ], [ 16.746277434577053, 49.024562697971305 ], [ 16.745324652640704, 49.027978004244858 ], [ 16.73554276366275, 49.028977561478769 ], [ 16.732938493755341, 49.032309274491638 ], [ 16.729381442809597, 49.033058879334362 ], [ 16.719408996905543, 49.040637581229419 ], [ 16.710897482944688, 49.04072085753188 ], [ 16.708928400994751, 49.039721535643366 ], [ 16.70854728893886, 49.03451641184239 ], [ 16.7056254259507, 49.032850656834512 ], [ 16.696796317112899, 49.032475854256234 ], [ 16.694763717085777, 49.025687276072688 ], [ 16.689491659193436, 49.025145815780093 ], [ 16.688221284176564, 49.022146852324738 ], [ 16.682695152179235, 49.01977254448127 ], [ 16.67990032624374, 49.012482296366215 ], [ 16.675898644266681, 49.011732381527736 ], [ 16.673993081292224, 49.008565950551088 ], [ 16.669610286360808, 49.007732645337285 ], [ 16.665608604383749, 49.00431595027635 ], [ 16.655953752458515, 49.003232558788 ], [ 16.655763196430655, 48.993897748946495 ], [ 16.649347800573935, 48.990771863195675 ], [ 16.647933019578488, 48.984366930081308 ], [ 16.642505390547115, 48.983043898307244 ], [ 16.641109714921015, 48.979787054250949 ], [ 16.635371936249442, 48.977853202063045 ], [ 16.635061785711116, 48.97347631287721 ], [ 16.629013856501274, 48.970218843631358 ], [ 16.628083405784423, 48.963194200763269 ], [ 16.621725326934552, 48.96156515685658 ], [ 16.621570251665275, 48.952095285352016 ], [ 16.61986442550085, 48.950465878933528 ], [ 16.609629468514754, 48.949141946777047 ], [ 16.606527965825933, 48.934270759538435 ], [ 16.60172063787121, 48.932437019132351 ], [ 16.602030788409536, 48.925610836175508 ], [ 16.606683041095209, 48.924795706930865 ], [ 16.607613491811833, 48.921127462152015 ], [ 16.605597515109139, 48.917968479306012 ], [ 16.601255412063665, 48.916949410190341 ], [ 16.600169886976062, 48.911649915412227 ], [ 16.601255412063665, 48.909407651504694 ], [ 16.607613491811833, 48.90777685139625 ], [ 16.607613491811833, 48.905126687773645 ], [ 16.612420819766783, 48.902680257779423 ], [ 16.612240933029454, 48.889381817661956 ], [ 16.605988304715652, 48.886967247574773 ], [ 16.604598831956764, 48.880310260287899 ], [ 16.593185304182327, 48.87822161133613 ], [ 16.590803350239582, 48.87606760101545 ], [ 16.575122155620704, 48.8755454023688 ], [ 16.572938697914708, 48.876785614367691 ], [ 16.567281558311322, 48.88089767712836 ], [ 16.56708306207446, 48.887293547547642 ], [ 16.580084558844703, 48.889055531316274 ], [ 16.579191326228454, 48.899430398785796 ], [ 16.576908620853146, 48.900082833934334 ], [ 16.570953736445517, 48.900082833934334 ], [ 16.566388325695129, 48.896559581539975 ], [ 16.537507137171019, 48.896885818914882 ], [ 16.535323680363319, 48.895450358420931 ], [ 16.535323680363319, 48.889120788519506 ], [ 16.518352260654808, 48.889251303261062 ], [ 16.513886097573447, 48.892253047111353 ], [ 16.505251515316957, 48.893231837163057 ], [ 16.501579337182989, 48.897603533999757 ], [ 16.491456033600002, 48.898451729504359 ], [ 16.483416940053758, 48.905432483397476 ], [ 16.470613939520433, 48.906476250542369 ], [ 16.465949280202437, 48.905106301214005 ], [ 16.464262063537547, 48.9023662910692 ], [ 16.454337256191252, 48.901713885137269 ], [ 16.44490868988612, 48.894993611675602 ], [ 16.438877389390484, 48.894958980986189 ] ] ] } },
{ "type": "Feature", "properties": { "shapeName": "Blansko", "shapeISO": "", "shapeID": "57006924B90019795994252", "shapeGroup": "CZE", "shapeType": "ADM2" }, "geometry": { "type": "Polygon", "coordinates": [ [ [ 16.390820684247387, 49.471582864074207 ], [ 16.402838536073602, 49.471257466982536 ], [ 16.405661592465265, 49.46735898878876 ], [ 16.441655558763955, 49.466556322791234 ], [ 16.444302173457402, 49.462198761541288 ], [ 16.448713198844871, 49.460937289672472 ], [ 16.449771845440864, 49.454170660283523 ], [ 16.453829988330142, 49.453711871901533 ], [ 16.455594398125811, 49.451991377660192 ], [ 16.455241516525973, 49.446141244469914 ], [ 16.449595403742592, 49.444764640982498 ], [ 16.448007434746842, 49.441667142255483 ], [ 16.448713198844871, 49.429389944515606 ], [ 16.452065578534416, 49.428012870754628 ], [ 16.458770337015494, 49.428586656039897 ], [ 16.462299156606662, 49.432029227409032 ], [ 16.469886119985631, 49.432373471433777 ], [ 16.475355791969093, 49.429848960512743 ], [ 16.499528210301492, 49.413092095429874 ], [ 16.499351769501516, 49.399085394471513 ], [ 16.50446855808849, 49.3969036631118 ], [ 16.506232968782513, 49.389898503271695 ], [ 16.522112659638083, 49.388864870563566 ], [ 16.529876063816801, 49.384730122252392 ], [ 16.530758268714578, 49.378527346750275 ], [ 16.535875058199849, 49.376229823688845 ], [ 16.536580822297822, 49.369681294446764 ], [ 16.529876063816801, 49.366693956249719 ], [ 16.529699623016882, 49.356581618094424 ], [ 16.534287089204099, 49.354857716987567 ], [ 16.536404381497903, 49.351639605774153 ], [ 16.540815406885372, 49.350375290633565 ], [ 16.540991847685291, 49.339339885065044 ], [ 16.535169294101991, 49.337845317021504 ], [ 16.535169294101991, 49.333016402199178 ], [ 16.536404381497903, 49.331061706777803 ], [ 16.546461518770229, 49.330026836671038 ], [ 16.548049487765979, 49.324392162153345 ], [ 16.552989836451331, 49.320942043002617 ], [ 16.55387204134928, 49.313696005774375 ], [ 16.558988830834551, 49.312315687255193 ], [ 16.560223917332166, 49.309324864733981 ], [ 16.566046470915239, 49.308174500211067 ], [ 16.567634439911046, 49.30472324430616 ], [ 16.576280049885952, 49.304608198435403 ], [ 16.581220397673007, 49.308174500211067 ], [ 16.590571771745829, 49.309209829607482 ], [ 16.595512119532827, 49.312085630115462 ], [ 16.615097071678065, 49.312545742734926 ], [ 16.623389799154836, 49.316341507719528 ], [ 16.626036414746409, 49.324507161825352 ], [ 16.633976259725046, 49.324852159815521 ], [ 16.637152198614899, 49.323587155758105 ], [ 16.638916608410568, 49.317146632562981 ], [ 16.643327633798037, 49.312315687255193 ], [ 16.644386279495734, 49.304608198435403 ], [ 16.648091540785117, 49.302192170171168 ], [ 16.649855950580843, 49.297935070716733 ], [ 16.648973745682895, 49.291491193149 ], [ 16.643327633798037, 49.289995171944099 ], [ 16.643164345723051, 49.286320579023709 ], [ 16.642974751299846, 49.282053994797877 ], [ 16.673146164015293, 49.2817086976209 ], [ 16.673675487313346, 49.289074521801695 ], [ 16.66344190924093, 49.290800727374858 ], [ 16.662206821845018, 49.293447459348897 ], [ 16.663618350040906, 49.297359758263383 ], [ 16.668558697827905, 49.299776023447578 ], [ 16.669970226023736, 49.302422273511638 ], [ 16.68002736419453, 49.306218818525281 ], [ 16.694495526854325, 49.30598873291342 ], [ 16.696612819147958, 49.302537324486082 ], [ 16.700494521237317, 49.301731960852692 ], [ 16.701729607734933, 49.299315791565277 ], [ 16.706493515620537, 49.297935070716733 ], [ 16.708434366215954, 49.294598167700769 ], [ 16.712845391603423, 49.293447459348897 ], [ 16.716021329594923, 49.289074521801695 ], [ 16.736135605038044, 49.288499105926405 ], [ 16.741958158621173, 49.284240823702817 ], [ 16.7966548712688, 49.283089872994424 ], [ 16.800183691758491, 49.27940665172207 ], [ 16.809182183333121, 49.279751965603907 ], [ 16.820297967201441, 49.287002994509237 ], [ 16.829574473506227, 49.286954972365663 ], [ 16.842529534040068, 49.286887907270454 ], [ 16.842353093240149, 49.294368027827716 ], [ 16.837765627052761, 49.295748849190034 ], [ 16.837059862954959, 49.299200733069597 ], [ 16.825238314988667, 49.300581419046352 ], [ 16.824003228491051, 49.303802869233152 ], [ 16.81835711570767, 49.304263059211507 ], [ 16.816945587511839, 49.307714346763817 ], [ 16.812005239724783, 49.309094793626741 ], [ 16.812005239724783, 49.314501173276312 ], [ 16.817651351609697, 49.317261649156023 ], [ 16.819415762303663, 49.324162161418087 ], [ 16.825238314988667, 49.327727047110329 ], [ 16.837059862954959, 49.32956688735328 ], [ 16.83847139115079, 49.331061706777803 ], [ 16.83847139115079, 49.336350703590597 ], [ 16.8331781608656, 49.33865009029455 ], [ 16.833001720065681, 49.348191396132449 ], [ 16.8273556072823, 49.351409732923628 ], [ 16.82581224233536, 49.358334327438854 ], [ 16.814176734566161, 49.364359110092948 ], [ 16.814682626208196, 49.370053733779514 ], [ 16.823499595213548, 49.376265298605574 ], [ 16.832388834581593, 49.375324202449178 ], [ 16.834556941876031, 49.372312575178739 ], [ 16.84026629066534, 49.369583128488955 ], [ 16.842362127596857, 49.362852983336495 ], [ 16.849950502229035, 49.363135386056172 ], [ 16.853780825175818, 49.366618213144079 ], [ 16.858767471234387, 49.367418287531223 ], [ 16.859621358389859, 49.379350919403521 ], [ 16.855888738159535, 49.379388889989343 ], [ 16.853872761456842, 49.387566069665127 ], [ 16.835728973827145, 49.388676445849853 ], [ 16.835418824187173, 49.39200742383025 ], [ 16.829525969348197, 49.392713965455641 ], [ 16.827820143183772, 49.395842815609171 ], [ 16.817275036557305, 49.397457627785059 ], [ 16.815103984585505, 49.40038433978566 ], [ 16.810761881540031, 49.401595341464827 ], [ 16.803473351973309, 49.409869724140208 ], [ 16.803628427242359, 49.416831233381629 ], [ 16.809831430823237, 49.419655912201733 ], [ 16.810296656630783, 49.424699577114836 ], [ 16.824563566124198, 49.432970065191284 ], [ 16.823788190676453, 49.441944992852768 ], [ 16.813553233690357, 49.443558288751262 ], [ 16.809676356452258, 49.452329656984602 ], [ 16.806574853763664, 49.452934520521637 ], [ 16.805179178137564, 49.455656316992133 ], [ 16.80083707509209, 49.456462745703845 ], [ 16.793238394987043, 49.462409749864776 ], [ 16.793858695165341, 49.479843415945538 ], [ 16.792463019539468, 49.481858468911582 ], [ 16.788275991763044, 49.482160719383899 ], [ 16.787810765955498, 49.490824447578291 ], [ 16.794323920074646, 49.496263679065009 ], [ 16.79525437079144, 49.505126316944597 ], [ 16.798510948749311, 49.506838232505231 ], [ 16.806885004301932, 49.507543121638946 ], [ 16.809211130644883, 49.522846777456209 ], [ 16.821617139602949, 49.523752764614926 ], [ 16.82146206433373, 49.53029550878324 ], [ 16.819446087630979, 49.532107190262366 ], [ 16.793238394987043, 49.532711069361824 ], [ 16.784088963088323, 49.537038651345767 ], [ 16.755710218472416, 49.537139287740104 ], [ 16.751057965786913, 49.538749449442548 ], [ 16.751678265965211, 49.566214660144396 ], [ 16.74625063783219, 49.568628445843331 ], [ 16.746560787472163, 49.574662387373053 ], [ 16.775094607357346, 49.574964064607741 ], [ 16.777575808969175, 49.574561827686296 ], [ 16.7792816351336, 49.566918693398691 ], [ 16.796029747137311, 49.566818117757862 ], [ 16.797890647672489, 49.568025010607357 ], [ 16.798510948749311, 49.585923749562482 ], [ 16.792928244448717, 49.588939744193453 ], [ 16.792866116453695, 49.591678285023818 ], [ 16.773844578283331, 49.592372765525511 ], [ 16.772383646340074, 49.595254875042428 ], [ 16.768000851408658, 49.596407671046336 ], [ 16.763554538400399, 49.600730414684051 ], [ 16.743482608641443, 49.601100917770736 ], [ 16.739798520643376, 49.605217428281549 ], [ 16.728619217799405, 49.606287664225306 ], [ 16.727158286754445, 49.613078997997604 ], [ 16.716677690843881, 49.61431368435467 ], [ 16.713311195925996, 49.618058708441083 ], [ 16.664084154363479, 49.618346775072951 ], [ 16.661162291375433, 49.61501332605377 ], [ 16.652079107534121, 49.615054481271841 ], [ 16.647061125543473, 49.619499025154084 ], [ 16.634103297676063, 49.61978708385368 ], [ 16.629402908765996, 49.623902016558304 ], [ 16.600438352990295, 49.624066606614917 ], [ 16.597071858072582, 49.620774699256629 ], [ 16.580112348227942, 49.620980450091508 ], [ 16.577635116271324, 49.624601520604415 ], [ 16.572807690308707, 49.625465599937854 ], [ 16.571854909270428, 49.628140034356875 ], [ 16.551084273476931, 49.62912748045261 ], [ 16.547209628552366, 49.62842804139035 ], [ 16.546320366489624, 49.615795266347277 ], [ 16.547146109577056, 49.612667428733971 ], [ 16.55279134021464, 49.610488627271707 ], [ 16.552989836451331, 49.603542564813722 ], [ 16.551600363692444, 49.601162667914423 ], [ 16.546737208137756, 49.5993615871202 ], [ 16.545248486811261, 49.588553707631263 ], [ 16.501380840946069, 49.588232007386125 ], [ 16.497807910481185, 49.596209536672745 ], [ 16.480935738441758, 49.595694896511816 ], [ 16.478653033066678, 49.588811065484663 ], [ 16.46178086102725, 49.588875405172757 ], [ 16.4601928920315, 49.592928614058962 ], [ 16.426079346659151, 49.59336093644589 ], [ 16.421696551727905, 49.59286685348826 ], [ 16.421061363770207, 49.576641679799764 ], [ 16.408357610906137, 49.575817922598105 ], [ 16.406769641910387, 49.572646329071802 ], [ 16.395264814267421, 49.572607872307287 ], [ 16.395005520545112, 49.565881498063902 ], [ 16.393173695780888, 49.55643257832287 ], [ 16.388724978880816, 49.555470609768633 ], [ 16.387590991480124, 49.552980720852247 ], [ 16.383752882834813, 49.551622546071599 ], [ 16.380787071568193, 49.545170699978996 ], [ 16.386544234985081, 49.542284072045163 ], [ 16.387852681502125, 49.535830992621129 ], [ 16.41140471251947, 49.534245895330173 ], [ 16.413847145538853, 49.53101893111716 ], [ 16.41899370070098, 49.528924121376917 ], [ 16.419168160715799, 49.513068595601226 ], [ 16.411491942526879, 49.505648709280592 ], [ 16.40547308998606, 49.503666106302774 ], [ 16.404600792607539, 49.501343526517758 ], [ 16.399279778328946, 49.500040567210533 ], [ 16.397971331811902, 49.497491199393096 ], [ 16.392737546642422, 49.495848203457001 ], [ 16.389510046251928, 49.492618704881238 ], [ 16.367004771729341, 49.491882122937682 ], [ 16.367615379984329, 49.484572361362837 ], [ 16.372064096884458, 49.483778988241852 ], [ 16.37441929989626, 49.480321998511272 ], [ 16.383055044572586, 49.480151976393131 ], [ 16.386457004977899, 49.476297981822142 ], [ 16.390382343630392, 49.474937675996159 ], [ 16.390820684247387, 49.471582864074207 ] ] ] } },
{ "type": "Feature", "properties": { "shapeName": "Vyškov", "shapeISO": "", "shapeID": "57006924B37669195364586", "shapeGroup": "CZE", "shapeType": "ADM2" }, "geometry": { "type": "Polygon", "coordinates": [ [ [ 17.159163659607884, 49.27237162257012 ], [ 17.158750421767309, 49.280549594859565 ], [ 17.154098168183339, 49.281864711283333 ], [ 17.152702492557466, 49.2924855182344 ], [ 17.147895163704391, 49.294811674759899 ], [ 17.146964713885893, 49.297845627890752 ], [ 17.142157385032817, 49.298755777120164 ], [ 17.141226934316023, 49.314124651358838 ], [ 17.137505132347144, 49.315641056500908 ], [ 17.134868855466095, 49.319381323738924 ], [ 17.130526752420622, 49.320088909406479 ], [ 17.128820926256196, 49.327467415851231 ], [ 17.11843089400071, 49.328680215289012 ], [ 17.11501924167203, 49.332520549356275 ], [ 17.099666806192715, 49.333430058082229 ], [ 17.096100078594645, 49.337270022202233 ], [ 17.079041816950848, 49.338179443171498 ], [ 17.071132986307532, 49.343130441423966 ], [ 17.064309681650059, 49.35010141114202 ], [ 17.054384874303764, 49.355556263374183 ], [ 17.052058747961041, 49.363232438105229 ], [ 17.037171537390748, 49.363737407549081 ], [ 17.03531063685557, 49.365252285351119 ], [ 17.034690335778976, 49.388171731981686 ], [ 17.0306583832716, 49.389080212626311 ], [ 17.028022106390551, 49.397154854217433 ], [ 17.020578501554553, 49.397659475793091 ], [ 17.017787149404285, 49.399173307657577 ], [ 17.01608132324003, 49.414006391982298 ], [ 16.992354832207866, 49.415519720490295 ], [ 16.992199756938646, 49.434785351734376 ], [ 16.987547503354847, 49.436903100832239 ], [ 16.986617052637996, 49.451623972646075 ], [ 16.979483598340551, 49.457168360379853 ], [ 16.975141495294906, 49.457571563954787 ], [ 16.968008040099107, 49.465634942351585 ], [ 16.955912181679309, 49.467549799343487 ], [ 16.95575710641009, 49.481757718145275 ], [ 16.949864252469467, 49.484276422200765 ], [ 16.948468576843368, 49.486996477293019 ], [ 16.932650915556451, 49.487903129131439 ], [ 16.921950733661049, 49.496263679065009 ], [ 16.912646227391633, 49.496062236609589 ], [ 16.910320100150386, 49.493040503784073 ], [ 16.899930067895014, 49.492234676506598 ], [ 16.897293791912261, 49.488910499851613 ], [ 16.88054567990855, 49.487903129131439 ], [ 16.877909403027274, 49.481253961786877 ], [ 16.872791924534226, 49.480044925148775 ], [ 16.871396248908127, 49.473293922447397 ], [ 16.875273126146226, 49.472286230413204 ], [ 16.879150004282451, 49.463820797809433 ], [ 16.882251506072748, 49.463619221852582 ], [ 16.886593609118393, 49.459083548254682 ], [ 16.894657515031042, 49.4587811553601 ], [ 16.896053190656914, 49.448297038960391 ], [ 16.901635894059439, 49.445373183409629 ], [ 16.903031570583664, 49.43861740231506 ], [ 16.907838898538557, 49.437104786676116 ], [ 16.909234575062783, 49.429440149718118 ], [ 16.917298480077079, 49.429339291141162 ], [ 16.921175358213475, 49.426212575323518 ], [ 16.921175358213475, 49.422984789175302 ], [ 16.91946953204905, 49.421370816473484 ], [ 16.908769349255238, 49.420462933682472 ], [ 16.904427246209764, 49.416225923869433 ], [ 16.894967664671015, 49.416125038127575 ], [ 16.89419228922344, 49.40633814602478 ], [ 16.888454510551867, 49.403714523858696 ], [ 16.886593609118393, 49.397053929864626 ], [ 16.874497750698652, 49.394732601403632 ], [ 16.873102075072552, 49.388676445849853 ], [ 16.867519370771902, 49.386657561020797 ], [ 16.865813544607533, 49.379287928548877 ], [ 16.859621358389859, 49.379350919403521 ], [ 16.858767471234387, 49.367418287531223 ], [ 16.853780825175818, 49.366618213144079 ], [ 16.849950502229035, 49.363135386056172 ], [ 16.842362127596857, 49.362852983336495 ], [ 16.84026629066534, 49.369583128488955 ], [ 16.834556941876031, 49.372312575178739 ], [ 16.832388834581593, 49.375324202449178 ], [ 16.823499595213548, 49.376265298605574 ], [ 16.814682626208196, 49.370053733779514 ], [ 16.814176734566161, 49.364359110092948 ], [ 16.82581224233536, 49.358334327438854 ], [ 16.8273556072823, 49.351409732923628 ], [ 16.833001720065681, 49.348191396132449 ], [ 16.8331781608656, 49.33865009029455 ], [ 16.83847139115079, 49.336350703590597 ], [ 16.83847139115079, 49.331061706777803 ], [ 16.837059862954959, 49.32956688735328 ], [ 16.825238314988667, 49.327727047110329 ], [ 16.819415762303663, 49.324162161418087 ], [ 16.817651351609697, 49.317261649156023 ], [ 16.812005239724783, 49.314501173276312 ], [ 16.812005239724783, 49.309094793626741 ], [ 16.816945587511839, 49.307714346763817 ], [ 16.81835711570767, 49.304263059211507 ], [ 16.824003228491051, 49.303802869233152 ], [ 16.825238314988667, 49.300581419046352 ], [ 16.837059862954959, 49.299200733069597 ], [ 16.837765627052761, 49.295748849190034 ], [ 16.842353093240149, 49.294368027827716 ], [ 16.842529534040068, 49.286887907270454 ], [ 16.829574473506227, 49.286954972365663 ], [ 16.829592879463689, 49.275884313778477 ], [ 16.820672022092481, 49.270948012779229 ], [ 16.810283175613222, 49.269842803184758 ], [ 16.809944408343199, 49.26564278126682 ], [ 16.811299475626811, 49.263063642659915 ], [ 16.815703442950962, 49.261000235064216 ], [ 16.81683266568723, 49.254735790322229 ], [ 16.820559099369746, 49.253556512112766 ], [ 16.822027089376093, 49.241172386677249 ], [ 16.826543978524853, 49.240213961253403 ], [ 16.829254113091963, 49.236822462611485 ], [ 16.833319314044331, 49.235642755911158 ], [ 16.834561458605265, 49.232619629761928 ], [ 16.846305372368136, 49.231071127485791 ], [ 16.84528907145625, 49.224360390251263 ], [ 16.841449715050999, 49.223401639180906 ], [ 16.839755881395604, 49.218017537477238 ], [ 16.844272771442661, 49.215288385354995 ], [ 16.846418294192574, 49.207395123358651 ], [ 16.851048106064013, 49.205698276871658 ], [ 16.851725639705819, 49.197286958141092 ], [ 16.838513736834898, 49.189759828872411 ], [ 16.830044568558208, 49.182379178506494 ], [ 16.813444998376667, 49.182083929522321 ], [ 16.80836349741071, 49.186807700718191 ], [ 16.799442640039501, 49.185995834727407 ], [ 16.799216795492157, 49.171896763198106 ], [ 16.803846607363653, 49.168722072929768 ], [ 16.804072451910997, 49.15897524006806 ], [ 16.798313417303177, 49.155725869256514 ], [ 16.795716205458859, 49.149004904119749 ], [ 16.791763927229169, 49.148487868581412 ], [ 16.790973470864628, 49.141470430246841 ], [ 16.78442398079045, 49.139328066538553 ], [ 16.783633525324205, 49.133269847662632 ], [ 16.770986233372355, 49.127506465148656 ], [ 16.768840710622499, 49.12469842042691 ], [ 16.757661408676995, 49.122185824628332 ], [ 16.758000175048551, 49.117455887245228 ], [ 16.763194598737471, 49.114573360622501 ], [ 16.764210898751003, 49.108512116577515 ], [ 16.76929239971696, 49.106294403400682 ], [ 16.771212077919529, 49.10363301662926 ], [ 16.781600924398788, 49.102597994107896 ], [ 16.783746447148644, 49.099123118642297 ], [ 16.787924570823918, 49.097940127090965 ], [ 16.787359959006551, 49.086626343425849 ], [ 16.782617225310617, 49.08573887859302 ], [ 16.781713847121694, 49.079674112821692 ], [ 16.78690826991209, 49.07678939060753 ], [ 16.788376259918437, 49.073904501439984 ], [ 16.798878028222077, 49.07368258017533 ], [ 16.801588161891061, 49.069613843447655 ], [ 16.805201674647265, 49.068430148119774 ], [ 16.805766285566335, 49.047886360055315 ], [ 16.810494904932455, 49.047798810053905 ], [ 16.819768643903501, 49.039221867463993 ], [ 16.842571880622472, 49.039804813479691 ], [ 16.851400988562204, 49.046924529312946 ], [ 16.868042904427796, 49.047382487584457 ], [ 16.884240189262243, 49.059163060826336 ], [ 16.896402008912617, 49.058932063762882 ], [ 16.89667349083544, 49.063176546852901 ], [ 16.915282504272682, 49.063989414971275 ], [ 16.91714340480803, 49.070999848616793 ], [ 16.922726109108623, 49.071812588173145 ], [ 16.924587010542155, 49.075368169023875 ], [ 16.929239263227771, 49.076384002356917 ], [ 16.929859564304422, 49.078923494803291 ], [ 16.937923469318719, 49.083900524431328 ], [ 16.947383050857468, 49.082986413248307 ], [ 16.949864252469467, 49.079431378300683 ], [ 16.959478909277209, 49.079025071918181 ], [ 16.962890561606059, 49.082580136537217 ], [ 16.966767439742227, 49.083291119041746 ], [ 16.969558790994256, 49.087150559816507 ], [ 16.984290926295273, 49.087150559816507 ], [ 16.987547503354847, 49.085830258338603 ], [ 16.989098255148292, 49.082986413248307 ], [ 17.018407449582753, 49.082681706173673 ], [ 17.019337900299604, 49.089486391544938 ], [ 17.014840722883207, 49.091314356604585 ], [ 17.013910272166356, 49.093853086228421 ], [ 17.013600121628031, 49.107966053746964 ], [ 17.015461023061505, 49.115173287107837 ], [ 17.020423426285504, 49.115782301160721 ], [ 17.022904627897503, 49.123698802849049 ], [ 17.032674359974521, 49.123597317128429 ], [ 17.035155561586521, 49.119740709956886 ], [ 17.045390518572617, 49.119639216136022 ], [ 17.047561569646291, 49.112331122857768 ], [ 17.052368898499367, 49.109894852297714 ], [ 17.054539949573041, 49.098828619010874 ], [ 17.073148963010226, 49.098117858979947 ], [ 17.077025840248155, 49.099133227000891 ], [ 17.079196892220125, 49.101671556765552 ], [ 17.103388608161367, 49.102077677268824 ], [ 17.104939359954813, 49.109691824742811 ], [ 17.11625984202891, 49.110402418432272 ], [ 17.118120743462384, 49.117507800274666 ], [ 17.121687471060284, 49.11791379116994 ], [ 17.126029574105928, 49.121872029863198 ], [ 17.131302127868025, 49.123495831199989 ], [ 17.131302127868025, 49.126235875428449 ], [ 17.144157959416873, 49.126601647151062 ], [ 17.144806067648119, 49.133302461207563 ], [ 17.148081254207057, 49.134341460612859 ], [ 17.167930868001122, 49.134146650066839 ], [ 17.171603046135317, 49.137718058431801 ], [ 17.181924845954995, 49.138562172093771 ], [ 17.18520003161558, 49.145833939517559 ], [ 17.18966619469694, 49.146353310311042 ], [ 17.190956419786517, 49.148235985051599 ], [ 17.191353412260071, 49.156220327536005 ], [ 17.197010551863627, 49.159141106858954 ], [ 17.19790378447982, 49.163554402036937 ], [ 17.197407544337182, 49.175234755969541 ], [ 17.187085745415629, 49.175104989332624 ], [ 17.182818078571188, 49.17153627556246 ], [ 17.153837642377994, 49.172250039015751 ], [ 17.153936890047078, 49.179841249121466 ], [ 17.159991022124188, 49.181982148782538 ], [ 17.159991022124188, 49.192166374677356 ], [ 17.154929371230878, 49.193463577819387 ], [ 17.154631626426635, 49.195603888724804 ], [ 17.14937147929686, 49.197614399405779 ], [ 17.148478246680611, 49.204812653906856 ], [ 17.143118850983058, 49.206822790257718 ], [ 17.142424114603557, 49.209870259751881 ], [ 17.143416594889061, 49.217585354678533 ], [ 17.149272230729252, 49.220113569559715 ], [ 17.14907373449239, 49.225752966225286 ], [ 17.144210579835999, 49.227762251173488 ], [ 17.142523362272811, 49.231002860832689 ], [ 17.137858702954816, 49.231715766526293 ], [ 17.136866222669482, 49.237742648789379 ], [ 17.131010586829234, 49.240658617963959 ], [ 17.131506826971929, 49.24694356593028 ], [ 17.138156447759059, 49.249081561374794 ], [ 17.139545920518174, 49.251737730718673 ], [ 17.149172983059998, 49.252191208620275 ], [ 17.150661704386437, 49.253357275692508 ], [ 17.152448169619106, 49.271881090184081 ], [ 17.154067897653249, 49.272352514600016 ], [ 17.159163659607884, 49.27237162257012 ] ] ] } },
{ "type": "Feature", "properties": { "shapeName": "Brno-City", "shapeISO": "", "shapeID": "57006924B6194040717331", "shapeGroup": "CZE", "shapeType": "ADM2" }, "geometry": { "type": "Polygon", "coordinates": [ [ [ 16.642974751299846, 49.282053994797877 ], [ 16.643164345723051, 49.286320579023709 ], [ 16.598276718057548, 49.286943085755922 ], [ 16.596761101171296, 49.283384022574637 ], [ 16.591456442519075, 49.282395348126727 ], [ 16.590850196483302, 49.279725828045855 ], [ 16.587970524669231, 49.278242699218652 ], [ 16.584105701923988, 49.277946068101073 ], [ 16.582817427076691, 49.274287470765614 ], [ 16.578119015358482, 49.273842487445563 ], [ 16.576224494475582, 49.266425512089882 ], [ 16.565387835132185, 49.265733204021615 ], [ 16.563114410252183, 49.258463383999526 ], [ 16.552505092947683, 49.257770964806639 ], [ 16.548261366205566, 49.254209795772283 ], [ 16.543941858484288, 49.253517316319289 ], [ 16.543570946798582, 49.243898693657911 ], [ 16.537835580103604, 49.240758231107804 ], [ 16.537095533599313, 49.237013572407363 ], [ 16.527844942416664, 49.23640956858867 ], [ 16.523959694676762, 49.24124139232714 ], [ 16.517484281477721, 49.241362181746638 ], [ 16.510823856652564, 49.243536343125413 ], [ 16.506753596388592, 49.246797405129485 ], [ 16.506013548986061, 49.254043439619977 ], [ 16.512118938933043, 49.255130252507456 ], [ 16.511933927307155, 49.262012848441202 ], [ 16.506753596388592, 49.26418610050996 ], [ 16.505458514108057, 49.266479984839748 ], [ 16.495097852270817, 49.267566523882465 ], [ 16.486217286136764, 49.274930217037479 ], [ 16.478816813010951, 49.276740792767669 ], [ 16.465310951734637, 49.276499386158832 ], [ 16.459575585039659, 49.272395299475363 ], [ 16.456430384702116, 49.272274585391472 ], [ 16.454950289897397, 49.267928698637036 ], [ 16.448844899950359, 49.261771370341421 ], [ 16.449029912474771, 49.252352793385228 ], [ 16.453285183466505, 49.249695946432666 ], [ 16.452915160214445, 49.245710408196146 ], [ 16.448289865072184, 49.242570060866569 ], [ 16.447734829295939, 49.240275065161484 ], [ 16.442184475125146, 49.238583947416942 ], [ 16.439039274787831, 49.222032097722376 ], [ 16.434969014523745, 49.221911260443335 ], [ 16.434043955495213, 49.20958435395795 ], [ 16.438484239011416, 49.20837566822081 ], [ 16.440334357068366, 49.204991190720818 ], [ 16.444404616434213, 49.203540629193355 ], [ 16.446439747015404, 49.197858855114418 ], [ 16.450324994755135, 49.196287185035374 ], [ 16.452175112812085, 49.192418246732984 ], [ 16.456800407954347, 49.191209141382217 ], [ 16.457910478608767, 49.188911759683492 ], [ 16.469566222726371, 49.188428086691886 ], [ 16.471601352409323, 49.191209141382217 ], [ 16.47604163592564, 49.191813697751627 ], [ 16.477521730730416, 49.195319979122473 ], [ 16.487882391669359, 49.196166285403876 ], [ 16.496392935449649, 49.189879090894692 ], [ 16.498058041880483, 49.184437604828702 ], [ 16.50138825384397, 49.183470167229302 ], [ 16.50323837190075, 49.179842106458239 ], [ 16.510823856652564, 49.174399515999539 ], [ 16.518594352132311, 49.17427856287793 ], [ 16.520814494339447, 49.172948057860651 ], [ 16.523034635648457, 49.166899856539544 ], [ 16.552451512932578, 49.165085252061999 ], [ 16.554116619363469, 49.153591212143738 ], [ 16.569842623745217, 49.15286518337814 ], [ 16.576133024420017, 49.15613222991044 ], [ 16.589268863342568, 49.156253227365369 ], [ 16.592044040427879, 49.148992849858701 ], [ 16.595559264915721, 49.147782683488913 ], [ 16.599259501029508, 49.134953102223108 ], [ 16.620905882834052, 49.13507415140549 ], [ 16.632561626951656, 49.14282069186919 ], [ 16.639037040150697, 49.143304810557765 ], [ 16.641257181459764, 49.141368308014762 ], [ 16.642182240488239, 49.133137327253394 ], [ 16.636446874691558, 49.130231948841413 ], [ 16.635521815663026, 49.118245463418702 ], [ 16.639962099179229, 49.116913452984875 ], [ 16.640887158207704, 49.114733721960931 ], [ 16.677334484467337, 49.114007123863473 ], [ 16.680849708955009, 49.120182869338691 ], [ 16.689545263463117, 49.125147126758236 ], [ 16.704716232068563, 49.12587356225913 ], [ 16.706566350125343, 49.128052803145522 ], [ 16.707491409153874, 49.14451508629395 ], [ 16.699350889523942, 49.150566021597683 ], [ 16.694910606007738, 49.151292084059037 ], [ 16.69546564178421, 49.160971902262929 ], [ 16.701571031731248, 49.165932075525461 ], [ 16.700460960178361, 49.170407903417754 ], [ 16.697130748214875, 49.172948057860651 ], [ 16.69694573569069, 49.183470167229302 ], [ 16.707121385901814, 49.184800389419308 ], [ 16.716001952035811, 49.189274510883934 ], [ 16.716556987812282, 49.204265915569408 ], [ 16.712116704296136, 49.204991190720818 ], [ 16.710636610389656, 49.207046079311453 ], [ 16.711006633641716, 49.212122497707128 ], [ 16.715631928783807, 49.213331091843372 ], [ 16.717482046840757, 49.215748191471221 ], [ 16.719332164897594, 49.225415408080835 ], [ 16.730802897389253, 49.231214830608792 ], [ 16.730062849986894, 49.237617568839994 ], [ 16.72562256647069, 49.239067129907937 ], [ 16.722847389385436, 49.242811633497126 ], [ 16.714151833979031, 49.242690847036272 ], [ 16.706566350125343, 49.238221557886334 ], [ 16.703421149788028, 49.226865327825635 ], [ 16.692135428922484, 49.224569602354734 ], [ 16.691395381519897, 49.21973614769604 ], [ 16.68658507475169, 49.217802632991948 ], [ 16.682884838637904, 49.213935377830865 ], [ 16.672894200951191, 49.21381452134176 ], [ 16.671599118670656, 49.219977831422227 ], [ 16.666418787751923, 49.22384461441095 ], [ 16.664938692947203, 49.233510247325228 ], [ 16.660313397804885, 49.237859165110251 ], [ 16.642552264638596, 49.239912688039567 ], [ 16.639962099179229, 49.260322475170312 ], [ 16.636631886317446, 49.261288410011048 ], [ 16.633671697606246, 49.265151959140212 ], [ 16.628861390837869, 49.266238528013844 ], [ 16.628676378313628, 49.269618811362022 ], [ 16.61702063509415, 49.27155029761559 ], [ 16.61739065834621, 49.277706405630227 ], [ 16.640517134057347, 49.277706405630227 ], [ 16.642974751299846, 49.282053994797877 ] ] ] } },
{ "type": "Feature", "properties": { "shapeName": "Prostějov", "shapeISO": "", "shapeID": "57006924B20341688327038", "shapeGroup": "CZE", "shapeType": "ADM2" }, "geometry": { "type": "Polygon", "coordinates": [ [ [ 17.256963752803017, 49.295519613958902 ], [ 17.256963752803017, 49.303301586904411 ], [ 17.251810656108773, 49.305969830007655 ], [ 17.251583314069876, 49.315900355424219 ], [ 17.245975531501472, 49.317728144259206 ], [ 17.243777887600459, 49.321778677951841 ], [ 17.240291968852318, 49.321976256225014 ], [ 17.238776351966294, 49.328248961140901 ], [ 17.234153721227131, 49.33096523872473 ], [ 17.234381063265971, 49.350073719744273 ], [ 17.240367749831307, 49.351752146676972 ], [ 17.241352900762479, 49.37568817544792 ], [ 17.230440460440093, 49.37746440567696 ], [ 17.229531090487967, 49.383730039224076 ], [ 17.236427146107133, 49.386443255062545 ], [ 17.235669338113325, 49.391721263046804 ], [ 17.230704804983645, 49.394887756720834 ], [ 17.229594734329226, 49.397898001216674 ], [ 17.225339462439194, 49.398981643392119 ], [ 17.224414403410719, 49.404399498535838 ], [ 17.226079509841554, 49.405723771949056 ], [ 17.242915583979595, 49.405482997249521 ], [ 17.244950714560844, 49.402593612848818 ], [ 17.256606458678448, 49.401510050374895 ], [ 17.257716529333038, 49.409576000719198 ], [ 17.263266883503604, 49.410900135097336 ], [ 17.264191942532079, 49.421973310879309 ], [ 17.259381635763702, 49.423297110250928 ], [ 17.252906221666365, 49.428591951188366 ], [ 17.252351186788189, 49.433765902881419 ], [ 17.25383128069484, 49.435209699266466 ], [ 17.271407403133537, 49.434969069195006 ], [ 17.271678906121792, 49.442969141440415 ], [ 17.271816796849635, 49.447032211951353 ], [ 17.253283646138129, 49.448673456990775 ], [ 17.251507533090887, 49.451829542752932 ], [ 17.247244860879448, 49.452599289044201 ], [ 17.248547343481221, 49.460757855896361 ], [ 17.253520460911602, 49.461527461974754 ], [ 17.25221797830983, 49.46868421954639 ], [ 17.243811041722779, 49.469530648216335 ], [ 17.24144289039441, 49.471146517840168 ], [ 17.240614037339583, 49.476840108693921 ], [ 17.235522512073317, 49.478532670143295 ], [ 17.233983214698014, 49.481532976462972 ], [ 17.22960213465069, 49.482379183112243 ], [ 17.228536466822391, 49.493916910371013 ], [ 17.223444941556068, 49.496070318058742 ], [ 17.222142458055998, 49.502914449963157 ], [ 17.218235009352213, 49.503914074471083 ], [ 17.215985265859729, 49.507143490957674 ], [ 17.205802215327139, 49.512294737765615 ], [ 17.203789286608185, 49.519905288668554 ], [ 17.194079867419362, 49.520443363712445 ], [ 17.191119678708105, 49.524747750336473 ], [ 17.186857006496666, 49.526284939485606 ], [ 17.184962485613539, 49.533509080638055 ], [ 17.180107775120746, 49.533893313294982 ], [ 17.178923700354858, 49.541346834270485 ], [ 17.171108801150808, 49.546263998735981 ], [ 17.15500537319565, 49.546263998735981 ], [ 17.15346607492188, 49.543651816947943 ], [ 17.144822323561357, 49.538657550676078 ], [ 17.133928827810053, 49.537043909128613 ], [ 17.132863159981753, 49.526592371049333 ], [ 17.122324887738102, 49.526131222395861 ], [ 17.119009475519022, 49.530358256351633 ], [ 17.11593087897171, 49.530742514360156 ], [ 17.114628396369937, 49.538350194405893 ], [ 17.110484131096086, 49.539272256834238 ], [ 17.107405535447072, 49.543728647423052 ], [ 17.102432418016861, 49.544343290373092 ], [ 17.099827451016552, 49.54803098395081 ], [ 17.090710069210729, 49.548184631590686 ], [ 17.08644739699929, 49.552332941611837 ], [ 17.071054415161143, 49.552332941611837 ], [ 17.067502188168589, 49.548952863706972 ], [ 17.059095251581482, 49.549106509030139 ], [ 17.0551878019794, 49.55310110849058 ], [ 17.038137114031827, 49.553792448177433 ], [ 17.036953038367642, 49.561089326836566 ], [ 17.032335143546788, 49.563086177409104 ], [ 17.030559030499546, 49.57015130083073 ], [ 17.019547126912357, 49.57176384836481 ], [ 17.019547126912357, 49.584508780371095 ], [ 17.018481459084057, 49.587118777123862 ], [ 17.013626749489731, 49.589728634831033 ], [ 17.012324265989491, 49.600627118192506 ], [ 16.988169124056583, 49.601624745001232 ], [ 16.98580097362651, 49.609067931385084 ], [ 16.975854738765918, 49.609758478573042 ], [ 16.976209961375275, 49.621419577724566 ], [ 16.982840784017014, 49.62295372526853 ], [ 16.982603969243371, 49.628629650712128 ], [ 16.980827856196299, 49.630393655082059 ], [ 16.970763213499652, 49.631927520051192 ], [ 16.968868692616695, 49.638445906433674 ], [ 16.958330419474748, 49.63882931409978 ], [ 16.955251822927494, 49.635225165532802 ], [ 16.931096681892882, 49.636375454966469 ], [ 16.929794198392813, 49.639826159089466 ], [ 16.925413118345432, 49.640899661238677 ], [ 16.924347450517132, 49.652476649120615 ], [ 16.919255926149162, 49.653166581180528 ], [ 16.918663887868036, 49.655696248975801 ], [ 16.880773469308338, 49.657842530361449 ], [ 16.879234171034739, 49.661598295453132 ], [ 16.875208314495069, 49.66205816503998 ], [ 16.871064050119458, 49.665890242957516 ], [ 16.862657113532407, 49.665890242957516 ], [ 16.858986478703969, 49.662288098203305 ], [ 16.83434057250048, 49.662802711220081 ], [ 16.834178222931996, 49.660464640070757 ], [ 16.832007171858322, 49.658557333422323 ], [ 16.815103984585505, 49.657352680239228 ], [ 16.814638759676257, 49.652332971365979 ], [ 16.808280679928032, 49.648919273524939 ], [ 16.808435755197138, 49.630742323447748 ], [ 16.813088008781108, 49.628130712639233 ], [ 16.813553233690357, 49.610649403970001 ], [ 16.811072032078357, 49.60793622513529 ], [ 16.807350229211238, 49.607333275932717 ], [ 16.803473351973309, 49.595574276756736 ], [ 16.792773169179441, 49.595775309322278 ], [ 16.792866116453695, 49.591678285023818 ], [ 16.792928244448717, 49.588939744193453 ], [ 16.798510948749311, 49.585923749562482 ], [ 16.797890647672489, 49.568025010607357 ], [ 16.796029747137311, 49.566818117757862 ], [ 16.7792816351336, 49.566918693398691 ], [ 16.777575808969175, 49.574561827686296 ], [ 16.775094607357346, 49.574964064607741 ], [ 16.746560787472163, 49.574662387373053 ], [ 16.74625063783219, 49.568628445843331 ], [ 16.751678265965211, 49.566214660144396 ], [ 16.751057965786913, 49.538749449442548 ], [ 16.755710218472416, 49.537139287740104 ], [ 16.784088963088323, 49.537038651345767 ], [ 16.793238394987043, 49.532711069361824 ], [ 16.819446087630979, 49.532107190262366 ], [ 16.82146206433373, 49.53029550878324 ], [ 16.821617139602949, 49.523752764614926 ], [ 16.809211130644883, 49.522846777456209 ], [ 16.806885004301932, 49.507543121638946 ], [ 16.798510948749311, 49.506838232505231 ], [ 16.79525437079144, 49.505126316944597 ], [ 16.794323920074646, 49.496263679065009 ], [ 16.787810765955498, 49.490824447578291 ], [ 16.788275991763044, 49.482160719383899 ], [ 16.792463019539468, 49.481858468911582 ], [ 16.793858695165341, 49.479843415945538 ], [ 16.793238394987043, 49.462409749864776 ], [ 16.80083707509209, 49.456462745703845 ], [ 16.805179178137564, 49.455656316992133 ], [ 16.806574853763664, 49.452934520521637 ], [ 16.809676356452258, 49.452329656984602 ], [ 16.813553233690357, 49.443558288751262 ], [ 16.823788190676453, 49.441944992852768 ], [ 16.824563566124198, 49.432970065191284 ], [ 16.810296656630783, 49.424699577114836 ], [ 16.809831430823237, 49.419655912201733 ], [ 16.803628427242359, 49.416831233381629 ], [ 16.803473351973309, 49.409869724140208 ], [ 16.810761881540031, 49.401595341464827 ], [ 16.815103984585505, 49.40038433978566 ], [ 16.817275036557305, 49.397457627785059 ], [ 16.827820143183772, 49.395842815609171 ], [ 16.829525969348197, 49.392713965455641 ], [ 16.835418824187173, 49.39200742383025 ], [ 16.835728973827145, 49.388676445849853 ], [ 16.853872761456842, 49.387566069665127 ], [ 16.855888738159535, 49.379388889989343 ], [ 16.859621358389859, 49.379350919403521 ], [ 16.865813544607533, 49.379287928548877 ], [ 16.867519370771902, 49.386657561020797 ], [ 16.873102075072552, 49.388676445849853 ], [ 16.874497750698652, 49.394732601403632 ], [ 16.886593609118393, 49.397053929864626 ], [ 16.888454510551867, 49.403714523858696 ], [ 16.89419228922344, 49.40633814602478 ], [ 16.894967664671015, 49.416125038127575 ], [ 16.904427246209764, 49.416225923869433 ], [ 16.908769349255238, 49.420462933682472 ], [ 16.91946953204905, 49.421370816473484 ], [ 16.921175358213475, 49.422984789175302 ], [ 16.921175358213475, 49.426212575323518 ], [ 16.917298480077079, 49.429339291141162 ], [ 16.909234575062783, 49.429440149718118 ], [ 16.907838898538557, 49.437104786676116 ], [ 16.903031570583664, 49.43861740231506 ], [ 16.901635894059439, 49.445373183409629 ], [ 16.896053190656914, 49.448297038960391 ], [ 16.894657515031042, 49.4587811553601 ], [ 16.886593609118393, 49.459083548254682 ], [ 16.882251506072748, 49.463619221852582 ], [ 16.879150004282451, 49.463820797809433 ], [ 16.875273126146226, 49.472286230413204 ], [ 16.871396248908127, 49.473293922447397 ], [ 16.872791924534226, 49.480044925148775 ], [ 16.877909403027274, 49.481253961786877 ], [ 16.88054567990855, 49.487903129131439 ], [ 16.897293791912261, 49.488910499851613 ], [ 16.899930067895014, 49.492234676506598 ], [ 16.910320100150386, 49.493040503784073 ], [ 16.912646227391633, 49.496062236609589 ], [ 16.921950733661049, 49.496263679065009 ], [ 16.932650915556451, 49.487903129131439 ], [ 16.948468576843368, 49.486996477293019 ], [ 16.949864252469467, 49.484276422200765 ], [ 16.95575710641009, 49.481757718145275 ], [ 16.955912181679309, 49.467549799343487 ], [ 16.968008040099107, 49.465634942351585 ], [ 16.975141495294906, 49.457571563954787 ], [ 16.979483598340551, 49.457168360379853 ], [ 16.986617052637996, 49.451623972646075 ], [ 16.987547503354847, 49.436903100832239 ], [ 16.992199756938646, 49.434785351734376 ], [ 16.992354832207866, 49.415519720490295 ], [ 17.01608132324003, 49.414006391982298 ], [ 17.017787149404285, 49.399173307657577 ], [ 17.020578501554553, 49.397659475793091 ], [ 17.028022106390551, 49.397154854217433 ], [ 17.0306583832716, 49.389080212626311 ], [ 17.034690335778976, 49.388171731981686 ], [ 17.03531063685557, 49.365252285351119 ], [ 17.037171537390748, 49.363737407549081 ], [ 17.052058747961041, 49.363232438105229 ], [ 17.054384874303764, 49.355556263374183 ], [ 17.064309681650059, 49.35010141114202 ], [ 17.071132986307532, 49.343130441423966 ], [ 17.079041816950848, 49.338179443171498 ], [ 17.096100078594645, 49.337270022202233 ], [ 17.099666806192715, 49.333430058082229 ], [ 17.11501924167203, 49.332520549356275 ], [ 17.11843089400071, 49.328680215289012 ], [ 17.128820926256196, 49.327467415851231 ], [ 17.130526752420622, 49.320088909406479 ], [ 17.134868855466095, 49.319381323738924 ], [ 17.137505132347144, 49.315641056500908 ], [ 17.141226934316023, 49.314124651358838 ], [ 17.142157385032817, 49.298755777120164 ], [ 17.146964713885893, 49.297845627890752 ], [ 17.147895163704391, 49.294811674759899 ], [ 17.152702492557466, 49.2924855182344 ], [ 17.154098168183339, 49.281864711283333 ], [ 17.158750421767309, 49.280549594859565 ], [ 17.159163659607884, 49.27237162257012 ], [ 17.176172427439212, 49.272435401653865 ], [ 17.178134809753828, 49.275996998590131 ], [ 17.185113189680521, 49.277109894237242 ], [ 17.186974091113996, 49.28439368208052 ], [ 17.19116111889042, 49.285000615889714 ], [ 17.19255679451652, 49.288035172876732 ], [ 17.195193071397568, 49.288844356140203 ], [ 17.203567127848487, 49.288338618010471 ], [ 17.20713385454809, 49.284899460675888 ], [ 17.216593436086782, 49.285304079699699 ], [ 17.224347191461106, 49.289350089082347 ], [ 17.226363168163857, 49.292182098038722 ], [ 17.247143232674716, 49.292283238311427 ], [ 17.253191161884615, 49.295519613958902 ], [ 17.256963752803017, 49.295519613958902 ] ] ] } },
{ "type": "Feature", "properties": { "shapeName": "Přerov", "shapeISO": "", "shapeID": "57006924B17496332064462", "shapeGroup": "CZE", "shapeType": "ADM2" }, "geometry": { "type": "Polygon", "coordinates": [ [ [ 17.683996620881942, 49.696918796978252 ], [ 17.667828505903003, 49.697378489122684 ], [ 17.664039464136806, 49.695999869076672 ], [ 17.661079275425436, 49.689412587483787 ], [ 17.650777817955429, 49.688646566551768 ], [ 17.649120111845775, 49.686425037758283 ], [ 17.643910178743795, 49.684586454715145 ], [ 17.64166043525114, 49.672480711826324 ], [ 17.629464456898063, 49.667806169311802 ], [ 17.627925158624294, 49.647800183795937 ], [ 17.617031663771286, 49.648030184913466 ], [ 17.613361028942847, 49.651710046278595 ], [ 17.603296387144496, 49.651786706699056 ], [ 17.60140186626154, 49.632310978455394 ], [ 17.602349126253785, 49.627479178916587 ], [ 17.605427722801039, 49.626482081188669 ], [ 17.607440651520051, 49.62333725431597 ], [ 17.606256575855866, 49.619118265836846 ], [ 17.593468559221435, 49.613364511480881 ], [ 17.591455631400777, 49.610065385488383 ], [ 17.574760165164435, 49.609374842648265 ], [ 17.57333927472655, 49.608223915593783 ], [ 17.573812905172019, 49.603082778147154 ], [ 17.579022837375874, 49.600320151856806 ], [ 17.577128316492804, 49.568692283155315 ], [ 17.559130367654461, 49.568999447965894 ], [ 17.556880624161977, 49.572531709613713 ], [ 17.547408019746626, 49.573145990148589 ], [ 17.544092608425899, 49.57667795174109 ], [ 17.537935415331276, 49.577138623438486 ], [ 17.533080704838483, 49.576524393153932 ], [ 17.531422999627353, 49.573683479129159 ], [ 17.519937466492991, 49.572147780790544 ], [ 17.517806129938094, 49.569844142685554 ], [ 17.506557412475729, 49.568615491359481 ], [ 17.50525492897566, 49.566158095933986 ], [ 17.500163403709337, 49.563700576809651 ], [ 17.498742513271509, 49.557863472679969 ], [ 17.487375387973259, 49.557633046413287 ], [ 17.48453360619942, 49.561550146248351 ], [ 17.468074955634847, 49.561319736794701 ], [ 17.460615279938509, 49.556711330473831 ], [ 17.45883916599297, 49.550489291696124 ], [ 17.453747641625, 49.54833827933021 ], [ 17.453274011179758, 49.543498154469262 ], [ 17.454339679008058, 49.541423668953087 ], [ 17.458483943383612, 49.540194302447787 ], [ 17.459075981664796, 49.534123851555819 ], [ 17.464996359087593, 49.53104991789246 ], [ 17.464641136478178, 49.524747750336473 ], [ 17.459194389500851, 49.523287376052906 ], [ 17.456234199891128, 49.520059025332841 ], [ 17.448774524194789, 49.516215472476915 ], [ 17.437407398896312, 49.515831100868411 ], [ 17.431960651020688, 49.51713795306199 ], [ 17.423672121371226, 49.524209722657702 ], [ 17.413252256963631, 49.524363445205836 ], [ 17.411002513471146, 49.520750832591091 ], [ 17.398924942055487, 49.515600476336715 ], [ 17.39750405161783, 49.512756016917024 ], [ 17.362929044378859, 49.512602257877575 ], [ 17.36056089305049, 49.511372166412798 ], [ 17.358784780003475, 49.493993819607283 ], [ 17.357127073893821, 49.492840170705904 ], [ 17.347180839033228, 49.491609582335172 ], [ 17.34374701987656, 49.488609893459738 ], [ 17.336879381563051, 49.48822530493851 ], [ 17.330011743249543, 49.484917716485597 ], [ 17.319591878842004, 49.483456152879853 ], [ 17.318644617951293, 49.480840614531985 ], [ 17.314381945739797, 49.479917449478933 ], [ 17.312250610083254, 49.46568312605342 ], [ 17.313789908356796, 49.463682294925434 ], [ 17.324209773662858, 49.462681848721331 ], [ 17.325749071936571, 49.459372534846125 ], [ 17.330366965859128, 49.458218070722012 ], [ 17.33084059630437, 49.452445340986515 ], [ 17.336405752016105, 49.447903649052137 ], [ 17.335458491125394, 49.437972043644208 ], [ 17.329064483257355, 49.436432079625718 ], [ 17.325630664100686, 49.433120993887314 ], [ 17.31734213534952, 49.433814030287465 ], [ 17.316158059685336, 49.437510059632643 ], [ 17.304317303941616, 49.439434964498389 ], [ 17.303488450886789, 49.445902091956782 ], [ 17.30112029955842, 49.446748914771149 ], [ 17.285727316821976, 49.446594947756182 ], [ 17.283122350720134, 49.442899603097828 ], [ 17.271678906121792, 49.442969141440415 ], [ 17.271407403133537, 49.434969069195006 ], [ 17.25383128069484, 49.435209699266466 ], [ 17.252351186788189, 49.433765902881419 ], [ 17.252906221666365, 49.428591951188366 ], [ 17.259381635763702, 49.423297110250928 ], [ 17.264191942532079, 49.421973310879309 ], [ 17.263266883503604, 49.410900135097336 ], [ 17.257716529333038, 49.409576000719198 ], [ 17.256606458678448, 49.401510050374895 ], [ 17.244950714560844, 49.402593612848818 ], [ 17.242915583979595, 49.405482997249521 ], [ 17.226079509841554, 49.405723771949056 ], [ 17.224414403410719, 49.404399498535838 ], [ 17.225339462439194, 49.398981643392119 ], [ 17.229594734329226, 49.397898001216674 ], [ 17.230704804983645, 49.394887756720834 ], [ 17.235669338113325, 49.391721263046804 ], [ 17.236427146107133, 49.386443255062545 ], [ 17.229531090487967, 49.383730039224076 ], [ 17.230440460440093, 49.37746440567696 ], [ 17.241352900762479, 49.37568817544792 ], [ 17.240367749831307, 49.351752146676972 ], [ 17.234381063265971, 49.350073719744273 ], [ 17.234153721227131, 49.33096523872473 ], [ 17.238776351966294, 49.328248961140901 ], [ 17.240291968852318, 49.321976256225014 ], [ 17.243777887600459, 49.321778677951841 ], [ 17.245975531501472, 49.317728144259206 ], [ 17.251583314069876, 49.315900355424219 ], [ 17.251810656108773, 49.305969830007655 ], [ 17.256963752803017, 49.303301586904411 ], [ 17.256963752803017, 49.295519613958902 ], [ 17.260634766720614, 49.295519613958902 ], [ 17.265131945035307, 49.291676394148226 ], [ 17.280329305245402, 49.291676394148226 ], [ 17.282035131409827, 49.294204862308959 ], [ 17.294596214738874, 49.299868159168852 ], [ 17.295991891263043, 49.30694636618972 ], [ 17.301264445025538, 49.30795745545538 ], [ 17.304365946815892, 49.311192801906031 ], [ 17.309018200399692, 49.312304903213601 ], [ 17.310879101833336, 49.322919152169106 ], [ 17.31661688050491, 49.32564816067736 ], [ 17.31770240649081, 49.328275952324361 ], [ 17.332899766701075, 49.328579149712652 ], [ 17.336156343760649, 49.331206784341987 ], [ 17.337086794477273, 49.334945869395654 ], [ 17.349182652897071, 49.336562682838633 ], [ 17.349647877806319, 49.35686937843866 ], [ 17.346546376016022, 49.357879442824242 ], [ 17.342979648418122, 49.36212148695779 ], [ 17.339567996089272, 49.362525471937658 ], [ 17.338017245194123, 49.369998598642155 ], [ 17.333520066879373, 49.371109371816544 ], [ 17.333520066879373, 49.385446190418577 ], [ 17.344375324043995, 49.387364180177201 ], [ 17.346236225477696, 49.38958491657678 ], [ 17.35274938049514, 49.391098997317386 ], [ 17.354765356299367, 49.403310876786634 ], [ 17.378336772960779, 49.402806313864687 ], [ 17.379577373317602, 49.401595341464827 ], [ 17.378491848229828, 49.378379267421167 ], [ 17.380662899303502, 49.377470589492759 ], [ 17.388726805216095, 49.377975412703336 ], [ 17.3927587577233, 49.381710943533619 ], [ 17.408111193202615, 49.381408073486512 ], [ 17.41198807133901, 49.377571554081783 ], [ 17.415244648398584, 49.377268658522837 ], [ 17.418656300727207, 49.372825971954683 ], [ 17.429201408251856, 49.373532790019908 ], [ 17.43152753459475, 49.376359960060199 ], [ 17.446724894804845, 49.37585512025646 ], [ 17.455409100895963, 49.371109371816544 ], [ 17.456649702150969, 49.367978946963547 ], [ 17.466264358060585, 49.367675991704459 ], [ 17.467504959315761, 49.355556263374183 ], [ 17.485028446766876, 49.354849186850458 ], [ 17.487664723648152, 49.36161650091924 ], [ 17.497124304288548, 49.36313144347713 ], [ 17.502241783679892, 49.366868103057072 ], [ 17.505963585648715, 49.367575006203253 ], [ 17.507824487082189, 49.374441540751661 ], [ 17.51340719138301, 49.375653182649216 ], [ 17.514802867008939, 49.390291493630173 ], [ 17.52689872542868, 49.392209293652456 ], [ 17.52813932578556, 49.394732601403632 ], [ 17.540545334743797, 49.396347450080839 ], [ 17.543491761265045, 49.399476068197032 ], [ 17.553416568611169, 49.399778827454725 ], [ 17.555587619684843, 49.40300813988938 ], [ 17.591720119675074, 49.402907226980801 ], [ 17.595286847272973, 49.394631671488696 ], [ 17.614981385797762, 49.394429811036787 ], [ 17.619633639381732, 49.397356703469768 ], [ 17.629558445829559, 49.398668702220846 ], [ 17.632970098158353, 49.401494426237377 ], [ 17.637932501382352, 49.402099917414603 ], [ 17.6405687782634, 49.405833614210735 ], [ 17.644755806039825, 49.406640862390873 ], [ 17.646151482564051, 49.415923266606114 ], [ 17.645065956578151, 49.418445355388712 ], [ 17.639793402815826, 49.419655912201733 ], [ 17.639948478084875, 49.425103047748792 ], [ 17.633280248696678, 49.430852146271945 ], [ 17.621029315007661, 49.433171767208478 ], [ 17.621804690455235, 49.438718241815764 ], [ 17.627387394756056, 49.441239159023496 ], [ 17.629093220920254, 49.444465744769843 ], [ 17.652199411773893, 49.444163261101664 ], [ 17.659487941340615, 49.439625786822546 ], [ 17.661658993312642, 49.43539043231948 ], [ 17.671583799760583, 49.435491278455402 ], [ 17.673754851732554, 49.455555512324224 ], [ 17.698721944019667, 49.455656316992133 ], [ 17.701513295271695, 49.447692117615361 ], [ 17.712058402796288, 49.446784721310394 ], [ 17.712058402796288, 49.436096350331752 ], [ 17.713764228960713, 49.434583656352572 ], [ 17.723999185946809, 49.433171767208478 ], [ 17.726635462828085, 49.429641865666042 ], [ 17.749121353503369, 49.429944438908763 ], [ 17.751602555115198, 49.43660057109571 ], [ 17.754859132174772, 49.437508155291425 ], [ 17.76245781227999, 49.437205629287007 ], [ 17.765714389339564, 49.433272617906084 ], [ 17.781532050626481, 49.433171767208478 ], [ 17.782706868674438, 49.433994550947034 ], [ 17.783548027329005, 49.434583656352572 ], [ 17.7852538534936, 49.452934520521637 ], [ 17.791611932343528, 49.454950680546688 ], [ 17.792387307791103, 49.460393897265305 ], [ 17.798435237000945, 49.463417645650281 ], [ 17.799520762986845, 49.486089809247517 ], [ 17.812391996854387, 49.487298696632706 ], [ 17.813322447571068, 49.493846317211933 ], [ 17.816579024630641, 49.495357182069881 ], [ 17.824177704735689, 49.495155736466927 ], [ 17.82743428269373, 49.49898306814498 ], [ 17.838599690396677, 49.499285212900418 ], [ 17.840770741470351, 49.506838232505231 ], [ 17.846198370501725, 49.508348696284315 ], [ 17.848059271935369, 49.515799636120676 ], [ 17.865427683219139, 49.515195548113638 ], [ 17.866823359743535, 49.512577747001615 ], [ 17.875817715474511, 49.510966723145032 ], [ 17.88093519396773, 49.506838232505231 ], [ 17.897838381240547, 49.506938931657885 ], [ 17.899389132135695, 49.513483925004834 ], [ 17.912105290733962, 49.51952468013792 ], [ 17.913500966359891, 49.530094206437241 ], [ 17.919703970839009, 49.532509777546238 ], [ 17.920485301218605, 49.535354361854957 ], [ 17.920036603514063, 49.53911858116544 ], [ 17.914234633927322, 49.540501646536654 ], [ 17.911629666926956, 49.5446506089487 ], [ 17.909024700824943, 49.545034754012534 ], [ 17.907722218223171, 49.55563597283583 ], [ 17.896710314635982, 49.558017089975579 ], [ 17.894578978979382, 49.56078211225622 ], [ 17.889842676322644, 49.561626948575167 ], [ 17.88356707629049, 49.561319736794701 ], [ 17.88226459279042, 49.557863472679969 ], [ 17.876225807531739, 49.55540553605897 ], [ 17.874568101422255, 49.549644262690208 ], [ 17.868647723999459, 49.547877335827593 ], [ 17.866990017889862, 49.54549572433541 ], [ 17.856688560419855, 49.545879863337291 ], [ 17.855149262146142, 49.557709855483893 ], [ 17.850294552551816, 49.55909239460118 ], [ 17.850412959489404, 49.565236540904039 ], [ 17.863793013506665, 49.56754039586292 ], [ 17.863200976123835, 49.574297744586147 ], [ 17.852425888208359, 49.575603033814502 ], [ 17.850768182098761, 49.587809635776068 ], [ 17.845913472504435, 49.588039919625317 ], [ 17.844729396840251, 49.591110267267425 ], [ 17.839401056800284, 49.593796663145099 ], [ 17.839519464636396, 49.599782956264789 ], [ 17.833835901987072, 49.602468874461806 ], [ 17.832296603713473, 49.6049244422436 ], [ 17.820692662743284, 49.60569178112155 ], [ 17.820455847969754, 49.613441232278262 ], [ 17.815127507930015, 49.615435941095768 ], [ 17.813469801820361, 49.61781414137954 ], [ 17.796892743419903, 49.619194978158873 ], [ 17.794287777317891, 49.627095681892229 ], [ 17.776289828479605, 49.629089831822398 ], [ 17.777829126753318, 49.637295666486068 ], [ 17.775697791096775, 49.640286234420159 ], [ 17.772500786713579, 49.641283049584843 ], [ 17.771908749330521, 49.651173417047062 ], [ 17.759712770977444, 49.658685686747958 ], [ 17.758173472703731, 49.665507048980885 ], [ 17.753081947437408, 49.668572518609437 ], [ 17.739583485584262, 49.670335075537423 ], [ 17.734847183825821, 49.669415488485356 ], [ 17.733307885552108, 49.663131177560558 ], [ 17.717086049761008, 49.662671317534091 ], [ 17.712112932330626, 49.666656622437756 ], [ 17.704534848798346, 49.666733259896262 ], [ 17.69968013920402, 49.67125464578595 ], [ 17.6889050512886, 49.672250826834215 ], [ 17.689378681733899, 49.696765774124344 ], [ 17.683996620881942, 49.696918796978252 ] ] ] } },
{ "type": "Feature", "properties": { "shapeName": "Olomouc", "shapeISO": "", "shapeID": "57006924B62007249383837", "shapeGroup": "CZE", "shapeType": "ADM2" }, "geometry": { "type": "Polygon", "coordinates": [ [ [ 17.697702909925056, 49.721866484979387 ], [ 17.697747537837813, 49.722385873823498 ], [ 17.697747537837813, 49.725521240550279 ], [ 17.694255557257918, 49.727151551040606 ], [ 17.679123639316117, 49.727653173754447 ], [ 17.676795652562532, 49.735803821879415 ], [ 17.614909989495743, 49.736806883877364 ], [ 17.613551997297577, 49.729785013911851 ], [ 17.59163011656841, 49.728656404212472 ], [ 17.588332134360712, 49.729534214217779 ], [ 17.581542171573346, 49.737057645992081 ], [ 17.575334205698823, 49.738186060343878 ], [ 17.574752208785924, 49.741069665921998 ], [ 17.569902235109566, 49.742574088164076 ], [ 17.568738241283597, 49.745206714261485 ], [ 17.557098304820045, 49.74733778341357 ], [ 17.554188320254923, 49.750471538469924 ], [ 17.545846365998841, 49.750847575518151 ], [ 17.54293638143389, 49.754482449242289 ], [ 17.538280407028026, 49.755485125107839 ], [ 17.536146418646467, 49.758869003176414 ], [ 17.532460438796249, 49.759620944142284 ], [ 17.530714448057211, 49.771775703483684 ], [ 17.527222467477316, 49.772652732892425 ], [ 17.52586447527915, 49.775283727057172 ], [ 17.525696451052795, 49.785373729786727 ], [ 17.516149007733475, 49.785255149373654 ], [ 17.512548387598315, 49.786297270148566 ], [ 17.511058476003996, 49.790064750348051 ], [ 17.507830333318225, 49.791267075975554 ], [ 17.506216261975169, 49.797438543740611 ], [ 17.500753251897947, 49.799522238647398 ], [ 17.499263340303685, 49.80705484812438 ], [ 17.495911037869121, 49.808096499867872 ], [ 17.494421126274858, 49.810580347782093 ], [ 17.494296967424532, 49.819392973820243 ], [ 17.489206434796586, 49.821876242587052 ], [ 17.489703071994768, 49.843259116421621 ], [ 17.48287430917361, 49.849343898947268 ], [ 17.478280414641972, 49.850704863929423 ], [ 17.477411299096218, 49.866393221305088 ], [ 17.452206956352654, 49.866473251158936 ], [ 17.45133784080673, 49.86479260217294 ], [ 17.451213681956403, 49.856628617870285 ], [ 17.456925010632744, 49.853826933115329 ], [ 17.458166603627888, 49.841817871807109 ], [ 17.462512180458702, 49.841177304274595 ], [ 17.469961739328426, 49.836212622042012 ], [ 17.46958926187898, 49.831808041409658 ], [ 17.46685775639105, 49.82988591666782 ], [ 17.459284037772932, 49.829004917274574 ], [ 17.454938461840413, 49.821555828084627 ], [ 17.409992786430507, 49.820194042486037 ], [ 17.409247830633376, 49.806093303810144 ], [ 17.407509600439994, 49.804891346268448 ], [ 17.397204376333946, 49.804330422381213 ], [ 17.393603756198729, 49.79671724375379 ], [ 17.379077115010489, 49.796957678469823 ], [ 17.374110742131279, 49.801125019421647 ], [ 17.357349233551815, 49.801846253750227 ], [ 17.358218349097569, 49.817870907627878 ], [ 17.363929677773854, 49.819232758611463 ], [ 17.36554374911691, 49.822116551781619 ], [ 17.371627555242469, 49.823558384200567 ], [ 17.372124192440708, 49.830206275999615 ], [ 17.37858047781242, 49.832208474618426 ], [ 17.378207999464735, 49.847262348830668 ], [ 17.366909500962436, 49.848543313579682 ], [ 17.364922952170105, 49.856308433581091 ], [ 17.340091087774283, 49.856228386887722 ], [ 17.339847139479104, 49.850333404218986 ], [ 17.337609490005207, 49.84869382442082 ], [ 17.313809041574132, 49.849087328575251 ], [ 17.311876527344396, 49.841183838551387 ], [ 17.299722024207995, 49.839576746595128 ], [ 17.299366034437185, 49.833147845159942 ], [ 17.285787574014648, 49.831212447461098 ], [ 17.285279017071048, 49.828752083805 ], [ 17.282990513070729, 49.828030353314716 ], [ 17.266920124253318, 49.827407032057693 ], [ 17.264939931939921, 49.816249454369427 ], [ 17.254133104748746, 49.816505814137884 ], [ 17.250795701771665, 49.819940906206966 ], [ 17.235141694664776, 49.820607388048586 ], [ 17.229817742895193, 49.816762172548124 ], [ 17.2227456282601, 49.816762172548124 ], [ 17.214004811238283, 49.823683340901937 ], [ 17.214719969019086, 49.828553198865052 ], [ 17.22091800222131, 49.830347233572468 ], [ 17.221553698625485, 49.831936180536388 ], [ 17.219726073484992, 49.841622499751168 ], [ 17.209237093597665, 49.842544905259615 ], [ 17.203595293625938, 49.846695511687187 ], [ 17.197953494552678, 49.846285590666696 ], [ 17.193424161940641, 49.842596149107862 ], [ 17.18396818803626, 49.842852369272237 ], [ 17.180948633260982, 49.847412864239686 ], [ 17.177213920704901, 49.847925252154027 ], [ 17.176180915620421, 49.860016038661456 ], [ 17.164579468373461, 49.860630743059801 ], [ 17.162990229159959, 49.868928494235377 ], [ 17.151131526090865, 49.869013420651129 ], [ 17.141535497531152, 49.869082142863419 ], [ 17.130728670340147, 49.862833371866941 ], [ 17.130410822138174, 49.845260774065537 ], [ 17.120478076379868, 49.839828883299162 ], [ 17.110227482419361, 49.840648830206874 ], [ 17.109830172840702, 49.847412864239686 ], [ 17.104824069273093, 49.848745062330352 ], [ 17.10434729741911, 49.855969036057161 ], [ 17.094811861239634, 49.856993625626956 ], [ 17.090044143599016, 49.853458699129988 ], [ 17.080349782869177, 49.852638969482825 ], [ 17.077727538571082, 49.856737479836852 ], [ 17.069066183824191, 49.8618089061261 ], [ 17.059610209919867, 49.861194216138301 ], [ 17.059053975790903, 49.850692055121158 ], [ 17.064775238037612, 49.847771536813468 ], [ 17.064377927560486, 49.842852369272237 ], [ 17.062470841043137, 49.841110044449181 ], [ 17.052061323431019, 49.840238858491318 ], [ 17.045307056099603, 49.835165169004995 ], [ 17.042807107546025, 49.828874768283242 ], [ 17.037957133869838, 49.827247876631986 ], [ 17.036289711582128, 49.787432097896271 ], [ 17.030288744498705, 49.785527706184894 ], [ 17.027898527851846, 49.782244096300644 ], [ 17.02372836414844, 49.781488834534798 ], [ 17.021592426422558, 49.77830347077645 ], [ 17.012743542071973, 49.778007910550741 ], [ 17.008929367240853, 49.77465810663881 ], [ 17.004250646593675, 49.774034097881952 ], [ 17.002012998018301, 49.771505138178611 ], [ 17.002063853443019, 49.766840996212977 ], [ 16.996164597209315, 49.764673002917334 ], [ 16.995961174611637, 49.759088330554903 ], [ 16.993469247115058, 49.756919990558799 ], [ 16.989349938836426, 49.756230044100107 ], [ 16.98924822708841, 49.749625771233013 ], [ 17.007200274710556, 49.748278521035218 ], [ 17.007810542503819, 49.741475977099981 ], [ 16.994610321324956, 49.734504023007162 ], [ 16.993895163544153, 49.728700144955383 ], [ 16.987935515370452, 49.726850975839454 ], [ 16.987140896212736, 49.724539415965637 ], [ 16.974824291184973, 49.722741459709937 ], [ 16.972122584611839, 49.715394832354036 ], [ 16.959567593657084, 49.707738772381902 ], [ 16.949158076044739, 49.707122124374962 ], [ 16.948360277749373, 49.717643120913294 ], [ 16.946529474369356, 49.719352901798345 ], [ 16.942308454342708, 49.72024064874131 ], [ 16.938646846684378, 49.724153117873641 ], [ 16.930103095781362, 49.724679140001172 ], [ 16.922627314190265, 49.724021611451178 ], [ 16.917897738118313, 49.720339285836928 ], [ 16.903709009004046, 49.719977613764399 ], [ 16.900657670037447, 49.716919733909265 ], [ 16.895724670469349, 49.716163454314596 ], [ 16.893181887548053, 49.712414764626715 ], [ 16.863075337687633, 49.712546302486203 ], [ 16.861854802101107, 49.704390279787788 ], [ 16.855423045320435, 49.703187380827956 ], [ 16.855113362711961, 49.688964941270513 ], [ 16.849220508771339, 49.686557111518198 ], [ 16.847669756977837, 49.675921101661004 ], [ 16.84317257956144, 49.674817231557256 ], [ 16.834798523110351, 49.669397869555951 ], [ 16.83434057250048, 49.662802711220081 ], [ 16.858986478703969, 49.662288098203305 ], [ 16.862657113532407, 49.665890242957516 ], [ 16.871064050119458, 49.665890242957516 ], [ 16.875208314495069, 49.66205816503998 ], [ 16.879234171034739, 49.661598295453132 ], [ 16.880773469308338, 49.657842530361449 ], [ 16.918663887868036, 49.655696248975801 ], [ 16.919255926149162, 49.653166581180528 ], [ 16.924347450517132, 49.652476649120615 ], [ 16.925413118345432, 49.640899661238677 ], [ 16.929794198392813, 49.639826159089466 ], [ 16.931096681892882, 49.636375454966469 ], [ 16.955251822927494, 49.635225165532802 ], [ 16.958330419474748, 49.63882931409978 ], [ 16.968868692616695, 49.638445906433674 ], [ 16.970763213499652, 49.631927520051192 ], [ 16.980827856196299, 49.630393655082059 ], [ 16.982603969243371, 49.628629650712128 ], [ 16.982840784017014, 49.62295372526853 ], [ 16.976209961375275, 49.621419577724566 ], [ 16.975854738765918, 49.609758478573042 ], [ 16.98580097362651, 49.609067931385084 ], [ 16.988169124056583, 49.601624745001232 ], [ 17.012324265989491, 49.600627118192506 ], [ 17.013626749489731, 49.589728634831033 ], [ 17.018481459084057, 49.587118777123862 ], [ 17.019547126912357, 49.584508780371095 ], [ 17.019547126912357, 49.57176384836481 ], [ 17.030559030499546, 49.57015130083073 ], [ 17.032335143546788, 49.563086177409104 ], [ 17.036953038367642, 49.561089326836566 ], [ 17.038137114031827, 49.553792448177433 ], [ 17.0551878019794, 49.55310110849058 ], [ 17.059095251581482, 49.549106509030139 ], [ 17.067502188168589, 49.548952863706972 ], [ 17.071054415161143, 49.552332941611837 ], [ 17.08644739699929, 49.552332941611837 ], [ 17.090710069210729, 49.548184631590686 ], [ 17.099827451016552, 49.54803098395081 ], [ 17.102432418016861, 49.544343290373092 ], [ 17.107405535447072, 49.543728647423052 ], [ 17.110484131096086, 49.539272256834238 ], [ 17.114628396369937, 49.538350194405893 ], [ 17.11593087897171, 49.530742514360156 ], [ 17.119009475519022, 49.530358256351633 ], [ 17.122324887738102, 49.526131222395861 ], [ 17.132863159981753, 49.526592371049333 ], [ 17.133928827810053, 49.537043909128613 ], [ 17.144822323561357, 49.538657550676078 ], [ 17.15346607492188, 49.543651816947943 ], [ 17.15500537319565, 49.546263998735981 ], [ 17.171108801150808, 49.546263998735981 ], [ 17.178923700354858, 49.541346834270485 ], [ 17.180107775120746, 49.533893313294982 ], [ 17.184962485613539, 49.533509080638055 ], [ 17.186857006496666, 49.526284939485606 ], [ 17.191119678708105, 49.524747750336473 ], [ 17.194079867419362, 49.520443363712445 ], [ 17.203789286608185, 49.519905288668554 ], [ 17.205802215327139, 49.512294737765615 ], [ 17.215985265859729, 49.507143490957674 ], [ 17.218235009352213, 49.503914074471083 ], [ 17.222142458055998, 49.502914449963157 ], [ 17.223444941556068, 49.496070318058742 ], [ 17.228536466822391, 49.493916910371013 ], [ 17.22960213465069, 49.482379183112243 ], [ 17.233983214698014, 49.481532976462972 ], [ 17.235522512073317, 49.478532670143295 ], [ 17.240614037339583, 49.476840108693921 ], [ 17.24144289039441, 49.471146517840168 ], [ 17.243811041722779, 49.469530648216335 ], [ 17.25221797830983, 49.46868421954639 ], [ 17.253520460911602, 49.461527461974754 ], [ 17.248547343481221, 49.460757855896361 ], [ 17.247244860879448, 49.452599289044201 ], [ 17.251507533090887, 49.451829542752932 ], [ 17.253283646138129, 49.448673456990775 ], [ 17.271816796849635, 49.447032211951353 ], [ 17.271678906121792, 49.442969141440415 ], [ 17.283122350720134, 49.442899603097828 ], [ 17.285727316821976, 49.446594947756182 ], [ 17.30112029955842, 49.446748914771149 ], [ 17.303488450886789, 49.445902091956782 ], [ 17.304317303941616, 49.439434964498389 ], [ 17.316158059685336, 49.437510059632643 ], [ 17.31734213534952, 49.433814030287465 ], [ 17.325630664100686, 49.433120993887314 ], [ 17.329064483257355, 49.436432079625718 ], [ 17.335458491125394, 49.437972043644208 ], [ 17.336405752016105, 49.447903649052137 ], [ 17.33084059630437, 49.452445340986515 ], [ 17.330366965859128, 49.458218070722012 ], [ 17.325749071936571, 49.459372534846125 ], [ 17.324209773662858, 49.462681848721331 ], [ 17.313789908356796, 49.463682294925434 ], [ 17.312250610083254, 49.46568312605342 ], [ 17.314381945739797, 49.479917449478933 ], [ 17.318644617951293, 49.480840614531985 ], [ 17.319591878842004, 49.483456152879853 ], [ 17.330011743249543, 49.484917716485597 ], [ 17.336879381563051, 49.48822530493851 ], [ 17.34374701987656, 49.488609893459738 ], [ 17.347180839033228, 49.491609582335172 ], [ 17.357127073893821, 49.492840170705904 ], [ 17.358784780003475, 49.493993819607283 ], [ 17.36056089305049, 49.511372166412798 ], [ 17.362929044378859, 49.512602257877575 ], [ 17.39750405161783, 49.512756016917024 ], [ 17.398924942055487, 49.515600476336715 ], [ 17.411002513471146, 49.520750832591091 ], [ 17.413252256963631, 49.524363445205836 ], [ 17.423672121371226, 49.524209722657702 ], [ 17.431960651020688, 49.51713795306199 ], [ 17.437407398896312, 49.515831100868411 ], [ 17.448774524194789, 49.516215472476915 ], [ 17.456234199891128, 49.520059025332841 ], [ 17.459194389500851, 49.523287376052906 ], [ 17.464641136478178, 49.524747750336473 ], [ 17.464996359087593, 49.53104991789246 ], [ 17.459075981664796, 49.534123851555819 ], [ 17.458483943383612, 49.540194302447787 ], [ 17.454339679008058, 49.541423668953087 ], [ 17.453274011179758, 49.543498154469262 ], [ 17.453747641625, 49.54833827933021 ], [ 17.45883916599297, 49.550489291696124 ], [ 17.460615279938509, 49.556711330473831 ], [ 17.468074955634847, 49.561319736794701 ], [ 17.48453360619942, 49.561550146248351 ], [ 17.487375387973259, 49.557633046413287 ], [ 17.498742513271509, 49.557863472679969 ], [ 17.500163403709337, 49.563700576809651 ], [ 17.50525492897566, 49.566158095933986 ], [ 17.506557412475729, 49.568615491359481 ], [ 17.517806129938094, 49.569844142685554 ], [ 17.519937466492991, 49.572147780790544 ], [ 17.531422999627353, 49.573683479129159 ], [ 17.533080704838483, 49.576524393153932 ], [ 17.537935415331276, 49.577138623438486 ], [ 17.544092608425899, 49.57667795174109 ], [ 17.547408019746626, 49.573145990148589 ], [ 17.556880624161977, 49.572531709613713 ], [ 17.559130367654461, 49.568999447965894 ], [ 17.577128316492804, 49.568692283155315 ], [ 17.579022837375874, 49.600320151856806 ], [ 17.573812905172019, 49.603082778147154 ], [ 17.57333927472655, 49.608223915593783 ], [ 17.574760165164435, 49.609374842648265 ], [ 17.591455631400777, 49.610065385488383 ], [ 17.593468559221435, 49.613364511480881 ], [ 17.606256575855866, 49.619118265836846 ], [ 17.607440651520051, 49.62333725431597 ], [ 17.605427722801039, 49.626482081188669 ], [ 17.602349126253785, 49.627479178916587 ], [ 17.60140186626154, 49.632310978455394 ], [ 17.603296387144496, 49.651786706699056 ], [ 17.613361028942847, 49.651710046278595 ], [ 17.617031663771286, 49.648030184913466 ], [ 17.627925158624294, 49.647800183795937 ], [ 17.629464456898063, 49.667806169311802 ], [ 17.64166043525114, 49.672480711826324 ], [ 17.643910178743795, 49.684586454715145 ], [ 17.649120111845775, 49.686425037758283 ], [ 17.650777817955429, 49.688646566551768 ], [ 17.661079275425436, 49.689412587483787 ], [ 17.664039464136806, 49.695999869076672 ], [ 17.667828505903003, 49.697378489122684 ], [ 17.683996620881942, 49.696918796978252 ], [ 17.684167612262854, 49.703443953982855 ], [ 17.696777543282224, 49.711096877330704 ], [ 17.697702909925056, 49.721866484979387 ] ] ] } },
{ "type": "Feature", "properties": { "shapeName": "Bruntál", "shapeISO": "", "shapeID": "57006924B90452896246775", "shapeGroup": "CZE", "shapeType": "ADM2" }, "geometry": { "type": "Polygon", "coordinates": [ [ [ 17.226771566766786, 50.096987934840058 ], [ 17.227851059447062, 50.08979739579604 ], [ 17.232320795128203, 50.088363514202115 ], [ 17.23343822837478, 50.085336289376812 ], [ 17.232693272577478, 50.070436370663231 ], [ 17.237659645456802, 50.066531348770525 ], [ 17.237907964055751, 50.055372389836748 ], [ 17.231575839331072, 50.053778040704572 ], [ 17.229589289640273, 50.046283891727455 ], [ 17.224374598162001, 50.043971630898795 ], [ 17.224126279563109, 50.039187288787332 ], [ 17.211710346915936, 50.036874686110139 ], [ 17.204881584094778, 50.033126437916394 ], [ 17.203267513650189, 50.025708829471739 ], [ 17.193086448394411, 50.024911169104485 ], [ 17.188989191061182, 50.02164062224324 ], [ 17.184643615128664, 50.020763120510253 ], [ 17.182284587988647, 50.008875383539817 ], [ 17.179056445302706, 50.008636002679452 ], [ 17.177636373230314, 50.006501473274454 ], [ 17.17522737191257, 49.984538639055302 ], [ 17.162513457305977, 49.97840701772941 ], [ 17.162036685451994, 49.97554532664725 ], [ 17.162751843232968, 49.972070187191434 ], [ 17.179915627278206, 49.970230306354722 ], [ 17.183411953907296, 49.96241002618217 ], [ 17.193900933794623, 49.960825370442194 ], [ 17.194298243373453, 49.955559848483119 ], [ 17.20057573885083, 49.952236649860538 ], [ 17.199701657418018, 49.93285527937212 ], [ 17.193662547867632, 49.931269651000719 ], [ 17.190642993092524, 49.927893623031764 ], [ 17.18047186140717, 49.927126310836286 ], [ 17.177929078485704, 49.915563996240735 ], [ 17.166248169862058, 49.913824293254777 ], [ 17.166009783935067, 49.909116546687812 ], [ 17.178405850339686, 49.906199559622792 ], [ 17.178405850339686, 49.901183977272808 ], [ 17.177293382980054, 49.898471250956675 ], [ 17.17236674078913, 49.897652284486583 ], [ 17.169665034215996, 49.885980506371538 ], [ 17.151786091491658, 49.885366123975189 ], [ 17.151131526090865, 49.869013420651129 ], [ 17.162990229159959, 49.868928494235377 ], [ 17.164579468373461, 49.860630743059801 ], [ 17.176180915620421, 49.860016038661456 ], [ 17.177213920704901, 49.847925252154027 ], [ 17.180948633260982, 49.847412864239686 ], [ 17.18396818803626, 49.842852369272237 ], [ 17.193424161940641, 49.842596149107862 ], [ 17.197953494552678, 49.846285590666696 ], [ 17.203595293625938, 49.846695511687187 ], [ 17.209237093597665, 49.842544905259615 ], [ 17.219726073484992, 49.841622499751168 ], [ 17.221553698625485, 49.831936180536388 ], [ 17.22091800222131, 49.830347233572468 ], [ 17.214719969019086, 49.828553198865052 ], [ 17.214004811238283, 49.823683340901937 ], [ 17.2227456282601, 49.816762172548124 ], [ 17.229817742895193, 49.816762172548124 ], [ 17.235141694664776, 49.820607388048586 ], [ 17.250795701771665, 49.819940906206966 ], [ 17.254133104748746, 49.816505814137884 ], [ 17.264939931939921, 49.816249454369427 ], [ 17.266920124253318, 49.827407032057693 ], [ 17.282990513070729, 49.828030353314716 ], [ 17.285279017071048, 49.828752083805 ], [ 17.285787574014648, 49.831212447461098 ], [ 17.299366034437185, 49.833147845159942 ], [ 17.299722024207995, 49.839576746595128 ], [ 17.311876527344396, 49.841183838551387 ], [ 17.313809041574132, 49.849087328575251 ], [ 17.337609490005207, 49.84869382442082 ], [ 17.339847139479104, 49.850333404218986 ], [ 17.340091087774283, 49.856228386887722 ], [ 17.364922952170105, 49.856308433581091 ], [ 17.366909500962436, 49.848543313579682 ], [ 17.378207999464735, 49.847262348830668 ], [ 17.37858047781242, 49.832208474618426 ], [ 17.372124192440708, 49.830206275999615 ], [ 17.371627555242469, 49.823558384200567 ], [ 17.36554374911691, 49.822116551781619 ], [ 17.363929677773854, 49.819232758611463 ], [ 17.358218349097569, 49.817870907627878 ], [ 17.357349233551815, 49.801846253750227 ], [ 17.374110742131279, 49.801125019421647 ], [ 17.379077115010489, 49.796957678469823 ], [ 17.393603756198729, 49.79671724375379 ], [ 17.397204376333946, 49.804330422381213 ], [ 17.407509600439994, 49.804891346268448 ], [ 17.409247830633376, 49.806093303810144 ], [ 17.409992786430507, 49.820194042486037 ], [ 17.454938461840413, 49.821555828084627 ], [ 17.459284037772932, 49.829004917274574 ], [ 17.46685775639105, 49.82988591666782 ], [ 17.46958926187898, 49.831808041409658 ], [ 17.469961739328426, 49.836212622042012 ], [ 17.462512180458702, 49.841177304274595 ], [ 17.458166603627888, 49.841817871807109 ], [ 17.456925010632744, 49.853826933115329 ], [ 17.451213681956403, 49.856628617870285 ], [ 17.45133784080673, 49.86479260217294 ], [ 17.452206956352654, 49.866473251158936 ], [ 17.477411299096218, 49.866393221305088 ], [ 17.478280414641972, 49.850704863929423 ], [ 17.48287430917361, 49.849343898947268 ], [ 17.489703071994768, 49.843259116421621 ], [ 17.489206434796586, 49.821876242587052 ], [ 17.494296967424532, 49.819392973820243 ], [ 17.494421126274858, 49.810580347782093 ], [ 17.495911037869121, 49.808096499867872 ], [ 17.499263340303685, 49.80705484812438 ], [ 17.500753251897947, 49.799522238647398 ], [ 17.506216261975169, 49.797438543740611 ], [ 17.507830333318225, 49.791267075975554 ], [ 17.511058476003996, 49.790064750348051 ], [ 17.512548387598315, 49.786297270148566 ], [ 17.516149007733475, 49.785255149373654 ], [ 17.525696451052795, 49.785373729786727 ], [ 17.537201287826747, 49.785516621265799 ], [ 17.538373526390387, 49.78830128528449 ], [ 17.545326448960168, 49.790144906009175 ], [ 17.546319723356419, 49.792549523438765 ], [ 17.552155211781326, 49.794793725368152 ], [ 17.552403530380445, 49.80032363566653 ], [ 17.572144863046788, 49.810660470066694 ], [ 17.573138137442868, 49.816028342449215 ], [ 17.578104510322191, 49.818511783896724 ], [ 17.580711856061328, 49.84710222592247 ], [ 17.593500266157719, 49.848623372423503 ], [ 17.594121063104581, 49.85038464039053 ], [ 17.601322303375127, 49.852466056047945 ], [ 17.60268805611895, 49.872475091482158 ], [ 17.608647703394354, 49.873515334771184 ], [ 17.609268500341159, 49.876635930198574 ], [ 17.608523544544028, 49.881036426825062 ], [ 17.603681330515144, 49.881916477561163 ], [ 17.60268805611895, 49.88391653473667 ], [ 17.604053808862886, 49.89679491436857 ], [ 17.609640978688901, 49.898794355090502 ], [ 17.610510093336359, 49.901193573550358 ], [ 17.621932751587224, 49.902633047937854 ], [ 17.62454009732636, 49.906231544845582 ], [ 17.62950647020557, 49.907031174885617 ], [ 17.630872222949506, 49.909989688924725 ], [ 17.636583551625847, 49.911268990596795 ], [ 17.638197622968733, 49.914467095449709 ], [ 17.653965857151945, 49.915026741603697 ], [ 17.669858250185712, 49.923580530845584 ], [ 17.671348161779974, 49.926697889305672 ], [ 17.683267457229135, 49.927337322474102 ], [ 17.685750643219478, 49.935089776709674 ], [ 17.692951884388322, 49.939724668429847 ], [ 17.710721566821405, 49.93981096931401 ], [ 17.711357262327056, 49.951418596902329 ], [ 17.681479562776872, 49.952543416281856 ], [ 17.679016242130785, 49.95658232486511 ], [ 17.672261974799369, 49.958422727986033 ], [ 17.671705740670404, 49.960825370442194 ], [ 17.666938023029786, 49.962614494333536 ], [ 17.666938023029786, 49.977947114538836 ], [ 17.656687429069507, 49.979224612161886 ], [ 17.654144646148211, 49.977691610481656 ], [ 17.652714330586377, 49.970332523641673 ], [ 17.631656909434923, 49.970383631914842 ], [ 17.628319506457615, 49.971201363259127 ], [ 17.627127577721296, 49.974063312681324 ], [ 17.62148577774974, 49.975749738425975 ], [ 17.622439321457364, 49.98673561378007 ], [ 17.63419969235639, 49.988012878040649 ], [ 17.641907503395373, 49.994654107061763 ], [ 17.647549302468633, 49.995982242696869 ], [ 17.648741232103475, 49.999506732420912 ], [ 17.652634868311395, 50.000221814674774 ], [ 17.657720435052283, 50.004409940747564 ], [ 17.661772994912042, 50.004563157967652 ], [ 17.663441696400696, 50.007218845134901 ], [ 17.668209414041314, 50.009159446903254 ], [ 17.67003703918175, 50.015899875906825 ], [ 17.673851214013041, 50.016206236606081 ], [ 17.675917225080298, 50.018197532960414 ], [ 17.67671184513631, 50.023660410795117 ], [ 17.682989339715391, 50.026468190110847 ], [ 17.683625036119508, 50.029326851531664 ], [ 17.700232586934078, 50.029224759019257 ], [ 17.704126223142055, 50.032848896468579 ], [ 17.720654312579711, 50.032848896468579 ], [ 17.723356019152845, 50.028918481333562 ], [ 17.738453793029123, 50.028408014568527 ], [ 17.742665277439016, 50.031368648129785 ], [ 17.754664034264863, 50.03249159908421 ], [ 17.764517317748016, 50.040249453760566 ], [ 17.776356909449873, 50.039958855252792 ], [ 17.775715381451505, 50.049332131619451 ], [ 17.771025583027097, 50.048977842082536 ], [ 17.769094489558142, 50.053583402065328 ], [ 17.765232302620234, 50.053937657602773 ], [ 17.762749468160223, 50.058365631154857 ], [ 17.758611410726814, 50.059959601599928 ], [ 17.755576835275633, 50.075365252358381 ], [ 17.750059425364441, 50.07979124823629 ], [ 17.732679584144023, 50.080499369660345 ], [ 17.732127843153023, 50.10103034125251 ], [ 17.715851483914832, 50.10279984078926 ], [ 17.713092778959322, 50.110584862248913 ], [ 17.706747757561459, 50.112530919898347 ], [ 17.706196016570232, 50.115007606164738 ], [ 17.688264434358814, 50.114123090061014 ], [ 17.685781599898803, 50.111292528726324 ], [ 17.681643542465395, 50.110231025088808 ], [ 17.680815930978667, 50.107400233688054 ], [ 17.65598758637816, 50.107223303669855 ], [ 17.654608233900376, 50.120314359661847 ], [ 17.650194305971468, 50.120314359661847 ], [ 17.649090823989241, 50.126681687433688 ], [ 17.646056248538002, 50.127389116014115 ], [ 17.641918191104594, 50.132517660511837 ], [ 17.632262723759993, 50.133401836773089 ], [ 17.629779889300039, 50.136761557568207 ], [ 17.619020939973041, 50.13764565540987 ], [ 17.617089846504086, 50.141712295061041 ], [ 17.611572436592894, 50.142773100726401 ], [ 17.610468954610667, 50.150905162629897 ], [ 17.597227170823828, 50.158328881173077 ], [ 17.599710005283839, 50.16310066301952 ], [ 17.604951544699475, 50.163807553153504 ], [ 17.608537861141713, 50.167695262025688 ], [ 17.630607500786596, 50.167518554846481 ], [ 17.634745558220004, 50.171229268406762 ], [ 17.650194305971468, 50.171936038322031 ], [ 17.654884104395876, 50.175469731097394 ], [ 17.670608722642896, 50.175999762473737 ], [ 17.673091557103021, 50.179533154718285 ], [ 17.691574880305495, 50.18112309597069 ], [ 17.692402491792222, 50.183066285638006 ], [ 17.710885814994867, 50.184302819722916 ], [ 17.712541037968151, 50.199668500691246 ], [ 17.719437800357241, 50.200904604931168 ], [ 17.721644764321695, 50.20443615496157 ], [ 17.736541771081932, 50.205142433613446 ], [ 17.73985221702867, 50.200374849890636 ], [ 17.743990274462078, 50.198608957295448 ], [ 17.758887281222314, 50.204965864930443 ], [ 17.758611410726814, 50.215029237377621 ], [ 17.761645986177996, 50.225090487696718 ], [ 17.766887525593631, 50.227561347378867 ], [ 17.768542748566915, 50.237972849589994 ], [ 17.760542504195769, 50.239207961702675 ], [ 17.760542504195769, 50.241148787512429 ], [ 17.748404202390986, 50.246970790829039 ], [ 17.747300720408759, 50.25085173128906 ], [ 17.736265900586432, 50.251733719133256 ], [ 17.73323132513525, 50.256496171393906 ], [ 17.729093267701842, 50.257378054758078 ], [ 17.728817397206114, 50.270251692876457 ], [ 17.731576102161796, 50.272896530039247 ], [ 17.743438533470851, 50.275188603415529 ], [ 17.742610921984294, 50.279596126701051 ], [ 17.747300720408759, 50.280830160096684 ], [ 17.751438777842168, 50.290172517736551 ], [ 17.75668031725786, 50.291053777566447 ], [ 17.75668031725786, 50.296693453999353 ], [ 17.750887036851168, 50.298984381599496 ], [ 17.748680072886543, 50.303565905827782 ], [ 17.732955454639523, 50.303389701517403 ], [ 17.730472620179569, 50.305504110157926 ], [ 17.729920879188342, 50.3107897205104 ], [ 17.72633456274616, 50.311670598452338 ], [ 17.722196505312695, 50.320478480349436 ], [ 17.707023628056959, 50.322063725792077 ], [ 17.702057959136823, 50.325586304157071 ], [ 17.691850750800995, 50.324001176201591 ], [ 17.690747268818768, 50.300394128363621 ], [ 17.677781355527486, 50.29510736257032 ], [ 17.676677873545259, 50.287352376602087 ], [ 17.673091557103021, 50.286647315204334 ], [ 17.671160463634067, 50.283474409647226 ], [ 17.659022161829341, 50.281887877544534 ], [ 17.651297787953695, 50.277833166354299 ], [ 17.649918435475911, 50.275012293996383 ], [ 17.636124910697731, 50.273778109780721 ], [ 17.635021428715675, 50.270956997150847 ], [ 17.623158997406449, 50.269546378155155 ], [ 17.622055515424222, 50.267077694360523 ], [ 17.60908960213294, 50.267783045646354 ], [ 17.604123933212747, 50.272191254493578 ], [ 17.60274458073502, 50.278714654688883 ], [ 17.588123444470284, 50.279948710935571 ], [ 17.585088869019103, 50.275893834563135 ], [ 17.573226437710048, 50.275364912181828 ], [ 17.567157286807685, 50.271838612803151 ], [ 17.557777689958584, 50.270075365175387 ], [ 17.556674207976357, 50.267959381835396 ], [ 17.54867396360504, 50.267606708804351 ], [ 17.539846107747167, 50.272367574359293 ], [ 17.493223993997447, 50.272720212132128 ], [ 17.491844641519492, 50.268841052986943 ], [ 17.464809332954701, 50.268135717371592 ], [ 17.463981721467974, 50.265314270439717 ], [ 17.457912570565611, 50.263550781223898 ], [ 17.456809088583327, 50.261434507974116 ], [ 17.449912326194408, 50.258436293246916 ], [ 17.449084714707737, 50.253497645845869 ], [ 17.444394916283272, 50.252615690652192 ], [ 17.432545217826828, 50.253672898923867 ], [ 17.428569161378505, 50.210416945488191 ], [ 17.41678791542904, 50.208703359594551 ], [ 17.414824374287775, 50.206304235048265 ], [ 17.405542180373288, 50.205961493371433 ], [ 17.400722578736747, 50.21030270857301 ], [ 17.391618889052552, 50.214415074433077 ], [ 17.380194649766565, 50.214300847089419 ], [ 17.370733951622242, 50.20984575702721 ], [ 17.369305921374576, 50.202876705792278 ], [ 17.363058291286961, 50.201391366464122 ], [ 17.355561134283846, 50.19510672732315 ], [ 17.355025623390077, 50.190421276623681 ], [ 17.349670510859994, 50.187792651813595 ], [ 17.347885473948793, 50.182306359399831 ], [ 17.34485091012175, 50.180820380061846 ], [ 17.332712655712157, 50.18104899532068 ], [ 17.326108018062712, 50.185735366152471 ], [ 17.317718342603825, 50.185049584380522 ], [ 17.310756696494479, 50.1804774554098 ], [ 17.308971659583108, 50.173732766076171 ], [ 17.298796946314781, 50.169388224970817 ], [ 17.290050263294063, 50.168359196869346 ], [ 17.284159639870154, 50.164128515471248 ], [ 17.281303580273345, 50.157038425325823 ], [ 17.275948468641502, 50.153149865117769 ], [ 17.269879341885883, 50.15166297895604 ], [ 17.266666273828776, 50.148002754370566 ], [ 17.255063531211022, 50.143312682901581 ], [ 17.254171012755478, 50.140910273191878 ], [ 17.242211262575893, 50.138736559946551 ], [ 17.243639292823559, 50.131642704178489 ], [ 17.247387870875968, 50.130612863540648 ], [ 17.247030863314137, 50.111385103182556 ], [ 17.240961736558518, 50.107836279460514 ], [ 17.23917669874902, 50.102111816413867 ], [ 17.230787023290134, 50.097417245643328 ], [ 17.226771566766786, 50.096987934840058 ] ] ] } },
{ "type": "Feature", "properties": { "shapeName": "Šumperk", "shapeISO": "", "shapeID": "57006924B61075462930500", "shapeGroup": "CZE", "shapeType": "ADM2" }, "geometry": { "type": "Polygon", "coordinates": [ [ [ 16.744258708035773, 49.842343994936698 ], [ 16.744079533411821, 49.841317997705175 ], [ 16.744544811667765, 49.821211978273595 ], [ 16.750127515070062, 49.820011356533257 ], [ 16.75415946757721, 49.817009671836388 ], [ 16.761913222951534, 49.816209191521466 ], [ 16.763463973846683, 49.795992666601194 ], [ 16.774474307178878, 49.790086247107979 ], [ 16.774629381549801, 49.783978852409348 ], [ 16.7817628367456, 49.781075066706819 ], [ 16.786260015060293, 49.777269842949408 ], [ 16.789361516850818, 49.769558341583547 ], [ 16.803783501613339, 49.769257868907516 ], [ 16.806729929032883, 49.767855636909928 ], [ 16.805954553585309, 49.75863996257749 ], [ 16.803938576882388, 49.756435954789822 ], [ 16.79990662437541, 49.755935030011017 ], [ 16.799441399466161, 49.750524711639969 ], [ 16.80099215036131, 49.748220134173664 ], [ 16.805334253406784, 49.747318312630341 ], [ 16.811847407525931, 49.742608529923075 ], [ 16.811847407525931, 49.736194472824252 ], [ 16.806419778494558, 49.734189906429265 ], [ 16.806574853763664, 49.727173270823585 ], [ 16.836194199634747, 49.726070564501413 ], [ 16.838210175439144, 49.722261022712019 ], [ 16.849220508771339, 49.717448542734644 ], [ 16.850926334935764, 49.707120152678158 ], [ 16.855423512352161, 49.703208829661264 ], [ 16.855423045320435, 49.703187380827956 ], [ 16.861854802101107, 49.704390279787788 ], [ 16.863075337687633, 49.712546302486203 ], [ 16.893181887548053, 49.712414764626715 ], [ 16.895724670469349, 49.716163454314596 ], [ 16.900657670037447, 49.716919733909265 ], [ 16.903709009004046, 49.719977613764399 ], [ 16.917897738118313, 49.720339285836928 ], [ 16.922627314190265, 49.724021611451178 ], [ 16.930103095781362, 49.724679140001172 ], [ 16.938646846684378, 49.724153117873641 ], [ 16.942308454342708, 49.72024064874131 ], [ 16.946529474369356, 49.719352901798345 ], [ 16.948360277749373, 49.717643120913294 ], [ 16.949158076044739, 49.707122124374962 ], [ 16.959567593657084, 49.707738772381902 ], [ 16.972122584611839, 49.715394832354036 ], [ 16.974824291184973, 49.722741459709937 ], [ 16.987140896212736, 49.724539415965637 ], [ 16.987935515370452, 49.726850975839454 ], [ 16.993895163544153, 49.728700144955383 ], [ 16.994610321324956, 49.734504023007162 ], [ 17.007810542503819, 49.741475977099981 ], [ 17.007200274710556, 49.748278521035218 ], [ 16.98924822708841, 49.749625771233013 ], [ 16.989349938836426, 49.756230044100107 ], [ 16.993469247115058, 49.756919990558799 ], [ 16.995961174611637, 49.759088330554903 ], [ 16.996164597209315, 49.764673002917334 ], [ 17.002063853443019, 49.766840996212977 ], [ 17.002012998018301, 49.771505138178611 ], [ 17.004250646593675, 49.774034097881952 ], [ 17.008929367240853, 49.77465810663881 ], [ 17.012743542071973, 49.778007910550741 ], [ 17.021592426422558, 49.77830347077645 ], [ 17.02372836414844, 49.781488834534798 ], [ 17.027898527851846, 49.782244096300644 ], [ 17.030288744498705, 49.785527706184894 ], [ 17.036289711582128, 49.787432097896271 ], [ 17.037957133869838, 49.827247876631986 ], [ 17.042807107546025, 49.828874768283242 ], [ 17.045307056099603, 49.835165169004995 ], [ 17.052061323431019, 49.840238858491318 ], [ 17.062470841043137, 49.841110044449181 ], [ 17.064377927560486, 49.842852369272237 ], [ 17.064775238037612, 49.847771536813468 ], [ 17.059053975790903, 49.850692055121158 ], [ 17.059610209919867, 49.861194216138301 ], [ 17.069066183824191, 49.8618089061261 ], [ 17.077727538571082, 49.856737479836852 ], [ 17.080349782869177, 49.852638969482825 ], [ 17.090044143599016, 49.853458699129988 ], [ 17.094811861239634, 49.856993625626956 ], [ 17.10434729741911, 49.855969036057161 ], [ 17.104824069273093, 49.848745062330352 ], [ 17.109830172840702, 49.847412864239686 ], [ 17.110227482419361, 49.840648830206874 ], [ 17.120478076379868, 49.839828883299162 ], [ 17.130410822138174, 49.845260774065537 ], [ 17.130728670340147, 49.862833371866941 ], [ 17.141535497531152, 49.869082142863419 ], [ 17.151131526090865, 49.869013420651129 ], [ 17.151786091491658, 49.885366123975189 ], [ 17.169665034215996, 49.885980506371538 ], [ 17.17236674078913, 49.897652284486583 ], [ 17.177293382980054, 49.898471250956675 ], [ 17.178405850339686, 49.901183977272808 ], [ 17.178405850339686, 49.906199559622792 ], [ 17.166009783935067, 49.909116546687812 ], [ 17.166248169862058, 49.913824293254777 ], [ 17.177929078485704, 49.915563996240735 ], [ 17.18047186140717, 49.927126310836286 ], [ 17.190642993092524, 49.927893623031764 ], [ 17.193662547867632, 49.931269651000719 ], [ 17.199701657418018, 49.93285527937212 ], [ 17.20057573885083, 49.952236649860538 ], [ 17.194298243373453, 49.955559848483119 ], [ 17.193900933794623, 49.960825370442194 ], [ 17.183411953907296, 49.96241002618217 ], [ 17.179915627278206, 49.970230306354722 ], [ 17.162751843232968, 49.972070187191434 ], [ 17.162036685451994, 49.97554532664725 ], [ 17.162513457305977, 49.97840701772941 ], [ 17.17522737191257, 49.984538639055302 ], [ 17.177636373230314, 50.006501473274454 ], [ 17.179056445302706, 50.008636002679452 ], [ 17.182284587988647, 50.008875383539817 ], [ 17.184643615128664, 50.020763120510253 ], [ 17.188989191061182, 50.02164062224324 ], [ 17.193086448394411, 50.024911169104485 ], [ 17.203267513650189, 50.025708829471739 ], [ 17.204881584094778, 50.033126437916394 ], [ 17.211710346915936, 50.036874686110139 ], [ 17.224126279563109, 50.039187288787332 ], [ 17.224374598162001, 50.043971630898795 ], [ 17.229589289640273, 50.046283891727455 ], [ 17.231575839331072, 50.053778040704572 ], [ 17.237907964055751, 50.055372389836748 ], [ 17.237659645456802, 50.066531348770525 ], [ 17.232693272577478, 50.070436370663231 ], [ 17.23343822837478, 50.085336289376812 ], [ 17.232320795128203, 50.088363514202115 ], [ 17.227851059447062, 50.08979739579604 ], [ 17.226771566766786, 50.096987934840058 ], [ 17.226502933445659, 50.096959214024309 ], [ 17.203475952440499, 50.098333295745249 ], [ 17.19901335836596, 50.102798787733832 ], [ 17.195800291207149, 50.103027776176646 ], [ 17.193301239172115, 50.106691441813268 ], [ 17.188838645995872, 50.108065243821272 ], [ 17.188303134203807, 50.110583778970067 ], [ 17.180270466306922, 50.11436133335684 ], [ 17.165633159862352, 50.116192767452048 ], [ 17.161884581809943, 50.119054243021992 ], [ 17.156350965947865, 50.12042769038726 ], [ 17.154030417244655, 50.128667548853571 ], [ 17.149746328298477, 50.131185000412415 ], [ 17.14885380894458, 50.139651819788298 ], [ 17.147068772033379, 50.14193989220945 ], [ 17.14421271243657, 50.142397493676242 ], [ 17.143141689750735, 50.148345912668105 ], [ 17.140999645277759, 50.150061665495002 ], [ 17.131181939571377, 50.151205466131444 ], [ 17.12100722630305, 50.15909694685098 ], [ 17.111546529056795, 50.157724609207833 ], [ 17.107440942544088, 50.154636705045391 ], [ 17.092268125205692, 50.156009131324879 ], [ 17.088162539591281, 50.159897458998557 ], [ 17.078523338115019, 50.158639505155065 ], [ 17.074774759164313, 50.155780396251487 ], [ 17.060137452719687, 50.156466598188899 ], [ 17.052461792384634, 50.161841504532561 ], [ 17.0508552588052, 50.172818159001679 ], [ 17.047642191646389, 50.172932485627712 ], [ 17.045321642943179, 50.177048071190143 ], [ 17.037110470816231, 50.177505336719776 ], [ 17.026757254216079, 50.183220785423771 ], [ 17.027292766007974, 50.190078420898544 ], [ 17.033718900325653, 50.192249799876663 ], [ 17.032826381870052, 50.197734950106337 ], [ 17.027303922185638, 50.20170557670383 ], [ 17.027303922185638, 50.206347077584894 ], [ 17.021446768192561, 50.207953646093529 ], [ 17.019173992074684, 50.212389545607209 ], [ 17.001622770908284, 50.213793498927373 ], [ 16.99969167743933, 50.221383958150454 ], [ 16.995829490501592, 50.221913480005981 ], [ 16.991967303563683, 50.225972952278312 ], [ 16.987553375634775, 50.226325933539215 ], [ 16.988932728112502, 50.240266603758471 ], [ 16.977897908290174, 50.242207386466703 ], [ 16.970173534414357, 50.237443506031354 ], [ 16.9698976639188, 50.230561504898617 ], [ 16.962725031034211, 50.229679125221423 ], [ 16.961621549051983, 50.226149443235272 ], [ 16.956655880131848, 50.225619968405056 ], [ 16.952517822698439, 50.221560466088704 ], [ 16.911137248364355, 50.221560466088704 ], [ 16.908378543408674, 50.218736260699529 ], [ 16.902585263001981, 50.2175006182635 ], [ 16.901757651515311, 50.214676172514942 ], [ 16.896791982595346, 50.214323105039398 ], [ 16.894860889126392, 50.210262641284316 ], [ 16.889343479215199, 50.208673670104929 ], [ 16.887964126737245, 50.198079176778947 ], [ 16.884101939799336, 50.1979025819669 ], [ 16.880791493852826, 50.193664110507257 ], [ 16.870473802101401, 50.193845983889389 ], [ 16.867353419599453, 50.169388224970817 ], [ 16.864675863334583, 50.167787505144418 ], [ 16.857892721454959, 50.167558826424397 ], [ 16.854144142504254, 50.157152789702479 ], [ 16.848253519978641, 50.153721731922872 ], [ 16.846646986399207, 50.135761845104469 ], [ 16.841291873869125, 50.131757129867879 ], [ 16.840577858745291, 50.127408773412697 ], [ 16.833973221095846, 50.122258893014987 ], [ 16.832009679954638, 50.109667963121808 ], [ 16.813980803019433, 50.107034895865525 ], [ 16.8132667878956, 50.097302738437293 ], [ 16.819692922213278, 50.092951252015268 ], [ 16.819871425545045, 50.088942954172296 ], [ 16.824512522951352, 50.086079679267129 ], [ 16.825583545637187, 50.080123518884591 ], [ 16.820049929775109, 50.078405258695511 ], [ 16.818621899527614, 50.075655913491971 ], [ 16.814337809683138, 50.074281182057462 ], [ 16.810589231630559, 50.070615037910272 ], [ 16.805948134224252, 50.070042177766766 ], [ 16.804341600644875, 50.067865246006079 ], [ 16.806840653578149, 50.058583534956199 ], [ 16.810589231630559, 50.056979106696758 ], [ 16.812017261878225, 50.050675475425066 ], [ 16.818086388633844, 50.046205126429925 ], [ 16.817729381071842, 50.034970103262083 ], [ 16.808982698051125, 50.028663581028241 ], [ 16.798807984782798, 50.027631525864592 ], [ 16.795773421854221, 50.020291827018752 ], [ 16.784884693462004, 50.019144898074558 ], [ 16.783456664112691, 50.013295133050576 ], [ 16.777209033126951, 50.009739045497042 ], [ 16.775423996215807, 49.999642911447893 ], [ 16.76542778627919, 49.998954461870937 ], [ 16.757930630174371, 49.995282561795534 ], [ 16.736510181850292, 49.995282561795534 ], [ 16.724550431670764, 49.993676017659425 ], [ 16.725799957688139, 49.978870333499344 ], [ 16.730976565988215, 49.974393299546534 ], [ 16.734546640708857, 49.973934092875254 ], [ 16.737759707867724, 49.966471372301669 ], [ 16.740794271694767, 49.965093512361761 ], [ 16.741508285920133, 49.936494025788818 ], [ 16.748112924467819, 49.934196141353539 ], [ 16.754717563015561, 49.927531656873384 ], [ 16.754896066347271, 49.915004528698773 ], [ 16.760251177979114, 49.911556123721539 ], [ 16.760429682209349, 49.885340189605699 ], [ 16.765606290509425, 49.882924847909123 ], [ 16.766320305633087, 49.871881745219014 ], [ 16.7707828988095, 49.870846324927641 ], [ 16.772389432388707, 49.866934536890881 ], [ 16.770961402141268, 49.863482696251253 ], [ 16.754717563015561, 49.86302243204193 ], [ 16.746506390888385, 49.858304472516124 ], [ 16.744532330059315, 49.843910820822657 ], [ 16.744258708035773, 49.842343994936698 ] ] ] } },
{ "type": "Feature", "properties": { "shapeName": "Opava", "shapeISO": "", "shapeID": "57006924B13474079400168", "shapeGroup": "CZE", "shapeType": "ADM2" }, "geometry": { "type": "Polygon", "coordinates": [ [ [ 18.049656641420995, 49.80866017539546 ], [ 18.050707538103552, 49.817137479210146 ], [ 18.050707538103552, 49.81949999772695 ], [ 18.056810216935162, 49.82488085856329 ], [ 18.063726587056067, 49.826718088996699 ], [ 18.064133432251651, 49.837215208498151 ], [ 18.059251289006795, 49.839183165018369 ], [ 18.059454711604644, 49.853874706726003 ], [ 18.065964235631668, 49.857415750328698 ], [ 18.067184771218194, 49.866463903328736 ], [ 18.072677182256541, 49.868037322553846 ], [ 18.084475695622302, 49.868168438460941 ], [ 18.087933880682783, 49.884292983811292 ], [ 18.099325547954663, 49.883244396792634 ], [ 18.10115635133468, 49.880622829020012 ], [ 18.124956799765755, 49.879443077339658 ], [ 18.126584181446219, 49.876296931346872 ], [ 18.13431424105994, 49.871315114035838 ], [ 18.151198320268463, 49.870397355005252 ], [ 18.152622278452895, 49.866988382484465 ], [ 18.163810523127097, 49.865546052116599 ], [ 18.16442079092036, 49.858464898258831 ], [ 18.176015881688443, 49.858071470454547 ], [ 18.177439839872875, 49.860300852901389 ], [ 18.185983590775891, 49.861087669001279 ], [ 18.191272579216331, 49.857546895065923 ], [ 18.198799216232203, 49.8571534597869 ], [ 18.202664246488212, 49.857809183472 ], [ 18.204088204672644, 49.860563126358386 ], [ 18.209580616609117, 49.861349938187232 ], [ 18.210394307000286, 49.867906206290741 ], [ 18.213649068564735, 49.868955126429057 ], [ 18.221785974272336, 49.868955126429057 ], [ 18.224837314137233, 49.86121880377226 ], [ 18.235211868420265, 49.8616122059492 ], [ 18.23724609439796, 49.863841425024532 ], [ 18.242331660240723, 49.864890433430332 ], [ 18.243755619323451, 49.867643972697181 ], [ 18.248637762568308, 49.868824012657512 ], [ 18.25006172075274, 49.871315114035838 ], [ 18.254740441399747, 49.872232855626805 ], [ 18.263487614900669, 49.879967414978751 ], [ 18.279354580222048, 49.880491746923553 ], [ 18.289525711907345, 49.885865822212679 ], [ 18.291153092689513, 49.891501404168594 ], [ 18.302748183457538, 49.894253426277828 ], [ 18.307630326702451, 49.901591384872177 ], [ 18.313326160338477, 49.906177041804938 ], [ 18.317394613192164, 49.906570077781339 ], [ 18.31922541657201, 49.909190236360871 ], [ 18.319177809610437, 49.910222787134273 ], [ 18.318750176631795, 49.919497749185609 ], [ 18.307317826396968, 49.919665041735925 ], [ 18.305110862432514, 49.923394965087425 ], [ 18.300696934503378, 49.923217356233408 ], [ 18.299317582025651, 49.927657381281506 ], [ 18.294627783601186, 49.928367747337404 ], [ 18.292420819636732, 49.931741843131817 ], [ 18.287731021212096, 49.932984871512701 ], [ 18.28966211468105, 49.955708880292605 ], [ 18.28248948179646, 49.959613489789149 ], [ 18.28000664733645, 49.966534519355264 ], [ 18.267868345531724, 49.96759920481918 ], [ 18.258212878187123, 49.971147986279846 ], [ 18.237798461515695, 49.970438250921006 ], [ 18.235591497551241, 49.96759920481918 ], [ 18.218211656330823, 49.968663866732641 ], [ 18.218763397321993, 49.993321942279238 ], [ 18.207452707003995, 49.993853991635433 ], [ 18.206073354526211, 49.996514150116639 ], [ 18.202211167588302, 49.998287507346276 ], [ 18.174624118032284, 49.997578172303122 ], [ 18.171865413076603, 49.986759516199129 ], [ 18.154209701360685, 49.986227388352461 ], [ 18.153106219378628, 49.990484246293477 ], [ 18.14179552906063, 49.991016327045372 ], [ 18.138485083113892, 49.994740727480689 ], [ 18.108415199097692, 49.997046164153232 ], [ 18.108966940088749, 50.003607186605507 ], [ 18.101518436708602, 50.005557588181716 ], [ 18.103173659682056, 50.019385438383495 ], [ 18.096276897292967, 50.024348311537324 ], [ 18.09572515630191, 50.030019538780039 ], [ 18.091862969364001, 50.031082819339588 ], [ 18.091035357877274, 50.042777351811253 ], [ 18.072552034674857, 50.044371840097369 ], [ 18.070620941205902, 50.052166353762289 ], [ 18.066207013276937, 50.051989219782286 ], [ 18.063172437825756, 50.056063135905674 ], [ 18.053516970481155, 50.05694872407787 ], [ 18.052137618003258, 50.060313810062496 ], [ 18.02786101439392, 50.060845117852807 ], [ 18.025378179933909, 50.058365631154857 ], [ 18.020688381509444, 50.05783429590457 ], [ 18.01875728804049, 50.053583402065328 ], [ 18.012964007633627, 50.051989219782286 ], [ 18.012964007633627, 50.041005636041973 ], [ 18.007170727226992, 50.039233854884458 ], [ 18.004687892766981, 50.036398869023117 ], [ 18.008825950200219, 50.031614450791551 ], [ 18.024550568447182, 50.032500490132975 ], [ 18.02786101439392, 50.035690096401879 ], [ 18.050482395029974, 50.035690096401879 ], [ 18.049378913047747, 50.014422052517432 ], [ 18.043861503136554, 50.013003848096332 ], [ 18.04137866867643, 50.009812735113258 ], [ 18.010757043669173, 50.010344601992131 ], [ 18.007170727226992, 50.01495386838468 ], [ 17.997791130377891, 50.014067505336129 ], [ 17.996963518891164, 50.011053748674669 ], [ 17.991170238484472, 50.010167313686509 ], [ 17.989515015511017, 50.00662141023156 ], [ 17.985376958077609, 50.006266805497717 ], [ 17.9815147711397, 50.002543297844568 ], [ 17.959445131494874, 50.003252559634689 ], [ 17.955858815052636, 49.999351490289428 ], [ 17.951444887123671, 49.998464839471922 ], [ 17.949513793654717, 49.995450104383906 ], [ 17.943168772256854, 49.993499292718639 ], [ 17.942065290274627, 49.986759516199129 ], [ 17.937651362345662, 49.98551787539958 ], [ 17.935720268876707, 49.982147545950056 ], [ 17.931306340947799, 49.981260577900684 ], [ 17.928547635992118, 49.978599575633439 ], [ 17.892684471569225, 49.97842217024936 ], [ 17.886615320666863, 49.975051343663495 ], [ 17.864821551517707, 49.975228761476217 ], [ 17.862338717057526, 49.978954384439419 ], [ 17.858752400615288, 49.978776980363421 ], [ 17.85764891863306, 49.982857108615576 ], [ 17.845234746332835, 49.983921432990201 ], [ 17.843303652863881, 49.988001124947971 ], [ 17.832268833041496, 49.98871060127135 ], [ 17.832544703537053, 50.005912198147826 ], [ 17.827854905112588, 50.006266805497717 ], [ 17.825372070652406, 50.009635444845628 ], [ 17.802474819520853, 50.009990024727017 ], [ 17.799164373574115, 50.014067505336129 ], [ 17.796129798122934, 50.014599325127222 ], [ 17.794474575149707, 50.018321898860393 ], [ 17.783439755327151, 50.019739946326126 ], [ 17.780956920867197, 50.032323283572453 ], [ 17.776818863433732, 50.033209309835456 ], [ 17.776356909449873, 50.039958855252792 ], [ 17.764517317748016, 50.040249453760566 ], [ 17.754664034264863, 50.03249159908421 ], [ 17.742665277439016, 50.031368648129785 ], [ 17.738453793029123, 50.028408014568527 ], [ 17.723356019152845, 50.028918481333562 ], [ 17.720654312579711, 50.032848896468579 ], [ 17.704126223142055, 50.032848896468579 ], [ 17.700232586934078, 50.029224759019257 ], [ 17.683625036119508, 50.029326851531664 ], [ 17.682989339715391, 50.026468190110847 ], [ 17.67671184513631, 50.023660410795117 ], [ 17.675917225080298, 50.018197532960414 ], [ 17.673851214013041, 50.016206236606081 ], [ 17.67003703918175, 50.015899875906825 ], [ 17.668209414041314, 50.009159446903254 ], [ 17.663441696400696, 50.007218845134901 ], [ 17.661772994912042, 50.004563157967652 ], [ 17.657720435052283, 50.004409940747564 ], [ 17.652634868311395, 50.000221814674774 ], [ 17.648741232103475, 49.999506732420912 ], [ 17.647549302468633, 49.995982242696869 ], [ 17.641907503395373, 49.994654107061763 ], [ 17.63419969235639, 49.988012878040649 ], [ 17.622439321457364, 49.98673561378007 ], [ 17.62148577774974, 49.975749738425975 ], [ 17.627127577721296, 49.974063312681324 ], [ 17.628319506457615, 49.971201363259127 ], [ 17.631656909434923, 49.970383631914842 ], [ 17.652714330586377, 49.970332523641673 ], [ 17.654144646148211, 49.977691610481656 ], [ 17.656687429069507, 49.979224612161886 ], [ 17.666938023029786, 49.977947114538836 ], [ 17.666938023029786, 49.962614494333536 ], [ 17.671705740670404, 49.960825370442194 ], [ 17.672261974799369, 49.958422727986033 ], [ 17.679016242130785, 49.95658232486511 ], [ 17.681479562776872, 49.952543416281856 ], [ 17.711357262327056, 49.951418596902329 ], [ 17.710721566821405, 49.93981096931401 ], [ 17.692951884388322, 49.939724668429847 ], [ 17.685750643219478, 49.935089776709674 ], [ 17.683267457229135, 49.927337322474102 ], [ 17.671348161779974, 49.926697889305672 ], [ 17.669858250185712, 49.923580530845584 ], [ 17.653965857151945, 49.915026741603697 ], [ 17.638197622968733, 49.914467095449709 ], [ 17.636583551625847, 49.911268990596795 ], [ 17.630872222949506, 49.909989688924725 ], [ 17.62950647020557, 49.907031174885617 ], [ 17.62454009732636, 49.906231544845582 ], [ 17.621932751587224, 49.902633047937854 ], [ 17.610510093336359, 49.901193573550358 ], [ 17.609640978688901, 49.898794355090502 ], [ 17.604053808862886, 49.89679491436857 ], [ 17.60268805611895, 49.88391653473667 ], [ 17.603681330515144, 49.881916477561163 ], [ 17.608523544544028, 49.881036426825062 ], [ 17.609268500341159, 49.876635930198574 ], [ 17.608647703394354, 49.873515334771184 ], [ 17.60268805611895, 49.872475091482158 ], [ 17.601322303375127, 49.852466056047945 ], [ 17.594121063104581, 49.85038464039053 ], [ 17.593500266157719, 49.848623372423503 ], [ 17.580711856061328, 49.84710222592247 ], [ 17.578104510322191, 49.818511783896724 ], [ 17.573138137442868, 49.816028342449215 ], [ 17.572144863046788, 49.810660470066694 ], [ 17.552403530380445, 49.80032363566653 ], [ 17.552155211781326, 49.794793725368152 ], [ 17.546319723356419, 49.792549523438765 ], [ 17.545326448960168, 49.790144906009175 ], [ 17.538373526390387, 49.78830128528449 ], [ 17.537201287826747, 49.785516621265799 ], [ 17.525696451052795, 49.785373729786727 ], [ 17.52586447527915, 49.775283727057172 ], [ 17.527222467477316, 49.772652732892425 ], [ 17.530714448057211, 49.771775703483684 ], [ 17.532460438796249, 49.759620944142284 ], [ 17.536146418646467, 49.758869003176414 ], [ 17.538280407028026, 49.755485125107839 ], [ 17.54293638143389, 49.754482449242289 ], [ 17.545846365998841, 49.750847575518151 ], [ 17.554188320254923, 49.750471538469924 ], [ 17.557098304820045, 49.74733778341357 ], [ 17.568738241283597, 49.745206714261485 ], [ 17.569902235109566, 49.742574088164076 ], [ 17.574752208785924, 49.741069665921998 ], [ 17.575334205698823, 49.738186060343878 ], [ 17.581542171573346, 49.737057645992081 ], [ 17.588332134360712, 49.729534214217779 ], [ 17.59163011656841, 49.728656404212472 ], [ 17.613551997297577, 49.729785013911851 ], [ 17.614909989495743, 49.736806883877364 ], [ 17.676795652562532, 49.735803821879415 ], [ 17.679123639316117, 49.727653173754447 ], [ 17.694255557257918, 49.727151551040606 ], [ 17.697747537837813, 49.725521240550279 ], [ 17.697747537837813, 49.722385873823498 ], [ 17.697702909925056, 49.721866484979387 ], [ 17.716077302782423, 49.721621555653655 ], [ 17.71912864264732, 49.717939048590324 ], [ 17.728486083941505, 49.718202094029607 ], [ 17.738453793029123, 49.725040777052868 ], [ 17.742725668480546, 49.725829793679964 ], [ 17.744556471860562, 49.729643193848972 ], [ 17.768560342889373, 49.729511702298339 ], [ 17.771204837558798, 49.744105092747986 ], [ 17.776493825999296, 49.746865510816008 ], [ 17.777714361585822, 49.749625771233013 ], [ 17.782799927428584, 49.750677258276085 ], [ 17.785851267293481, 49.754225857382892 ], [ 17.795412131185344, 49.754225857382892 ], [ 17.798870315347642, 49.75002008190819 ], [ 17.808431179239506, 49.75002008190819 ], [ 17.812906477288834, 49.753437302370514 ], [ 17.827756329621366, 49.753963007136633 ], [ 17.83121451468179, 49.757117116647066 ], [ 17.834265854546629, 49.757511365839321 ], [ 17.841385646367144, 49.757642781524396 ], [ 17.844030141036399, 49.753963007136633 ], [ 17.861931332335473, 49.753437302370514 ], [ 17.863965559211522, 49.75619718881984 ], [ 17.868237434663115, 49.756722864249582 ], [ 17.870678505836395, 49.761059464910545 ], [ 17.886748893755453, 49.761059464910545 ], [ 17.895902912451902, 49.765789860197401 ], [ 17.903632972963976, 49.772621838051975 ], [ 17.908515116208662, 49.773935569326852 ], [ 17.910345919588678, 49.776825653360447 ], [ 17.920313628676297, 49.777351104561603 ], [ 17.923975236334627, 49.780766399068852 ], [ 17.935163481008658, 49.781291807537798 ], [ 17.937604553080405, 49.785363531150438 ], [ 17.9485893751567, 49.785626211170609 ], [ 17.950827024630428, 49.789303582476009 ], [ 17.955709167875341, 49.789697569924385 ], [ 17.95835366164647, 49.793243313328844 ], [ 17.963235804891383, 49.794031220927423 ], [ 17.965880299560638, 49.809261584579417 ], [ 17.970559020207816, 49.810443050802405 ], [ 17.971982978392248, 49.813593485440549 ], [ 17.97706854423501, 49.814512323411805 ], [ 17.978289079821593, 49.817137479210146 ], [ 17.981950687479696, 49.81831875259752 ], [ 17.988256788909041, 49.81831875259752 ], [ 17.991918396567371, 49.814643584554915 ], [ 17.995376581627795, 49.814512323411805 ], [ 17.998224497996659, 49.806636001541165 ], [ 18.007378516692938, 49.805454442971268 ], [ 18.011650392144531, 49.800727919711505 ], [ 18.027517357465911, 49.800859218239111 ], [ 18.029551584341959, 49.796657487590949 ], [ 18.034026882391231, 49.796263556758106 ], [ 18.041146674211689, 49.796394867391712 ], [ 18.042163787200536, 49.79849578968566 ], [ 18.048673312125857, 49.800727919711505 ], [ 18.049656641420995, 49.80866017539546 ] ] ] } },
{ "type": "Feature", "properties": { "shapeName": "Karviná", "shapeISO": "", "shapeID": "57006924B63031935780571", "shapeGroup": "CZE", "shapeType": "ADM2" }, "geometry": { "type": "Polygon", "coordinates": [ [ [ 18.319177809610437, 49.910222787134273 ], [ 18.330169553949361, 49.90982953324243 ], [ 18.329648792494254, 49.898006407440448 ], [ 18.32313926846723, 49.896245268461996 ], [ 18.322488315974624, 49.893393764280404 ], [ 18.317671267350249, 49.891884076135966 ], [ 18.315848600910101, 49.885257663960886 ], [ 18.304131456942628, 49.884167154594877 ], [ 18.301918219186746, 49.879385399596913 ], [ 18.302569171679352, 49.873176800328224 ], [ 18.304391838119329, 49.872002110949779 ], [ 18.313505172116663, 49.872253832466299 ], [ 18.315978791049304, 49.875442192798459 ], [ 18.328216697369953, 49.876365099725547 ], [ 18.329518602355051, 49.879049820373439 ], [ 18.340584792931566, 49.879301505154558 ], [ 18.340064031476629, 49.845899852630907 ], [ 18.350349079421278, 49.844892408774172 ], [ 18.354384984515889, 49.840694501104906 ], [ 18.364539843219632, 49.840442615134293 ], [ 18.365320985851497, 49.819867490033914 ], [ 18.370007843438486, 49.818691503899174 ], [ 18.370788986070124, 49.811466964249632 ], [ 18.373783367356168, 49.81020675951703 ], [ 18.381724987405732, 49.810962886526056 ], [ 18.383938225161842, 49.814071283154135 ], [ 18.386932606447886, 49.814827349789198 ], [ 18.401253560385271, 49.813567232554988 ], [ 18.402815845648718, 49.802140673033307 ], [ 18.396957274114186, 49.801216348270486 ], [ 18.395525178989885, 49.79970377851248 ], [ 18.395134606775855, 49.793484939595601 ], [ 18.398779940554334, 49.793064719528843 ], [ 18.403076226825419, 49.784323303748806 ], [ 18.411148037014243, 49.783987064280041 ], [ 18.413621655946827, 49.780288272619487 ], [ 18.41310089449189, 49.772133120512137 ], [ 18.407763084412466, 49.771292305096779 ], [ 18.405940417972261, 49.767928898148625 ], [ 18.40554984575806, 49.759687564024887 ], [ 18.405276631342531, 49.753881343195076 ], [ 18.404378131810518, 49.734786865011756 ], [ 18.404638512987219, 49.733777107388619 ], [ 18.421172704680657, 49.732935626750589 ], [ 18.431197372347128, 49.740760832899753 ], [ 18.45437127820685, 49.740760832899753 ], [ 18.456844898037957, 49.743873735898035 ], [ 18.473639470907926, 49.744041995376392 ], [ 18.476113089840737, 49.736638032077963 ], [ 18.479888613758419, 49.735712457371449 ], [ 18.482362233589356, 49.732683179830303 ], [ 18.493949186519274, 49.730831861324873 ], [ 18.494730329151082, 49.727802279144896 ], [ 18.499677567914659, 49.726792376785284 ], [ 18.501239854076402, 49.718375703424726 ], [ 18.518424998262503, 49.718880744775163 ], [ 18.519987283525779, 49.720985028162886 ], [ 18.525715664921336, 49.72182671598398 ], [ 18.528449665030678, 49.72586661430546 ], [ 18.543291381321467, 49.72569829179929 ], [ 18.546415952746713, 49.723173385916368 ], [ 18.546546142885916, 49.709789193872609 ], [ 18.549149952856055, 49.709284057388516 ], [ 18.56060671564677, 49.708947297395127 ], [ 18.563731287071846, 49.709620815628284 ], [ 18.566465287181131, 49.71281990013955 ], [ 18.573886144877463, 49.71281990013955 ], [ 18.578442812325306, 49.710883637362429 ], [ 18.58000509848705, 49.708105386325542 ], [ 18.589509003800117, 49.708442152736779 ], [ 18.594034425147299, 49.711971321493479 ], [ 18.600783499317913, 49.711917442707033 ], [ 18.605866136652935, 49.716496902951462 ], [ 18.610615485542553, 49.717035634420313 ], [ 18.612031958065643, 49.719783072817847 ], [ 18.631225041391133, 49.720669162877471 ], [ 18.633672622645292, 49.749915520951447 ], [ 18.62181019133601, 49.750806747028207 ], [ 18.619879097867056, 49.758470615309761 ], [ 18.61408581746042, 49.758827044824272 ], [ 18.615465169938147, 49.775398123901709 ], [ 18.610775371513682, 49.776645180190712 ], [ 18.609947760026955, 49.784126844013429 ], [ 18.60470622061132, 49.785195558824455 ], [ 18.603050997637865, 49.788935875001414 ], [ 18.5983611992134, 49.790182582881982 ], [ 18.598637069708957, 49.799977028257786 ], [ 18.595602494257776, 49.802647896839062 ], [ 18.585395285922118, 49.803538153624459 ], [ 18.586498767904345, 49.818492019961695 ], [ 18.580705487497482, 49.819915956747934 ], [ 18.58180896947971, 49.840380417439349 ], [ 18.588981602364356, 49.842871151891586 ], [ 18.588981602364356, 49.847674348834175 ], [ 18.594774882771219, 49.849275308427366 ], [ 18.59753358772673, 49.857279311010018 ], [ 18.603050997637865, 49.858168562802234 ], [ 18.603602738629093, 49.869371733239291 ], [ 18.600844033673582, 49.870616369582422 ], [ 18.577670912046301, 49.871327575949636 ], [ 18.577395041550801, 49.883238725765978 ], [ 18.571601761144109, 49.884483004732033 ], [ 18.57408459560412, 49.900478020312335 ], [ 18.579326135019755, 49.901366476853923 ], [ 18.580705487497482, 49.917711157192684 ], [ 18.575463948081847, 49.918954547426836 ], [ 18.573532854613063, 49.921618847100376 ], [ 18.55063560348151, 49.922506914273413 ], [ 18.548704510012556, 49.919132171985666 ], [ 18.542083618119136, 49.916823001680029 ], [ 18.539600783658955, 49.902254917034213 ], [ 18.505944583200574, 49.902077230306986 ], [ 18.488564741980326, 49.909539509387514 ], [ 18.488840612475826, 49.915224280531106 ], [ 18.470357289273181, 49.91700063409138 ], [ 18.46759858431767, 49.924105393960303 ], [ 18.444977203681617, 49.924638208744284 ], [ 18.442494369221663, 49.929610862743402 ], [ 18.438632182283754, 49.931209106868039 ], [ 18.436976959310471, 49.93618108298557 ], [ 18.409389909754452, 49.937779109224209 ], [ 18.404424240834317, 49.935470832090175 ], [ 18.379595896233752, 49.934938137048107 ], [ 18.376837191278241, 49.939021981880217 ], [ 18.36662998294247, 49.939554631775422 ], [ 18.365250630464743, 49.943105480591839 ], [ 18.352284717173234, 49.94860877905478 ], [ 18.34290512032436, 49.94772119279753 ], [ 18.340146415368679, 49.944348215848379 ], [ 18.341249897350906, 49.940087275782162 ], [ 18.347043177757769, 49.939377082464716 ], [ 18.345387954784314, 49.927302194327694 ], [ 18.333801393970759, 49.926769408989173 ], [ 18.331594430006305, 49.919309795890058 ], [ 18.318750176631795, 49.919497749185609 ], [ 18.319177809610437, 49.910222787134273 ] ] ] } },
{ "type": "Feature", "properties": { "shapeName": "Frýdek-Místek", "shapeISO": "", "shapeID": "57006924B91865699855455", "shapeGroup": "CZE", "shapeType": "ADM2" }, "geometry": { "type": "Polygon", "coordinates": [ [ [ 18.293872070727957, 49.489603392742197 ], [ 18.298707531665173, 49.489514912450488 ], [ 18.300258283458675, 49.486593515854963 ], [ 18.299172757472775, 49.475107716217678 ], [ 18.299793057651073, 49.473193154060141 ], [ 18.304445311235042, 49.472387000666345 ], [ 18.305840986860971, 49.460091512456358 ], [ 18.316231019116515, 49.459587533238903 ], [ 18.317316545102415, 49.456563548505869 ], [ 18.322278948326414, 49.455253097076536 ], [ 18.323984774490611, 49.45172478539979 ], [ 18.335460332732055, 49.450313389147254 ], [ 18.335770482372254, 49.444163261101664 ], [ 18.338406759253303, 49.442247490205432 ], [ 18.360272349750119, 49.441339993133283 ], [ 18.361512950106942, 49.43488619911443 ], [ 18.365699977883367, 49.432869213871641 ], [ 18.367405804047621, 49.429944438908763 ], [ 18.372368208169917, 49.428330695134264 ], [ 18.37252328254084, 49.41804183000994 ], [ 18.365544902614147, 49.414712617720056 ], [ 18.365389828243167, 49.404219077448147 ], [ 18.382137939348638, 49.403109052590708 ], [ 18.385859742215757, 49.398870544667034 ], [ 18.399661426799923, 49.398466858360621 ], [ 18.403166799462269, 49.396981836685029 ], [ 18.409665780249952, 49.398215463292104 ], [ 18.414079708178917, 49.397676852549978 ], [ 18.416286672143372, 49.394445064049876 ], [ 18.448839390619526, 49.393726859948913 ], [ 18.449115261115026, 49.397497314323232 ], [ 18.454632671026388, 49.39785639012041 ], [ 18.455460282512945, 49.404139791603257 ], [ 18.458494857964126, 49.406114408880228 ], [ 18.4670468433265, 49.40629391560384 ], [ 18.472012512246636, 49.417422050752691 ], [ 18.482495591077964, 49.418498833178376 ], [ 18.482771461573464, 49.423344061735406 ], [ 18.489668223962553, 49.428188811896121 ], [ 18.491323446935837, 49.433750712881249 ], [ 18.503737619236063, 49.436441728903333 ], [ 18.505116971714017, 49.441643941232712 ], [ 18.509806770138482, 49.442182069632338 ], [ 18.512841345589663, 49.446307524503197 ], [ 18.52084158996098, 49.447204316587488 ], [ 18.524427906403218, 49.449356550662571 ], [ 18.526358999872173, 49.453660735360131 ], [ 18.530497057305581, 49.45419873187393 ], [ 18.531600539287808, 49.458502491401191 ], [ 18.53766969019, 49.459578372232556 ], [ 18.538497301676728, 49.462447272308964 ], [ 18.543462970596863, 49.462805873008676 ], [ 18.545394064065817, 49.470694424444218 ], [ 18.537945560685728, 49.473562673687695 ], [ 18.538773172172228, 49.48019485680453 ], [ 18.532704021270035, 49.481628724256325 ], [ 18.535186855730046, 49.492381391872527 ], [ 18.541807747623409, 49.492918963261332 ], [ 18.540980136136909, 49.497219321833313 ], [ 18.546497546048045, 49.497219321833313 ], [ 18.548980380508056, 49.501160985269337 ], [ 18.554773660914918, 49.502056773591278 ], [ 18.555325401905918, 49.504744040163871 ], [ 18.561394552808338, 49.505281475768015 ], [ 18.566360221728473, 49.509580748076473 ], [ 18.573532854613063, 49.509222489814647 ], [ 18.576015689073074, 49.504744040163871 ], [ 18.587050508895402, 49.504744040163871 ], [ 18.590360954842083, 49.508864228929156 ], [ 18.5978094582224, 49.508685097502337 ], [ 18.600844033673582, 49.507968565236297 ], [ 18.601119904169082, 49.504564893650809 ], [ 18.604154479620092, 49.504564893650809 ], [ 18.608016666558001, 49.500086017636534 ], [ 18.620706709353783, 49.498294352438506 ], [ 18.638638291565258, 49.499369359428954 ], [ 18.641948737512109, 49.503131697930996 ], [ 18.664018377156822, 49.503131697930996 ], [ 18.664845988643549, 49.505102331222588 ], [ 18.67505319697932, 49.5065354692195 ], [ 18.683605182341694, 49.5063563292656 ], [ 18.683881052837194, 49.502952545514177 ], [ 18.701536764553111, 49.501877617238733 ], [ 18.708157656446531, 49.505818905468573 ], [ 18.716433771313348, 49.505460619657413 ], [ 18.716709641808905, 49.50241508432822 ], [ 18.730227296091414, 49.500444342804656 ], [ 18.731054907578084, 49.496860973050332 ], [ 18.735192965011549, 49.496860973050332 ], [ 18.736848187984776, 49.493456528746265 ], [ 18.754503899700694, 49.492739773454332 ], [ 18.756159122674148, 49.49614426761309 ], [ 18.761952403081011, 49.496860973050332 ], [ 18.762228273576511, 49.499548524964837 ], [ 18.76912503596543, 49.499906854068684 ], [ 18.770228517947714, 49.503848301038374 ], [ 18.77574592785885, 49.505281475768015 ], [ 18.778504632814531, 49.508505965419829 ], [ 18.789539452636859, 49.509759876223654 ], [ 18.791470546105813, 49.511730242550243 ], [ 18.802229495432812, 49.512446719718696 ], [ 18.802505365928369, 49.516387156554572 ], [ 18.808333130147105, 49.51766325270188 ], [ 18.813074654289494, 49.521580883709589 ], [ 18.822557702574443, 49.521021241352571 ], [ 18.822988750223715, 49.516823719509944 ], [ 18.828592369664761, 49.515144609890399 ], [ 18.840661703845512, 49.518502771482076 ], [ 18.840661703845512, 49.524938603345618 ], [ 18.836782275001781, 49.530814057879695 ], [ 18.837644370300382, 49.53696853859924 ], [ 18.85747256216888, 49.53696853859924 ], [ 18.858334657467481, 49.553749547295126 ], [ 18.856610466870052, 49.558223509524396 ], [ 18.851437895078391, 49.5601807391227 ], [ 18.851437895078391, 49.5624174768937 ], [ 18.839799608546912, 49.564654112206597 ], [ 18.840661703845512, 49.575276730786356 ], [ 18.834506343413295, 49.57581339121856 ], [ 18.834782213909023, 49.595844491571711 ], [ 18.830368285979887, 49.597096162272862 ], [ 18.82871306300666, 49.605141849732263 ], [ 18.824299135077695, 49.606214507755965 ], [ 18.824299135077695, 49.617475992147945 ], [ 18.818505854670832, 49.618548378773824 ], [ 18.819333466157559, 49.634274004776955 ], [ 18.817126502193105, 49.635703355434885 ], [ 18.813816056246196, 49.635346021703242 ], [ 18.813816056246196, 49.648208384320526 ], [ 18.808298646335061, 49.648565623669242 ], [ 18.810505610299515, 49.676243698867722 ], [ 18.808574516830731, 49.681955921367205 ], [ 18.790642934619314, 49.683383872145271 ], [ 18.787608359168075, 49.686239647887362 ], [ 18.767469812992204, 49.686418128301455 ], [ 18.763055885063068, 49.684097831807321 ], [ 18.720020087755756, 49.684633294673517 ], [ 18.719468346764586, 49.68909525588009 ], [ 18.715054418835621, 49.69444906873872 ], [ 18.713950936853394, 49.705690156236926 ], [ 18.708157656446531, 49.706582194652469 ], [ 18.70484721049985, 49.708901417875552 ], [ 18.692984779190738, 49.709793397323892 ], [ 18.688294980766159, 49.706582194652469 ], [ 18.671742751032639, 49.706403788279772 ], [ 18.66815643459023, 49.710150184517147 ], [ 18.644155701476393, 49.711042141034284 ], [ 18.643052219494166, 49.715501677929979 ], [ 18.63753480958303, 49.716036794840591 ], [ 18.636155457105247, 49.719960805350354 ], [ 18.631225041391133, 49.720669162877471 ], [ 18.612031958065643, 49.719783072817847 ], [ 18.610615485542553, 49.717035634420313 ], [ 18.605866136652935, 49.716496902951462 ], [ 18.600783499317913, 49.711917442707033 ], [ 18.594034425147299, 49.711971321493479 ], [ 18.589509003800117, 49.708442152736779 ], [ 18.58000509848705, 49.708105386325542 ], [ 18.578442812325306, 49.710883637362429 ], [ 18.573886144877463, 49.71281990013955 ], [ 18.566465287181131, 49.71281990013955 ], [ 18.563731287071846, 49.709620815628284 ], [ 18.56060671564677, 49.708947297395127 ], [ 18.549149952856055, 49.709284057388516 ], [ 18.546546142885916, 49.709789193872609 ], [ 18.546415952746713, 49.723173385916368 ], [ 18.543291381321467, 49.72569829179929 ], [ 18.528449665030678, 49.72586661430546 ], [ 18.525715664921336, 49.72182671598398 ], [ 18.519987283525779, 49.720985028162886 ], [ 18.518424998262503, 49.718880744775163 ], [ 18.501239854076402, 49.718375703424726 ], [ 18.499677567914659, 49.726792376785284 ], [ 18.494730329151082, 49.727802279144896 ], [ 18.493949186519274, 49.730831861324873 ], [ 18.482362233589356, 49.732683179830303 ], [ 18.479888613758419, 49.735712457371449 ], [ 18.476113089840737, 49.736638032077963 ], [ 18.473639470907926, 49.744041995376392 ], [ 18.456844898037957, 49.743873735898035 ], [ 18.45437127820685, 49.740760832899753 ], [ 18.431197372347128, 49.740760832899753 ], [ 18.421172704680657, 49.732935626750589 ], [ 18.404638512987219, 49.733777107388619 ], [ 18.404378131810518, 49.734786865011756 ], [ 18.405276631342531, 49.753881343195076 ], [ 18.391879845211406, 49.75337947424299 ], [ 18.390447750087162, 49.747322935955196 ], [ 18.384328796477575, 49.745388049034659 ], [ 18.382506130037598, 49.74219111075962 ], [ 18.371179557385858, 49.74118150720119 ], [ 18.368315367137541, 49.738909822527603 ], [ 18.363498318512995, 49.738573267970025 ], [ 18.35204155572228, 49.738657406683103 ], [ 18.35217174675978, 49.750351299631973 ], [ 18.349047175334704, 49.751697178226891 ], [ 18.340194221615832, 49.751276595105139 ], [ 18.338631936352328, 49.743705476416494 ], [ 18.334596031257945, 49.74303243033313 ], [ 18.307646600582075, 49.744126124606566 ], [ 18.303871075766097, 49.747827676170857 ], [ 18.274187644980941, 49.748080044889662 ], [ 18.272755549856697, 49.737311166283575 ], [ 18.266246025829673, 49.734281988535997 ], [ 18.263772405998566, 49.723846706875349 ], [ 18.254919453177934, 49.724183364143641 ], [ 18.252966595700457, 49.729906175881581 ], [ 18.246066500357529, 49.735375880057347 ], [ 18.221330307437597, 49.736133175441125 ], [ 18.221200117298565, 49.729317093871032 ], [ 18.225236022392949, 49.727718121610962 ], [ 18.226277546201288, 49.724856671095722 ], [ 18.239036213977101, 49.718459877735086 ], [ 18.239687166469537, 49.711472942471516 ], [ 18.226407736340491, 49.710967824078352 ], [ 18.224585069900343, 49.707600232912057 ], [ 18.220288783629258, 49.707600232912057 ], [ 18.217164212204011, 49.702885212463684 ], [ 18.211305639771297, 49.701116961961532 ], [ 18.209873544647053, 49.699264439672049 ], [ 18.198937544209571, 49.697917106689431 ], [ 18.198521512774278, 49.694610819688819 ], [ 18.198026210540377, 49.690674551422092 ], [ 18.195943162923697, 49.659839511082509 ], [ 18.194120495585196, 49.656805500162704 ], [ 18.188652495366568, 49.65511985725368 ], [ 18.186569447749662, 49.64820810897902 ], [ 18.182924113971183, 49.647449442984964 ], [ 18.18175240002364, 49.640705223077475 ], [ 18.192167639005845, 49.639103333188984 ], [ 18.199979068018081, 49.634044388888697 ], [ 18.199718686841379, 49.620551301043633 ], [ 18.204796115744102, 49.616924396895797 ], [ 18.2046659256049, 49.603848430937774 ], [ 18.206488592045105, 49.601570322977921 ], [ 18.214560402233872, 49.600642174684765 ], [ 18.222632212422639, 49.595916781232745 ], [ 18.223283164915301, 49.585704992805461 ], [ 18.228751165133929, 49.582835180010193 ], [ 18.230313451295729, 49.579796370570023 ], [ 18.234739927706016, 49.579458713718054 ], [ 18.236692785183493, 49.575913172507228 ], [ 18.241509832909742, 49.572873931991239 ], [ 18.253096786737956, 49.569834502217077 ], [ 18.254398690824701, 49.566034948559206 ], [ 18.25244583424535, 49.562995092942742 ], [ 18.248409929150966, 49.56206621058152 ], [ 18.245285356827424, 49.550833778341541 ], [ 18.239036213977101, 49.548130852261579 ], [ 18.239556975432208, 49.537571115719174 ], [ 18.249972214414413, 49.535796856109016 ], [ 18.256221358163202, 49.531825660659706 ], [ 18.257132691832339, 49.528445665300239 ], [ 18.270281930924057, 49.527516125837565 ], [ 18.271844216187333, 49.524304852831506 ], [ 18.275880121281887, 49.523459745899856 ], [ 18.277312216406187, 49.519910137741533 ], [ 18.288768980095199, 49.517881674614273 ], [ 18.287857646425891, 49.504018257058988 ], [ 18.294236980313883, 49.50105909180661 ], [ 18.293872070727957, 49.489603392742197 ] ] ] } },
{ "type": "Feature", "properties": { "shapeName": "Ostrava-City", "shapeISO": "", "shapeID": "57006924B13920789422451", "shapeGroup": "CZE", "shapeType": "ADM2" }, "geometry": { "type": "Polygon", "coordinates": [ [ [ 18.198521512774278, 49.694610819688819 ], [ 18.198937544209571, 49.697917106689431 ], [ 18.209873544647053, 49.699264439672049 ], [ 18.211305639771297, 49.701116961961532 ], [ 18.217164212204011, 49.702885212463684 ], [ 18.220288783629258, 49.707600232912057 ], [ 18.224585069900343, 49.707600232912057 ], [ 18.226407736340491, 49.710967824078352 ], [ 18.239687166469537, 49.711472942471516 ], [ 18.239036213977101, 49.718459877735086 ], [ 18.226277546201288, 49.724856671095722 ], [ 18.225236022392949, 49.727718121610962 ], [ 18.221200117298565, 49.729317093871032 ], [ 18.221330307437597, 49.736133175441125 ], [ 18.246066500357529, 49.735375880057347 ], [ 18.252966595700457, 49.729906175881581 ], [ 18.254919453177934, 49.724183364143641 ], [ 18.263772405998566, 49.723846706875349 ], [ 18.266246025829673, 49.734281988535997 ], [ 18.272755549856697, 49.737311166283575 ], [ 18.274187644980941, 49.748080044889662 ], [ 18.303871075766097, 49.747827676170857 ], [ 18.307646600582075, 49.744126124606566 ], [ 18.334596031257945, 49.74303243033313 ], [ 18.338631936352328, 49.743705476416494 ], [ 18.340194221615832, 49.751276595105139 ], [ 18.349047175334704, 49.751697178226891 ], [ 18.35217174675978, 49.750351299631973 ], [ 18.35204155572228, 49.738657406683103 ], [ 18.363498318512995, 49.738573267970025 ], [ 18.368315367137541, 49.738909822527603 ], [ 18.371179557385858, 49.74118150720119 ], [ 18.382506130037598, 49.74219111075962 ], [ 18.384328796477575, 49.745388049034659 ], [ 18.390447750087162, 49.747322935955196 ], [ 18.391879845211406, 49.75337947424299 ], [ 18.405276631342531, 49.753881343195076 ], [ 18.40554984575806, 49.759687564024887 ], [ 18.405940417972261, 49.767928898148625 ], [ 18.407763084412466, 49.771292305096779 ], [ 18.41310089449189, 49.772133120512137 ], [ 18.413621655946827, 49.780288272619487 ], [ 18.411148037014243, 49.783987064280041 ], [ 18.403076226825419, 49.784323303748806 ], [ 18.398779940554334, 49.793064719528843 ], [ 18.395134606775855, 49.793484939595601 ], [ 18.395525178989885, 49.79970377851248 ], [ 18.396957274114186, 49.801216348270486 ], [ 18.402815845648718, 49.802140673033307 ], [ 18.401253560385271, 49.813567232554988 ], [ 18.386932606447886, 49.814827349789198 ], [ 18.383938225161842, 49.814071283154135 ], [ 18.381724987405732, 49.810962886526056 ], [ 18.373783367356168, 49.81020675951703 ], [ 18.370788986070124, 49.811466964249632 ], [ 18.370007843438486, 49.818691503899174 ], [ 18.365320985851497, 49.819867490033914 ], [ 18.364539843219632, 49.840442615134293 ], [ 18.354384984515889, 49.840694501104906 ], [ 18.350349079421278, 49.844892408774172 ], [ 18.340064031476629, 49.845899852630907 ], [ 18.340584792931566, 49.879301505154558 ], [ 18.329518602355051, 49.879049820373439 ], [ 18.328216697369953, 49.876365099725547 ], [ 18.315978791049304, 49.875442192798459 ], [ 18.313505172116663, 49.872253832466299 ], [ 18.304391838119329, 49.872002110949779 ], [ 18.302569171679352, 49.873176800328224 ], [ 18.301918219186746, 49.879385399596913 ], [ 18.304131456942628, 49.884167154594877 ], [ 18.315848600910101, 49.885257663960886 ], [ 18.317671267350249, 49.891884076135966 ], [ 18.322488315974624, 49.893393764280404 ], [ 18.32313926846723, 49.896245268461996 ], [ 18.329648792494254, 49.898006407440448 ], [ 18.330169553949361, 49.90982953324243 ], [ 18.319177809610437, 49.910222787134273 ], [ 18.31922541657201, 49.909190236360871 ], [ 18.317394613192164, 49.906570077781339 ], [ 18.313326160338477, 49.906177041804938 ], [ 18.307630326702451, 49.901591384872177 ], [ 18.302748183457538, 49.894253426277828 ], [ 18.291153092689513, 49.891501404168594 ], [ 18.289525711907345, 49.885865822212679 ], [ 18.279354580222048, 49.880491746923553 ], [ 18.263487614900669, 49.879967414978751 ], [ 18.254740441399747, 49.872232855626805 ], [ 18.25006172075274, 49.871315114035838 ], [ 18.248637762568308, 49.868824012657512 ], [ 18.243755619323451, 49.867643972697181 ], [ 18.242331660240723, 49.864890433430332 ], [ 18.23724609439796, 49.863841425024532 ], [ 18.235211868420265, 49.8616122059492 ], [ 18.224837314137233, 49.86121880377226 ], [ 18.221785974272336, 49.868955126429057 ], [ 18.213649068564735, 49.868955126429057 ], [ 18.210394307000286, 49.867906206290741 ], [ 18.209580616609117, 49.861349938187232 ], [ 18.204088204672644, 49.860563126358386 ], [ 18.202664246488212, 49.857809183472 ], [ 18.198799216232203, 49.8571534597869 ], [ 18.191272579216331, 49.857546895065923 ], [ 18.185983590775891, 49.861087669001279 ], [ 18.177439839872875, 49.860300852901389 ], [ 18.176015881688443, 49.858071470454547 ], [ 18.16442079092036, 49.858464898258831 ], [ 18.163810523127097, 49.865546052116599 ], [ 18.152622278452895, 49.866988382484465 ], [ 18.151198320268463, 49.870397355005252 ], [ 18.13431424105994, 49.871315114035838 ], [ 18.126584181446219, 49.876296931346872 ], [ 18.124956799765755, 49.879443077339658 ], [ 18.10115635133468, 49.880622829020012 ], [ 18.099325547954663, 49.883244396792634 ], [ 18.087933880682783, 49.884292983811292 ], [ 18.084475695622302, 49.868168438460941 ], [ 18.072677182256541, 49.868037322553846 ], [ 18.067184771218194, 49.866463903328736 ], [ 18.065964235631668, 49.857415750328698 ], [ 18.059454711604644, 49.853874706726003 ], [ 18.059251289006795, 49.839183165018369 ], [ 18.064133432251651, 49.837215208498151 ], [ 18.063726587056067, 49.826718088996699 ], [ 18.056810216935162, 49.82488085856329 ], [ 18.050707538103552, 49.81949999772695 ], [ 18.050707538103552, 49.817137479210146 ], [ 18.049656641420995, 49.80866017539546 ], [ 18.061954451748932, 49.808566806769761 ], [ 18.064051316353243, 49.804450654903633 ], [ 18.068681891792778, 49.803322881252086 ], [ 18.068594522546505, 49.794976537831985 ], [ 18.069468215907023, 49.791874489303154 ], [ 18.073836683607851, 49.790859230435274 ], [ 18.073749314361578, 49.777207570693236 ], [ 18.075933548211935, 49.774047960795258 ], [ 18.104940174787259, 49.772524504062403 ], [ 18.10607597678478, 49.76631733246063 ], [ 18.115337128561976, 49.764511460599124 ], [ 18.120317181884616, 49.76084307634909 ], [ 18.1429458454013, 49.760278685039395 ], [ 18.146790096726363, 49.764511460599124 ], [ 18.156313356242265, 49.76405998212266 ], [ 18.15937128435138, 49.755368202101295 ], [ 18.174660921304394, 49.754690855385491 ], [ 18.177194633037971, 49.751416878299608 ], [ 18.18226205560677, 49.749553999575255 ], [ 18.183223118213562, 49.743005130850065 ], [ 18.170467192095828, 49.742158229714221 ], [ 18.166186093641443, 49.737867036832824 ], [ 18.162254473069936, 49.736850646304447 ], [ 18.161206040318632, 49.734422515962478 ], [ 18.156171381104855, 49.733723699871121 ], [ 18.154533206166207, 49.73072361830873 ], [ 18.14211037535614, 49.728694046675855 ], [ 18.141973861077304, 49.723310857118406 ], [ 18.142792948546628, 49.72145748995257 ], [ 18.164498772771935, 49.72128097554662 ], [ 18.166819521799368, 49.720133613362009 ], [ 18.168184668180345, 49.717485750729168 ], [ 18.173235709071719, 49.715014282698235 ], [ 18.17487388401031, 49.70406769645723 ], [ 18.182791731942643, 49.703979407147528 ], [ 18.185385510426045, 49.702566762182755 ], [ 18.185931568439401, 49.696297654392538 ], [ 18.187706258555181, 49.695326311914982 ], [ 18.198521512774278, 49.694610819688819 ] ] ] } }
]
}
