{
"type": "FeatureCollection",
"crs": { "type": "name", "properties": { "name": "urn:ogc:def:crs:OGC:1.3:CRS84" } },
"features": [
{ "type": "Feature", "properties": { "shapeName": "District of Bardejov", "shapeISO": "", "shapeID": "56367889B18200948818921", "shapeGroup": "SVK", "shapeType": "ADM2" }, "geometry": { "type": "Polygon", "coordinates": [ [ [ 21.374183, 49.116332 ], [ 21.377405, 49.116126 ], [ 21.377343, 49.11884 ], [ 21.384808, 49.12144 ], [ 21.386367, 49.129086 ], [ 21.397303, 49.129051 ], [ 21.402874, 49.130712 ], [ 21.415137, 49.128807 ], [ 21.423164, 49.131436 ], [ 21.424334, 49.130378 ], [ 21.436738, 49.136128 ], [ 21.43929, 49.13742 ], [ 21.436474, 49.139462 ], [ 21.43626, 49.142177 ], [ 21.442123, 49.145116 ], [ 21.448098, 49.145774 ], [ 21.449538, 49.152905 ], [ 21.459987, 49.156223 ], [ 21.461888, 49.159132 ], [ 21.463948, 49.155279 ], [ 21.47218, 49.151642 ], [ 21.472536, 49.149871 ], [ 21.479136, 49.146706 ], [ 21.481129, 49.148239 ], [ 21.48397, 49.147236 ], [ 21.482421, 49.144541 ], [ 21.490089, 49.138974 ], [ 21.489835, 49.135946 ], [ 21.491948, 49.135701 ], [ 21.491884, 49.128485 ], [ 21.516422, 49.135541 ], [ 21.521209, 49.128169 ], [ 21.526019, 49.126231 ], [ 21.528172, 49.131356 ], [ 21.536384, 49.133749 ], [ 21.53629, 49.136871 ], [ 21.532146, 49.135137 ], [ 21.531922, 49.136931 ], [ 21.528878, 49.137614 ], [ 21.525258, 49.134323 ], [ 21.525166, 49.131009 ], [ 21.523211, 49.133813 ], [ 21.524073, 49.127211 ], [ 21.517961, 49.140852 ], [ 21.520593, 49.144117 ], [ 21.518275, 49.145076 ], [ 21.520457, 49.148254 ], [ 21.52468, 49.143693 ], [ 21.529018, 49.143171 ], [ 21.52918, 49.146044 ], [ 21.525327, 49.147207 ], [ 21.525488, 49.151511 ], [ 21.511539, 49.153868 ], [ 21.504574, 49.158979 ], [ 21.499317, 49.158354 ], [ 21.497525, 49.165585 ], [ 21.500668, 49.166414 ], [ 21.501242, 49.171297 ], [ 21.504342, 49.174725 ], [ 21.500675, 49.174538 ], [ 21.493169, 49.170668 ], [ 21.479349, 49.175473 ], [ 21.476602, 49.178017 ], [ 21.476378, 49.183002 ], [ 21.479506, 49.186192 ], [ 21.476051, 49.193557 ], [ 21.478902, 49.199169 ], [ 21.486932, 49.202577 ], [ 21.487731, 49.204707 ], [ 21.49058, 49.202938 ], [ 21.501134, 49.201744 ], [ 21.500471, 49.203209 ], [ 21.514338, 49.208131 ], [ 21.517139, 49.213509 ], [ 21.521042, 49.214294 ], [ 21.516626, 49.218951 ], [ 21.510537, 49.2212 ], [ 21.511921, 49.229261 ], [ 21.510371, 49.235245 ], [ 21.502756, 49.240474 ], [ 21.500522, 49.244128 ], [ 21.489995, 49.249317 ], [ 21.497401, 49.255074 ], [ 21.499504, 49.265249 ], [ 21.49559, 49.27024 ], [ 21.493903, 49.269519 ], [ 21.491778, 49.271319 ], [ 21.485087, 49.272431 ], [ 21.48146, 49.278025 ], [ 21.475205, 49.281698 ], [ 21.465528, 49.279781 ], [ 21.458561, 49.281946 ], [ 21.457403, 49.285966 ], [ 21.454538, 49.288118 ], [ 21.452599, 49.287808 ], [ 21.453513, 49.291627 ], [ 21.448527, 49.296513 ], [ 21.451649, 49.299903 ], [ 21.446867, 49.309813 ], [ 21.44567, 49.310427 ], [ 21.435243, 49.305943 ], [ 21.430197, 49.311035 ], [ 21.423169, 49.314756 ], [ 21.394503, 49.323848 ], [ 21.398278, 49.328486 ], [ 21.410872, 49.330172 ], [ 21.417106, 49.337725 ], [ 21.419393, 49.337288 ], [ 21.422174, 49.339039 ], [ 21.42389, 49.34456 ], [ 21.409148, 49.348391 ], [ 21.402123, 49.353154 ], [ 21.396079, 49.353637 ], [ 21.390315, 49.35607 ], [ 21.386633, 49.355667 ], [ 21.368938, 49.363214 ], [ 21.372373, 49.368515 ], [ 21.377769, 49.368058 ], [ 21.382749, 49.370097 ], [ 21.393902, 49.368033 ], [ 21.398357, 49.370004 ], [ 21.39879, 49.371832 ], [ 21.411754, 49.371805 ], [ 21.417421, 49.381272 ], [ 21.420055, 49.381457 ], [ 21.415344, 49.38494 ], [ 21.419568, 49.387982 ], [ 21.42706, 49.390309 ], [ 21.438104, 49.39817 ], [ 21.4448414, 49.4122501 ], [ 21.4340831, 49.412284 ], [ 21.4239626, 49.4167639 ], [ 21.4154788, 49.4227968 ], [ 21.4065337, 49.4266209 ], [ 21.4047734, 49.4317751 ], [ 21.4008018, 49.4337855 ], [ 21.3933943, 49.4345127 ], [ 21.3914912, 49.4327086 ], [ 21.3822512, 49.4346386 ], [ 21.3727513, 49.4326443 ], [ 21.3684956, 49.439118300000011 ], [ 21.3629107, 49.4421674 ], [ 21.3519715, 49.4448948 ], [ 21.344684, 49.4504234 ], [ 21.3370856, 49.451424599999989 ], [ 21.3165123, 49.4479065 ], [ 21.3118581, 49.4493783 ], [ 21.3071819, 49.4479956 ], [ 21.2775246, 49.4609398 ], [ 21.2673438, 49.4571872 ], [ 21.2659192, 49.4469846 ], [ 21.2585653, 49.446347 ], [ 21.2406693, 49.4341837 ], [ 21.2341018, 49.4375088 ], [ 21.2327486, 49.4365452 ], [ 21.2320903, 49.4330251 ], [ 21.2234581, 49.42551790000001 ], [ 21.2272548, 49.4169518 ], [ 21.2122994, 49.4079558 ], [ 21.2081942, 49.402482 ], [ 21.2018413, 49.4046371 ], [ 21.1921278, 49.4009926 ], [ 21.1835138, 49.4028385 ], [ 21.1800294, 49.4021684 ], [ 21.1814074, 49.4051489 ], [ 21.1794218, 49.4090281 ], [ 21.1701016, 49.4131594 ], [ 21.1647104, 49.4183401 ], [ 21.1552287, 49.4209919 ], [ 21.1553994, 49.4243535 ], [ 21.1522517, 49.4269582 ], [ 21.1240235, 49.4365799 ], [ 21.1189377, 49.4333156 ], [ 21.113728, 49.4239391 ], [ 21.102473, 49.426485 ], [ 21.0963873, 49.429488 ], [ 21.0817845, 49.4250173 ], [ 21.0726241, 49.4249582 ], [ 21.0637265, 49.4204774 ], [ 21.0610002, 49.4217847 ], [ 21.0557054, 49.4215277 ], [ 21.048728, 49.419392 ], [ 21.047217, 49.416945 ], [ 21.054315, 49.404219 ], [ 21.060204, 49.402281 ], [ 21.06723, 49.402083 ], [ 21.069009, 49.399858 ], [ 21.0679564, 49.395515900000014 ], [ 21.083385, 49.388884 ], [ 21.0893952, 49.3837847 ], [ 21.0942029, 49.3830713 ], [ 21.1041047, 49.3764011 ], [ 21.0941092, 49.3650563 ], [ 21.0874812, 49.3656863 ], [ 21.0828448, 49.3637844 ], [ 21.0789581, 49.3639247 ], [ 21.0753304, 49.3593162 ], [ 21.066206, 49.3655316 ], [ 21.054447, 49.3618332 ], [ 21.0489285, 49.3656484 ], [ 21.0438804, 49.3653591 ], [ 21.0355536, 49.3610335 ], [ 21.0337117, 49.3584272 ], [ 21.026587, 49.356491 ], [ 21.025071, 49.353498 ], [ 21.016251, 49.346899 ], [ 21.011312, 49.347564 ], [ 21.006952, 49.340167 ], [ 21.009107, 49.337065 ], [ 21.008091, 49.334852 ], [ 21.004069, 49.333141 ], [ 20.996699, 49.332897 ], [ 20.988197, 49.327052 ], [ 20.988336, 49.322772 ], [ 20.994, 49.315551 ], [ 20.994138, 49.31268 ], [ 20.986545, 49.306621 ], [ 20.990434, 49.299896 ], [ 20.999553, 49.294788 ], [ 21.006104, 49.285844 ], [ 21.00959, 49.283737 ], [ 21.015622, 49.283039 ], [ 21.011608, 49.278541 ], [ 20.990024, 49.277018 ], [ 20.990944, 49.273017 ], [ 20.995619, 49.269598 ], [ 20.998229, 49.258367 ], [ 21.004291, 49.255329 ], [ 21.003047, 49.241025 ], [ 20.998111, 49.235651 ], [ 20.992553, 49.232658 ], [ 20.994443, 49.230453 ], [ 21.000833, 49.229337 ], [ 21.005398, 49.222423 ], [ 21.016099, 49.218296 ], [ 21.021292, 49.214468 ], [ 21.028544, 49.214327 ], [ 21.03478, 49.218952 ], [ 21.048313, 49.216835 ], [ 21.056418, 49.222333 ], [ 21.064028, 49.217536 ], [ 21.077646, 49.212411 ], [ 21.088224, 49.216066 ], [ 21.092903, 49.215713 ], [ 21.102722, 49.219249 ], [ 21.111915, 49.219198 ], [ 21.118311, 49.221681 ], [ 21.124526, 49.216679 ], [ 21.1259, 49.212559 ], [ 21.130264, 49.212084 ], [ 21.139467, 49.207831 ], [ 21.141088, 49.201657 ], [ 21.146318, 49.198619 ], [ 21.15383, 49.198887 ], [ 21.161036, 49.196215 ], [ 21.167711, 49.196087 ], [ 21.168936, 49.189113 ], [ 21.174651, 49.185159 ], [ 21.179342, 49.184125 ], [ 21.184712, 49.177751 ], [ 21.189287, 49.176815 ], [ 21.194817, 49.177816 ], [ 21.199074, 49.176043 ], [ 21.208613, 49.164273 ], [ 21.218037, 49.162289 ], [ 21.228264, 49.157383 ], [ 21.241653, 49.153899 ], [ 21.245974, 49.155633 ], [ 21.251332, 49.151597 ], [ 21.263189, 49.151352 ], [ 21.263378, 49.153669 ], [ 21.266477, 49.155235 ], [ 21.278313, 49.151919 ], [ 21.285814, 49.147676 ], [ 21.290722, 49.147403 ], [ 21.295224, 49.142515 ], [ 21.293648, 49.139689 ], [ 21.294887, 49.127156 ], [ 21.306945, 49.122564 ], [ 21.310416, 49.119264 ], [ 21.310477, 49.127285 ], [ 21.317344, 49.130335 ], [ 21.317183, 49.132471 ], [ 21.328516, 49.128598 ], [ 21.332888, 49.124079 ], [ 21.337131, 49.125577 ], [ 21.341972, 49.124458 ], [ 21.346594, 49.121567 ], [ 21.351133, 49.113467 ], [ 21.35577, 49.112731 ], [ 21.374183, 49.116332 ] ] ] } },
{ "type": "Feature", "properties": { "shapeName": "District of Dolne Kub", "shapeISO": "", "shapeID": "56367889B88920022363437", "shapeGroup": "SVK", "shapeType": "ADM2" }, "geometry": { "type": "Polygon", "coordinates": [ [ [ 19.426239, 49.170993 ], [ 19.424203, 49.174501 ], [ 19.430036, 49.177486 ], [ 19.432326, 49.176782 ], [ 19.432902, 49.168478 ], [ 19.441074, 49.171718 ], [ 19.44628, 49.171677 ], [ 19.451055, 49.168825 ], [ 19.458215, 49.175163 ], [ 19.462721, 49.175947 ], [ 19.469282, 49.173491 ], [ 19.478145, 49.176613 ], [ 19.480105, 49.180744 ], [ 19.479132, 49.192087 ], [ 19.48643, 49.198883 ], [ 19.492378, 49.197469 ], [ 19.503518, 49.204685 ], [ 19.510212, 49.206892 ], [ 19.512013, 49.212223 ], [ 19.522807, 49.218954 ], [ 19.528936, 49.236117 ], [ 19.541512, 49.237553 ], [ 19.557881, 49.242461 ], [ 19.547831, 49.243493 ], [ 19.54497, 49.245031 ], [ 19.539483, 49.270762 ], [ 19.536522, 49.271538 ], [ 19.535367, 49.270372 ], [ 19.518933, 49.27527 ], [ 19.514489, 49.278593 ], [ 19.502688, 49.276325 ], [ 19.498458, 49.282557 ], [ 19.494349, 49.283513 ], [ 19.496701, 49.28677 ], [ 19.491585, 49.288347 ], [ 19.492058, 49.291463 ], [ 19.488137, 49.294246 ], [ 19.483377, 49.294553 ], [ 19.471467, 49.29199 ], [ 19.455961, 49.293669 ], [ 19.451876, 49.299835 ], [ 19.449702, 49.299628 ], [ 19.446071, 49.303186 ], [ 19.439772, 49.304381 ], [ 19.426732, 49.316299 ], [ 19.420215, 49.319135 ], [ 19.404434, 49.308411 ], [ 19.392387, 49.296969 ], [ 19.383208, 49.294387 ], [ 19.379657, 49.295773 ], [ 19.380638, 49.298217 ], [ 19.375944, 49.298861 ], [ 19.365642, 49.304 ], [ 19.357891, 49.300726 ], [ 19.351169, 49.304762 ], [ 19.339619, 49.307767 ], [ 19.317896, 49.303765 ], [ 19.307879, 49.304552 ], [ 19.304183, 49.303323 ], [ 19.303437, 49.308586 ], [ 19.291604, 49.305071 ], [ 19.28532, 49.304983 ], [ 19.276534, 49.300813 ], [ 19.26969, 49.300117 ], [ 19.267573, 49.296249 ], [ 19.256004, 49.287431 ], [ 19.256396, 49.282566 ], [ 19.246148, 49.279551 ], [ 19.247886, 49.289803 ], [ 19.242503, 49.297665 ], [ 19.23954, 49.298974 ], [ 19.241328, 49.309912 ], [ 19.239545, 49.312073 ], [ 19.241594, 49.316184 ], [ 19.239041, 49.319694 ], [ 19.230577, 49.321454 ], [ 19.223504, 49.320597 ], [ 19.214936, 49.324138 ], [ 19.202609, 49.321372 ], [ 19.197775, 49.317197 ], [ 19.177341, 49.316898 ], [ 19.17365, 49.317354 ], [ 19.171303, 49.319394 ], [ 19.165663, 49.319417 ], [ 19.164177, 49.331608 ], [ 19.160871, 49.332973 ], [ 19.157375, 49.329431 ], [ 19.160534, 49.328724 ], [ 19.129892, 49.307891 ], [ 19.122947, 49.307782 ], [ 19.114831, 49.304978 ], [ 19.114303, 49.300647 ], [ 19.110221, 49.298794 ], [ 19.101956, 49.288336 ], [ 19.103659, 49.284311 ], [ 19.100311, 49.275942 ], [ 19.104132, 49.271548 ], [ 19.104025, 49.261533 ], [ 19.108468, 49.258269 ], [ 19.108714, 49.25432 ], [ 19.106314, 49.247276 ], [ 19.107279, 49.24223 ], [ 19.102578, 49.23359 ], [ 19.098712, 49.23159 ], [ 19.103521, 49.227623 ], [ 19.103029, 49.220122 ], [ 19.100733, 49.2164 ], [ 19.093962, 49.211789 ], [ 19.093439, 49.213786 ], [ 19.083273, 49.218092 ], [ 19.077582, 49.208799 ], [ 19.079304, 49.199923 ], [ 19.082554, 49.197749 ], [ 19.081809, 49.192585 ], [ 19.085563, 49.181312 ], [ 19.078403, 49.172084 ], [ 19.080235, 49.166205 ], [ 19.097223, 49.149987 ], [ 19.098186, 49.143332 ], [ 19.102737, 49.139097 ], [ 19.11657, 49.139087 ], [ 19.120881, 49.141509 ], [ 19.134002, 49.136853 ], [ 19.14191, 49.136553 ], [ 19.147433, 49.151282 ], [ 19.143479, 49.153584 ], [ 19.139508, 49.153394 ], [ 19.138002, 49.158909 ], [ 19.13388, 49.162145 ], [ 19.13484, 49.167816 ], [ 19.1448, 49.167879 ], [ 19.150034, 49.171997 ], [ 19.15909, 49.16922 ], [ 19.165942, 49.163779 ], [ 19.180964, 49.165951 ], [ 19.192214, 49.162893 ], [ 19.200339, 49.155539 ], [ 19.199848, 49.150251 ], [ 19.202841, 49.145575 ], [ 19.199293, 49.139215 ], [ 19.207791, 49.1381 ], [ 19.217699, 49.147182 ], [ 19.220952, 49.146409 ], [ 19.250149, 49.16395 ], [ 19.254215, 49.16494 ], [ 19.269846, 49.161102 ], [ 19.27472, 49.153161 ], [ 19.273237, 49.151346 ], [ 19.279847, 49.150109 ], [ 19.282827, 49.152227 ], [ 19.283335, 49.151162 ], [ 19.293229, 49.152848 ], [ 19.297428, 49.150344 ], [ 19.300044, 49.151929 ], [ 19.30973, 49.150105 ], [ 19.315016, 49.152947 ], [ 19.317332, 49.152504 ], [ 19.316805, 49.151308 ], [ 19.329572, 49.148329 ], [ 19.3447846, 49.1479285 ], [ 19.3433755, 49.1508359 ], [ 19.348545, 49.155371 ], [ 19.348366, 49.16027 ], [ 19.357507, 49.166755 ], [ 19.357807, 49.170623 ], [ 19.373184, 49.17703 ], [ 19.376886, 49.17396 ], [ 19.384925, 49.1754 ], [ 19.392184, 49.172646 ], [ 19.412052, 49.175457 ], [ 19.411786, 49.172611 ], [ 19.415877, 49.173202 ], [ 19.420028, 49.170975 ], [ 19.421144, 49.172006 ], [ 19.426239, 49.170993 ] ] ] } },
{ "type": "Feature", "properties": { "shapeName": "District of Trebi ov", "shapeISO": "", "shapeID": "56367889B65708067786299", "shapeGroup": "SVK", "shapeType": "ADM2" }, "geometry": { "type": "Polygon", "coordinates": [ [ [ 21.517136, 48.544098 ], [ 21.515461, 48.53965 ], [ 21.521431, 48.534525 ], [ 21.52523, 48.522631 ], [ 21.531922, 48.517407 ], [ 21.541227, 48.513381 ], [ 21.54202, 48.508395 ], [ 21.549729, 48.50947 ], [ 21.553437, 48.508581 ], [ 21.561174, 48.511529 ], [ 21.565639, 48.505268 ], [ 21.578029, 48.504369 ], [ 21.585988, 48.511375 ], [ 21.591108, 48.51301 ], [ 21.594606, 48.513244 ], [ 21.604478, 48.5074 ], [ 21.609612, 48.510612 ], [ 21.613933, 48.509416 ], [ 21.614614, 48.497802 ], [ 21.618317, 48.497992 ], [ 21.62122, 48.492135 ], [ 21.622992, 48.473132 ], [ 21.624432, 48.473018 ], [ 21.620575, 48.471556 ], [ 21.620188, 48.469826 ], [ 21.626043, 48.462488 ], [ 21.631492, 48.459202 ], [ 21.62835, 48.456548 ], [ 21.630438, 48.450722 ], [ 21.632469, 48.450162 ], [ 21.631296, 48.449209 ], [ 21.633824, 48.448482 ], [ 21.632781, 48.447678 ], [ 21.63692, 48.448784 ], [ 21.639623, 48.447569 ], [ 21.647137, 48.438084 ], [ 21.652082, 48.436049 ], [ 21.650405, 48.432651 ], [ 21.652802, 48.433031 ], [ 21.659563, 48.417996 ], [ 21.660372, 48.416919 ], [ 21.663549, 48.417961 ], [ 21.665923, 48.411701 ], [ 21.664078, 48.40867 ], [ 21.665842, 48.406773 ], [ 21.664574, 48.402164 ], [ 21.667402, 48.398674 ], [ 21.664561, 48.392164 ], [ 21.668569, 48.389217 ], [ 21.683296, 48.390814 ], [ 21.683598, 48.388427 ], [ 21.701741, 48.380695 ], [ 21.705868, 48.375917 ], [ 21.702407, 48.371154 ], [ 21.705367, 48.366054 ], [ 21.711145, 48.367306 ], [ 21.714266, 48.366307 ], [ 21.711871, 48.357617 ], [ 21.719303, 48.354696 ], [ 21.723363, 48.350121 ], [ 21.745009, 48.348733 ], [ 21.748983, 48.346407 ], [ 21.754712, 48.345629 ], [ 21.764221, 48.338993 ], [ 21.777233, 48.340299 ], [ 21.78302, 48.338943 ], [ 21.798397, 48.342488 ], [ 21.805804, 48.338239 ], [ 21.809232, 48.339183 ], [ 21.818486, 48.337092 ], [ 21.817235, 48.332821 ], [ 21.834041, 48.334044 ], [ 21.83531, 48.336396 ], [ 21.8333, 48.339586 ], [ 21.837443, 48.342638 ], [ 21.835053, 48.34613 ], [ 21.837657, 48.349864 ], [ 21.835114, 48.361062 ], [ 21.837213, 48.363253 ], [ 21.855087, 48.366068 ], [ 21.858495, 48.363856 ], [ 21.859982, 48.357417 ], [ 21.862968, 48.355208 ], [ 21.865516, 48.356059 ], [ 21.863617, 48.359218 ], [ 21.865112, 48.3602 ], [ 21.87535, 48.355847 ], [ 21.87453, 48.360531 ], [ 21.881419, 48.362586 ], [ 21.881775, 48.357134 ], [ 21.884298, 48.356047 ], [ 21.88825, 48.358757 ], [ 21.883107, 48.363243 ], [ 21.884843, 48.367539 ], [ 21.887553, 48.36904 ], [ 21.891423, 48.368795 ], [ 21.88753, 48.363627 ], [ 21.897883, 48.36256 ], [ 21.899955, 48.363782 ], [ 21.897388, 48.368771 ], [ 21.899796, 48.370223 ], [ 21.901545, 48.364876 ], [ 21.912061, 48.36941 ], [ 21.911785, 48.366776 ], [ 21.915739, 48.365762 ], [ 21.917542, 48.363399 ], [ 21.921342, 48.363817 ], [ 21.928186, 48.361597 ], [ 21.932306, 48.364556 ], [ 21.927358, 48.367861 ], [ 21.926806, 48.370899 ], [ 21.933903, 48.369976 ], [ 21.939243, 48.37457 ], [ 21.946292, 48.374917 ], [ 21.949198, 48.378728 ], [ 21.956894, 48.379642 ], [ 21.961044, 48.377134 ], [ 21.961156, 48.379593 ], [ 21.967798, 48.380091 ], [ 21.968508, 48.379128 ], [ 21.971394, 48.38027 ], [ 21.975375, 48.377894 ], [ 21.983399, 48.379538 ], [ 21.98592, 48.375821 ], [ 21.989091, 48.379208 ], [ 21.991679, 48.379505 ], [ 21.994463, 48.377323 ], [ 22.000352, 48.38067 ], [ 22.006961, 48.381285 ], [ 22.008219, 48.38401 ], [ 22.017838, 48.386332 ], [ 22.019623, 48.388953 ], [ 22.023869, 48.389101 ], [ 22.021172, 48.390797 ], [ 22.021326, 48.392749 ], [ 22.028315, 48.392235 ], [ 22.036134, 48.386056 ], [ 22.045081, 48.384081 ], [ 22.054605, 48.377528 ], [ 22.058236, 48.377891 ], [ 22.057615, 48.38132 ], [ 22.061564, 48.382775 ], [ 22.072814, 48.382012 ], [ 22.072173, 48.385312 ], [ 22.076486, 48.387241 ], [ 22.084429, 48.380788 ], [ 22.082615, 48.378709 ], [ 22.086743, 48.371564 ], [ 22.093243, 48.378552 ], [ 22.101328, 48.37619 ], [ 22.110303, 48.381176 ], [ 22.121068, 48.378295 ], [ 22.126149, 48.380848 ], [ 22.135909, 48.380519 ], [ 22.136376, 48.383581 ], [ 22.131056, 48.391233 ], [ 22.150345, 48.395077 ], [ 22.15539, 48.400343 ], [ 22.155256, 48.403388 ], [ 22.143973, 48.403844 ], [ 22.142326, 48.405255 ], [ 22.142802, 48.411285 ], [ 22.138287, 48.414586 ], [ 22.137889, 48.42504 ], [ 22.14024, 48.428514 ], [ 22.1376911, 48.4326478 ], [ 22.140615, 48.4477324 ], [ 22.13789, 48.446825 ], [ 22.134217, 48.448514 ], [ 22.124196, 48.470777 ], [ 22.120094, 48.474401 ], [ 22.112072, 48.477285 ], [ 22.092681, 48.475268 ], [ 22.078026, 48.485608 ], [ 22.070877, 48.492787 ], [ 22.059625, 48.49487 ], [ 22.054915, 48.497928 ], [ 22.053464, 48.499465 ], [ 22.055827, 48.50006 ], [ 22.05164, 48.502522 ], [ 22.052552, 48.504305 ], [ 22.049315, 48.504165 ], [ 22.04845, 48.506657 ], [ 22.045012, 48.507995 ], [ 22.039578, 48.508348 ], [ 22.034624, 48.515599 ], [ 22.029049, 48.515263 ], [ 22.028058, 48.513456 ], [ 22.023508, 48.513725 ], [ 22.021682, 48.515646 ], [ 22.02003, 48.51236 ], [ 22.016384, 48.514409 ], [ 22.011862, 48.514605 ], [ 22.010456, 48.513931 ], [ 22.01184, 48.512436 ], [ 22.008163, 48.510046 ], [ 22.005454, 48.511999 ], [ 22.002261, 48.512008 ], [ 22.003385, 48.508741 ], [ 21.998317, 48.507524 ], [ 22.000802, 48.505687 ], [ 21.992679, 48.507533 ], [ 21.989029, 48.506105 ], [ 21.979843, 48.507405 ], [ 21.977732, 48.509372 ], [ 21.974647, 48.507159 ], [ 21.951765, 48.504368 ], [ 21.921868, 48.503015 ], [ 21.920415, 48.498089 ], [ 21.917424, 48.497219 ], [ 21.917747, 48.499692 ], [ 21.913717, 48.500079 ], [ 21.9107775, 48.5030712 ], [ 21.915806, 48.50173 ], [ 21.918849, 48.502503 ], [ 21.908695, 48.505492 ], [ 21.909495, 48.501962 ], [ 21.903685, 48.499216 ], [ 21.905897, 48.504466 ], [ 21.902136, 48.509251 ], [ 21.899962, 48.509356 ], [ 21.899656, 48.504296 ], [ 21.894269, 48.504781 ], [ 21.894479, 48.501978 ], [ 21.891119, 48.503381 ], [ 21.888452, 48.502429 ], [ 21.890972, 48.499193 ], [ 21.882468, 48.499266 ], [ 21.882609, 48.502257 ], [ 21.877249, 48.499266 ], [ 21.876807, 48.503684 ], [ 21.871322, 48.499564 ], [ 21.875747, 48.497298 ], [ 21.871814, 48.495212 ], [ 21.870274, 48.492008 ], [ 21.862157, 48.492319 ], [ 21.862398, 48.490458 ], [ 21.866569, 48.490011 ], [ 21.866891, 48.488528 ], [ 21.856808, 48.487943 ], [ 21.85545, 48.484622 ], [ 21.852545, 48.48867 ], [ 21.849897, 48.487682 ], [ 21.849223, 48.484729 ], [ 21.843425, 48.485804 ], [ 21.846649, 48.482209 ], [ 21.843518, 48.479801 ], [ 21.842989, 48.475534 ], [ 21.837442, 48.47545 ], [ 21.841209, 48.468455 ], [ 21.836359, 48.467523 ], [ 21.832724, 48.463418 ], [ 21.835656, 48.461992 ], [ 21.835459, 48.459896 ], [ 21.829684, 48.459661 ], [ 21.826724, 48.462714 ], [ 21.822456, 48.46375 ], [ 21.827644, 48.465836 ], [ 21.827445, 48.467226 ], [ 21.820067, 48.466187 ], [ 21.817772, 48.468272 ], [ 21.809859, 48.466656 ], [ 21.812639, 48.475081 ], [ 21.814811, 48.474792 ], [ 21.814391, 48.471373 ], [ 21.818332, 48.472591 ], [ 21.822805, 48.471445 ], [ 21.826443, 48.472233 ], [ 21.825165, 48.473442 ], [ 21.817897, 48.473869 ], [ 21.816584, 48.475891 ], [ 21.823001, 48.480332 ], [ 21.820983, 48.486751 ], [ 21.826853, 48.490529 ], [ 21.822986, 48.497619 ], [ 21.818656, 48.499137 ], [ 21.810187, 48.50818 ], [ 21.808326, 48.515042 ], [ 21.812852, 48.518746 ], [ 21.814801, 48.517682 ], [ 21.818324, 48.518764 ], [ 21.821034, 48.516687 ], [ 21.821056, 48.518471 ], [ 21.825385, 48.521355 ], [ 21.829924, 48.520491 ], [ 21.831607, 48.524717 ], [ 21.822823, 48.52275 ], [ 21.831945, 48.527588 ], [ 21.830091, 48.531981 ], [ 21.834573, 48.529916 ], [ 21.836184, 48.530795 ], [ 21.834437, 48.535126 ], [ 21.828168, 48.531786 ], [ 21.828381, 48.53445 ], [ 21.82501, 48.53758 ], [ 21.822929, 48.537828 ], [ 21.822962, 48.535245 ], [ 21.819909, 48.534609 ], [ 21.814456, 48.535202 ], [ 21.809787, 48.538445 ], [ 21.805878, 48.563652 ], [ 21.813403, 48.564416 ], [ 21.812323, 48.566164 ], [ 21.808607, 48.566011 ], [ 21.807484, 48.567441 ], [ 21.801963, 48.565224 ], [ 21.799858, 48.591295 ], [ 21.797947, 48.59465 ], [ 21.810717, 48.594711 ], [ 21.807527, 48.601046 ], [ 21.801418, 48.606286 ], [ 21.796766, 48.626285 ], [ 21.796328, 48.648666 ], [ 21.79441, 48.651114 ], [ 21.791634, 48.650525 ], [ 21.791355, 48.642361 ], [ 21.783019, 48.643349 ], [ 21.77819, 48.658042 ], [ 21.771582, 48.666706 ], [ 21.768527, 48.668029 ], [ 21.770158, 48.670791 ], [ 21.766612, 48.677016 ], [ 21.762748, 48.677881 ], [ 21.760552, 48.680951 ], [ 21.75963, 48.692552 ], [ 21.750296, 48.697535 ], [ 21.744001, 48.697793 ], [ 21.74148, 48.700296 ], [ 21.73226, 48.70211 ], [ 21.732624, 48.709083 ], [ 21.735601, 48.710348 ], [ 21.732576, 48.713078 ], [ 21.728844, 48.712275 ], [ 21.727978, 48.720559 ], [ 21.723791, 48.723284 ], [ 21.72466, 48.726841 ], [ 21.721308, 48.728137 ], [ 21.722724, 48.732778 ], [ 21.717157, 48.731196 ], [ 21.714767, 48.733347 ], [ 21.720785, 48.735035 ], [ 21.743856, 48.736749 ], [ 21.759802, 48.741604 ], [ 21.758201, 48.744816 ], [ 21.766266, 48.756552 ], [ 21.766412, 48.764547 ], [ 21.761163, 48.768864 ], [ 21.756646, 48.769777 ], [ 21.755818, 48.771647 ], [ 21.758594, 48.774112 ], [ 21.756472, 48.774734 ], [ 21.74, 48.774637 ], [ 21.740936, 48.780472 ], [ 21.729791, 48.780683 ], [ 21.730114, 48.776066 ], [ 21.726296, 48.776403 ], [ 21.726753, 48.771893 ], [ 21.722555, 48.771593 ], [ 21.72529, 48.76987 ], [ 21.723936, 48.768884 ], [ 21.720122, 48.770431 ], [ 21.71876, 48.767549 ], [ 21.720295, 48.766639 ], [ 21.715721, 48.76659 ], [ 21.712457, 48.764013 ], [ 21.709349, 48.764716 ], [ 21.702673, 48.763151 ], [ 21.695952, 48.765083 ], [ 21.685187, 48.76256 ], [ 21.674672, 48.765527 ], [ 21.663661, 48.772467 ], [ 21.659563, 48.779915 ], [ 21.637864, 48.779976 ], [ 21.615736, 48.773568 ], [ 21.60132, 48.780999 ], [ 21.594709, 48.782555 ], [ 21.590843, 48.78049 ], [ 21.583608, 48.780467 ], [ 21.583916, 48.785775 ], [ 21.57593, 48.790972 ], [ 21.566809, 48.791636 ], [ 21.563579, 48.79399 ], [ 21.549744, 48.791747 ], [ 21.541568, 48.794077 ], [ 21.538951, 48.790841 ], [ 21.541437, 48.786164 ], [ 21.539762, 48.780448 ], [ 21.546114, 48.775238 ], [ 21.537715, 48.767176 ], [ 21.542647, 48.758883 ], [ 21.54071, 48.754312 ], [ 21.544181, 48.746631 ], [ 21.551036, 48.739193 ], [ 21.551891, 48.734562 ], [ 21.545317, 48.724158 ], [ 21.545037, 48.718781 ], [ 21.541479, 48.716191 ], [ 21.548086, 48.708917 ], [ 21.542707, 48.703592 ], [ 21.535309, 48.703236 ], [ 21.538366, 48.698141 ], [ 21.53687, 48.693847 ], [ 21.541436, 48.687415 ], [ 21.541595, 48.68115 ], [ 21.537052, 48.669579 ], [ 21.533272, 48.665209 ], [ 21.530532, 48.654349 ], [ 21.542104, 48.640536 ], [ 21.549456, 48.639122 ], [ 21.558954, 48.629949 ], [ 21.578822, 48.615669 ], [ 21.569926, 48.610943 ], [ 21.567231, 48.607517 ], [ 21.564608, 48.607426 ], [ 21.561755, 48.610257 ], [ 21.556998, 48.610734 ], [ 21.551949, 48.614589 ], [ 21.550323, 48.61418 ], [ 21.546764, 48.610561 ], [ 21.544393, 48.611022 ], [ 21.536431, 48.606174 ], [ 21.531396, 48.607068 ], [ 21.528102, 48.602523 ], [ 21.524348, 48.600767 ], [ 21.520442, 48.601144 ], [ 21.516197, 48.598501 ], [ 21.514503, 48.59509 ], [ 21.518404, 48.591551 ], [ 21.530215, 48.590509 ], [ 21.535211, 48.588311 ], [ 21.539952, 48.589094 ], [ 21.525651, 48.573876 ], [ 21.512393, 48.563821 ], [ 21.518335, 48.553246 ], [ 21.524236, 48.550411 ], [ 21.519548, 48.544464 ], [ 21.517136, 48.544098 ] ] ] } },
{ "type": "Feature", "properties": { "shapeName": "District of Galanta", "shapeISO": "", "shapeID": "56367889B94951233476884", "shapeGroup": "SVK", "shapeType": "ADM2" }, "geometry": { "type": "Polygon", "coordinates": [ [ [ 17.880294, 47.986274 ], [ 17.869626, 48.005471 ], [ 17.874114, 48.018354 ], [ 17.868624, 48.022491 ], [ 17.88447, 48.034274 ], [ 17.877948, 48.040142 ], [ 17.880892, 48.045919 ], [ 17.871436, 48.053103 ], [ 17.862363, 48.051759 ], [ 17.856649, 48.053608 ], [ 17.855457, 48.056447 ], [ 17.853975, 48.054371 ], [ 17.838467, 48.063392 ], [ 17.851574, 48.069283 ], [ 17.843555, 48.076836 ], [ 17.814621, 48.06539 ], [ 17.815973, 48.068444 ], [ 17.812709, 48.06878 ], [ 17.80978, 48.07154 ], [ 17.805619, 48.070611 ], [ 17.807312, 48.072917 ], [ 17.803779, 48.073535 ], [ 17.8026, 48.076145 ], [ 17.807028, 48.088346 ], [ 17.820104, 48.105754 ], [ 17.814251, 48.106819 ], [ 17.813166, 48.113728 ], [ 17.80729, 48.116632 ], [ 17.793596, 48.127989 ], [ 17.78659, 48.13132 ], [ 17.777672, 48.139557 ], [ 17.764846, 48.143206 ], [ 17.754766, 48.148332 ], [ 17.768752, 48.155478 ], [ 17.778029, 48.158167 ], [ 17.790094, 48.156185 ], [ 17.794991, 48.157148 ], [ 17.795337, 48.152495 ], [ 17.800189, 48.148467 ], [ 17.816346, 48.155417 ], [ 17.814343, 48.157635 ], [ 17.817886, 48.158954 ], [ 17.817271, 48.161006 ], [ 17.821042, 48.166025 ], [ 17.828965, 48.167187 ], [ 17.800565, 48.185737 ], [ 17.801015, 48.191409 ], [ 17.807159, 48.195416 ], [ 17.812244, 48.195005 ], [ 17.820477, 48.20105 ], [ 17.823217, 48.197058 ], [ 17.831574, 48.192679 ], [ 17.837646, 48.182735 ], [ 17.841388, 48.183985 ], [ 17.840652, 48.185776 ], [ 17.843821, 48.189277 ], [ 17.877277, 48.201292 ], [ 17.8820921, 48.2086002 ], [ 17.880205, 48.212222 ], [ 17.882025, 48.214931 ], [ 17.868959, 48.226445 ], [ 17.866415, 48.225052 ], [ 17.853542, 48.231166 ], [ 17.84627, 48.246207 ], [ 17.859083, 48.252594 ], [ 17.857142, 48.258675 ], [ 17.850654, 48.261325 ], [ 17.860088, 48.267472 ], [ 17.866616, 48.277373 ], [ 17.865608, 48.280689 ], [ 17.859686, 48.287276 ], [ 17.837924, 48.289477 ], [ 17.832953, 48.297574 ], [ 17.847098, 48.306623 ], [ 17.846817, 48.319598 ], [ 17.851271, 48.320774 ], [ 17.848227, 48.326648 ], [ 17.849344, 48.332082 ], [ 17.860522, 48.337039 ], [ 17.856821, 48.342393 ], [ 17.860997, 48.343755 ], [ 17.857073, 48.347233 ], [ 17.849583, 48.34503 ], [ 17.848656, 48.341549 ], [ 17.843566, 48.340445 ], [ 17.840593, 48.347716 ], [ 17.836648, 48.347713 ], [ 17.828805, 48.353519 ], [ 17.822765, 48.355153 ], [ 17.820035, 48.351696 ], [ 17.81641, 48.352999 ], [ 17.811551, 48.352316 ], [ 17.803005, 48.347505 ], [ 17.813822, 48.328634 ], [ 17.798222, 48.326329 ], [ 17.78861, 48.322196 ], [ 17.781093, 48.328545 ], [ 17.774051, 48.33006 ], [ 17.767397, 48.338427 ], [ 17.758001, 48.340822 ], [ 17.753172, 48.33001 ], [ 17.750635, 48.329656 ], [ 17.751896, 48.327797 ], [ 17.749781, 48.31706 ], [ 17.74413, 48.315792 ], [ 17.741935, 48.320052 ], [ 17.735722, 48.320316 ], [ 17.729297, 48.322754 ], [ 17.728814, 48.319594 ], [ 17.708743, 48.315786 ], [ 17.705258, 48.316225 ], [ 17.700031, 48.313862 ], [ 17.693266, 48.30932 ], [ 17.694459, 48.307921 ], [ 17.687416, 48.303925 ], [ 17.697203, 48.30056 ], [ 17.703051, 48.29518 ], [ 17.695029, 48.294646 ], [ 17.690918, 48.290449 ], [ 17.691952, 48.287904 ], [ 17.687615, 48.287003 ], [ 17.690771, 48.285244 ], [ 17.689408, 48.283622 ], [ 17.683206, 48.283831 ], [ 17.678081, 48.280911 ], [ 17.655383, 48.279267 ], [ 17.657514, 48.273068 ], [ 17.654101, 48.270773 ], [ 17.656308, 48.265953 ], [ 17.654501, 48.264755 ], [ 17.651909, 48.264975 ], [ 17.652683, 48.269321 ], [ 17.620784, 48.268442 ], [ 17.61681, 48.266677 ], [ 17.606821, 48.270416 ], [ 17.596234, 48.26493 ], [ 17.591989, 48.258153 ], [ 17.583143, 48.250873 ], [ 17.576835, 48.250042 ], [ 17.561468, 48.239763 ], [ 17.533412, 48.265772 ], [ 17.513744, 48.279077 ], [ 17.482684, 48.252881 ], [ 17.478085, 48.244381 ], [ 17.478639, 48.240912 ], [ 17.473277, 48.235083 ], [ 17.48624, 48.2306509 ], [ 17.487071, 48.232313 ], [ 17.491852, 48.231868 ], [ 17.511399, 48.22656 ], [ 17.520557, 48.225548 ], [ 17.50074, 48.205313 ], [ 17.504454, 48.20054 ], [ 17.514227, 48.199024 ], [ 17.521909, 48.20296 ], [ 17.524646, 48.197556 ], [ 17.529199, 48.196497 ], [ 17.521445, 48.194397 ], [ 17.521918, 48.186397 ], [ 17.519173, 48.186896 ], [ 17.514293, 48.174951 ], [ 17.512426, 48.17574 ], [ 17.509613, 48.174057 ], [ 17.509553, 48.176472 ], [ 17.5071079, 48.176515 ], [ 17.500149, 48.168336 ], [ 17.486236, 48.172278 ], [ 17.48224, 48.171067 ], [ 17.480827, 48.170218 ], [ 17.482731, 48.167261 ], [ 17.4796819, 48.165552 ], [ 17.482791, 48.163897 ], [ 17.480379, 48.160872 ], [ 17.475631, 48.16257 ], [ 17.467401, 48.152296 ], [ 17.466642, 48.144103 ], [ 17.469059, 48.141894 ], [ 17.47614, 48.141444 ], [ 17.48497, 48.143324 ], [ 17.483915, 48.135852 ], [ 17.491643, 48.125237 ], [ 17.49772, 48.125385 ], [ 17.502667, 48.121549 ], [ 17.513606, 48.122238 ], [ 17.514702, 48.117943 ], [ 17.525377, 48.113681 ], [ 17.530504, 48.115603 ], [ 17.530552, 48.120659 ], [ 17.533187, 48.122011 ], [ 17.543888, 48.122076 ], [ 17.546915, 48.115232 ], [ 17.537881, 48.110206 ], [ 17.538052, 48.106696 ], [ 17.543291, 48.10556 ], [ 17.559121, 48.108215 ], [ 17.568994, 48.11406 ], [ 17.572504, 48.110793 ], [ 17.566925, 48.106453 ], [ 17.566959, 48.10349 ], [ 17.571662, 48.102132 ], [ 17.577213, 48.107577 ], [ 17.583951, 48.106805 ], [ 17.593395, 48.091364 ], [ 17.596543, 48.098884 ], [ 17.598697, 48.099584 ], [ 17.598312, 48.102286 ], [ 17.604043, 48.104365 ], [ 17.603229, 48.109099 ], [ 17.606915, 48.111274 ], [ 17.611287, 48.111501 ], [ 17.618509, 48.103757 ], [ 17.61702, 48.100197 ], [ 17.610678, 48.096936 ], [ 17.613397, 48.093445 ], [ 17.620668, 48.094887 ], [ 17.62106, 48.093184 ], [ 17.640042, 48.092676 ], [ 17.647231, 48.090103 ], [ 17.65438, 48.08496 ], [ 17.667268, 48.088269 ], [ 17.669936, 48.085055 ], [ 17.667144, 48.077516 ], [ 17.670556, 48.075525 ], [ 17.680712, 48.074758 ], [ 17.6786, 48.068293 ], [ 17.680015, 48.065381 ], [ 17.689005, 48.066678 ], [ 17.700573, 48.059809 ], [ 17.70802, 48.059319 ], [ 17.716089, 48.061553 ], [ 17.718641, 48.059719 ], [ 17.7245, 48.059803 ], [ 17.744157, 48.055782 ], [ 17.747427, 48.053005 ], [ 17.750036, 48.054895 ], [ 17.757874, 48.053712 ], [ 17.761929, 48.048209 ], [ 17.761286, 48.044876 ], [ 17.766631, 48.04328 ], [ 17.768817, 48.040793 ], [ 17.761421, 48.03586 ], [ 17.761511, 48.034419 ], [ 17.766065, 48.033954 ], [ 17.768269, 48.031824 ], [ 17.772669, 48.031742 ], [ 17.776024, 48.029611 ], [ 17.782409, 48.019772 ], [ 17.788693, 48.019744 ], [ 17.787837, 48.018051 ], [ 17.795258, 48.017698 ], [ 17.796764, 48.013641 ], [ 17.803044, 48.007812 ], [ 17.801388, 48.007924 ], [ 17.804899, 48.005798 ], [ 17.809879, 48.007332 ], [ 17.812498, 48.005278 ], [ 17.814337, 48.006247 ], [ 17.817343, 47.999373 ], [ 17.824307, 47.993388 ], [ 17.827852, 47.992817 ], [ 17.831083, 47.985455 ], [ 17.837449, 47.98006 ], [ 17.842773, 47.980863 ], [ 17.846612, 47.975575 ], [ 17.854159, 47.97688 ], [ 17.855809, 47.97278 ], [ 17.867098, 47.963418 ], [ 17.867523, 47.960389 ], [ 17.875601, 47.960568 ], [ 17.8731, 47.963311 ], [ 17.875209, 47.966607 ], [ 17.874887, 47.974391 ], [ 17.880294, 47.986274 ] ] ] } },
{ "type": "Feature", "properties": { "shapeName": "District of Giar nad Hronom", "shapeISO": "", "shapeID": "56367889B61609274598716", "shapeGroup": "SVK", "shapeType": "ADM2" }, "geometry": { "type": "Polygon", "coordinates": [ [ [ 19.033438, 48.684787 ], [ 19.029341, 48.687519 ], [ 19.023386, 48.696737 ], [ 19.018714, 48.699546 ], [ 19.030534, 48.702127 ], [ 19.024805, 48.703969 ], [ 19.018576, 48.703812 ], [ 19.016591, 48.706188 ], [ 19.009767, 48.704209 ], [ 19.003696, 48.70843 ], [ 19.006628, 48.712897 ], [ 19.002954, 48.723093 ], [ 19.004128, 48.727174 ], [ 19.001087, 48.729431 ], [ 19.00261, 48.733417 ], [ 19.000569, 48.737372 ], [ 18.996478, 48.739885 ], [ 18.998313, 48.748994 ], [ 18.995528, 48.748279 ], [ 18.993012, 48.74954 ], [ 18.991172, 48.746704 ], [ 18.984889, 48.745474 ], [ 18.976853, 48.748097 ], [ 18.963309, 48.745958 ], [ 18.954748, 48.748505 ], [ 18.945178, 48.748034 ], [ 18.942801, 48.74936 ], [ 18.938358, 48.745734 ], [ 18.93415, 48.743987 ], [ 18.932958, 48.745212 ], [ 18.930153, 48.742176 ], [ 18.924862, 48.742529 ], [ 18.923515, 48.741154 ], [ 18.922222, 48.742633 ], [ 18.91461, 48.74334 ], [ 18.909836, 48.750638 ], [ 18.905662, 48.750112 ], [ 18.89842, 48.751872 ], [ 18.894728, 48.750253 ], [ 18.891856, 48.751094 ], [ 18.893151, 48.755452 ], [ 18.890204, 48.760139 ], [ 18.883817, 48.760985 ], [ 18.885445, 48.762408 ], [ 18.884487, 48.768455 ], [ 18.881367, 48.769768 ], [ 18.873509, 48.769386 ], [ 18.87044, 48.76676 ], [ 18.867373, 48.767341 ], [ 18.863354, 48.764638 ], [ 18.854531, 48.763444 ], [ 18.854311, 48.759028 ], [ 18.847376, 48.755826 ], [ 18.842387, 48.750177 ], [ 18.832329, 48.747918 ], [ 18.826348, 48.744057 ], [ 18.826438, 48.736373 ], [ 18.821645, 48.73438 ], [ 18.817561, 48.729707 ], [ 18.806912, 48.712116 ], [ 18.800909, 48.708391 ], [ 18.796142, 48.700615 ], [ 18.780564, 48.693826 ], [ 18.771321, 48.696783 ], [ 18.762776, 48.69718 ], [ 18.759639, 48.692953 ], [ 18.754474, 48.691781 ], [ 18.750117, 48.686867 ], [ 18.751614, 48.682471 ], [ 18.748848, 48.679761 ], [ 18.74692, 48.668703 ], [ 18.741377, 48.665099 ], [ 18.741352, 48.662036 ], [ 18.734837, 48.656149 ], [ 18.723728, 48.653418 ], [ 18.713885, 48.647793 ], [ 18.716333, 48.638153 ], [ 18.71985, 48.633256 ], [ 18.717252, 48.626793 ], [ 18.70615, 48.628381 ], [ 18.698931, 48.632991 ], [ 18.690603, 48.63132 ], [ 18.671459, 48.634092 ], [ 18.656502, 48.63992 ], [ 18.645409, 48.633209 ], [ 18.6542, 48.632421 ], [ 18.663599, 48.619423 ], [ 18.675392, 48.611031 ], [ 18.677654, 48.607451 ], [ 18.677712, 48.600423 ], [ 18.685197, 48.590877 ], [ 18.688997, 48.580708 ], [ 18.693292, 48.576103 ], [ 18.703209, 48.571428 ], [ 18.698061, 48.549245 ], [ 18.698209, 48.54222 ], [ 18.700824, 48.540664 ], [ 18.695524, 48.533971 ], [ 18.696389, 48.532299 ], [ 18.706327, 48.53061 ], [ 18.709125, 48.52836 ], [ 18.715184, 48.529466 ], [ 18.721165, 48.528049 ], [ 18.726977, 48.521766 ], [ 18.730546, 48.521667 ], [ 18.734562, 48.519425 ], [ 18.737027, 48.514507 ], [ 18.732796, 48.511229 ], [ 18.730325, 48.511312 ], [ 18.729254, 48.506961 ], [ 18.730711, 48.497561 ], [ 18.732732, 48.496588 ], [ 18.73225, 48.490079 ], [ 18.741658, 48.488544 ], [ 18.756455, 48.490723 ], [ 18.766451, 48.487461 ], [ 18.777883, 48.480815 ], [ 18.787169, 48.481764 ], [ 18.79668, 48.477204 ], [ 18.800107, 48.477521 ], [ 18.803484, 48.483912 ], [ 18.808748, 48.484271 ], [ 18.811728, 48.481816 ], [ 18.815547, 48.481636 ], [ 18.814828, 48.489812 ], [ 18.819152, 48.490034 ], [ 18.820462, 48.491973 ], [ 18.823314, 48.491775 ], [ 18.825023, 48.493321 ], [ 18.831125, 48.491971 ], [ 18.83453, 48.492559 ], [ 18.834748, 48.494724 ], [ 18.84188, 48.493757 ], [ 18.848032, 48.498124 ], [ 18.853847, 48.496771 ], [ 18.857624, 48.498218 ], [ 18.863882, 48.506431 ], [ 18.862766, 48.511986 ], [ 18.876184, 48.510317 ], [ 18.882669, 48.512339 ], [ 18.886764, 48.510395 ], [ 18.890126, 48.51074 ], [ 18.890201, 48.513875 ], [ 18.895004, 48.517667 ], [ 18.898555, 48.523792 ], [ 18.900678, 48.524056 ], [ 18.899233, 48.526664 ], [ 18.902542, 48.536787 ], [ 18.906955, 48.536743 ], [ 18.908811, 48.541239 ], [ 18.913942, 48.540696 ], [ 18.916711, 48.545589 ], [ 18.921964, 48.549314 ], [ 18.922504, 48.552796 ], [ 18.932254, 48.558365 ], [ 18.936811, 48.564305 ], [ 18.943706, 48.565825 ], [ 18.948551, 48.563629 ], [ 18.952266, 48.567342 ], [ 18.950683, 48.562731 ], [ 18.952044, 48.55777 ], [ 18.967261, 48.55649 ], [ 18.972908, 48.559415 ], [ 18.975727, 48.566745 ], [ 18.980235, 48.566559 ], [ 18.987223, 48.573529 ], [ 18.989339, 48.573511 ], [ 18.991454, 48.570547 ], [ 18.997791, 48.570512 ], [ 18.999771, 48.576107 ], [ 19.005677, 48.581517 ], [ 19.01237, 48.582972 ], [ 19.013199, 48.588094 ], [ 19.010197, 48.59335 ], [ 18.999591, 48.594598 ], [ 18.993252, 48.601533 ], [ 18.989774, 48.602622 ], [ 18.985793, 48.611611 ], [ 18.988241, 48.615959 ], [ 18.990512, 48.631957 ], [ 18.997689, 48.640575 ], [ 18.995492, 48.644196 ], [ 18.988596, 48.648369 ], [ 18.990645, 48.656349 ], [ 18.996823, 48.663667 ], [ 19.000723, 48.666701 ], [ 19.006682, 48.668475 ], [ 19.01404, 48.675922 ], [ 19.018126, 48.674857 ], [ 19.017014, 48.67382 ], [ 19.024265, 48.675589 ], [ 19.028091, 48.681453 ], [ 19.033438, 48.684787 ] ] ] } },
{ "type": "Feature", "properties": { "shapeName": "District of Piertany", "shapeISO": "", "shapeID": "56367889B38418286781664", "shapeGroup": "SVK", "shapeType": "ADM2" }, "geometry": { "type": "Polygon", "coordinates": [ [ [ 17.845534, 48.521565 ], [ 17.85572, 48.524435 ], [ 17.863806, 48.531283 ], [ 17.861806, 48.532729 ], [ 17.863345, 48.533796 ], [ 17.865122, 48.532757 ], [ 17.865726, 48.538516 ], [ 17.863175, 48.539186 ], [ 17.862843, 48.541218 ], [ 17.869487, 48.551908 ], [ 17.871476, 48.561499 ], [ 17.879489, 48.568904 ], [ 17.886397, 48.571701 ], [ 17.891484, 48.586971 ], [ 17.895784, 48.592367 ], [ 17.90139, 48.592678 ], [ 17.913347, 48.588669 ], [ 17.920105, 48.584387 ], [ 17.919369, 48.582112 ], [ 17.952855, 48.583025 ], [ 17.949832, 48.590557 ], [ 17.974385, 48.591039 ], [ 17.976596, 48.59632 ], [ 17.983016, 48.596421 ], [ 17.985441, 48.601483 ], [ 17.980248, 48.605421 ], [ 17.979103, 48.612529 ], [ 17.963727, 48.611411 ], [ 17.958278, 48.61696 ], [ 17.960872, 48.620512 ], [ 17.95672, 48.622005 ], [ 17.940003, 48.620945 ], [ 17.939223, 48.622569 ], [ 17.931674, 48.621585 ], [ 17.922889, 48.625582 ], [ 17.908189, 48.625387 ], [ 17.89642, 48.630891 ], [ 17.897091, 48.632249 ], [ 17.888485, 48.62904 ], [ 17.88514, 48.629978 ], [ 17.883735, 48.627415 ], [ 17.880466, 48.627618 ], [ 17.879181, 48.634327 ], [ 17.875929, 48.634705 ], [ 17.871927, 48.637686 ], [ 17.866543, 48.637443 ], [ 17.865167, 48.638799 ], [ 17.858072, 48.637255 ], [ 17.856403, 48.632245 ], [ 17.852308, 48.63232 ], [ 17.850414, 48.635533 ], [ 17.844615, 48.637489 ], [ 17.844535, 48.640525 ], [ 17.838724, 48.643107 ], [ 17.839365, 48.651008 ], [ 17.825734, 48.653126 ], [ 17.820461, 48.651769 ], [ 17.823298, 48.65169 ], [ 17.820838, 48.649949 ], [ 17.823491, 48.649438 ], [ 17.822537, 48.647101 ], [ 17.824147, 48.646634 ], [ 17.820472, 48.639368 ], [ 17.80861, 48.6401 ], [ 17.804418, 48.63709 ], [ 17.798424, 48.637769 ], [ 17.797809, 48.640364 ], [ 17.791738, 48.639203 ], [ 17.788222, 48.63675 ], [ 17.785184, 48.638684 ], [ 17.782409, 48.638546 ], [ 17.781468, 48.640598 ], [ 17.743346, 48.651892 ], [ 17.730263, 48.661619 ], [ 17.728716, 48.668174 ], [ 17.713741, 48.677589 ], [ 17.708849, 48.67851 ], [ 17.701662, 48.682516 ], [ 17.692744, 48.675776 ], [ 17.687575, 48.678386 ], [ 17.68602, 48.677797 ], [ 17.676761, 48.669735 ], [ 17.670709, 48.667863 ], [ 17.669428, 48.668846 ], [ 17.669168, 48.666732 ], [ 17.666164, 48.668253 ], [ 17.66275, 48.665364 ], [ 17.64893, 48.668027 ], [ 17.647403, 48.667126 ], [ 17.653329, 48.66378 ], [ 17.645648, 48.662105 ], [ 17.637315, 48.664364 ], [ 17.634057, 48.661576 ], [ 17.631676, 48.665154 ], [ 17.624828, 48.666051 ], [ 17.62213, 48.668381 ], [ 17.623684, 48.669008 ], [ 17.625345, 48.667102 ], [ 17.628588, 48.670054 ], [ 17.624608, 48.672084 ], [ 17.616113, 48.668012 ], [ 17.617809, 48.666956 ], [ 17.615394, 48.66129 ], [ 17.617142, 48.655824 ], [ 17.621256, 48.651661 ], [ 17.61924, 48.648409 ], [ 17.625487, 48.644474 ], [ 17.605603, 48.640141 ], [ 17.600908, 48.64167 ], [ 17.591734, 48.63832 ], [ 17.577876, 48.637734 ], [ 17.579087, 48.632896 ], [ 17.575714, 48.626112 ], [ 17.577482, 48.622458 ], [ 17.584166, 48.618461 ], [ 17.579038, 48.616781 ], [ 17.579789, 48.615769 ], [ 17.571876, 48.610913 ], [ 17.56978, 48.607491 ], [ 17.574985, 48.603904 ], [ 17.573737, 48.601189 ], [ 17.576647, 48.594938 ], [ 17.569806, 48.59277 ], [ 17.567802, 48.594385 ], [ 17.56543, 48.594113 ], [ 17.562637, 48.591889 ], [ 17.556971, 48.581616 ], [ 17.558139, 48.575183 ], [ 17.564186, 48.572763 ], [ 17.565803, 48.574516 ], [ 17.573286, 48.576009 ], [ 17.579322, 48.574393 ], [ 17.581108, 48.572812 ], [ 17.579347, 48.571807 ], [ 17.583902, 48.56868 ], [ 17.5877701, 48.5697825 ], [ 17.598386, 48.556057 ], [ 17.614342, 48.543257 ], [ 17.610892, 48.542017 ], [ 17.620871, 48.538438 ], [ 17.62135, 48.536564 ], [ 17.623903, 48.537627 ], [ 17.62534, 48.535801 ], [ 17.623296, 48.534243 ], [ 17.624767, 48.534658 ], [ 17.62522, 48.53281 ], [ 17.628966, 48.534317 ], [ 17.630794, 48.530752 ], [ 17.635853, 48.528482 ], [ 17.632496, 48.524178 ], [ 17.637771, 48.518754 ], [ 17.655546, 48.509694 ], [ 17.661493, 48.513582 ], [ 17.666472, 48.505505 ], [ 17.679439, 48.494014 ], [ 17.681032, 48.495209 ], [ 17.709681, 48.4776 ], [ 17.719197, 48.474821 ], [ 17.746156, 48.472352 ], [ 17.74613, 48.477309 ], [ 17.751766, 48.486163 ], [ 17.755868, 48.48774 ], [ 17.765974, 48.487822 ], [ 17.768496, 48.495038 ], [ 17.766971, 48.499615 ], [ 17.779713, 48.512025 ], [ 17.774206, 48.508284 ], [ 17.770665, 48.50952 ], [ 17.769198, 48.507761 ], [ 17.766502, 48.50937 ], [ 17.770248, 48.519676 ], [ 17.791463, 48.510908 ], [ 17.792261, 48.501692 ], [ 17.802823, 48.496329 ], [ 17.82183, 48.503676 ], [ 17.817663, 48.515749 ], [ 17.822613, 48.519775 ], [ 17.825985, 48.518546 ], [ 17.834624, 48.522002 ], [ 17.842371, 48.51932 ], [ 17.845534, 48.521565 ] ] ] } },
{ "type": "Feature", "properties": { "shapeName": "District of Cadca", "shapeISO": "", "shapeID": "56367889B62817588919968", "shapeGroup": "SVK", "shapeType": "ADM2" }, "geometry": { "type": "Polygon", "coordinates": [ [ [ 19.157375, 49.329431 ], [ 19.149874, 49.330923 ], [ 19.145555, 49.335088 ], [ 19.147502, 49.343023 ], [ 19.154754, 49.350422 ], [ 19.151591, 49.358016 ], [ 19.139552, 49.364703 ], [ 19.132427, 49.365145 ], [ 19.129712, 49.36892 ], [ 19.117825, 49.366113 ], [ 19.113519, 49.368012 ], [ 19.1112, 49.371511 ], [ 19.122608, 49.379561 ], [ 19.123987, 49.386888 ], [ 19.126545, 49.389124 ], [ 19.127046, 49.391816 ], [ 19.123991, 49.39391 ], [ 19.121495, 49.402676 ], [ 19.107287, 49.403682 ], [ 19.102998, 49.409791 ], [ 19.100211, 49.411009 ], [ 19.093639, 49.410796 ], [ 19.091472, 49.415973 ], [ 19.072731, 49.417984 ], [ 19.0701891, 49.4123937 ], [ 19.0643618, 49.4144593 ], [ 19.0539125, 49.4151627 ], [ 19.051853, 49.4104126 ], [ 19.0443084, 49.4047359 ], [ 19.0460587, 49.4019114 ], [ 19.044693, 49.4004467 ], [ 19.0350225, 49.3957194 ], [ 19.0259001, 49.3940109 ], [ 19.0148141, 49.3964334 ], [ 19.0100578, 49.394786 ], [ 19.0017009, 49.3976566 ], [ 18.9896423, 49.3983803 ], [ 18.9798538, 49.3952215 ], [ 18.971181, 49.402063 ], [ 18.97315, 49.406938 ], [ 18.969599, 49.409325 ], [ 18.968751, 49.4133304 ], [ 18.985723, 49.4218487 ], [ 18.988972, 49.431299 ], [ 18.983751, 49.433466 ], [ 18.977787, 49.440532 ], [ 18.978937, 49.442774 ], [ 18.975712, 49.445385 ], [ 18.973874, 49.451654 ], [ 18.960783, 49.454705 ], [ 18.966205, 49.467957 ], [ 18.964587, 49.472438 ], [ 18.970198, 49.476808 ], [ 18.960451, 49.48275 ], [ 18.963152, 49.484581 ], [ 18.966231, 49.493092 ], [ 18.973333, 49.496807 ], [ 18.972772, 49.502608 ], [ 18.968231, 49.506354 ], [ 18.965018, 49.505957 ], [ 18.9626243, 49.508915900000012 ], [ 18.954709, 49.512579 ], [ 18.949175, 49.512623 ], [ 18.9465823, 49.5173679 ], [ 18.941662, 49.5189 ], [ 18.935526, 49.518435 ], [ 18.930851, 49.519946 ], [ 18.897157, 49.514421 ], [ 18.886727, 49.516694 ], [ 18.875497, 49.515868 ], [ 18.86677, 49.519423 ], [ 18.8448315, 49.5168213 ], [ 18.840213, 49.514919 ], [ 18.812371, 49.516377 ], [ 18.807584, 49.515076 ], [ 18.79974, 49.509333 ], [ 18.7888131, 49.5086577 ], [ 18.779172, 49.504998 ], [ 18.754482, 49.488383 ], [ 18.749672, 49.490197 ], [ 18.7439, 49.488676 ], [ 18.734908, 49.490389 ], [ 18.720392, 49.500101 ], [ 18.715168, 49.499784 ], [ 18.711953, 49.502252 ], [ 18.701396, 49.501509 ], [ 18.697579, 49.499617 ], [ 18.687923, 49.500736 ], [ 18.68339, 49.506002 ], [ 18.677825, 49.507628 ], [ 18.6709, 49.506153 ], [ 18.670283, 49.504332 ], [ 18.664391, 49.502333 ], [ 18.654891, 49.503143 ], [ 18.651345, 49.501095 ], [ 18.642328, 49.500789 ], [ 18.639521, 49.496229 ], [ 18.631542, 49.498727 ], [ 18.617747, 49.495062 ], [ 18.602816, 49.497085 ], [ 18.601168, 49.49906 ], [ 18.601907, 49.506852 ], [ 18.5972526, 49.5102363 ], [ 18.580865, 49.50628 ], [ 18.572363, 49.508286 ], [ 18.552907, 49.503127 ], [ 18.551538, 49.501021 ], [ 18.545748, 49.50051 ], [ 18.541633, 49.492706 ], [ 18.534666, 49.490188 ], [ 18.534368, 49.484546 ], [ 18.542086, 49.477867 ], [ 18.543369, 49.473107 ], [ 18.546897, 49.471395 ], [ 18.547951, 49.467862 ], [ 18.54391, 49.465042 ], [ 18.536255, 49.464421 ], [ 18.532729, 49.458122 ], [ 18.524801, 49.456481 ], [ 18.522959, 49.449233 ], [ 18.516749, 49.448412 ], [ 18.5053, 49.4429 ], [ 18.500923, 49.435816 ], [ 18.495582, 49.435892 ], [ 18.489964, 49.433178 ], [ 18.494692, 49.429767 ], [ 18.494108, 49.428183 ], [ 18.481947, 49.423907 ], [ 18.481637, 49.420828 ], [ 18.476458, 49.416702 ], [ 18.477819, 49.411678 ], [ 18.475691, 49.408546 ], [ 18.456349, 49.402974 ], [ 18.449383, 49.397438 ], [ 18.449956, 49.393502 ], [ 18.433228, 49.392801 ], [ 18.411946, 49.39908 ], [ 18.4036613, 49.396691 ], [ 18.408916, 49.389896 ], [ 18.411878, 49.378552 ], [ 18.410631, 49.37648 ], [ 18.415567, 49.367549 ], [ 18.408429, 49.360372 ], [ 18.398178, 49.356797 ], [ 18.404255, 49.350229 ], [ 18.394509, 49.348277 ], [ 18.388032, 49.343193 ], [ 18.378918, 49.330546 ], [ 18.365672, 49.324417 ], [ 18.328603, 49.318629 ], [ 18.322605, 49.315109 ], [ 18.325089, 49.313305 ], [ 18.355895, 49.319705 ], [ 18.362009, 49.317459 ], [ 18.373402, 49.318983 ], [ 18.378899, 49.323728 ], [ 18.390357, 49.324293 ], [ 18.393783, 49.32895 ], [ 18.399665, 49.330495 ], [ 18.401151, 49.334063 ], [ 18.411044, 49.337037 ], [ 18.420138, 49.329907 ], [ 18.432235, 49.329902 ], [ 18.432605, 49.331653 ], [ 18.438513, 49.33226 ], [ 18.438113, 49.333253 ], [ 18.443288, 49.334872 ], [ 18.451003, 49.331862 ], [ 18.455035, 49.332355 ], [ 18.462288, 49.335821 ], [ 18.467278, 49.334899 ], [ 18.466867, 49.337903 ], [ 18.470351, 49.338874 ], [ 18.481718, 49.339619 ], [ 18.483444, 49.337615 ], [ 18.491393, 49.342373 ], [ 18.503448, 49.345333 ], [ 18.500172, 49.346526 ], [ 18.513389, 49.35459 ], [ 18.515757, 49.350017 ], [ 18.525256, 49.347829 ], [ 18.529493, 49.351247 ], [ 18.53675, 49.353063 ], [ 18.543433, 49.360374 ], [ 18.544985, 49.358658 ], [ 18.547612, 49.359837 ], [ 18.558192, 49.359368 ], [ 18.56276, 49.355048 ], [ 18.567782, 49.356821 ], [ 18.574437, 49.353573 ], [ 18.57693, 49.355644 ], [ 18.576861, 49.359605 ], [ 18.581941, 49.357292 ], [ 18.584603, 49.365077 ], [ 18.58824, 49.360118 ], [ 18.59533, 49.359128 ], [ 18.598742, 49.362005 ], [ 18.602778, 49.357808 ], [ 18.60368, 49.351958 ], [ 18.621268, 49.349423 ], [ 18.62784, 49.354253 ], [ 18.631279, 49.363127 ], [ 18.639973, 49.364467 ], [ 18.647047, 49.358255 ], [ 18.656475, 49.357791 ], [ 18.665082, 49.352918 ], [ 18.669574, 49.352362 ], [ 18.67355, 49.346878 ], [ 18.673582, 49.341257 ], [ 18.67847, 49.340186 ], [ 18.679686, 49.346575 ], [ 18.676446, 49.352594 ], [ 18.672848, 49.354351 ], [ 18.67332, 49.358062 ], [ 18.676829, 49.357763 ], [ 18.676226, 49.35619 ], [ 18.68092, 49.36065 ], [ 18.690212, 49.361338 ], [ 18.692913, 49.359846 ], [ 18.696212, 49.360885 ], [ 18.700977, 49.362849 ], [ 18.704246, 49.367551 ], [ 18.708821, 49.370066 ], [ 18.71583, 49.370174 ], [ 18.724241, 49.365748 ], [ 18.73193, 49.366383 ], [ 18.732111, 49.376503 ], [ 18.742352, 49.380518 ], [ 18.7443086, 49.3861002 ], [ 18.7507939, 49.3885244 ], [ 18.757736, 49.387033 ], [ 18.765164, 49.382275 ], [ 18.774548, 49.380906 ], [ 18.776092, 49.375092 ], [ 18.779537, 49.375381 ], [ 18.782119, 49.37052 ], [ 18.792535, 49.366443 ], [ 18.793975, 49.368001 ], [ 18.796, 49.367203 ], [ 18.799623, 49.35853 ], [ 18.804148, 49.354731 ], [ 18.807492, 49.354154 ], [ 18.8145, 49.357053 ], [ 18.827866, 49.35913 ], [ 18.830894, 49.354744 ], [ 18.832545, 49.354866 ], [ 18.837673, 49.358311 ], [ 18.842761, 49.358 ], [ 18.844215, 49.359396 ], [ 18.84695, 49.356944 ], [ 18.869717, 49.351572 ], [ 18.868837, 49.346351 ], [ 18.894528, 49.337297 ], [ 18.896468, 49.32965 ], [ 18.892528, 49.32121 ], [ 18.894141, 49.318876 ], [ 18.899757, 49.31814 ], [ 18.90415, 49.315461 ], [ 18.910906, 49.311729 ], [ 18.912406, 49.302771 ], [ 18.916081, 49.302858 ], [ 18.931058, 49.298141 ], [ 18.936291, 49.300966 ], [ 18.939953, 49.309021 ], [ 18.947911, 49.310186 ], [ 18.963084, 49.315736 ], [ 18.972202, 49.316449 ], [ 18.98181, 49.315127 ], [ 18.982881, 49.309111 ], [ 18.988829, 49.307253 ], [ 19.002886, 49.308586 ], [ 19.004386, 49.307529 ], [ 19.010799, 49.312507 ], [ 19.013415, 49.312599 ], [ 19.016104, 49.310901 ], [ 19.012463, 49.308411 ], [ 19.017412, 49.308813 ], [ 19.022394, 49.304694 ], [ 19.026198, 49.305965 ], [ 19.030367, 49.304109 ], [ 19.036113, 49.30606 ], [ 19.038463, 49.309766 ], [ 19.048546, 49.301685 ], [ 19.055591, 49.305107 ], [ 19.056086, 49.303917 ], [ 19.066304, 49.303064 ], [ 19.064299, 49.299639 ], [ 19.066039, 49.29836 ], [ 19.072381, 49.301797 ], [ 19.094557, 49.306211 ], [ 19.094476, 49.308487 ], [ 19.098444, 49.309726 ], [ 19.097702, 49.311808 ], [ 19.108886, 49.311171 ], [ 19.10801, 49.309758 ], [ 19.113248, 49.309356 ], [ 19.113633, 49.307584 ], [ 19.118511, 49.308828 ], [ 19.12148, 49.311656 ], [ 19.122947, 49.307782 ], [ 19.129892, 49.307891 ], [ 19.160534, 49.328724 ], [ 19.157375, 49.329431 ] ] ] } },
{ "type": "Feature", "properties": { "shapeName": "District of Humennn", "shapeISO": "", "shapeID": "56367889B67356758961124", "shapeGroup": "SVK", "shapeType": "ADM2" }, "geometry": { "type": "Polygon", "coordinates": [ [ [ 22.1918562, 48.929273 ], [ 22.184622, 48.930958 ], [ 22.180381, 48.935689 ], [ 22.173383, 48.938038 ], [ 22.163867, 48.938208 ], [ 22.166462, 48.937734 ], [ 22.165238, 48.936054 ], [ 22.163643, 48.938167 ], [ 22.157758, 48.938764 ], [ 22.155353, 48.93687 ], [ 22.154314, 48.938101 ], [ 22.152009, 48.93429 ], [ 22.150318, 48.938395 ], [ 22.156899, 48.946176 ], [ 22.1438725, 48.9545102 ], [ 22.1407341, 48.9534466 ], [ 22.1421899, 48.9507955 ], [ 22.1348107, 48.9457578 ], [ 22.1347297, 48.940573 ], [ 22.1310369, 48.9393041 ], [ 22.1197797, 48.9413589 ], [ 22.116901, 48.931724 ], [ 22.109515, 48.931761 ], [ 22.101848, 48.934654 ], [ 22.099906, 48.933198 ], [ 22.092828, 48.942637 ], [ 22.082998, 48.939234 ], [ 22.079053, 48.943668 ], [ 22.072128, 48.941175 ], [ 22.073524, 48.9401 ], [ 22.071196, 48.938859 ], [ 22.065132, 48.940762 ], [ 22.058166, 48.947629 ], [ 22.051723, 48.948088 ], [ 22.042809, 48.951129 ], [ 22.034563, 48.948794 ], [ 22.024939, 48.948292 ], [ 22.021235, 48.952414 ], [ 22.022499, 48.953476 ], [ 22.019426, 48.953254 ], [ 22.016169, 48.957553 ], [ 22.016218, 48.962379 ], [ 22.028925, 48.964859 ], [ 22.027656, 48.969326 ], [ 22.049488, 48.978878 ], [ 22.047005, 48.990224 ], [ 22.050015, 48.995423 ], [ 22.049907, 48.999888 ], [ 22.056292, 49.008058 ], [ 22.06095, 49.009904 ], [ 22.067856, 49.009902 ], [ 22.079525, 49.006145 ], [ 22.080936, 49.010913 ], [ 22.088644, 49.011373 ], [ 22.102612, 49.020846 ], [ 22.110752, 49.020434 ], [ 22.115014, 49.023468 ], [ 22.11511, 49.024633 ], [ 22.109118, 49.025082 ], [ 22.105273, 49.027177 ], [ 22.096268, 49.036312 ], [ 22.091292, 49.036389 ], [ 22.100142, 49.04307 ], [ 22.096331, 49.043938 ], [ 22.095158, 49.056182 ], [ 22.107976, 49.063166 ], [ 22.110681, 49.066631 ], [ 22.117391, 49.065364 ], [ 22.126799, 49.068865 ], [ 22.13401, 49.073647 ], [ 22.127184, 49.093412 ], [ 22.122052, 49.097144 ], [ 22.113477, 49.098783 ], [ 22.108407, 49.097689 ], [ 22.103293, 49.101138 ], [ 22.107286, 49.120424 ], [ 22.10598, 49.126501 ], [ 22.102509, 49.130334 ], [ 22.106714, 49.132026 ], [ 22.106394, 49.134033 ], [ 22.114633, 49.140004 ], [ 22.116706, 49.139072 ], [ 22.121784, 49.140948 ], [ 22.127688, 49.140382 ], [ 22.127899, 49.157612 ], [ 22.133895, 49.160072 ], [ 22.135342, 49.168738 ], [ 22.138263, 49.169172 ], [ 22.137931, 49.175007 ], [ 22.142688, 49.177756 ], [ 22.148284, 49.178753 ], [ 22.150741, 49.1872 ], [ 22.1538328, 49.1886156 ], [ 22.143104, 49.1927444 ], [ 22.1438057, 49.200513900000011 ], [ 22.1299788, 49.2002288 ], [ 22.1244516, 49.202158800000014 ], [ 22.1175657, 49.2010467 ], [ 22.1133801, 49.2033478 ], [ 22.106737, 49.204087 ], [ 22.099667, 49.195994 ], [ 22.100766, 49.190429 ], [ 22.098082, 49.184497 ], [ 22.089829, 49.181737 ], [ 22.083244, 49.168762 ], [ 22.076642, 49.163221 ], [ 22.076365, 49.160101 ], [ 22.080281, 49.157449 ], [ 22.071944, 49.149629 ], [ 22.067785, 49.149119 ], [ 22.060203, 49.142496 ], [ 22.04853, 49.140567 ], [ 22.044578, 49.138279 ], [ 22.0409, 49.13937 ], [ 22.027078, 49.135272 ], [ 22.015663, 49.128596 ], [ 21.999864, 49.131729 ], [ 21.995005, 49.1316 ], [ 21.991825, 49.129216 ], [ 21.984682, 49.131399 ], [ 21.983798, 49.128961 ], [ 21.972158, 49.131098 ], [ 21.964991, 49.124939 ], [ 21.969631, 49.116491 ], [ 21.967227, 49.106588 ], [ 21.964187, 49.105745 ], [ 21.961992, 49.101144 ], [ 21.947255, 49.098861 ], [ 21.945941, 49.100939 ], [ 21.9404, 49.102472 ], [ 21.941107, 49.106207 ], [ 21.93793, 49.105285 ], [ 21.931913, 49.113378 ], [ 21.913864, 49.112127 ], [ 21.908029, 49.108911 ], [ 21.90073, 49.10068 ], [ 21.895098, 49.100231 ], [ 21.885594, 49.106903 ], [ 21.872767, 49.11216 ], [ 21.871967, 49.116436 ], [ 21.85737, 49.121063 ], [ 21.851721, 49.118504 ], [ 21.842245, 49.123436 ], [ 21.838891, 49.129326 ], [ 21.832454, 49.131603 ], [ 21.829151, 49.13583 ], [ 21.824179, 49.135251 ], [ 21.819357, 49.139244 ], [ 21.815638, 49.139225 ], [ 21.807702, 49.149291 ], [ 21.809002, 49.151243 ], [ 21.803426, 49.155173 ], [ 21.806642, 49.157942 ], [ 21.803695, 49.160692 ], [ 21.803018, 49.166511 ], [ 21.805387, 49.175165 ], [ 21.792457, 49.191496 ], [ 21.78942, 49.198335 ], [ 21.787785, 49.197852 ], [ 21.788037, 49.193529 ], [ 21.782579, 49.193688 ], [ 21.781214, 49.191138 ], [ 21.773643, 49.192707 ], [ 21.762679, 49.180107 ], [ 21.766834, 49.165479 ], [ 21.764107, 49.16139 ], [ 21.768712, 49.156046 ], [ 21.768463, 49.149572 ], [ 21.765172, 49.147892 ], [ 21.760044, 49.148991 ], [ 21.753573, 49.148019 ], [ 21.754142, 49.141699 ], [ 21.748143, 49.138951 ], [ 21.744037, 49.139603 ], [ 21.742733, 49.132314 ], [ 21.747728, 49.120762 ], [ 21.750421, 49.120817 ], [ 21.747866, 49.109341 ], [ 21.752374, 49.102989 ], [ 21.747042, 49.100333 ], [ 21.746999, 49.097746 ], [ 21.75011, 49.097533 ], [ 21.755288, 49.092008 ], [ 21.755649, 49.087652 ], [ 21.761828, 49.087847 ], [ 21.762553, 49.084419 ], [ 21.768976, 49.077845 ], [ 21.765421, 49.07398 ], [ 21.768203, 49.068008 ], [ 21.776136, 49.062916 ], [ 21.768353, 49.060445 ], [ 21.76061, 49.053734 ], [ 21.758948, 49.047126 ], [ 21.754858, 49.045221 ], [ 21.755142, 49.040717 ], [ 21.751276, 49.03896 ], [ 21.753318, 49.033023 ], [ 21.749595, 49.032686 ], [ 21.752383, 49.026587 ], [ 21.759655, 49.028337 ], [ 21.764127, 49.023524 ], [ 21.768012, 49.023767 ], [ 21.774008, 49.020971 ], [ 21.766443, 49.014554 ], [ 21.767622, 49.012678 ], [ 21.764122, 49.011168 ], [ 21.76465, 49.006641 ], [ 21.774774, 49.003511 ], [ 21.778063, 48.999694 ], [ 21.774439, 48.987453 ], [ 21.789097, 48.978578 ], [ 21.790501, 48.974988 ], [ 21.79727, 48.972798 ], [ 21.80112, 48.967813 ], [ 21.793873, 48.952534 ], [ 21.793716, 48.9482 ], [ 21.796404, 48.944804 ], [ 21.782392, 48.940785 ], [ 21.775539, 48.927546 ], [ 21.779735, 48.92378 ], [ 21.780397, 48.912337 ], [ 21.77646, 48.910875 ], [ 21.777738, 48.908761 ], [ 21.775377, 48.907881 ], [ 21.779199, 48.903362 ], [ 21.786045, 48.90458 ], [ 21.788746, 48.901878 ], [ 21.78715, 48.895867 ], [ 21.791427, 48.893983 ], [ 21.792646, 48.897726 ], [ 21.797114, 48.898029 ], [ 21.799637, 48.901383 ], [ 21.810706, 48.901985 ], [ 21.813, 48.900255 ], [ 21.821053, 48.89911 ], [ 21.821963, 48.894157 ], [ 21.826034, 48.888917 ], [ 21.832846, 48.891319 ], [ 21.833191, 48.886548 ], [ 21.835295, 48.88681 ], [ 21.835392, 48.88897 ], [ 21.840504, 48.889729 ], [ 21.841235, 48.892367 ], [ 21.849451, 48.89398 ], [ 21.86817, 48.892553 ], [ 21.885017, 48.889437 ], [ 21.894545, 48.884746 ], [ 21.899419, 48.885008 ], [ 21.903366, 48.882239 ], [ 21.913756, 48.881186 ], [ 21.921448, 48.875394 ], [ 21.928773, 48.87379 ], [ 21.931276, 48.871535 ], [ 21.943759, 48.870265 ], [ 21.945857, 48.868903 ], [ 21.943622, 48.861582 ], [ 21.947067, 48.857538 ], [ 21.946618, 48.851809 ], [ 21.950376, 48.851255 ], [ 21.952891, 48.848924 ], [ 21.955084, 48.849636 ], [ 21.960198, 48.84758 ], [ 21.971292, 48.846313 ], [ 21.972112, 48.848975 ], [ 21.991203, 48.847481 ], [ 21.991052, 48.83971 ], [ 22.018672, 48.838644 ], [ 22.030882, 48.838851 ], [ 22.071657, 48.846993 ], [ 22.076606, 48.845381 ], [ 22.131594, 48.844698 ], [ 22.130813, 48.848516 ], [ 22.13286, 48.852314 ], [ 22.130133, 48.857522 ], [ 22.130744, 48.870168 ], [ 22.126641, 48.875735 ], [ 22.123743, 48.87594 ], [ 22.126111, 48.887979 ], [ 22.1275675, 48.8892647 ], [ 22.13167, 48.888562 ], [ 22.1457836, 48.8903002 ], [ 22.1565838, 48.8935089 ], [ 22.1602167, 48.9048174 ], [ 22.1721218, 48.9108975 ], [ 22.1729383, 48.9136999 ], [ 22.1834966, 48.9187067 ], [ 22.1836308, 48.9224404 ], [ 22.1886563, 48.9261338 ], [ 22.1886284, 48.9291452 ], [ 22.1918562, 48.929273 ] ] ] } },
{ "type": "Feature", "properties": { "shapeName": "District of Spieskn Novo Ves", "shapeISO": "", "shapeID": "56367889B47622109691322", "shapeGroup": "SVK", "shapeType": "ADM2" }, "geometry": { "type": "Polygon", "coordinates": [ [ [ 20.5336, 48.794174 ], [ 20.529754, 48.800267 ], [ 20.531448, 48.808771 ], [ 20.529966, 48.813471 ], [ 20.551113, 48.819053 ], [ 20.554084, 48.815245 ], [ 20.553304, 48.81874 ], [ 20.556338, 48.82572 ], [ 20.551059, 48.828226 ], [ 20.551251, 48.830546 ], [ 20.558829, 48.835714 ], [ 20.565411, 48.837781 ], [ 20.56857, 48.841165 ], [ 20.570527, 48.84859 ], [ 20.586253, 48.854417 ], [ 20.584075, 48.856197 ], [ 20.580372, 48.855906 ], [ 20.577842, 48.864928 ], [ 20.58023, 48.864987 ], [ 20.579817, 48.869371 ], [ 20.584159, 48.871274 ], [ 20.587496, 48.870832 ], [ 20.588697, 48.872399 ], [ 20.588732, 48.873952 ], [ 20.583467, 48.873105 ], [ 20.581997, 48.874131 ], [ 20.584706, 48.879652 ], [ 20.594634, 48.882579 ], [ 20.607697, 48.890861 ], [ 20.621418, 48.895333 ], [ 20.629256, 48.894524 ], [ 20.640961, 48.899075 ], [ 20.640848, 48.898051 ], [ 20.643764, 48.89896 ], [ 20.644293, 48.894175 ], [ 20.658285, 48.895061 ], [ 20.656674, 48.890883 ], [ 20.659084, 48.881464 ], [ 20.657156, 48.877513 ], [ 20.659756, 48.878201 ], [ 20.660838, 48.874168 ], [ 20.658177, 48.868919 ], [ 20.65972, 48.86445 ], [ 20.654718, 48.860826 ], [ 20.659278, 48.859144 ], [ 20.660995, 48.852819 ], [ 20.659219, 48.85168 ], [ 20.668612, 48.846191 ], [ 20.66395, 48.855225 ], [ 20.668982, 48.862049 ], [ 20.67388, 48.862974 ], [ 20.686634, 48.862113 ], [ 20.696915, 48.855882 ], [ 20.7104, 48.85617 ], [ 20.724368, 48.846102 ], [ 20.736879, 48.843818 ], [ 20.74174, 48.839279 ], [ 20.745676, 48.838545 ], [ 20.746145, 48.835699 ], [ 20.750717, 48.833256 ], [ 20.757138, 48.834773 ], [ 20.767882, 48.834626 ], [ 20.778923, 48.840013 ], [ 20.786408, 48.83999 ], [ 20.798507, 48.843865 ], [ 20.810932, 48.84433 ], [ 20.829269, 48.848793 ], [ 20.841928, 48.848913 ], [ 20.846687, 48.851921 ], [ 20.875718, 48.859585 ], [ 20.880466, 48.870378 ], [ 20.88609, 48.876708 ], [ 20.885344, 48.878755 ], [ 20.89666, 48.888583 ], [ 20.905808, 48.892098 ], [ 20.910551, 48.898848 ], [ 20.920716, 48.904545 ], [ 20.921068, 48.907104 ], [ 20.917839, 48.90948 ], [ 20.914486, 48.908982 ], [ 20.910994, 48.913584 ], [ 20.907137, 48.914203 ], [ 20.907671, 48.919689 ], [ 20.901959, 48.924704 ], [ 20.899571, 48.923522 ], [ 20.89669, 48.925755 ], [ 20.878723, 48.925236 ], [ 20.877142, 48.929854 ], [ 20.880822, 48.928699 ], [ 20.886958, 48.929316 ], [ 20.894046, 48.935962 ], [ 20.89339, 48.93887 ], [ 20.88872, 48.939901 ], [ 20.890833, 48.943219 ], [ 20.888223, 48.945658 ], [ 20.888795, 48.949629 ], [ 20.884753, 48.953481 ], [ 20.889836, 48.959625 ], [ 20.899107, 48.96315 ], [ 20.89505, 48.967972 ], [ 20.888456, 48.967482 ], [ 20.877237, 48.97538 ], [ 20.872807, 48.973898 ], [ 20.872586, 48.97625 ], [ 20.870034, 48.976098 ], [ 20.85075, 48.970636 ], [ 20.841718, 48.969809 ], [ 20.843139, 48.973741 ], [ 20.849994, 48.974902 ], [ 20.84465, 48.974018 ], [ 20.838891, 48.975609 ], [ 20.83426, 48.973317 ], [ 20.828886, 48.973441 ], [ 20.817426, 48.97877 ], [ 20.817728, 48.98061 ], [ 20.828731, 48.985602 ], [ 20.832591, 48.98593 ], [ 20.832605, 48.988005 ], [ 20.839421, 48.990742 ], [ 20.833071, 48.991013 ], [ 20.82369, 48.986934 ], [ 20.815274, 48.986922 ], [ 20.798625, 48.991044 ], [ 20.799843, 48.99347 ], [ 20.789377, 48.997483 ], [ 20.789778, 48.998524 ], [ 20.783716, 48.999465 ], [ 20.77655, 48.99883 ], [ 20.775246, 48.991692 ], [ 20.772886, 48.991809 ], [ 20.774313, 48.99776 ], [ 20.769282, 49.00303 ], [ 20.766014, 49.002105 ], [ 20.763977, 48.99841 ], [ 20.765831, 48.99697 ], [ 20.770122, 48.998473 ], [ 20.767968, 48.994448 ], [ 20.769367, 48.995089 ], [ 20.771893, 48.993072 ], [ 20.774666, 48.987042 ], [ 20.771425, 48.981241 ], [ 20.771177, 48.975549 ], [ 20.781615, 48.971285 ], [ 20.766103, 48.966045 ], [ 20.763619, 48.968886 ], [ 20.756459, 48.970162 ], [ 20.75332, 48.97735 ], [ 20.740047, 48.972908 ], [ 20.733963, 48.967081 ], [ 20.721533, 48.979628 ], [ 20.716643, 48.982006 ], [ 20.71105, 48.981951 ], [ 20.699329, 48.978815 ], [ 20.69447, 48.975404 ], [ 20.689102, 48.977568 ], [ 20.685664, 48.974842 ], [ 20.678286, 48.97312 ], [ 20.682069, 48.965593 ], [ 20.67418, 48.957558 ], [ 20.656765, 48.953827 ], [ 20.643652, 48.9572 ], [ 20.632311, 48.95224 ], [ 20.6251, 48.964469 ], [ 20.619507, 48.965001 ], [ 20.620658, 48.966676 ], [ 20.616904, 48.973432 ], [ 20.617891, 48.978816 ], [ 20.605621, 48.97654 ], [ 20.598659, 48.973675 ], [ 20.592762, 48.974854 ], [ 20.589262, 48.973099 ], [ 20.582234, 48.973309 ], [ 20.576335, 48.970775 ], [ 20.564514, 48.984045 ], [ 20.559711, 48.985018 ], [ 20.556379, 48.988407 ], [ 20.553199, 48.988024 ], [ 20.552734, 48.990223 ], [ 20.538924, 48.991075 ], [ 20.535374, 48.995805 ], [ 20.526155, 48.999266 ], [ 20.527203, 49.002639 ], [ 20.525172, 49.00664 ], [ 20.527877, 49.010013 ], [ 20.533957, 49.011466 ], [ 20.530713, 49.014162 ], [ 20.530186, 49.019182 ], [ 20.526075, 49.017233 ], [ 20.522189, 49.019884 ], [ 20.517159, 49.018329 ], [ 20.512026, 49.010817 ], [ 20.505771, 49.007088 ], [ 20.505956, 49.002088 ], [ 20.481585, 49.002915 ], [ 20.490662, 48.999299 ], [ 20.509352, 48.995038 ], [ 20.509751, 48.993879 ], [ 20.510175, 48.990745 ], [ 20.505304, 48.988382 ], [ 20.495778, 48.98837 ], [ 20.489482, 48.984578 ], [ 20.483334, 48.989189 ], [ 20.481756, 48.982286 ], [ 20.483576, 48.976024 ], [ 20.484384, 48.974059 ], [ 20.490556, 48.974528 ], [ 20.489686, 48.970908 ], [ 20.492235, 48.969561 ], [ 20.490142, 48.967799 ], [ 20.487065, 48.967677 ], [ 20.476542, 48.973968 ], [ 20.478139, 48.985526 ], [ 20.466908, 48.994266 ], [ 20.45582, 48.988733 ], [ 20.454605, 48.992085 ], [ 20.442738, 48.999123 ], [ 20.433159, 48.99648 ], [ 20.4333, 49.001511 ], [ 20.428983, 49.00167 ], [ 20.428889, 49.003506 ], [ 20.413881, 48.987576 ], [ 20.411802, 48.989581 ], [ 20.403885, 48.985469 ], [ 20.402861, 48.992097 ], [ 20.387532, 48.98843 ], [ 20.382702, 48.983573 ], [ 20.376865, 48.980809 ], [ 20.367109, 48.981316 ], [ 20.349121, 48.973689 ], [ 20.347601, 48.97024 ], [ 20.341213, 48.966151 ], [ 20.331393, 48.966472 ], [ 20.328659, 48.964985 ], [ 20.319982, 48.959564 ], [ 20.321577, 48.958012 ], [ 20.314678, 48.955323 ], [ 20.311773, 48.94922 ], [ 20.300721, 48.945071 ], [ 20.296243, 48.93714 ], [ 20.298623, 48.934642 ], [ 20.304218, 48.936109 ], [ 20.310895, 48.93146 ], [ 20.323676, 48.935947 ], [ 20.334208, 48.932781 ], [ 20.342268, 48.923662 ], [ 20.34859, 48.922425 ], [ 20.352338, 48.919893 ], [ 20.362466, 48.918676 ], [ 20.373985, 48.913138 ], [ 20.375715, 48.910695 ], [ 20.387013, 48.912517 ], [ 20.388018, 48.91125 ], [ 20.391559, 48.91126 ], [ 20.390926, 48.908881 ], [ 20.407801, 48.907339 ], [ 20.415042, 48.90828 ], [ 20.413909, 48.905595 ], [ 20.407254, 48.90323 ], [ 20.396933, 48.901829 ], [ 20.389882, 48.903748 ], [ 20.383286, 48.900873 ], [ 20.382065, 48.896957 ], [ 20.392883, 48.889906 ], [ 20.389559, 48.884559 ], [ 20.393016, 48.879331 ], [ 20.391458, 48.874793 ], [ 20.397048, 48.873993 ], [ 20.399193, 48.871288 ], [ 20.407507, 48.875302 ], [ 20.41549, 48.876779 ], [ 20.401187, 48.871394 ], [ 20.390112, 48.864958 ], [ 20.385909, 48.853711 ], [ 20.380313, 48.851712 ], [ 20.377711, 48.848595 ], [ 20.393979, 48.843467 ], [ 20.399386, 48.845068 ], [ 20.403318, 48.842717 ], [ 20.406425, 48.84363 ], [ 20.417485, 48.842312 ], [ 20.425321, 48.835925 ], [ 20.430967, 48.837752 ], [ 20.433218, 48.836354 ], [ 20.436067, 48.838668 ], [ 20.443124, 48.838551 ], [ 20.450521, 48.834169 ], [ 20.454736, 48.834467 ], [ 20.460242, 48.832417 ], [ 20.458645, 48.831464 ], [ 20.462713, 48.829554 ], [ 20.462989, 48.819954 ], [ 20.48278, 48.812201 ], [ 20.482296, 48.80877 ], [ 20.485585, 48.805996 ], [ 20.476786, 48.797437 ], [ 20.479085, 48.793443 ], [ 20.475651, 48.788905 ], [ 20.481491, 48.793577 ], [ 20.483021, 48.798814 ], [ 20.491341, 48.807168 ], [ 20.504094, 48.805963 ], [ 20.511715, 48.798005 ], [ 20.520604, 48.797015 ], [ 20.528803, 48.793377 ], [ 20.5336, 48.794174 ] ] ] } },
{ "type": "Feature", "properties": { "shapeName": "District of Hlohovec", "shapeISO": "", "shapeID": "56367889B9717038533065", "shapeGroup": "SVK", "shapeType": "ADM2" }, "geometry": { "type": "Polygon", "coordinates": [ [ [ 17.857073, 48.347233 ], [ 17.858337, 48.348204 ], [ 17.855323, 48.35043 ], [ 17.861966, 48.354823 ], [ 17.870508, 48.357472 ], [ 17.86924, 48.363521 ], [ 17.877017, 48.36629 ], [ 17.881547, 48.375311 ], [ 17.901467, 48.395867 ], [ 17.904669, 48.396428 ], [ 17.909396, 48.409736 ], [ 17.920032, 48.422952 ], [ 17.920479, 48.428594 ], [ 17.931916, 48.434556 ], [ 17.932362, 48.442194 ], [ 17.945014, 48.44093 ], [ 17.943011, 48.446205 ], [ 17.947056, 48.446815 ], [ 17.945056, 48.449151 ], [ 17.952295, 48.455074 ], [ 17.956738, 48.461565 ], [ 17.962137, 48.45989 ], [ 17.964665, 48.464798 ], [ 17.960846, 48.465575 ], [ 17.948495, 48.473515 ], [ 17.940903, 48.475172 ], [ 17.934731, 48.47954 ], [ 17.933682, 48.478868 ], [ 17.919214, 48.488733 ], [ 17.915496, 48.493213 ], [ 17.889308, 48.505091 ], [ 17.876369, 48.505587 ], [ 17.860843, 48.50933 ], [ 17.852937, 48.514804 ], [ 17.846468, 48.514024 ], [ 17.844594, 48.517253 ], [ 17.846995, 48.520287 ], [ 17.845534, 48.521565 ], [ 17.842371, 48.51932 ], [ 17.834624, 48.522002 ], [ 17.825985, 48.518546 ], [ 17.822613, 48.519775 ], [ 17.817663, 48.515749 ], [ 17.82183, 48.503676 ], [ 17.802823, 48.496329 ], [ 17.792261, 48.501692 ], [ 17.791463, 48.510908 ], [ 17.770248, 48.519676 ], [ 17.766502, 48.50937 ], [ 17.769198, 48.507761 ], [ 17.770665, 48.50952 ], [ 17.774206, 48.508284 ], [ 17.779713, 48.512025 ], [ 17.766971, 48.499615 ], [ 17.768496, 48.495038 ], [ 17.765974, 48.487822 ], [ 17.755868, 48.48774 ], [ 17.751766, 48.486163 ], [ 17.74613, 48.477309 ], [ 17.746156, 48.472352 ], [ 17.719197, 48.474821 ], [ 17.709681, 48.4776 ], [ 17.681032, 48.495209 ], [ 17.679439, 48.494014 ], [ 17.687894, 48.486501 ], [ 17.691094, 48.481187 ], [ 17.684745, 48.476873 ], [ 17.685286, 48.470602 ], [ 17.683153, 48.469684 ], [ 17.690186, 48.454083 ], [ 17.686806, 48.446157 ], [ 17.683312, 48.443808 ], [ 17.68891, 48.433436 ], [ 17.697868, 48.427012 ], [ 17.711129, 48.428421 ], [ 17.713542, 48.427213 ], [ 17.722234, 48.427479 ], [ 17.725639, 48.42355 ], [ 17.723239, 48.421937 ], [ 17.726867, 48.422537 ], [ 17.726801, 48.420707 ], [ 17.731254, 48.418547 ], [ 17.723333, 48.413306 ], [ 17.724672, 48.411407 ], [ 17.720474, 48.409618 ], [ 17.719126, 48.406228 ], [ 17.723226, 48.398558 ], [ 17.718038, 48.386689 ], [ 17.720188, 48.385644 ], [ 17.71827, 48.384732 ], [ 17.720246, 48.380172 ], [ 17.724444, 48.377232 ], [ 17.721612, 48.372926 ], [ 17.717248, 48.372148 ], [ 17.710766, 48.367651 ], [ 17.704393, 48.368782 ], [ 17.701814, 48.367452 ], [ 17.701961, 48.356022 ], [ 17.709572, 48.356331 ], [ 17.718129, 48.352713 ], [ 17.732559, 48.350836 ], [ 17.751009, 48.342197 ], [ 17.75499, 48.342731 ], [ 17.758001, 48.340822 ], [ 17.767397, 48.338427 ], [ 17.774051, 48.33006 ], [ 17.781093, 48.328545 ], [ 17.78861, 48.322196 ], [ 17.798222, 48.326329 ], [ 17.813822, 48.328634 ], [ 17.803005, 48.347505 ], [ 17.811551, 48.352316 ], [ 17.81641, 48.352999 ], [ 17.820035, 48.351696 ], [ 17.822765, 48.355153 ], [ 17.828805, 48.353519 ], [ 17.836648, 48.347713 ], [ 17.840593, 48.347716 ], [ 17.843566, 48.340445 ], [ 17.848656, 48.341549 ], [ 17.849583, 48.34503 ], [ 17.857073, 48.347233 ] ] ] } },
{ "type": "Feature", "properties": { "shapeName": "District of Bytca", "shapeISO": "", "shapeID": "56367889B50353875052402", "shapeGroup": "SVK", "shapeType": "ADM2" }, "geometry": { "type": "Polygon", "coordinates": [ [ [ 18.373402, 49.318983 ], [ 18.375951, 49.315434 ], [ 18.374492, 49.310521 ], [ 18.377103, 49.303376 ], [ 18.380502, 49.302076 ], [ 18.38347, 49.297635 ], [ 18.391739, 49.296319 ], [ 18.397119, 49.289876 ], [ 18.398324, 49.282561 ], [ 18.402694, 49.282396 ], [ 18.408349, 49.276249 ], [ 18.410255, 49.270894 ], [ 18.413953, 49.269412 ], [ 18.414982, 49.267082 ], [ 18.421955, 49.264566 ], [ 18.430339, 49.254993 ], [ 18.427142, 49.248019 ], [ 18.435539, 49.241808 ], [ 18.439355, 49.236272 ], [ 18.44217, 49.231541 ], [ 18.441751, 49.225048 ], [ 18.450792, 49.218215 ], [ 18.446647, 49.212336 ], [ 18.464305, 49.204572 ], [ 18.462819, 49.198013 ], [ 18.467647, 49.189501 ], [ 18.471138, 49.18783 ], [ 18.480194, 49.187145 ], [ 18.486587, 49.181636 ], [ 18.496731, 49.177219 ], [ 18.508106, 49.175849 ], [ 18.507916, 49.173615 ], [ 18.511434, 49.172753 ], [ 18.517352, 49.166322 ], [ 18.524153, 49.163816 ], [ 18.533767, 49.164206 ], [ 18.539334, 49.159104 ], [ 18.548141, 49.158011 ], [ 18.555127, 49.154833 ], [ 18.553361, 49.146777 ], [ 18.574914, 49.143188 ], [ 18.577849, 49.134381 ], [ 18.574688, 49.124301 ], [ 18.586796, 49.120996 ], [ 18.590453, 49.117767 ], [ 18.59042, 49.114003 ], [ 18.594116, 49.119605 ], [ 18.608028, 49.123224 ], [ 18.609475, 49.127578 ], [ 18.61216, 49.126193 ], [ 18.623336, 49.126522 ], [ 18.622741, 49.131744 ], [ 18.617644, 49.13314 ], [ 18.618714, 49.136957 ], [ 18.615905, 49.14042 ], [ 18.610569, 49.140582 ], [ 18.608794, 49.145343 ], [ 18.612839, 49.159172 ], [ 18.610885, 49.168126 ], [ 18.612125, 49.178167 ], [ 18.609359, 49.180378 ], [ 18.609856, 49.185156 ], [ 18.606038, 49.186971 ], [ 18.600718, 49.187002 ], [ 18.603415, 49.18949 ], [ 18.600341, 49.191183 ], [ 18.600425, 49.193196 ], [ 18.604778, 49.194667 ], [ 18.605276, 49.19737 ], [ 18.608314, 49.198925 ], [ 18.611883, 49.207586 ], [ 18.607399, 49.210062 ], [ 18.608618, 49.214187 ], [ 18.606744, 49.216286 ], [ 18.600761, 49.216508 ], [ 18.591938, 49.223578 ], [ 18.600753, 49.224746 ], [ 18.604702, 49.231527 ], [ 18.615925, 49.237325 ], [ 18.624224, 49.2373 ], [ 18.637674, 49.242222 ], [ 18.639556, 49.243411 ], [ 18.637675, 49.248172 ], [ 18.642163, 49.255178 ], [ 18.636228, 49.254888 ], [ 18.635904, 49.256858 ], [ 18.628914, 49.256908 ], [ 18.628033, 49.258072 ], [ 18.626312, 49.257058 ], [ 18.626788, 49.26039 ], [ 18.618773, 49.27203 ], [ 18.608965, 49.279432 ], [ 18.606239, 49.284032 ], [ 18.60748, 49.287684 ], [ 18.605282, 49.296396 ], [ 18.596814, 49.314262 ], [ 18.600141, 49.321173 ], [ 18.595593, 49.328929 ], [ 18.58927, 49.330766 ], [ 18.588382, 49.335362 ], [ 18.592075, 49.339798 ], [ 18.587904, 49.345527 ], [ 18.600332, 49.349517 ], [ 18.60368, 49.351958 ], [ 18.602778, 49.357808 ], [ 18.598742, 49.362005 ], [ 18.59533, 49.359128 ], [ 18.58824, 49.360118 ], [ 18.584603, 49.365077 ], [ 18.581941, 49.357292 ], [ 18.576861, 49.359605 ], [ 18.57693, 49.355644 ], [ 18.574437, 49.353573 ], [ 18.567782, 49.356821 ], [ 18.56276, 49.355048 ], [ 18.558192, 49.359368 ], [ 18.547612, 49.359837 ], [ 18.544985, 49.358658 ], [ 18.543433, 49.360374 ], [ 18.53675, 49.353063 ], [ 18.529493, 49.351247 ], [ 18.525256, 49.347829 ], [ 18.515757, 49.350017 ], [ 18.513389, 49.35459 ], [ 18.500172, 49.346526 ], [ 18.503448, 49.345333 ], [ 18.491393, 49.342373 ], [ 18.483444, 49.337615 ], [ 18.481718, 49.339619 ], [ 18.470351, 49.338874 ], [ 18.466867, 49.337903 ], [ 18.467278, 49.334899 ], [ 18.462288, 49.335821 ], [ 18.455035, 49.332355 ], [ 18.451003, 49.331862 ], [ 18.443288, 49.334872 ], [ 18.438113, 49.333253 ], [ 18.438513, 49.33226 ], [ 18.432605, 49.331653 ], [ 18.432235, 49.329902 ], [ 18.420138, 49.329907 ], [ 18.411044, 49.337037 ], [ 18.401151, 49.334063 ], [ 18.399665, 49.330495 ], [ 18.393783, 49.32895 ], [ 18.390357, 49.324293 ], [ 18.378899, 49.323728 ], [ 18.373402, 49.318983 ] ] ] } },
{ "type": "Feature", "properties": { "shapeName": "District of Sobrance", "shapeISO": "", "shapeID": "56367889B97606993013938", "shapeGroup": "SVK", "shapeType": "ADM2" }, "geometry": { "type": "Polygon", "coordinates": [ [ [ 22.1565838, 48.8935089 ], [ 22.161495, 48.887482 ], [ 22.161122, 48.884908 ], [ 22.166361, 48.881629 ], [ 22.164402, 48.87218 ], [ 22.166064, 48.867183 ], [ 22.161201, 48.853519 ], [ 22.155618, 48.847215 ], [ 22.156009, 48.839812 ], [ 22.152979, 48.838403 ], [ 22.148405, 48.830291 ], [ 22.152476, 48.826517 ], [ 22.153785, 48.820822 ], [ 22.151149, 48.820918 ], [ 22.148516, 48.816545 ], [ 22.150123, 48.815543 ], [ 22.147332, 48.816025 ], [ 22.144782, 48.810359 ], [ 22.137605, 48.811058 ], [ 22.136471, 48.812998 ], [ 22.123992, 48.812831 ], [ 22.113816, 48.807104 ], [ 22.110117, 48.807868 ], [ 22.111706, 48.811429 ], [ 22.100715, 48.802817 ], [ 22.098047, 48.801342 ], [ 22.096177, 48.802349 ], [ 22.089324, 48.798572 ], [ 22.08733, 48.79657 ], [ 22.08835, 48.794717 ], [ 22.083615, 48.792616 ], [ 22.091743, 48.789024 ], [ 22.083097, 48.779426 ], [ 22.079305, 48.778953 ], [ 22.076714, 48.776284 ], [ 22.077709, 48.764622 ], [ 22.079294, 48.761358 ], [ 22.095477, 48.763639 ], [ 22.098577, 48.762382 ], [ 22.098998, 48.759297 ], [ 22.0919, 48.757866 ], [ 22.092516, 48.756342 ], [ 22.080224, 48.753947 ], [ 22.078335, 48.755217 ], [ 22.057037, 48.749683 ], [ 22.068397, 48.732984 ], [ 22.072322, 48.721944 ], [ 22.078024, 48.715111 ], [ 22.078376, 48.708467 ], [ 22.073206, 48.701586 ], [ 22.081992, 48.701604 ], [ 22.088696, 48.69082 ], [ 22.074856, 48.683782 ], [ 22.074066, 48.680284 ], [ 22.07949, 48.679155 ], [ 22.081064, 48.674769 ], [ 22.084597, 48.672885 ], [ 22.07937, 48.670716 ], [ 22.080863, 48.668046 ], [ 22.076606, 48.663592 ], [ 22.073005, 48.662327 ], [ 22.074142, 48.660524 ], [ 22.076124, 48.65786 ], [ 22.083669, 48.658342 ], [ 22.0887, 48.65665 ], [ 22.092015, 48.652386 ], [ 22.093661, 48.652939 ], [ 22.095216, 48.651419 ], [ 22.095438, 48.656343 ], [ 22.098096, 48.658087 ], [ 22.101009, 48.650258 ], [ 22.10422, 48.647404 ], [ 22.11054, 48.645504 ], [ 22.115067, 48.641139 ], [ 22.11369, 48.638457 ], [ 22.116341, 48.631025 ], [ 22.126191, 48.632151 ], [ 22.12726, 48.633495 ], [ 22.128751, 48.627858 ], [ 22.125573, 48.625234 ], [ 22.124701, 48.606508 ], [ 22.127969, 48.606427 ], [ 22.130887, 48.593712 ], [ 22.136519, 48.596744 ], [ 22.146773, 48.594624 ], [ 22.145998, 48.592261 ], [ 22.150582, 48.587428 ], [ 22.149836, 48.583263 ], [ 22.153466, 48.573906 ], [ 22.166018, 48.57713 ], [ 22.171379, 48.587537 ], [ 22.183819, 48.602387 ], [ 22.187467, 48.603548 ], [ 22.189027, 48.609864 ], [ 22.197329, 48.60922 ], [ 22.203471, 48.61143 ], [ 22.208484, 48.617421 ], [ 22.215702, 48.621273 ], [ 22.229986, 48.620548 ], [ 22.240504, 48.627708 ], [ 22.249669, 48.639469 ], [ 22.250294, 48.647399 ], [ 22.255422, 48.648337 ], [ 22.2649566, 48.6532898 ], [ 22.265222, 48.6547476 ], [ 22.268904, 48.65494 ], [ 22.282272, 48.661549 ], [ 22.289302, 48.666295 ], [ 22.290805, 48.669323 ], [ 22.301381, 48.673194 ], [ 22.302546, 48.676376 ], [ 22.321521, 48.682276 ], [ 22.339611, 48.683893 ], [ 22.345695, 48.698584 ], [ 22.34557, 48.70589 ], [ 22.353701, 48.717838 ], [ 22.350692, 48.72032 ], [ 22.356974, 48.725646 ], [ 22.36013, 48.726144 ], [ 22.361795, 48.7302 ], [ 22.360456, 48.738547 ], [ 22.362227, 48.74 ], [ 22.353908, 48.743228 ], [ 22.35006, 48.749196 ], [ 22.342667, 48.750679 ], [ 22.345619, 48.757125 ], [ 22.345697, 48.766147 ], [ 22.350285, 48.7716 ], [ 22.357935, 48.773012 ], [ 22.364349, 48.779507 ], [ 22.373369, 48.782445 ], [ 22.379056, 48.794627 ], [ 22.387648, 48.80004 ], [ 22.384999, 48.806615 ], [ 22.383698, 48.824503 ], [ 22.375913, 48.834026 ], [ 22.376133, 48.836441 ], [ 22.379947, 48.838875 ], [ 22.382852, 48.862108 ], [ 22.375818, 48.8699819 ], [ 22.3599395, 48.8684225 ], [ 22.3559787, 48.8709541 ], [ 22.3556734, 48.8696903 ], [ 22.3408072, 48.8687379 ], [ 22.3383186, 48.8711061 ], [ 22.3363784, 48.870186 ], [ 22.3333533, 48.8711139 ], [ 22.3267704, 48.8751187 ], [ 22.3232295, 48.8751063 ], [ 22.3198647, 48.8716169 ], [ 22.316285, 48.8720657 ], [ 22.3126103, 48.8700268 ], [ 22.3022926, 48.8682784 ], [ 22.2894878, 48.8701647 ], [ 22.2799496, 48.8678926 ], [ 22.2575989, 48.8657738 ], [ 22.2520772, 48.8707958 ], [ 22.2553817, 48.8790323 ], [ 22.2512926, 48.8834211 ], [ 22.2502445, 48.8891476 ], [ 22.2445266, 48.8907277 ], [ 22.2401599, 48.9007313 ], [ 22.2345444, 48.9068277 ], [ 22.2357636, 48.9138451 ], [ 22.2299221, 48.9268758 ], [ 22.2274613, 48.9277273 ], [ 22.219139, 48.926665 ], [ 22.214325, 48.929817 ], [ 22.1918562, 48.929273 ], [ 22.1886284, 48.9291452 ], [ 22.1886563, 48.9261338 ], [ 22.1836308, 48.9224404 ], [ 22.1834966, 48.9187067 ], [ 22.1729383, 48.9136999 ], [ 22.1721218, 48.9108975 ], [ 22.1602167, 48.9048174 ], [ 22.1565838, 48.8935089 ] ] ] } },
{ "type": "Feature", "properties": { "shapeName": "District of Martin", "shapeISO": "", "shapeID": "56367889B40145685208334", "shapeGroup": "SVK", "shapeType": "ADM2" }, "geometry": { "type": "Polygon", "coordinates": [ [ [ 19.083273, 49.218092 ], [ 19.072814, 49.213109 ], [ 19.063348, 49.211024 ], [ 19.066086, 49.205734 ], [ 19.061401, 49.192212 ], [ 19.051615, 49.187898 ], [ 19.0365, 49.191977 ], [ 19.030837, 49.18749 ], [ 19.02543, 49.19115 ], [ 19.018274, 49.19062 ], [ 19.012133, 49.194003 ], [ 19.008123, 49.19377 ], [ 19.004494, 49.192473 ], [ 18.997637, 49.183792 ], [ 18.993521, 49.182145 ], [ 18.976928, 49.183053 ], [ 18.968869, 49.18105 ], [ 18.9617079, 49.17232820000001 ], [ 18.956382, 49.17145 ], [ 18.956059, 49.168029 ], [ 18.946371, 49.164682 ], [ 18.940918, 49.165236 ], [ 18.936425, 49.168551 ], [ 18.932276, 49.169331 ], [ 18.927342, 49.167996 ], [ 18.925126, 49.1654 ], [ 18.917194, 49.165105 ], [ 18.909123, 49.158981 ], [ 18.901662, 49.160716 ], [ 18.899637, 49.160003 ], [ 18.896877, 49.161749 ], [ 18.892454, 49.156374 ], [ 18.8859767, 49.1533586 ], [ 18.8881704, 49.1512847 ], [ 18.884658, 49.15013 ], [ 18.870253, 49.148345 ], [ 18.864675, 49.150549 ], [ 18.855299, 49.149494 ], [ 18.848837, 49.146369 ], [ 18.845711, 49.134338 ], [ 18.836706, 49.129874 ], [ 18.832908, 49.125405 ], [ 18.827237, 49.124061 ], [ 18.828444, 49.117447 ], [ 18.822938, 49.11284 ], [ 18.822164, 49.108054 ], [ 18.817777, 49.104089 ], [ 18.816264, 49.09951 ], [ 18.818212, 49.096636 ], [ 18.813806, 49.090676 ], [ 18.815606, 49.084344 ], [ 18.810759, 49.080773 ], [ 18.80652, 49.080045 ], [ 18.805424, 49.076282 ], [ 18.794546, 49.06943 ], [ 18.785948, 49.066689 ], [ 18.775543, 49.060746 ], [ 18.769108, 49.061513 ], [ 18.759555, 49.057287 ], [ 18.756297, 49.058309 ], [ 18.751554, 49.053176 ], [ 18.737243, 49.05267 ], [ 18.736696, 49.050093 ], [ 18.741118, 49.042101 ], [ 18.738935, 49.037679 ], [ 18.741727, 49.036069 ], [ 18.74367, 49.031086 ], [ 18.735848, 49.023999 ], [ 18.722777, 49.019228 ], [ 18.728074, 49.013423 ], [ 18.726497, 49.004862 ], [ 18.722606, 49.006642 ], [ 18.717544, 49.006375 ], [ 18.713042, 49.002834 ], [ 18.710434, 48.993954 ], [ 18.704747, 48.991995 ], [ 18.69349, 48.992843 ], [ 18.687669, 48.990735 ], [ 18.680129, 48.99282 ], [ 18.67394, 48.997704 ], [ 18.665418, 48.997406 ], [ 18.655824, 48.989548 ], [ 18.65099, 48.988322 ], [ 18.644467, 48.982522 ], [ 18.64107, 48.981723 ], [ 18.643142, 48.979384 ], [ 18.642287, 48.973913 ], [ 18.633357, 48.964796 ], [ 18.642777, 48.960316 ], [ 18.665351, 48.956108 ], [ 18.672269, 48.957416 ], [ 18.677843, 48.956259 ], [ 18.683497, 48.958533 ], [ 18.694557, 48.959175 ], [ 18.702028, 48.953632 ], [ 18.703025, 48.950966 ], [ 18.712707, 48.94772 ], [ 18.720277, 48.937493 ], [ 18.721148, 48.93653 ], [ 18.724552, 48.937889 ], [ 18.727152, 48.941776 ], [ 18.730996, 48.941881 ], [ 18.741539, 48.950267 ], [ 18.751071, 48.952774 ], [ 18.753606, 48.955262 ], [ 18.7571, 48.955598 ], [ 18.757134, 48.957188 ], [ 18.76113, 48.958069 ], [ 18.764238, 48.960293 ], [ 18.762075, 48.965331 ], [ 18.765179, 48.96663 ], [ 18.769151, 48.964826 ], [ 18.777973, 48.964042 ], [ 18.781311, 48.961127 ], [ 18.788481, 48.960331 ], [ 18.792146, 48.957016 ], [ 18.795491, 48.957117 ], [ 18.79838, 48.954387 ], [ 18.817659, 48.949514 ], [ 18.821393, 48.947133 ], [ 18.822621, 48.95109 ], [ 18.827821, 48.950417 ], [ 18.829484, 48.951938 ], [ 18.835713, 48.951583 ], [ 18.833929, 48.948336 ], [ 18.839729, 48.947628 ], [ 18.841766, 48.945387 ], [ 18.843104, 48.947093 ], [ 18.846549, 48.945894 ], [ 18.846847, 48.948497 ], [ 18.85027, 48.949489 ], [ 18.851721, 48.943739 ], [ 18.857867, 48.942659 ], [ 18.864861, 48.937866 ], [ 18.872709, 48.938546 ], [ 18.883987, 48.936008 ], [ 18.892463, 48.93605 ], [ 18.910436, 48.924302 ], [ 18.933485, 48.919699 ], [ 18.944232, 48.911514 ], [ 18.948535, 48.9057 ], [ 18.950741, 48.895475 ], [ 18.958753, 48.893474 ], [ 18.961378, 48.888439 ], [ 18.966161, 48.88688 ], [ 18.966771, 48.884013 ], [ 18.974437, 48.87912 ], [ 18.974853, 48.876656 ], [ 18.98754, 48.878346 ], [ 18.989411, 48.877165 ], [ 19.00067, 48.877475 ], [ 19.009215, 48.881926 ], [ 19.010475, 48.884362 ], [ 19.021369, 48.88604 ], [ 19.023213, 48.885933 ], [ 19.023521, 48.88304 ], [ 19.029292, 48.878002 ], [ 19.038182, 48.881897 ], [ 19.041865, 48.881233 ], [ 19.04708, 48.883685 ], [ 19.060201, 48.877519 ], [ 19.078754, 48.876764 ], [ 19.081071, 48.885101 ], [ 19.083432, 48.886971 ], [ 19.078914, 48.893241 ], [ 19.081429, 48.899524 ], [ 19.0791, 48.903029 ], [ 19.082561, 48.908826 ], [ 19.088204, 48.909842 ], [ 19.088357, 48.914626 ], [ 19.092979, 48.921251 ], [ 19.112095, 48.928737 ], [ 19.11703, 48.933902 ], [ 19.121087, 48.930674 ], [ 19.127491, 48.932271 ], [ 19.139001, 48.943821 ], [ 19.138023, 48.951564 ], [ 19.131973, 48.952898 ], [ 19.131631, 48.955607 ], [ 19.1197, 48.956466 ], [ 19.112729, 48.967079 ], [ 19.102824, 48.971691 ], [ 19.10043, 48.974863 ], [ 19.10212, 48.984575 ], [ 19.107197, 48.986949 ], [ 19.101983, 48.992319 ], [ 19.101048, 48.996198 ], [ 19.103199, 48.999708 ], [ 19.111381, 49.004845 ], [ 19.113176, 49.021249 ], [ 19.111283, 49.025546 ], [ 19.112966, 49.029228 ], [ 19.107969, 49.031107 ], [ 19.112918, 49.035558 ], [ 19.109993, 49.042967 ], [ 19.114552, 49.053414 ], [ 19.119094, 49.054164 ], [ 19.123456, 49.057809 ], [ 19.119415, 49.065803 ], [ 19.120956, 49.067309 ], [ 19.119268, 49.072699 ], [ 19.121663, 49.074397 ], [ 19.122661, 49.081768 ], [ 19.11615, 49.091479 ], [ 19.122241, 49.102156 ], [ 19.119541, 49.107784 ], [ 19.122024, 49.11243 ], [ 19.128985, 49.113739 ], [ 19.14105, 49.122204 ], [ 19.143692, 49.127075 ], [ 19.139951, 49.131137 ], [ 19.14191, 49.136553 ], [ 19.134002, 49.136853 ], [ 19.120881, 49.141509 ], [ 19.11657, 49.139087 ], [ 19.102737, 49.139097 ], [ 19.098186, 49.143332 ], [ 19.097223, 49.149987 ], [ 19.080235, 49.166205 ], [ 19.078403, 49.172084 ], [ 19.085563, 49.181312 ], [ 19.081809, 49.192585 ], [ 19.082554, 49.197749 ], [ 19.079304, 49.199923 ], [ 19.077582, 49.208799 ], [ 19.083273, 49.218092 ] ] ] } },
{ "type": "Feature", "properties": { "shapeName": "District of Zvolen", "shapeISO": "", "shapeID": "56367889B81133001321420", "shapeGroup": "SVK", "shapeType": "ADM2" }, "geometry": { "type": "Polygon", "coordinates": [ [ [ 18.972908, 48.559415 ], [ 18.981238, 48.547903 ], [ 18.980054, 48.546027 ], [ 18.986968, 48.532494 ], [ 18.990334, 48.53675 ], [ 18.996428, 48.540202 ], [ 19.01261, 48.543529 ], [ 19.015287, 48.539161 ], [ 19.010784, 48.52403 ], [ 19.013516, 48.523178 ], [ 19.013251, 48.521769 ], [ 19.0067613, 48.5191707 ], [ 19.010715, 48.518245 ], [ 19.008997, 48.516128 ], [ 19.011323, 48.512805 ], [ 19.005433, 48.506551 ], [ 19.002254, 48.494867 ], [ 18.996027, 48.492044 ], [ 18.9981, 48.484027 ], [ 19.013138, 48.477169 ], [ 19.001387, 48.461529 ], [ 19.002294, 48.456956 ], [ 19.0103, 48.449321 ], [ 19.009764, 48.439243 ], [ 19.011561, 48.435204 ], [ 19.004996, 48.428132 ], [ 18.996512, 48.423888 ], [ 18.994302, 48.424166 ], [ 18.995518, 48.422841 ], [ 19.012013, 48.430562 ], [ 19.016643, 48.435928 ], [ 19.037006, 48.440725 ], [ 19.043435, 48.433104 ], [ 19.047593, 48.42336 ], [ 19.069135, 48.414311 ], [ 19.07426, 48.415831 ], [ 19.078217, 48.412807 ], [ 19.087577, 48.411262 ], [ 19.091686, 48.417011 ], [ 19.10084, 48.419714 ], [ 19.10922, 48.418038 ], [ 19.111165, 48.414441 ], [ 19.117461, 48.415976 ], [ 19.117744, 48.401213 ], [ 19.123558, 48.394233 ], [ 19.127605, 48.392924 ], [ 19.12628, 48.387298 ], [ 19.143717, 48.385175 ], [ 19.1465764, 48.3886351 ], [ 19.150913, 48.388076 ], [ 19.157855, 48.39084 ], [ 19.155365, 48.38778 ], [ 19.159705, 48.383244 ], [ 19.168225, 48.389269 ], [ 19.170107, 48.388794 ], [ 19.169915, 48.390496 ], [ 19.174518, 48.391594 ], [ 19.176152, 48.389129 ], [ 19.187085, 48.387111 ], [ 19.196676, 48.382788 ], [ 19.195562, 48.380202 ], [ 19.199611, 48.379806 ], [ 19.201667, 48.372766 ], [ 19.209395, 48.372545 ], [ 19.214043, 48.370343 ], [ 19.221335, 48.369831 ], [ 19.220798, 48.365087 ], [ 19.224623, 48.364827 ], [ 19.22545, 48.36154 ], [ 19.228276, 48.362297 ], [ 19.2326, 48.359667 ], [ 19.236635, 48.356329 ], [ 19.241892, 48.354732 ], [ 19.243611, 48.350827 ], [ 19.250357, 48.35096 ], [ 19.252117, 48.343486 ], [ 19.256434, 48.342289 ], [ 19.261322, 48.335224 ], [ 19.264723, 48.33486 ], [ 19.262439, 48.328477 ], [ 19.265828, 48.322732 ], [ 19.265717, 48.312215 ], [ 19.268488, 48.307128 ], [ 19.266175, 48.304072 ], [ 19.270419, 48.30208 ], [ 19.271017, 48.299239 ], [ 19.278949, 48.296756 ], [ 19.285128, 48.290872 ], [ 19.296473, 48.292486 ], [ 19.304238, 48.287338 ], [ 19.313806, 48.285608 ], [ 19.314558, 48.284386 ], [ 19.325723, 48.282421 ], [ 19.334407, 48.28399 ], [ 19.341534, 48.282046 ], [ 19.345211, 48.285219 ], [ 19.348847, 48.284129 ], [ 19.356145, 48.286467 ], [ 19.353974, 48.28885 ], [ 19.346732, 48.290245 ], [ 19.346432, 48.294387 ], [ 19.339765, 48.300079 ], [ 19.337133, 48.308004 ], [ 19.336627, 48.325497 ], [ 19.340393, 48.324703 ], [ 19.349611, 48.33381 ], [ 19.35268, 48.343311 ], [ 19.351538, 48.345667 ], [ 19.354549, 48.345539 ], [ 19.354665, 48.348441 ], [ 19.36251, 48.349068 ], [ 19.36545, 48.351774 ], [ 19.373632, 48.352907 ], [ 19.378478, 48.365547 ], [ 19.375925, 48.369579 ], [ 19.366959, 48.371148 ], [ 19.354746, 48.379453 ], [ 19.35365, 48.384004 ], [ 19.355601, 48.384627 ], [ 19.353617, 48.385105 ], [ 19.353532, 48.390097 ], [ 19.348875, 48.401903 ], [ 19.349465, 48.407966 ], [ 19.347481, 48.412207 ], [ 19.345118, 48.412555 ], [ 19.34242, 48.420348 ], [ 19.339092, 48.422153 ], [ 19.337605, 48.425629 ], [ 19.331532, 48.429085 ], [ 19.332725, 48.431681 ], [ 19.325503, 48.434136 ], [ 19.320895, 48.438289 ], [ 19.311768, 48.438567 ], [ 19.309411, 48.436523 ], [ 19.297233, 48.439431 ], [ 19.293954, 48.443235 ], [ 19.288892, 48.441707 ], [ 19.279926, 48.444225 ], [ 19.27564, 48.443981 ], [ 19.274739, 48.456821 ], [ 19.278877, 48.463012 ], [ 19.278721, 48.467855 ], [ 19.27182, 48.471752 ], [ 19.255477, 48.47092 ], [ 19.247929, 48.47661 ], [ 19.246701, 48.481664 ], [ 19.237664, 48.485744 ], [ 19.238186, 48.493273 ], [ 19.243477, 48.497601 ], [ 19.241556, 48.50204 ], [ 19.260428, 48.499432 ], [ 19.262049, 48.496258 ], [ 19.264862, 48.49898 ], [ 19.261555, 48.501803 ], [ 19.260346, 48.507529 ], [ 19.266702, 48.505742 ], [ 19.271789, 48.506628 ], [ 19.27517, 48.503013 ], [ 19.279366, 48.502359 ], [ 19.286675, 48.509858 ], [ 19.289893, 48.520436 ], [ 19.277867, 48.529769 ], [ 19.27543, 48.533691 ], [ 19.284747, 48.540571 ], [ 19.289583, 48.539156 ], [ 19.281515, 48.546002 ], [ 19.28153, 48.548105 ], [ 19.285396, 48.550725 ], [ 19.280274, 48.55001 ], [ 19.279999, 48.554202 ], [ 19.27787, 48.554579 ], [ 19.286671, 48.5574 ], [ 19.284427, 48.563613 ], [ 19.292131, 48.566363 ], [ 19.294587, 48.57447 ], [ 19.297239, 48.575125 ], [ 19.295344, 48.57838 ], [ 19.314896, 48.576553 ], [ 19.317552, 48.577718 ], [ 19.321983, 48.577216 ], [ 19.326129, 48.574738 ], [ 19.327776, 48.564153 ], [ 19.331852, 48.562673 ], [ 19.331338, 48.55997 ], [ 19.341785, 48.562518 ], [ 19.362095, 48.559352 ], [ 19.366313, 48.55608 ], [ 19.370614, 48.548499 ], [ 19.386063, 48.547905 ], [ 19.359816, 48.563647 ], [ 19.358962, 48.567624 ], [ 19.367255, 48.57228 ], [ 19.362736, 48.575444 ], [ 19.344715, 48.580503 ], [ 19.338217, 48.584242 ], [ 19.336163, 48.582475 ], [ 19.334707, 48.584406 ], [ 19.333344, 48.583164 ], [ 19.331736, 48.587012 ], [ 19.318358, 48.591057 ], [ 19.324258, 48.598614 ], [ 19.331081, 48.600452 ], [ 19.329012, 48.606417 ], [ 19.346048, 48.606749 ], [ 19.354436, 48.605234 ], [ 19.358003, 48.610054 ], [ 19.359613, 48.609401 ], [ 19.36495, 48.61284 ], [ 19.373349, 48.612789 ], [ 19.375744, 48.616652 ], [ 19.379487, 48.617495 ], [ 19.381929, 48.620553 ], [ 19.387423, 48.618206 ], [ 19.388498, 48.61988 ], [ 19.393526, 48.619477 ], [ 19.394102, 48.616917 ], [ 19.400541, 48.615573 ], [ 19.404153, 48.617803 ], [ 19.406503, 48.617573 ], [ 19.414916, 48.611457 ], [ 19.411573, 48.610261 ], [ 19.412424, 48.609289 ], [ 19.417473, 48.610195 ], [ 19.416469, 48.608025 ], [ 19.4199, 48.609239 ], [ 19.425953, 48.60793 ], [ 19.429067, 48.612514 ], [ 19.434252, 48.615115 ], [ 19.44224, 48.627199 ], [ 19.448845, 48.63189 ], [ 19.448797, 48.635629 ], [ 19.462485, 48.644377 ], [ 19.468089, 48.645319 ], [ 19.471502, 48.649195 ], [ 19.484491, 48.654755 ], [ 19.494255, 48.654299 ], [ 19.492902, 48.662548 ], [ 19.48704, 48.664062 ], [ 19.485837, 48.667412 ], [ 19.479277, 48.669519 ], [ 19.468331, 48.661001 ], [ 19.463456, 48.659531 ], [ 19.454912, 48.661445 ], [ 19.449476, 48.659776 ], [ 19.437164, 48.659987 ], [ 19.429713, 48.652007 ], [ 19.42314, 48.652803 ], [ 19.413406, 48.650971 ], [ 19.409428, 48.652313 ], [ 19.406317, 48.651499 ], [ 19.376344, 48.658883 ], [ 19.357634, 48.654767 ], [ 19.35172, 48.651769 ], [ 19.325812, 48.648876 ], [ 19.301711, 48.635823 ], [ 19.289146, 48.638454 ], [ 19.287244, 48.641648 ], [ 19.282217, 48.642638 ], [ 19.282955, 48.644365 ], [ 19.261959, 48.631192 ], [ 19.259268, 48.631435 ], [ 19.255904, 48.628011 ], [ 19.24468, 48.62841 ], [ 19.240745, 48.626556 ], [ 19.234769, 48.626947 ], [ 19.231305, 48.618923 ], [ 19.224475, 48.6233 ], [ 19.221982, 48.62806 ], [ 19.230163, 48.639931 ], [ 19.230489, 48.647314 ], [ 19.226253, 48.650732 ], [ 19.217917, 48.654008 ], [ 19.216449, 48.651618 ], [ 19.214129, 48.651313 ], [ 19.205283, 48.659893 ], [ 19.19786, 48.65748 ], [ 19.197299, 48.654854 ], [ 19.192668, 48.653335 ], [ 19.194566, 48.651784 ], [ 19.189507, 48.652841 ], [ 19.183722, 48.649664 ], [ 19.175844, 48.641018 ], [ 19.162375, 48.639242 ], [ 19.1466, 48.64015 ], [ 19.150376, 48.634962 ], [ 19.149504, 48.633805 ], [ 19.145732, 48.633982 ], [ 19.141372, 48.629375 ], [ 19.139317, 48.631082 ], [ 19.142968, 48.633934 ], [ 19.142537, 48.64108 ], [ 19.140855, 48.641702 ], [ 19.141569, 48.64576 ], [ 19.137929, 48.645845 ], [ 19.138153, 48.648724 ], [ 19.13053, 48.648167 ], [ 19.129715, 48.635408 ], [ 19.123016, 48.642046 ], [ 19.114447, 48.646541 ], [ 19.108415, 48.645237 ], [ 19.098006, 48.647198 ], [ 19.09092, 48.655483 ], [ 19.08337, 48.659998 ], [ 19.080455, 48.660622 ], [ 19.077509, 48.659182 ], [ 19.067833, 48.66953 ], [ 19.061599, 48.671033 ], [ 19.04351, 48.681476 ], [ 19.033438, 48.684787 ], [ 19.028091, 48.681453 ], [ 19.024265, 48.675589 ], [ 19.017014, 48.67382 ], [ 19.018126, 48.674857 ], [ 19.01404, 48.675922 ], [ 19.006682, 48.668475 ], [ 19.000723, 48.666701 ], [ 18.996823, 48.663667 ], [ 18.990645, 48.656349 ], [ 18.988596, 48.648369 ], [ 18.995492, 48.644196 ], [ 18.997689, 48.640575 ], [ 18.990512, 48.631957 ], [ 18.988241, 48.615959 ], [ 18.985793, 48.611611 ], [ 18.989774, 48.602622 ], [ 18.993252, 48.601533 ], [ 18.999591, 48.594598 ], [ 19.010197, 48.59335 ], [ 19.013199, 48.588094 ], [ 19.01237, 48.582972 ], [ 19.005677, 48.581517 ], [ 18.999771, 48.576107 ], [ 18.997791, 48.570512 ], [ 18.991454, 48.570547 ], [ 18.989339, 48.573511 ], [ 18.987223, 48.573529 ], [ 18.980235, 48.566559 ], [ 18.975727, 48.566745 ], [ 18.972908, 48.559415 ] ] ] } },
{ "type": "Feature", "properties": { "shapeName": "District of Liptovsk", "shapeISO": "", "shapeID": "56367889B36066360363210", "shapeGroup": "SVK", "shapeType": "ADM2" }, "geometry": { "type": "Polygon", "coordinates": [ [ [ 19.426239, 49.170993 ], [ 19.424269, 49.159902 ], [ 19.427888, 49.152988 ], [ 19.426295, 49.147144 ], [ 19.433199, 49.142804 ], [ 19.432887, 49.139397 ], [ 19.440091, 49.13644 ], [ 19.441687, 49.133677 ], [ 19.446704, 49.131633 ], [ 19.453271, 49.133311 ], [ 19.460001, 49.130257 ], [ 19.457693, 49.118821 ], [ 19.461121, 49.108745 ], [ 19.454684, 49.107802 ], [ 19.449202, 49.103212 ], [ 19.44834, 49.097472 ], [ 19.444565, 49.095046 ], [ 19.44236, 49.090751 ], [ 19.438896, 49.090597 ], [ 19.439174, 49.085649 ], [ 19.436929, 49.087114 ], [ 19.430913, 49.086941 ], [ 19.429782, 49.078822 ], [ 19.421394, 49.079632 ], [ 19.42179, 49.078373 ], [ 19.411849, 49.076076 ], [ 19.410266, 49.070398 ], [ 19.418604, 49.067153 ], [ 19.421498, 49.050708 ], [ 19.409888, 49.044623 ], [ 19.400833, 49.031514 ], [ 19.397677, 49.029999 ], [ 19.392985, 49.023578 ], [ 19.389233, 49.022152 ], [ 19.38563, 49.014299 ], [ 19.370019, 49.006593 ], [ 19.370709, 49.001704 ], [ 19.362662, 48.994445 ], [ 19.363977, 48.988 ], [ 19.361769, 48.978619 ], [ 19.363569, 48.971277 ], [ 19.360853, 48.96626 ], [ 19.358005, 48.965762 ], [ 19.358576, 48.959852 ], [ 19.356088, 48.957575 ], [ 19.364039, 48.9539 ], [ 19.371638, 48.955817 ], [ 19.376281, 48.948308 ], [ 19.383605, 48.947262 ], [ 19.382188, 48.936676 ], [ 19.380037, 48.93488 ], [ 19.384609, 48.926153 ], [ 19.395335, 48.927675 ], [ 19.404556, 48.924936 ], [ 19.406787, 48.926936 ], [ 19.412297, 48.927752 ], [ 19.440842, 48.927448 ], [ 19.448368, 48.928523 ], [ 19.453228, 48.93133 ], [ 19.458818, 48.930991 ], [ 19.461705, 48.931953 ], [ 19.465182, 48.936378 ], [ 19.477297, 48.938 ], [ 19.480694, 48.940235 ], [ 19.486059, 48.9402 ], [ 19.491013, 48.943267 ], [ 19.496798, 48.940991 ], [ 19.507301, 48.940893 ], [ 19.517291, 48.938864 ], [ 19.533086, 48.946493 ], [ 19.539928, 48.947248 ], [ 19.544571, 48.942566 ], [ 19.548402, 48.941667 ], [ 19.561288, 48.942001 ], [ 19.57791, 48.939756 ], [ 19.590672, 48.943723 ], [ 19.600846, 48.940653 ], [ 19.611077, 48.941923 ], [ 19.624231, 48.938527 ], [ 19.629889, 48.939498 ], [ 19.648062, 48.932974 ], [ 19.649271, 48.927359 ], [ 19.655509, 48.924067 ], [ 19.67527, 48.918191 ], [ 19.682475, 48.921951 ], [ 19.690142, 48.923698 ], [ 19.696162, 48.923281 ], [ 19.70261, 48.921096 ], [ 19.703952, 48.91816 ], [ 19.708342, 48.917429 ], [ 19.712944, 48.911988 ], [ 19.719127, 48.911072 ], [ 19.721982, 48.908444 ], [ 19.733419, 48.907662 ], [ 19.735946, 48.905825 ], [ 19.737315, 48.900028 ], [ 19.744618, 48.896834 ], [ 19.756707, 48.900779 ], [ 19.761417, 48.905268 ], [ 19.764128, 48.903942 ], [ 19.775541, 48.905659 ], [ 19.786801, 48.910597 ], [ 19.798624, 48.912528 ], [ 19.804359, 48.915553 ], [ 19.810001, 48.91436 ], [ 19.817217, 48.916365 ], [ 19.822691, 48.908358 ], [ 19.834726, 48.906265 ], [ 19.83832, 48.904222 ], [ 19.855171, 48.908153 ], [ 19.860051, 48.907358 ], [ 19.863137, 48.909005 ], [ 19.872896, 48.905815 ], [ 19.880884, 48.909856 ], [ 19.889915, 48.908217 ], [ 19.898707, 48.909879 ], [ 19.912869, 48.907699 ], [ 19.922531, 48.909081 ], [ 19.924708, 48.906329 ], [ 19.928436, 48.90522 ], [ 19.934914, 48.907761 ], [ 19.954277, 48.907031 ], [ 19.969924, 48.911599 ], [ 19.976884, 48.915911 ], [ 19.992261, 48.907501 ], [ 20.000654, 48.90994 ], [ 20.015286, 48.90981 ], [ 20.026586, 48.911373 ], [ 20.03326, 48.914772 ], [ 20.035042, 48.914298 ], [ 20.044676, 48.91906 ], [ 20.049791, 48.92379 ], [ 20.055155, 48.925481 ], [ 20.055373, 48.927988 ], [ 20.060438, 48.932304 ], [ 20.051711, 48.934471 ], [ 20.039816, 48.932462 ], [ 20.032757, 48.933935 ], [ 20.033573, 48.937207 ], [ 20.025706, 48.943039 ], [ 20.027004, 48.943955 ], [ 20.024821, 48.947329 ], [ 20.019676, 48.950087 ], [ 20.022458, 48.951353 ], [ 20.023266, 48.955275 ], [ 20.017863, 48.957103 ], [ 20.023777, 48.961071 ], [ 20.023183, 48.966623 ], [ 20.016544, 48.97163 ], [ 20.010461, 48.97218 ], [ 20.005599, 48.977283 ], [ 20.004824, 48.981211 ], [ 19.994773, 48.988567 ], [ 19.99329, 48.992687 ], [ 19.988665, 48.996503 ], [ 19.981921, 48.999761 ], [ 19.976971, 48.99971 ], [ 19.970943, 49.004883 ], [ 19.96439, 49.006117 ], [ 19.963551, 49.008929 ], [ 19.967868, 49.011905 ], [ 19.968958, 49.01657 ], [ 19.978409, 49.015752 ], [ 19.981902, 49.012256 ], [ 20.001193, 49.016505 ], [ 20.00959, 49.014779 ], [ 20.015293, 49.015977 ], [ 20.012858, 49.036045 ], [ 20.021036, 49.044015 ], [ 20.023296, 49.04819 ], [ 20.021059, 49.04927 ], [ 20.027025, 49.055583 ], [ 20.026907, 49.061211 ], [ 20.020553, 49.066942 ], [ 20.019377, 49.070879 ], [ 20.026715, 49.072107 ], [ 20.030163, 49.077828 ], [ 20.031661, 49.08378 ], [ 20.028832, 49.087456 ], [ 20.037754, 49.108312 ], [ 20.03511, 49.110413 ], [ 20.029145, 49.110222 ], [ 20.028152, 49.108581 ], [ 20.029022, 49.11079 ], [ 20.027094, 49.110985 ], [ 20.020525, 49.109777 ], [ 20.016783, 49.107818 ], [ 20.017602, 49.10607 ], [ 20.011202, 49.106087 ], [ 20.01164, 49.107342 ], [ 20.005862, 49.106409 ], [ 20.004597, 49.10366 ], [ 19.988902, 49.105359 ], [ 19.993075, 49.10749 ], [ 19.990521, 49.109542 ], [ 19.981984, 49.107662 ], [ 19.97509, 49.10852 ], [ 19.971343, 49.112711 ], [ 19.972597, 49.114222 ], [ 19.970884, 49.117826 ], [ 19.966566, 49.117598 ], [ 19.963949, 49.112619 ], [ 19.960076, 49.111215 ], [ 19.956314, 49.112405 ], [ 19.957072, 49.110327 ], [ 19.952719, 49.109272 ], [ 19.952081, 49.114959 ], [ 19.947518, 49.119468 ], [ 19.948699, 49.127483 ], [ 19.963982, 49.138998 ], [ 19.980937, 49.140516 ], [ 19.981269, 49.14381 ], [ 19.985907, 49.148891 ], [ 19.985921, 49.152747 ], [ 19.990656, 49.156053 ], [ 19.996509, 49.157335 ], [ 20.000131, 49.162818 ], [ 19.990606, 49.158397 ], [ 19.979014, 49.156539 ], [ 19.971317, 49.151921 ], [ 19.970102, 49.149252 ], [ 19.957998, 49.143893 ], [ 19.951806, 49.144512 ], [ 19.940353, 49.141327 ], [ 19.926903, 49.14194 ], [ 19.922496, 49.13543 ], [ 19.914748, 49.129028 ], [ 19.913312, 49.121212 ], [ 19.899073, 49.129612 ], [ 19.898333, 49.13148 ], [ 19.895048, 49.130943 ], [ 19.899914, 49.138706 ], [ 19.911274, 49.146687 ], [ 19.912202, 49.149132 ], [ 19.917708, 49.149658 ], [ 19.920127, 49.151412 ], [ 19.923211, 49.160025 ], [ 19.921136, 49.172144 ], [ 19.914806, 49.176549 ], [ 19.915253, 49.181891 ], [ 19.909528, 49.183454 ], [ 19.902696, 49.181558 ], [ 19.897623, 49.185451 ], [ 19.901821, 49.195844 ], [ 19.900351, 49.200219 ], [ 19.888584, 49.200612 ], [ 19.883928, 49.204178 ], [ 19.881104, 49.204367 ], [ 19.8735448, 49.2004992 ], [ 19.8695792, 49.1978074 ], [ 19.869438, 49.195797 ], [ 19.851147, 49.196252 ], [ 19.844676, 49.195066 ], [ 19.841, 49.192616 ], [ 19.840025, 49.195889 ], [ 19.833899, 49.196777 ], [ 19.8294593, 49.2016922 ], [ 19.82266, 49.201438 ], [ 19.819834, 49.199528 ], [ 19.807521, 49.205652 ], [ 19.795032, 49.198366 ], [ 19.784254, 49.199287 ], [ 19.778588, 49.204955 ], [ 19.763105, 49.207581 ], [ 19.757905, 49.200368 ], [ 19.750338, 49.19725 ], [ 19.739002, 49.196331 ], [ 19.729042, 49.199984 ], [ 19.722858, 49.200154 ], [ 19.709945, 49.197795 ], [ 19.702706, 49.201411 ], [ 19.707414, 49.206009 ], [ 19.706897, 49.207584 ], [ 19.688008, 49.211821 ], [ 19.681866, 49.216861 ], [ 19.682307, 49.222706 ], [ 19.676282, 49.226146 ], [ 19.662748, 49.22516 ], [ 19.6527146, 49.2196878 ], [ 19.6478748, 49.2135099 ], [ 19.6429048, 49.2112229 ], [ 19.6237485, 49.21270280000001 ], [ 19.6128229, 49.2166356 ], [ 19.6042, 49.216575 ], [ 19.596567, 49.222923 ], [ 19.588536, 49.22366 ], [ 19.584228, 49.227071 ], [ 19.586694, 49.230229 ], [ 19.584304, 49.235706 ], [ 19.574506, 49.241038 ], [ 19.557881, 49.242461 ], [ 19.541512, 49.237553 ], [ 19.528936, 49.236117 ], [ 19.522807, 49.218954 ], [ 19.512013, 49.212223 ], [ 19.510212, 49.206892 ], [ 19.503518, 49.204685 ], [ 19.492378, 49.197469 ], [ 19.48643, 49.198883 ], [ 19.479132, 49.192087 ], [ 19.480105, 49.180744 ], [ 19.478145, 49.176613 ], [ 19.469282, 49.173491 ], [ 19.462721, 49.175947 ], [ 19.458215, 49.175163 ], [ 19.451055, 49.168825 ], [ 19.44628, 49.171677 ], [ 19.441074, 49.171718 ], [ 19.432902, 49.168478 ], [ 19.432326, 49.176782 ], [ 19.430036, 49.177486 ], [ 19.424203, 49.174501 ], [ 19.426239, 49.170993 ] ] ] } },
{ "type": "Feature", "properties": { "shapeName": "District of Senica", "shapeISO": "", "shapeID": "56367889B65848289259275", "shapeGroup": "SVK", "shapeType": "ADM2" }, "geometry": { "type": "Polygon", "coordinates": [ [ [ 17.355047, 48.506589 ], [ 17.360745, 48.511019 ], [ 17.360507, 48.513432 ], [ 17.355219, 48.511691 ], [ 17.339089, 48.514024 ], [ 17.352552, 48.517533 ], [ 17.351943, 48.524658 ], [ 17.354999, 48.527576 ], [ 17.354285, 48.533179 ], [ 17.359091, 48.540354 ], [ 17.371237, 48.551329 ], [ 17.382791, 48.55565 ], [ 17.380814, 48.557977 ], [ 17.382388, 48.560172 ], [ 17.38997, 48.562939 ], [ 17.398294, 48.561197 ], [ 17.405003, 48.562123 ], [ 17.408635, 48.559447 ], [ 17.42486, 48.557998 ], [ 17.426678, 48.557039 ], [ 17.426328, 48.554305 ], [ 17.429114, 48.559206 ], [ 17.446809, 48.566471 ], [ 17.451801, 48.56537 ], [ 17.456274, 48.559574 ], [ 17.471156, 48.571502 ], [ 17.4703, 48.581799 ], [ 17.481391, 48.582402 ], [ 17.488225, 48.589471 ], [ 17.495946, 48.589527 ], [ 17.498248, 48.592224 ], [ 17.496976, 48.597173 ], [ 17.523107, 48.624635 ], [ 17.527628, 48.626607 ], [ 17.531289, 48.625441 ], [ 17.533121, 48.626618 ], [ 17.508762, 48.647021 ], [ 17.505605, 48.647991 ], [ 17.508494, 48.653545 ], [ 17.501522, 48.665334 ], [ 17.491303, 48.669341 ], [ 17.491298, 48.670609 ], [ 17.488198, 48.670709 ], [ 17.490052, 48.674418 ], [ 17.485679, 48.674338 ], [ 17.486263, 48.677208 ], [ 17.481689, 48.679803 ], [ 17.482885, 48.68257 ], [ 17.480461, 48.682139 ], [ 17.478817, 48.683768 ], [ 17.474908, 48.683045 ], [ 17.480437, 48.689909 ], [ 17.479086, 48.693883 ], [ 17.469564, 48.696819 ], [ 17.466135, 48.699941 ], [ 17.46913, 48.701508 ], [ 17.467502, 48.707142 ], [ 17.470294, 48.707281 ], [ 17.47335, 48.71008 ], [ 17.473628, 48.714312 ], [ 17.477105, 48.719391 ], [ 17.475336, 48.721909 ], [ 17.47655, 48.724936 ], [ 17.487447, 48.724035 ], [ 17.487561, 48.729786 ], [ 17.492653, 48.734274 ], [ 17.488792, 48.743186 ], [ 17.478293, 48.745772 ], [ 17.47644, 48.748182 ], [ 17.474604, 48.753924 ], [ 17.470906, 48.757458 ], [ 17.472808, 48.760837 ], [ 17.456081, 48.761495 ], [ 17.447334, 48.764986 ], [ 17.44772, 48.767607 ], [ 17.44555, 48.768371 ], [ 17.441743, 48.766425 ], [ 17.427698, 48.769038 ], [ 17.426529, 48.770925 ], [ 17.421792, 48.772248 ], [ 17.425136, 48.777735 ], [ 17.421957, 48.78399 ], [ 17.416544, 48.7872 ], [ 17.413117, 48.785592 ], [ 17.410892, 48.787853 ], [ 17.407963, 48.786335 ], [ 17.40323, 48.782797 ], [ 17.4011581, 48.7773546 ], [ 17.3913349, 48.7719658 ], [ 17.3867897, 48.7710873 ], [ 17.3802633, 48.7715872 ], [ 17.3784606, 48.7743171 ], [ 17.3786757, 48.7728512 ], [ 17.3735491, 48.77261570000001 ], [ 17.3736363, 48.7710286 ], [ 17.3683121, 48.7732583 ], [ 17.3659221, 48.7773043 ], [ 17.3571239, 48.774415 ], [ 17.3530357, 48.7775266 ], [ 17.348162, 48.775567 ], [ 17.344677, 48.770991 ], [ 17.346318, 48.767823 ], [ 17.34191, 48.763073 ], [ 17.343652, 48.758631 ], [ 17.339375, 48.752728 ], [ 17.32299, 48.738624 ], [ 17.304996, 48.73528 ], [ 17.293796, 48.735345 ], [ 17.2752516, 48.7326086 ], [ 17.259874, 48.728245 ], [ 17.253913, 48.72888 ], [ 17.259874, 48.715749 ], [ 17.257505, 48.712909 ], [ 17.257633, 48.7067 ], [ 17.2418, 48.704595 ], [ 17.225942, 48.707529 ], [ 17.22413, 48.70605 ], [ 17.223421, 48.707508 ], [ 17.221244, 48.706993 ], [ 17.217067, 48.709246 ], [ 17.20237, 48.709008 ], [ 17.199791, 48.705861 ], [ 17.20117, 48.703973 ], [ 17.198018, 48.704208 ], [ 17.184295, 48.700058 ], [ 17.179501, 48.696522 ], [ 17.177825, 48.686907 ], [ 17.174738, 48.68506 ], [ 17.165052, 48.687218 ], [ 17.15344, 48.683267 ], [ 17.156741, 48.691666 ], [ 17.148848, 48.698063 ], [ 17.147612, 48.703235 ], [ 17.130683, 48.695132 ], [ 17.118266, 48.691605 ], [ 17.108776, 48.693181 ], [ 17.102527, 48.695908 ], [ 17.09491, 48.695105 ], [ 17.089444, 48.692864 ], [ 17.079956, 48.692812 ], [ 17.064542, 48.684693 ], [ 17.058852, 48.687682 ], [ 17.051283, 48.687604 ], [ 17.045783, 48.685831 ], [ 17.040764, 48.679024 ], [ 17.032229, 48.675645 ], [ 17.004885, 48.677008 ], [ 16.99828, 48.673584 ], [ 16.998738, 48.672389 ], [ 16.993508, 48.67096 ], [ 16.987064, 48.671507 ], [ 16.983916, 48.678706 ], [ 16.978471, 48.678712 ], [ 16.976224, 48.674705 ], [ 16.967342, 48.667441 ], [ 16.96703, 48.654285 ], [ 16.969638, 48.646103 ], [ 16.96318, 48.639589 ], [ 16.962437, 48.632505 ], [ 16.957586, 48.628291 ], [ 16.956158, 48.62337 ], [ 16.947195, 48.621731 ], [ 16.9401899, 48.6165391 ], [ 16.941923, 48.606053 ], [ 16.933648, 48.601119 ], [ 16.939144, 48.58313 ], [ 16.935799, 48.570849 ], [ 16.93862, 48.565234 ], [ 16.9446, 48.560193 ], [ 16.942687, 48.552416 ], [ 16.953931, 48.544256 ], [ 16.949779, 48.535802 ], [ 16.960096, 48.538151 ], [ 16.970887, 48.537648 ], [ 16.96658, 48.54722 ], [ 16.978371, 48.547469 ], [ 16.98298, 48.551541 ], [ 17.038049, 48.555732 ], [ 17.050768, 48.555243 ], [ 17.049621, 48.55384 ], [ 17.058747, 48.555554 ], [ 17.055234, 48.557515 ], [ 17.055885, 48.559937 ], [ 17.05231, 48.563816 ], [ 17.090807, 48.558447 ], [ 17.099271, 48.560726 ], [ 17.097364, 48.562235 ], [ 17.106184, 48.562832 ], [ 17.11504, 48.557958 ], [ 17.122173, 48.550408 ], [ 17.120588, 48.54982 ], [ 17.125258, 48.546733 ], [ 17.14477, 48.549654 ], [ 17.149545, 48.551553 ], [ 17.156886, 48.551342 ], [ 17.170346, 48.557043 ], [ 17.196606, 48.560855 ], [ 17.202395, 48.564598 ], [ 17.205476, 48.562227 ], [ 17.206813, 48.56507 ], [ 17.218641, 48.566671 ], [ 17.220898, 48.568376 ], [ 17.235787, 48.567414 ], [ 17.233772, 48.569415 ], [ 17.234492, 48.580757 ], [ 17.265737, 48.589503 ], [ 17.26796, 48.59939 ], [ 17.282448, 48.608472 ], [ 17.296166, 48.607437 ], [ 17.327629, 48.654032 ], [ 17.338507, 48.65092 ], [ 17.335076, 48.648125 ], [ 17.337848, 48.649562 ], [ 17.337379, 48.648587 ], [ 17.345882, 48.644212 ], [ 17.351248, 48.647318 ], [ 17.358629, 48.642766 ], [ 17.361847, 48.636562 ], [ 17.36934, 48.632158 ], [ 17.374042, 48.623469 ], [ 17.375728, 48.607453 ], [ 17.371403, 48.602886 ], [ 17.356413, 48.595051 ], [ 17.359935, 48.591629 ], [ 17.356717, 48.590652 ], [ 17.355156, 48.592309 ], [ 17.340673, 48.579216 ], [ 17.339755, 48.579945 ], [ 17.334265, 48.575932 ], [ 17.329073, 48.575379 ], [ 17.324775, 48.578081 ], [ 17.325342, 48.569272 ], [ 17.333697, 48.565953 ], [ 17.333014, 48.563682 ], [ 17.329761, 48.566822 ], [ 17.324603, 48.568666 ], [ 17.320117, 48.567971 ], [ 17.318358, 48.561835 ], [ 17.304003, 48.557821 ], [ 17.28592, 48.548048 ], [ 17.286984, 48.547418 ], [ 17.274886, 48.541039 ], [ 17.271946, 48.538639 ], [ 17.279684, 48.543507 ], [ 17.288667, 48.53852 ], [ 17.300439, 48.536347 ], [ 17.309916, 48.53228 ], [ 17.313716, 48.52275 ], [ 17.324074, 48.517413 ], [ 17.326209, 48.51468 ], [ 17.335093, 48.515681 ], [ 17.338779, 48.514017 ], [ 17.334264, 48.512367 ], [ 17.340908, 48.508971 ], [ 17.355047, 48.506589 ] ] ] } },
{ "type": "Feature", "properties": { "shapeName": "District of Ronnava", "shapeISO": "", "shapeID": "56367889B50490339994693", "shapeGroup": "SVK", "shapeType": "ADM2" }, "geometry": { "type": "Polygon", "coordinates": [ [ [ 20.342268, 48.923662 ], [ 20.339334, 48.915918 ], [ 20.327497, 48.908727 ], [ 20.32437, 48.903421 ], [ 20.306477, 48.907395 ], [ 20.303093, 48.903431 ], [ 20.295259, 48.899287 ], [ 20.293939, 48.896916 ], [ 20.29555, 48.895514 ], [ 20.292822, 48.89391 ], [ 20.297857, 48.891782 ], [ 20.289071, 48.885494 ], [ 20.288838, 48.87566 ], [ 20.276908, 48.871015 ], [ 20.267459, 48.874075 ], [ 20.259206, 48.870003 ], [ 20.248263, 48.870518 ], [ 20.243004, 48.860617 ], [ 20.241007, 48.844495 ], [ 20.233813, 48.842768 ], [ 20.230729, 48.837611 ], [ 20.218653, 48.833805 ], [ 20.215988, 48.828862 ], [ 20.197184, 48.818585 ], [ 20.197565, 48.81145 ], [ 20.200679, 48.806976 ], [ 20.19532, 48.801464 ], [ 20.200378, 48.796452 ], [ 20.194319, 48.790588 ], [ 20.19901, 48.785446 ], [ 20.201088, 48.779567 ], [ 20.20763, 48.773564 ], [ 20.19279, 48.763446 ], [ 20.191579, 48.760455 ], [ 20.18195, 48.757074 ], [ 20.182857, 48.746234 ], [ 20.181222, 48.740997 ], [ 20.183783, 48.735605 ], [ 20.182303, 48.728225 ], [ 20.190903, 48.720113 ], [ 20.209728, 48.722031 ], [ 20.240852, 48.70217 ], [ 20.252964, 48.697776 ], [ 20.256621, 48.693728 ], [ 20.263524, 48.692741 ], [ 20.265551, 48.689832 ], [ 20.271317, 48.687923 ], [ 20.276026, 48.682129 ], [ 20.274945, 48.680435 ], [ 20.277504, 48.674786 ], [ 20.28216, 48.673235 ], [ 20.290195, 48.662214 ], [ 20.297486, 48.657912 ], [ 20.302389, 48.658018 ], [ 20.298997, 48.655205 ], [ 20.293445, 48.644254 ], [ 20.297475, 48.636111 ], [ 20.298035, 48.629959 ], [ 20.303781, 48.62349 ], [ 20.302691, 48.619946 ], [ 20.296228, 48.614041 ], [ 20.296459, 48.611035 ], [ 20.32121, 48.604974 ], [ 20.333732, 48.608683 ], [ 20.33699, 48.607204 ], [ 20.338475, 48.603104 ], [ 20.34249, 48.600129 ], [ 20.355987, 48.598839 ], [ 20.35186, 48.588037 ], [ 20.347769, 48.584091 ], [ 20.349468, 48.580492 ], [ 20.347619, 48.578674 ], [ 20.35052, 48.574794 ], [ 20.341131, 48.56965 ], [ 20.336207, 48.560992 ], [ 20.335428, 48.555409 ], [ 20.331282, 48.550623 ], [ 20.331713, 48.537346 ], [ 20.328367, 48.535517 ], [ 20.323848, 48.53545 ], [ 20.318544, 48.523895 ], [ 20.302672, 48.518879 ], [ 20.301186, 48.507781 ], [ 20.298145, 48.504502 ], [ 20.299455, 48.50122 ], [ 20.30961, 48.494983 ], [ 20.307565, 48.489139 ], [ 20.309292, 48.484115 ], [ 20.306424, 48.479673 ], [ 20.320511, 48.474071 ], [ 20.326453, 48.474835 ], [ 20.327933, 48.473817 ], [ 20.332838, 48.475649 ], [ 20.332712, 48.47355 ], [ 20.336234, 48.47493 ], [ 20.341602, 48.47278 ], [ 20.334462, 48.463308 ], [ 20.341705, 48.461073 ], [ 20.362183, 48.463216 ], [ 20.369632, 48.461268 ], [ 20.372078, 48.464551 ], [ 20.380033, 48.468161 ], [ 20.390967, 48.463089 ], [ 20.394035, 48.456671 ], [ 20.396198, 48.45648 ], [ 20.407402, 48.458674 ], [ 20.409744, 48.461069 ], [ 20.413967, 48.461149 ], [ 20.420277, 48.470488 ], [ 20.427645, 48.467124 ], [ 20.433056, 48.469265 ], [ 20.437402, 48.467558 ], [ 20.455592, 48.473565 ], [ 20.464326, 48.468398 ], [ 20.4638934, 48.4639011 ], [ 20.4730937, 48.4661499 ], [ 20.4886688, 48.4758574 ], [ 20.4915569, 48.4840377 ], [ 20.4950662, 48.487667699999989 ], [ 20.5077598, 48.4893156 ], [ 20.5047099, 48.4903632 ], [ 20.5073, 48.509506 ], [ 20.510445, 48.512374 ], [ 20.508741, 48.51586 ], [ 20.502492, 48.51985 ], [ 20.505133, 48.52225 ], [ 20.502268, 48.523285 ], [ 20.504516, 48.525852 ], [ 20.501967, 48.527262 ], [ 20.505467, 48.533089 ], [ 20.507081, 48.531673 ], [ 20.508336, 48.532348 ], [ 20.506507, 48.534415 ], [ 20.5191, 48.537519 ], [ 20.525215, 48.530385 ], [ 20.537471, 48.527878 ], [ 20.541496, 48.538659 ], [ 20.546494, 48.544292 ], [ 20.551123, 48.542349 ], [ 20.559362, 48.542811 ], [ 20.586595, 48.535759 ], [ 20.587187, 48.538848 ], [ 20.592549, 48.539333 ], [ 20.599872, 48.542551 ], [ 20.61613, 48.543583 ], [ 20.623465, 48.550759 ], [ 20.634142, 48.55096 ], [ 20.640468, 48.555438 ], [ 20.643734, 48.554044 ], [ 20.644056, 48.551977 ], [ 20.653874, 48.561413 ], [ 20.665601, 48.559942 ], [ 20.67171, 48.562527 ], [ 20.679502, 48.559516 ], [ 20.681886, 48.561377 ], [ 20.706584, 48.569128 ], [ 20.709758, 48.568273 ], [ 20.713132, 48.570391 ], [ 20.726234, 48.56961 ], [ 20.727112, 48.564408 ], [ 20.72783, 48.566334 ], [ 20.734749, 48.566693 ], [ 20.733904, 48.570085 ], [ 20.796101, 48.575227 ], [ 20.79377, 48.582857 ], [ 20.793045, 48.603097 ], [ 20.803823, 48.602624 ], [ 20.80922, 48.600025 ], [ 20.812157, 48.604543 ], [ 20.809357, 48.61162 ], [ 20.801094, 48.617074 ], [ 20.795999, 48.624295 ], [ 20.806243, 48.625379 ], [ 20.823019, 48.624004 ], [ 20.832047, 48.620018 ], [ 20.830165, 48.631032 ], [ 20.827265, 48.633746 ], [ 20.812364, 48.640305 ], [ 20.810498, 48.646984 ], [ 20.803572, 48.652383 ], [ 20.798823, 48.661725 ], [ 20.789786, 48.662128 ], [ 20.788402, 48.665496 ], [ 20.778896, 48.663781 ], [ 20.768722, 48.665445 ], [ 20.758132, 48.664775 ], [ 20.736732, 48.671337 ], [ 20.731866, 48.667426 ], [ 20.7269533, 48.6699125 ], [ 20.716126, 48.671478 ], [ 20.703859, 48.676528 ], [ 20.698685, 48.680905 ], [ 20.685919, 48.681181 ], [ 20.678267, 48.68438 ], [ 20.677787, 48.687893 ], [ 20.6706, 48.684207 ], [ 20.658668, 48.686045 ], [ 20.651698, 48.693177 ], [ 20.649357, 48.699058 ], [ 20.649271, 48.72096 ], [ 20.644912, 48.726455 ], [ 20.650307, 48.730896 ], [ 20.647658, 48.73454 ], [ 20.651688, 48.739677 ], [ 20.641133, 48.742029 ], [ 20.642006, 48.744109 ], [ 20.636752, 48.743875 ], [ 20.631279, 48.750259 ], [ 20.61754, 48.755084 ], [ 20.6017, 48.747614 ], [ 20.590901, 48.748556 ], [ 20.577394, 48.745906 ], [ 20.575697, 48.744292 ], [ 20.564665, 48.746981 ], [ 20.553794, 48.761267 ], [ 20.555352, 48.765862 ], [ 20.554188, 48.775186 ], [ 20.549318, 48.780888 ], [ 20.534765, 48.78476 ], [ 20.5336, 48.794174 ], [ 20.528803, 48.793377 ], [ 20.520604, 48.797015 ], [ 20.511715, 48.798005 ], [ 20.504094, 48.805963 ], [ 20.491341, 48.807168 ], [ 20.483021, 48.798814 ], [ 20.481491, 48.793577 ], [ 20.475651, 48.788905 ], [ 20.479085, 48.793443 ], [ 20.476786, 48.797437 ], [ 20.485585, 48.805996 ], [ 20.482296, 48.80877 ], [ 20.48278, 48.812201 ], [ 20.462989, 48.819954 ], [ 20.462713, 48.829554 ], [ 20.458645, 48.831464 ], [ 20.460242, 48.832417 ], [ 20.454736, 48.834467 ], [ 20.450521, 48.834169 ], [ 20.443124, 48.838551 ], [ 20.436067, 48.838668 ], [ 20.433218, 48.836354 ], [ 20.430967, 48.837752 ], [ 20.425321, 48.835925 ], [ 20.417485, 48.842312 ], [ 20.406425, 48.84363 ], [ 20.403318, 48.842717 ], [ 20.399386, 48.845068 ], [ 20.393979, 48.843467 ], [ 20.377711, 48.848595 ], [ 20.380313, 48.851712 ], [ 20.385909, 48.853711 ], [ 20.390112, 48.864958 ], [ 20.401187, 48.871394 ], [ 20.41549, 48.876779 ], [ 20.407507, 48.875302 ], [ 20.399193, 48.871288 ], [ 20.397048, 48.873993 ], [ 20.391458, 48.874793 ], [ 20.393016, 48.879331 ], [ 20.389559, 48.884559 ], [ 20.392883, 48.889906 ], [ 20.382065, 48.896957 ], [ 20.383286, 48.900873 ], [ 20.389882, 48.903748 ], [ 20.396933, 48.901829 ], [ 20.407254, 48.90323 ], [ 20.413909, 48.905595 ], [ 20.415042, 48.90828 ], [ 20.407801, 48.907339 ], [ 20.390926, 48.908881 ], [ 20.391559, 48.91126 ], [ 20.388018, 48.91125 ], [ 20.387013, 48.912517 ], [ 20.375715, 48.910695 ], [ 20.373985, 48.913138 ], [ 20.362466, 48.918676 ], [ 20.352338, 48.919893 ], [ 20.34859, 48.922425 ], [ 20.342268, 48.923662 ] ] ] } },
{ "type": "Feature", "properties": { "shapeName": "District of Trnava", "shapeISO": "", "shapeID": "56367889B62739535395269", "shapeGroup": "SVK", "shapeType": "ADM2" }, "geometry": { "type": "Polygon", "coordinates": [ [ [ 17.758001, 48.340822 ], [ 17.75499, 48.342731 ], [ 17.751009, 48.342197 ], [ 17.732559, 48.350836 ], [ 17.718129, 48.352713 ], [ 17.709572, 48.356331 ], [ 17.701961, 48.356022 ], [ 17.701814, 48.367452 ], [ 17.704393, 48.368782 ], [ 17.710766, 48.367651 ], [ 17.717248, 48.372148 ], [ 17.721612, 48.372926 ], [ 17.724444, 48.377232 ], [ 17.720246, 48.380172 ], [ 17.71827, 48.384732 ], [ 17.720188, 48.385644 ], [ 17.718038, 48.386689 ], [ 17.723226, 48.398558 ], [ 17.719126, 48.406228 ], [ 17.720474, 48.409618 ], [ 17.724672, 48.411407 ], [ 17.723333, 48.413306 ], [ 17.731254, 48.418547 ], [ 17.726801, 48.420707 ], [ 17.726867, 48.422537 ], [ 17.723239, 48.421937 ], [ 17.725639, 48.42355 ], [ 17.722234, 48.427479 ], [ 17.713542, 48.427213 ], [ 17.711129, 48.428421 ], [ 17.697868, 48.427012 ], [ 17.68891, 48.433436 ], [ 17.683312, 48.443808 ], [ 17.686806, 48.446157 ], [ 17.690186, 48.454083 ], [ 17.683153, 48.469684 ], [ 17.685286, 48.470602 ], [ 17.684745, 48.476873 ], [ 17.691094, 48.481187 ], [ 17.687894, 48.486501 ], [ 17.679439, 48.494014 ], [ 17.666472, 48.505505 ], [ 17.661493, 48.513582 ], [ 17.655546, 48.509694 ], [ 17.637771, 48.518754 ], [ 17.632496, 48.524178 ], [ 17.635853, 48.528482 ], [ 17.630794, 48.530752 ], [ 17.628966, 48.534317 ], [ 17.62522, 48.53281 ], [ 17.624767, 48.534658 ], [ 17.623296, 48.534243 ], [ 17.62534, 48.535801 ], [ 17.623903, 48.537627 ], [ 17.62135, 48.536564 ], [ 17.620871, 48.538438 ], [ 17.610892, 48.542017 ], [ 17.614342, 48.543257 ], [ 17.598386, 48.556057 ], [ 17.5877701, 48.5697825 ], [ 17.583902, 48.56868 ], [ 17.579347, 48.571807 ], [ 17.581108, 48.572812 ], [ 17.579322, 48.574393 ], [ 17.573286, 48.576009 ], [ 17.565803, 48.574516 ], [ 17.564186, 48.572763 ], [ 17.558139, 48.575183 ], [ 17.556971, 48.581616 ], [ 17.562637, 48.591889 ], [ 17.56543, 48.594113 ], [ 17.567802, 48.594385 ], [ 17.569806, 48.59277 ], [ 17.576647, 48.594938 ], [ 17.573737, 48.601189 ], [ 17.574985, 48.603904 ], [ 17.56978, 48.607491 ], [ 17.571876, 48.610913 ], [ 17.579789, 48.615769 ], [ 17.579038, 48.616781 ], [ 17.584166, 48.618461 ], [ 17.577482, 48.622458 ], [ 17.575714, 48.626112 ], [ 17.579087, 48.632896 ], [ 17.577876, 48.637734 ], [ 17.571987, 48.642253 ], [ 17.561278, 48.644838 ], [ 17.559679, 48.641918 ], [ 17.553387, 48.638402 ], [ 17.546539, 48.63924 ], [ 17.543249, 48.629795 ], [ 17.534691, 48.629296 ], [ 17.533121, 48.626618 ], [ 17.531289, 48.625441 ], [ 17.527628, 48.626607 ], [ 17.523107, 48.624635 ], [ 17.496976, 48.597173 ], [ 17.498248, 48.592224 ], [ 17.495946, 48.589527 ], [ 17.488225, 48.589471 ], [ 17.481391, 48.582402 ], [ 17.4703, 48.581799 ], [ 17.471156, 48.571502 ], [ 17.456274, 48.559574 ], [ 17.451801, 48.56537 ], [ 17.446809, 48.566471 ], [ 17.429114, 48.559206 ], [ 17.426328, 48.554305 ], [ 17.426678, 48.557039 ], [ 17.42486, 48.557998 ], [ 17.408635, 48.559447 ], [ 17.405003, 48.562123 ], [ 17.398294, 48.561197 ], [ 17.38997, 48.562939 ], [ 17.382388, 48.560172 ], [ 17.380814, 48.557977 ], [ 17.382791, 48.55565 ], [ 17.371237, 48.551329 ], [ 17.359091, 48.540354 ], [ 17.354285, 48.533179 ], [ 17.354999, 48.527576 ], [ 17.351943, 48.524658 ], [ 17.352552, 48.517533 ], [ 17.339089, 48.514024 ], [ 17.355219, 48.511691 ], [ 17.360507, 48.513432 ], [ 17.360745, 48.511019 ], [ 17.355047, 48.506589 ], [ 17.348002, 48.501343 ], [ 17.33661, 48.497687 ], [ 17.336409, 48.495492 ], [ 17.342066, 48.49229 ], [ 17.334406, 48.486921 ], [ 17.33545, 48.482596 ], [ 17.331076, 48.484023 ], [ 17.328886, 48.480243 ], [ 17.314128, 48.481076 ], [ 17.313107, 48.475315 ], [ 17.302179, 48.465943 ], [ 17.31431, 48.455974 ], [ 17.317698, 48.453907 ], [ 17.316894, 48.451533 ], [ 17.346742, 48.4517538 ], [ 17.348143, 48.44835 ], [ 17.357691, 48.444995 ], [ 17.361562, 48.438548 ], [ 17.393128, 48.438384 ], [ 17.390547, 48.434167 ], [ 17.393883, 48.432945 ], [ 17.392927, 48.432265 ], [ 17.390662, 48.432858 ], [ 17.387372, 48.430457 ], [ 17.385408, 48.431153 ], [ 17.383941, 48.428934 ], [ 17.379882, 48.429181 ], [ 17.384527, 48.42634 ], [ 17.389779, 48.419213 ], [ 17.404386, 48.417371 ], [ 17.404887, 48.413263 ], [ 17.403405, 48.413499 ], [ 17.401605, 48.410716 ], [ 17.403679, 48.409116 ], [ 17.400197, 48.407729 ], [ 17.400916, 48.406233 ], [ 17.40632, 48.408306 ], [ 17.417223, 48.404998 ], [ 17.410615, 48.400578 ], [ 17.415415, 48.401928 ], [ 17.419753, 48.395481 ], [ 17.418707, 48.394098 ], [ 17.424427, 48.391737 ], [ 17.420609, 48.386653 ], [ 17.431119, 48.380879 ], [ 17.42548, 48.378495 ], [ 17.426309, 48.374989 ], [ 17.437279, 48.370093 ], [ 17.445435, 48.374348 ], [ 17.449405, 48.372488 ], [ 17.452167, 48.374494 ], [ 17.468624, 48.360192 ], [ 17.468391, 48.357887 ], [ 17.477524, 48.35258 ], [ 17.473651, 48.347883 ], [ 17.473057, 48.341321 ], [ 17.466723, 48.336554 ], [ 17.462877, 48.330735 ], [ 17.462121, 48.325131 ], [ 17.456519, 48.327222 ], [ 17.449266, 48.319614 ], [ 17.460255, 48.312572 ], [ 17.457596, 48.30965 ], [ 17.459697, 48.305813 ], [ 17.464738, 48.310543 ], [ 17.466231, 48.309959 ], [ 17.471972, 48.300261 ], [ 17.49558, 48.287496 ], [ 17.498293, 48.289744 ], [ 17.500768, 48.289622 ], [ 17.513744, 48.279077 ], [ 17.533412, 48.265772 ], [ 17.561468, 48.239763 ], [ 17.576835, 48.250042 ], [ 17.583143, 48.250873 ], [ 17.591989, 48.258153 ], [ 17.596234, 48.26493 ], [ 17.606821, 48.270416 ], [ 17.61681, 48.266677 ], [ 17.620784, 48.268442 ], [ 17.652683, 48.269321 ], [ 17.651909, 48.264975 ], [ 17.654501, 48.264755 ], [ 17.656308, 48.265953 ], [ 17.654101, 48.270773 ], [ 17.657514, 48.273068 ], [ 17.655383, 48.279267 ], [ 17.678081, 48.280911 ], [ 17.683206, 48.283831 ], [ 17.689408, 48.283622 ], [ 17.690771, 48.285244 ], [ 17.687615, 48.287003 ], [ 17.691952, 48.287904 ], [ 17.690918, 48.290449 ], [ 17.695029, 48.294646 ], [ 17.703051, 48.29518 ], [ 17.697203, 48.30056 ], [ 17.687416, 48.303925 ], [ 17.694459, 48.307921 ], [ 17.693266, 48.30932 ], [ 17.700031, 48.313862 ], [ 17.705258, 48.316225 ], [ 17.708743, 48.315786 ], [ 17.728814, 48.319594 ], [ 17.729297, 48.322754 ], [ 17.735722, 48.320316 ], [ 17.741935, 48.320052 ], [ 17.74413, 48.315792 ], [ 17.749781, 48.31706 ], [ 17.751896, 48.327797 ], [ 17.750635, 48.329656 ], [ 17.753172, 48.33001 ], [ 17.758001, 48.340822 ] ] ] } },
{ "type": "Feature", "properties": { "shapeName": "District of Tarnovica", "shapeISO": "", "shapeID": "56367889B13739678014174", "shapeGroup": "SVK", "shapeType": "ADM2" }, "geometry": { "type": "Polygon", "coordinates": [ [ [ 18.645409, 48.633209 ], [ 18.643154, 48.633123 ], [ 18.634823, 48.624685 ], [ 18.633714, 48.62102 ], [ 18.620821, 48.607039 ], [ 18.610516, 48.600816 ], [ 18.601623, 48.592587 ], [ 18.599225, 48.588938 ], [ 18.602366, 48.583841 ], [ 18.597696, 48.575273 ], [ 18.577452, 48.577469 ], [ 18.565188, 48.570069 ], [ 18.56727, 48.566977 ], [ 18.553472, 48.566948 ], [ 18.544308, 48.562937 ], [ 18.544126, 48.565056 ], [ 18.536712, 48.563151 ], [ 18.534441, 48.564758 ], [ 18.530773, 48.561325 ], [ 18.525315, 48.563508 ], [ 18.517652, 48.563349 ], [ 18.516296, 48.565612 ], [ 18.512325, 48.562462 ], [ 18.506122, 48.562274 ], [ 18.500082, 48.56388 ], [ 18.497889, 48.568577 ], [ 18.487335, 48.549302 ], [ 18.478673, 48.548602 ], [ 18.488809, 48.543823 ], [ 18.492278, 48.539402 ], [ 18.492726, 48.535241 ], [ 18.502519, 48.526003 ], [ 18.506664, 48.525578 ], [ 18.512881, 48.528463 ], [ 18.518049, 48.528946 ], [ 18.511687, 48.527373 ], [ 18.500034, 48.520977 ], [ 18.488146, 48.511146 ], [ 18.481982, 48.503737 ], [ 18.4811, 48.499796 ], [ 18.495674, 48.499724 ], [ 18.496064, 48.506877 ], [ 18.5105, 48.509612 ], [ 18.522645, 48.508437 ], [ 18.529139, 48.50533 ], [ 18.53222, 48.505751 ], [ 18.532086, 48.507962 ], [ 18.535111, 48.503103 ], [ 18.537815, 48.503503 ], [ 18.536629, 48.487484 ], [ 18.53352, 48.484042 ], [ 18.531065, 48.474118 ], [ 18.539323, 48.475122 ], [ 18.544457, 48.477576 ], [ 18.546591, 48.476962 ], [ 18.538664, 48.469735 ], [ 18.531148, 48.466488 ], [ 18.530909, 48.462201 ], [ 18.520971, 48.451041 ], [ 18.532638, 48.452011 ], [ 18.535108, 48.439482 ], [ 18.540219, 48.439077 ], [ 18.545805, 48.436041 ], [ 18.546191, 48.432205 ], [ 18.537336, 48.419825 ], [ 18.538781, 48.417782 ], [ 18.56065, 48.418203 ], [ 18.56626, 48.40529 ], [ 18.570748, 48.404045 ], [ 18.568675, 48.393434 ], [ 18.573767, 48.387501 ], [ 18.571804, 48.383615 ], [ 18.576243, 48.375922 ], [ 18.567087, 48.370612 ], [ 18.568442, 48.369061 ], [ 18.5657758, 48.3677221 ], [ 18.569846, 48.363446 ], [ 18.566959, 48.358694 ], [ 18.557702, 48.356877 ], [ 18.544932, 48.350159 ], [ 18.548037, 48.346376 ], [ 18.545309, 48.344688 ], [ 18.548205, 48.344756 ], [ 18.536835, 48.341319 ], [ 18.538302, 48.339201 ], [ 18.536931, 48.338491 ], [ 18.540943, 48.336159 ], [ 18.536377, 48.331799 ], [ 18.530982, 48.335836 ], [ 18.525216, 48.333002 ], [ 18.528726, 48.329676 ], [ 18.528742, 48.330602 ], [ 18.53385, 48.329224 ], [ 18.532701, 48.327489 ], [ 18.535752, 48.326234 ], [ 18.538234, 48.328022 ], [ 18.541729, 48.327054 ], [ 18.533625, 48.322355 ], [ 18.535259, 48.321438 ], [ 18.534342, 48.317838 ], [ 18.536283, 48.318173 ], [ 18.534256, 48.315765 ], [ 18.536221, 48.314764 ], [ 18.534633, 48.311869 ], [ 18.537443, 48.309813 ], [ 18.544707, 48.322499 ], [ 18.558234, 48.329195 ], [ 18.558512, 48.339443 ], [ 18.564679, 48.33918 ], [ 18.573507, 48.348258 ], [ 18.580501, 48.344665 ], [ 18.58783, 48.345698 ], [ 18.596346, 48.343623 ], [ 18.60579, 48.344946 ], [ 18.612639, 48.343784 ], [ 18.617554, 48.347538 ], [ 18.628704, 48.348461 ], [ 18.632709, 48.353586 ], [ 18.634946, 48.353886 ], [ 18.652486, 48.351019 ], [ 18.652793, 48.345181 ], [ 18.666266, 48.35302 ], [ 18.675544, 48.355072 ], [ 18.681074, 48.362199 ], [ 18.679042, 48.373737 ], [ 18.688813, 48.37436 ], [ 18.688336, 48.381728 ], [ 18.695821, 48.384071 ], [ 18.696733, 48.387462 ], [ 18.702678, 48.389739 ], [ 18.698313, 48.393109 ], [ 18.714376, 48.399946 ], [ 18.730119, 48.415972 ], [ 18.731439, 48.416777 ], [ 18.733976, 48.414748 ], [ 18.74595, 48.416456 ], [ 18.750644, 48.411162 ], [ 18.754716, 48.412843 ], [ 18.759075, 48.418531 ], [ 18.761191, 48.431364 ], [ 18.764371, 48.43683 ], [ 18.766904, 48.437873 ], [ 18.770979, 48.434853 ], [ 18.784698, 48.433254 ], [ 18.793266, 48.424618 ], [ 18.804411, 48.426391 ], [ 18.810074, 48.421526 ], [ 18.817078, 48.420277 ], [ 18.818519, 48.422848 ], [ 18.827285, 48.4246 ], [ 18.829881, 48.42796 ], [ 18.827671, 48.431783 ], [ 18.819248, 48.435679 ], [ 18.817008, 48.438916 ], [ 18.827799, 48.438124 ], [ 18.830808, 48.439203 ], [ 18.837308, 48.436026 ], [ 18.843058, 48.436114 ], [ 18.85151, 48.44365 ], [ 18.852467, 48.442732 ], [ 18.854964, 48.444275 ], [ 18.8630442, 48.4450983 ], [ 18.86103, 48.44895 ], [ 18.863894, 48.450952 ], [ 18.866526, 48.447973 ], [ 18.87135, 48.449327 ], [ 18.871552, 48.450816 ], [ 18.868469, 48.450735 ], [ 18.874743, 48.458146 ], [ 18.871278, 48.4623 ], [ 18.870852, 48.466388 ], [ 18.87601, 48.467507 ], [ 18.876198, 48.469784 ], [ 18.866688, 48.47097 ], [ 18.862187, 48.469035 ], [ 18.859019, 48.470494 ], [ 18.8553, 48.469953 ], [ 18.854824, 48.467561 ], [ 18.852618, 48.467123 ], [ 18.851894, 48.473225 ], [ 18.849166, 48.471992 ], [ 18.850568, 48.474433 ], [ 18.840618, 48.47644 ], [ 18.838568, 48.47895 ], [ 18.835217, 48.478011 ], [ 18.832664, 48.481847 ], [ 18.820923, 48.481975 ], [ 18.821299, 48.478589 ], [ 18.817993, 48.476574 ], [ 18.815032, 48.47787 ], [ 18.815547, 48.481636 ], [ 18.811728, 48.481816 ], [ 18.808748, 48.484271 ], [ 18.803484, 48.483912 ], [ 18.800107, 48.477521 ], [ 18.79668, 48.477204 ], [ 18.787169, 48.481764 ], [ 18.777883, 48.480815 ], [ 18.766451, 48.487461 ], [ 18.756455, 48.490723 ], [ 18.741658, 48.488544 ], [ 18.73225, 48.490079 ], [ 18.732732, 48.496588 ], [ 18.730711, 48.497561 ], [ 18.729254, 48.506961 ], [ 18.730325, 48.511312 ], [ 18.732796, 48.511229 ], [ 18.737027, 48.514507 ], [ 18.734562, 48.519425 ], [ 18.730546, 48.521667 ], [ 18.726977, 48.521766 ], [ 18.721165, 48.528049 ], [ 18.715184, 48.529466 ], [ 18.709125, 48.52836 ], [ 18.706327, 48.53061 ], [ 18.696389, 48.532299 ], [ 18.695524, 48.533971 ], [ 18.700824, 48.540664 ], [ 18.698209, 48.54222 ], [ 18.698061, 48.549245 ], [ 18.703209, 48.571428 ], [ 18.693292, 48.576103 ], [ 18.688997, 48.580708 ], [ 18.685197, 48.590877 ], [ 18.677712, 48.600423 ], [ 18.677654, 48.607451 ], [ 18.675392, 48.611031 ], [ 18.663599, 48.619423 ], [ 18.6542, 48.632421 ], [ 18.645409, 48.633209 ] ] ] } },
{ "type": "Feature", "properties": { "shapeName": "District of Kysucki Novi Mesto", "shapeISO": "", "shapeID": "56367889B52678955481324", "shapeGroup": "SVK", "shapeType": "ADM2" }, "geometry": { "type": "Polygon", "coordinates": [ [ [ 18.67847, 49.340186 ], [ 18.68232, 49.33418 ], [ 18.690598, 49.332301 ], [ 18.690962, 49.327054 ], [ 18.697603, 49.322773 ], [ 18.696569, 49.319288 ], [ 18.702877, 49.307536 ], [ 18.700917, 49.306589 ], [ 18.706278, 49.304263 ], [ 18.705832, 49.301675 ], [ 18.711698, 49.299136 ], [ 18.709606, 49.296135 ], [ 18.713894, 49.295543 ], [ 18.712849, 49.294175 ], [ 18.715976, 49.292423 ], [ 18.717138, 49.286925 ], [ 18.720026, 49.286646 ], [ 18.718468, 49.283511 ], [ 18.723384, 49.281699 ], [ 18.720713, 49.280155 ], [ 18.724569, 49.276962 ], [ 18.724639, 49.273591 ], [ 18.722423, 49.272024 ], [ 18.726166, 49.272087 ], [ 18.729948, 49.269489 ], [ 18.729085, 49.265717 ], [ 18.750369, 49.265828 ], [ 18.759971, 49.27799 ], [ 18.765709, 49.273975 ], [ 18.774051, 49.273153 ], [ 18.772874, 49.270129 ], [ 18.779147, 49.269242 ], [ 18.772359, 49.265374 ], [ 18.774375, 49.262791 ], [ 18.786006, 49.254223 ], [ 18.794555, 49.251818 ], [ 18.794742, 49.24862 ], [ 18.798665, 49.247527 ], [ 18.801035, 49.248714 ], [ 18.800144, 49.251119 ], [ 18.806428, 49.253207 ], [ 18.81256, 49.259738 ], [ 18.808855, 49.263799 ], [ 18.81094, 49.266109 ], [ 18.813419, 49.266152 ], [ 18.813117, 49.268021 ], [ 18.826542, 49.267704 ], [ 18.827951, 49.266718 ], [ 18.825829, 49.263936 ], [ 18.83684, 49.260823 ], [ 18.850194, 49.262762 ], [ 18.854437, 49.258286 ], [ 18.852901, 49.256627 ], [ 18.855302, 49.256266 ], [ 18.857403, 49.253276 ], [ 18.855946, 49.2499 ], [ 18.862814, 49.248453 ], [ 18.863721, 49.250787 ], [ 18.86972, 49.247503 ], [ 18.875158, 49.24844 ], [ 18.880014, 49.252761 ], [ 18.883422, 49.248881 ], [ 18.896519, 49.249773 ], [ 18.916514, 49.261273 ], [ 18.926841, 49.263355 ], [ 18.928909, 49.271459 ], [ 18.927641, 49.275529 ], [ 18.930844, 49.276858 ], [ 18.92808, 49.27926 ], [ 18.930414, 49.287452 ], [ 18.925586, 49.291075 ], [ 18.920763, 49.29167 ], [ 18.917213, 49.297945 ], [ 18.912403, 49.297605 ], [ 18.905977, 49.300633 ], [ 18.90056, 49.300351 ], [ 18.897904, 49.301818 ], [ 18.90415, 49.315461 ], [ 18.899757, 49.31814 ], [ 18.894141, 49.318876 ], [ 18.892528, 49.32121 ], [ 18.896468, 49.32965 ], [ 18.894528, 49.337297 ], [ 18.868837, 49.346351 ], [ 18.869717, 49.351572 ], [ 18.84695, 49.356944 ], [ 18.844215, 49.359396 ], [ 18.842761, 49.358 ], [ 18.837673, 49.358311 ], [ 18.832545, 49.354866 ], [ 18.830894, 49.354744 ], [ 18.827866, 49.35913 ], [ 18.8145, 49.357053 ], [ 18.807492, 49.354154 ], [ 18.804148, 49.354731 ], [ 18.799623, 49.35853 ], [ 18.796, 49.367203 ], [ 18.793975, 49.368001 ], [ 18.792535, 49.366443 ], [ 18.782119, 49.37052 ], [ 18.779537, 49.375381 ], [ 18.776092, 49.375092 ], [ 18.774548, 49.380906 ], [ 18.765164, 49.382275 ], [ 18.757736, 49.387033 ], [ 18.7507939, 49.3885244 ], [ 18.7443086, 49.3861002 ], [ 18.742352, 49.380518 ], [ 18.732111, 49.376503 ], [ 18.73193, 49.366383 ], [ 18.724241, 49.365748 ], [ 18.71583, 49.370174 ], [ 18.708821, 49.370066 ], [ 18.704246, 49.367551 ], [ 18.700977, 49.362849 ], [ 18.696212, 49.360885 ], [ 18.692913, 49.359846 ], [ 18.690212, 49.361338 ], [ 18.68092, 49.36065 ], [ 18.676226, 49.35619 ], [ 18.676829, 49.357763 ], [ 18.67332, 49.358062 ], [ 18.672848, 49.354351 ], [ 18.676446, 49.352594 ], [ 18.679686, 49.346575 ], [ 18.67847, 49.340186 ] ] ] } },
{ "type": "Feature", "properties": { "shapeName": "District of Michalovce", "shapeISO": "", "shapeID": "56367889B66923754975257", "shapeGroup": "SVK", "shapeType": "ADM2" }, "geometry": { "type": "Polygon", "coordinates": [ [ [ 22.140615, 48.4477324 ], [ 22.154561, 48.509803 ], [ 22.153156, 48.512821 ], [ 22.155583, 48.514988 ], [ 22.158285, 48.527041 ], [ 22.1609681, 48.5672614 ], [ 22.166018, 48.57713 ], [ 22.153466, 48.573906 ], [ 22.149836, 48.583263 ], [ 22.150582, 48.587428 ], [ 22.145998, 48.592261 ], [ 22.146773, 48.594624 ], [ 22.136519, 48.596744 ], [ 22.130887, 48.593712 ], [ 22.127969, 48.606427 ], [ 22.124701, 48.606508 ], [ 22.125573, 48.625234 ], [ 22.128751, 48.627858 ], [ 22.12726, 48.633495 ], [ 22.126191, 48.632151 ], [ 22.116341, 48.631025 ], [ 22.11369, 48.638457 ], [ 22.115067, 48.641139 ], [ 22.11054, 48.645504 ], [ 22.10422, 48.647404 ], [ 22.101009, 48.650258 ], [ 22.098096, 48.658087 ], [ 22.095438, 48.656343 ], [ 22.095216, 48.651419 ], [ 22.093661, 48.652939 ], [ 22.092015, 48.652386 ], [ 22.0887, 48.65665 ], [ 22.083669, 48.658342 ], [ 22.076124, 48.65786 ], [ 22.074142, 48.660524 ], [ 22.073005, 48.662327 ], [ 22.076606, 48.663592 ], [ 22.080863, 48.668046 ], [ 22.07937, 48.670716 ], [ 22.084597, 48.672885 ], [ 22.081064, 48.674769 ], [ 22.07949, 48.679155 ], [ 22.074066, 48.680284 ], [ 22.074856, 48.683782 ], [ 22.088696, 48.69082 ], [ 22.081992, 48.701604 ], [ 22.073206, 48.701586 ], [ 22.078376, 48.708467 ], [ 22.078024, 48.715111 ], [ 22.072322, 48.721944 ], [ 22.068397, 48.732984 ], [ 22.057037, 48.749683 ], [ 22.078335, 48.755217 ], [ 22.080224, 48.753947 ], [ 22.092516, 48.756342 ], [ 22.0919, 48.757866 ], [ 22.098998, 48.759297 ], [ 22.098577, 48.762382 ], [ 22.095477, 48.763639 ], [ 22.079294, 48.761358 ], [ 22.077709, 48.764622 ], [ 22.076714, 48.776284 ], [ 22.079305, 48.778953 ], [ 22.083097, 48.779426 ], [ 22.091743, 48.789024 ], [ 22.083615, 48.792616 ], [ 22.08835, 48.794717 ], [ 22.08733, 48.79657 ], [ 22.089324, 48.798572 ], [ 22.096177, 48.802349 ], [ 22.098047, 48.801342 ], [ 22.100715, 48.802817 ], [ 22.111706, 48.811429 ], [ 22.110117, 48.807868 ], [ 22.113816, 48.807104 ], [ 22.123992, 48.812831 ], [ 22.136471, 48.812998 ], [ 22.137605, 48.811058 ], [ 22.144782, 48.810359 ], [ 22.147332, 48.816025 ], [ 22.150123, 48.815543 ], [ 22.148516, 48.816545 ], [ 22.151149, 48.820918 ], [ 22.153785, 48.820822 ], [ 22.152476, 48.826517 ], [ 22.148405, 48.830291 ], [ 22.152979, 48.838403 ], [ 22.156009, 48.839812 ], [ 22.155618, 48.847215 ], [ 22.161201, 48.853519 ], [ 22.166064, 48.867183 ], [ 22.164402, 48.87218 ], [ 22.166361, 48.881629 ], [ 22.161122, 48.884908 ], [ 22.161495, 48.887482 ], [ 22.1565838, 48.8935089 ], [ 22.1457836, 48.8903002 ], [ 22.13167, 48.888562 ], [ 22.1275675, 48.8892647 ], [ 22.126111, 48.887979 ], [ 22.123743, 48.87594 ], [ 22.126641, 48.875735 ], [ 22.130744, 48.870168 ], [ 22.130133, 48.857522 ], [ 22.13286, 48.852314 ], [ 22.130813, 48.848516 ], [ 22.131594, 48.844698 ], [ 22.076606, 48.845381 ], [ 22.071657, 48.846993 ], [ 22.030882, 48.838851 ], [ 22.018672, 48.838644 ], [ 21.991052, 48.83971 ], [ 21.991203, 48.847481 ], [ 21.972112, 48.848975 ], [ 21.971292, 48.846313 ], [ 21.960198, 48.84758 ], [ 21.955084, 48.849636 ], [ 21.952891, 48.848924 ], [ 21.950376, 48.851255 ], [ 21.946618, 48.851809 ], [ 21.947067, 48.857538 ], [ 21.943622, 48.861582 ], [ 21.945857, 48.868903 ], [ 21.943759, 48.870265 ], [ 21.931276, 48.871535 ], [ 21.928773, 48.87379 ], [ 21.921448, 48.875394 ], [ 21.913756, 48.881186 ], [ 21.903366, 48.882239 ], [ 21.899419, 48.885008 ], [ 21.894545, 48.884746 ], [ 21.885017, 48.889437 ], [ 21.86817, 48.892553 ], [ 21.849451, 48.89398 ], [ 21.841235, 48.892367 ], [ 21.840504, 48.889729 ], [ 21.835392, 48.88897 ], [ 21.835295, 48.88681 ], [ 21.833191, 48.886548 ], [ 21.832846, 48.891319 ], [ 21.826034, 48.888917 ], [ 21.821963, 48.894157 ], [ 21.821053, 48.89911 ], [ 21.813, 48.900255 ], [ 21.810706, 48.901985 ], [ 21.799637, 48.901383 ], [ 21.797114, 48.898029 ], [ 21.792646, 48.897726 ], [ 21.791427, 48.893983 ], [ 21.78715, 48.895867 ], [ 21.785039, 48.891287 ], [ 21.78809, 48.882272 ], [ 21.78342, 48.881253 ], [ 21.788238, 48.874946 ], [ 21.787626, 48.871133 ], [ 21.791515, 48.869668 ], [ 21.793621, 48.864381 ], [ 21.786994, 48.862063 ], [ 21.786752, 48.857422 ], [ 21.797863, 48.83644 ], [ 21.795991, 48.825239 ], [ 21.792495, 48.821833 ], [ 21.80371, 48.81178 ], [ 21.80698, 48.806047 ], [ 21.803719, 48.804268 ], [ 21.802981, 48.800539 ], [ 21.800008, 48.801387 ], [ 21.802342, 48.790537 ], [ 21.791331, 48.792051 ], [ 21.780915, 48.788349 ], [ 21.77019, 48.787375 ], [ 21.771413, 48.783828 ], [ 21.756036, 48.780797 ], [ 21.756472, 48.774734 ], [ 21.758594, 48.774112 ], [ 21.755818, 48.771647 ], [ 21.756646, 48.769777 ], [ 21.761163, 48.768864 ], [ 21.766412, 48.764547 ], [ 21.766266, 48.756552 ], [ 21.758201, 48.744816 ], [ 21.759802, 48.741604 ], [ 21.743856, 48.736749 ], [ 21.720785, 48.735035 ], [ 21.714767, 48.733347 ], [ 21.717157, 48.731196 ], [ 21.722724, 48.732778 ], [ 21.721308, 48.728137 ], [ 21.72466, 48.726841 ], [ 21.723791, 48.723284 ], [ 21.727978, 48.720559 ], [ 21.728844, 48.712275 ], [ 21.732576, 48.713078 ], [ 21.735601, 48.710348 ], [ 21.732624, 48.709083 ], [ 21.73226, 48.70211 ], [ 21.74148, 48.700296 ], [ 21.744001, 48.697793 ], [ 21.750296, 48.697535 ], [ 21.75963, 48.692552 ], [ 21.760552, 48.680951 ], [ 21.762748, 48.677881 ], [ 21.766612, 48.677016 ], [ 21.770158, 48.670791 ], [ 21.768527, 48.668029 ], [ 21.771582, 48.666706 ], [ 21.77819, 48.658042 ], [ 21.783019, 48.643349 ], [ 21.791355, 48.642361 ], [ 21.791634, 48.650525 ], [ 21.79441, 48.651114 ], [ 21.796328, 48.648666 ], [ 21.796766, 48.626285 ], [ 21.801418, 48.606286 ], [ 21.807527, 48.601046 ], [ 21.810717, 48.594711 ], [ 21.797947, 48.59465 ], [ 21.799858, 48.591295 ], [ 21.801963, 48.565224 ], [ 21.807484, 48.567441 ], [ 21.808607, 48.566011 ], [ 21.812323, 48.566164 ], [ 21.813403, 48.564416 ], [ 21.805878, 48.563652 ], [ 21.809787, 48.538445 ], [ 21.814456, 48.535202 ], [ 21.819909, 48.534609 ], [ 21.822962, 48.535245 ], [ 21.822929, 48.537828 ], [ 21.82501, 48.53758 ], [ 21.828381, 48.53445 ], [ 21.828168, 48.531786 ], [ 21.834437, 48.535126 ], [ 21.836184, 48.530795 ], [ 21.834573, 48.529916 ], [ 21.830091, 48.531981 ], [ 21.831945, 48.527588 ], [ 21.822823, 48.52275 ], [ 21.831607, 48.524717 ], [ 21.829924, 48.520491 ], [ 21.825385, 48.521355 ], [ 21.821056, 48.518471 ], [ 21.821034, 48.516687 ], [ 21.818324, 48.518764 ], [ 21.814801, 48.517682 ], [ 21.812852, 48.518746 ], [ 21.808326, 48.515042 ], [ 21.810187, 48.50818 ], [ 21.818656, 48.499137 ], [ 21.822986, 48.497619 ], [ 21.826853, 48.490529 ], [ 21.820983, 48.486751 ], [ 21.823001, 48.480332 ], [ 21.816584, 48.475891 ], [ 21.817897, 48.473869 ], [ 21.825165, 48.473442 ], [ 21.826443, 48.472233 ], [ 21.822805, 48.471445 ], [ 21.818332, 48.472591 ], [ 21.814391, 48.471373 ], [ 21.814811, 48.474792 ], [ 21.812639, 48.475081 ], [ 21.809859, 48.466656 ], [ 21.817772, 48.468272 ], [ 21.820067, 48.466187 ], [ 21.827445, 48.467226 ], [ 21.827644, 48.465836 ], [ 21.822456, 48.46375 ], [ 21.826724, 48.462714 ], [ 21.829684, 48.459661 ], [ 21.835459, 48.459896 ], [ 21.835656, 48.461992 ], [ 21.832724, 48.463418 ], [ 21.836359, 48.467523 ], [ 21.841209, 48.468455 ], [ 21.837442, 48.47545 ], [ 21.842989, 48.475534 ], [ 21.843518, 48.479801 ], [ 21.846649, 48.482209 ], [ 21.843425, 48.485804 ], [ 21.849223, 48.484729 ], [ 21.849897, 48.487682 ], [ 21.852545, 48.48867 ], [ 21.85545, 48.484622 ], [ 21.856808, 48.487943 ], [ 21.866891, 48.488528 ], [ 21.866569, 48.490011 ], [ 21.862398, 48.490458 ], [ 21.862157, 48.492319 ], [ 21.870274, 48.492008 ], [ 21.871814, 48.495212 ], [ 21.875747, 48.497298 ], [ 21.871322, 48.499564 ], [ 21.876807, 48.503684 ], [ 21.877249, 48.499266 ], [ 21.882609, 48.502257 ], [ 21.882468, 48.499266 ], [ 21.890972, 48.499193 ], [ 21.888452, 48.502429 ], [ 21.891119, 48.503381 ], [ 21.894479, 48.501978 ], [ 21.894269, 48.504781 ], [ 21.899656, 48.504296 ], [ 21.899962, 48.509356 ], [ 21.902136, 48.509251 ], [ 21.905897, 48.504466 ], [ 21.903685, 48.499216 ], [ 21.909495, 48.501962 ], [ 21.908695, 48.505492 ], [ 21.918849, 48.502503 ], [ 21.915806, 48.50173 ], [ 21.9107775, 48.5030712 ], [ 21.913717, 48.500079 ], [ 21.917747, 48.499692 ], [ 21.917424, 48.497219 ], [ 21.920415, 48.498089 ], [ 21.921868, 48.503015 ], [ 21.951765, 48.504368 ], [ 21.974647, 48.507159 ], [ 21.977732, 48.509372 ], [ 21.979843, 48.507405 ], [ 21.989029, 48.506105 ], [ 21.992679, 48.507533 ], [ 22.000802, 48.505687 ], [ 21.998317, 48.507524 ], [ 22.003385, 48.508741 ], [ 22.002261, 48.512008 ], [ 22.005454, 48.511999 ], [ 22.008163, 48.510046 ], [ 22.01184, 48.512436 ], [ 22.010456, 48.513931 ], [ 22.011862, 48.514605 ], [ 22.016384, 48.514409 ], [ 22.02003, 48.51236 ], [ 22.021682, 48.515646 ], [ 22.023508, 48.513725 ], [ 22.028058, 48.513456 ], [ 22.029049, 48.515263 ], [ 22.034624, 48.515599 ], [ 22.039578, 48.508348 ], [ 22.045012, 48.507995 ], [ 22.04845, 48.506657 ], [ 22.049315, 48.504165 ], [ 22.052552, 48.504305 ], [ 22.05164, 48.502522 ], [ 22.055827, 48.50006 ], [ 22.053464, 48.499465 ], [ 22.054915, 48.497928 ], [ 22.059625, 48.49487 ], [ 22.070877, 48.492787 ], [ 22.078026, 48.485608 ], [ 22.092681, 48.475268 ], [ 22.112072, 48.477285 ], [ 22.120094, 48.474401 ], [ 22.124196, 48.470777 ], [ 22.134217, 48.448514 ], [ 22.13789, 48.446825 ], [ 22.140615, 48.4477324 ] ] ] } },
{ "type": "Feature", "properties": { "shapeName": "District of Skalica", "shapeISO": "", "shapeID": "56367889B34538662559621", "shapeGroup": "SVK", "shapeType": "ADM2" }, "geometry": { "type": "Polygon", "coordinates": [ [ [ 17.3530357, 48.7775266 ], [ 17.355972, 48.78226 ], [ 17.360657, 48.781636 ], [ 17.360531, 48.782934 ], [ 17.367589, 48.787033 ], [ 17.379858, 48.790145 ], [ 17.383133, 48.793924 ], [ 17.387676, 48.792513 ], [ 17.390443, 48.793739 ], [ 17.390706, 48.801238 ], [ 17.399415, 48.809105 ], [ 17.396349, 48.813215 ], [ 17.389444, 48.816592 ], [ 17.387055, 48.815657 ], [ 17.378461, 48.819187 ], [ 17.3615154, 48.813434 ], [ 17.354177, 48.822022 ], [ 17.349718, 48.823097 ], [ 17.347027, 48.826341 ], [ 17.330684, 48.831707 ], [ 17.32475, 48.836248 ], [ 17.321665, 48.845298 ], [ 17.318005, 48.845769 ], [ 17.312971, 48.843348 ], [ 17.306008, 48.843589 ], [ 17.301798, 48.845223 ], [ 17.29829, 48.849445 ], [ 17.290647, 48.850661 ], [ 17.281788, 48.854249 ], [ 17.277958, 48.860306 ], [ 17.271648, 48.861766 ], [ 17.2639, 48.859772 ], [ 17.259897, 48.860463 ], [ 17.257564, 48.862187 ], [ 17.253499, 48.8622 ], [ 17.245745, 48.86769 ], [ 17.23221, 48.868308 ], [ 17.225171, 48.871569 ], [ 17.218049, 48.870667 ], [ 17.201998, 48.878149 ], [ 17.200176, 48.877569 ], [ 17.18699, 48.870965 ], [ 17.17301, 48.857672 ], [ 17.161991, 48.853382 ], [ 17.154114, 48.844807 ], [ 17.138301, 48.841152 ], [ 17.109991, 48.83049 ], [ 17.105113, 48.823271 ], [ 17.107175, 48.816579 ], [ 17.105752, 48.807329 ], [ 17.102422, 48.803305 ], [ 17.090642, 48.795915 ], [ 17.08911, 48.786001 ], [ 17.083574, 48.782691 ], [ 17.069412, 48.779523 ], [ 17.059888, 48.771243 ], [ 17.043736, 48.764703 ], [ 17.039581, 48.752827 ], [ 17.029318, 48.746708 ], [ 17.026129, 48.738959 ], [ 17.014485, 48.728915 ], [ 17.012429, 48.718231 ], [ 16.997792, 48.708834 ], [ 16.99762, 48.692134 ], [ 16.981612, 48.683634 ], [ 16.978471, 48.678712 ], [ 16.983916, 48.678706 ], [ 16.987064, 48.671507 ], [ 16.993508, 48.67096 ], [ 16.998738, 48.672389 ], [ 16.99828, 48.673584 ], [ 17.004885, 48.677008 ], [ 17.032229, 48.675645 ], [ 17.040764, 48.679024 ], [ 17.045783, 48.685831 ], [ 17.051283, 48.687604 ], [ 17.058852, 48.687682 ], [ 17.064542, 48.684693 ], [ 17.079956, 48.692812 ], [ 17.089444, 48.692864 ], [ 17.09491, 48.695105 ], [ 17.102527, 48.695908 ], [ 17.108776, 48.693181 ], [ 17.118266, 48.691605 ], [ 17.130683, 48.695132 ], [ 17.147612, 48.703235 ], [ 17.148848, 48.698063 ], [ 17.156741, 48.691666 ], [ 17.15344, 48.683267 ], [ 17.165052, 48.687218 ], [ 17.174738, 48.68506 ], [ 17.177825, 48.686907 ], [ 17.179501, 48.696522 ], [ 17.184295, 48.700058 ], [ 17.198018, 48.704208 ], [ 17.20117, 48.703973 ], [ 17.199791, 48.705861 ], [ 17.20237, 48.709008 ], [ 17.217067, 48.709246 ], [ 17.221244, 48.706993 ], [ 17.223421, 48.707508 ], [ 17.22413, 48.70605 ], [ 17.225942, 48.707529 ], [ 17.2418, 48.704595 ], [ 17.257633, 48.7067 ], [ 17.257505, 48.712909 ], [ 17.259874, 48.715749 ], [ 17.253913, 48.72888 ], [ 17.259874, 48.728245 ], [ 17.2752516, 48.7326086 ], [ 17.293796, 48.735345 ], [ 17.304996, 48.73528 ], [ 17.32299, 48.738624 ], [ 17.339375, 48.752728 ], [ 17.343652, 48.758631 ], [ 17.34191, 48.763073 ], [ 17.346318, 48.767823 ], [ 17.344677, 48.770991 ], [ 17.348162, 48.775567 ], [ 17.3530357, 48.7775266 ] ] ] } },
{ "type": "Feature", "properties": { "shapeName": "District of Rimavsk", "shapeISO": "", "shapeID": "56367889B15205076567490", "shapeGroup": "SVK", "shapeType": "ADM2" }, "geometry": { "type": "Polygon", "coordinates": [ [ [ 19.889074, 48.164088 ], [ 19.898745, 48.166312 ], [ 19.90591, 48.151304 ], [ 19.914536, 48.146863 ], [ 19.910417, 48.143224 ], [ 19.910273, 48.139715 ], [ 19.902104, 48.136575 ], [ 19.901586, 48.132046 ], [ 19.897958, 48.129471 ], [ 19.898298, 48.124902 ], [ 19.900433, 48.124127 ], [ 19.906409, 48.126805 ], [ 19.908308, 48.129545 ], [ 19.915758, 48.128459 ], [ 19.929366, 48.130111 ], [ 19.933711, 48.132036 ], [ 19.937383, 48.131118 ], [ 19.938839, 48.133861 ], [ 19.937114, 48.137238 ], [ 19.946689, 48.143125 ], [ 19.951557, 48.151548 ], [ 19.963565, 48.152021 ], [ 19.974394, 48.166005 ], [ 19.980901, 48.165583 ], [ 19.984583, 48.162779 ], [ 19.988706, 48.162168 ], [ 19.991441, 48.168399 ], [ 19.997649, 48.168472 ], [ 20.003544, 48.172283 ], [ 20.012163, 48.172277 ], [ 20.016246, 48.173851 ], [ 20.016257, 48.175927 ], [ 20.029038, 48.177685 ], [ 20.033584, 48.17508 ], [ 20.042249, 48.173621 ], [ 20.044277, 48.167282 ], [ 20.049449, 48.1672 ], [ 20.054178, 48.169709 ], [ 20.056372, 48.174633 ], [ 20.058944, 48.175151 ], [ 20.061339, 48.178365 ], [ 20.072986, 48.179606 ], [ 20.078844, 48.183739 ], [ 20.07399, 48.187177 ], [ 20.069967, 48.186617 ], [ 20.067814, 48.188054 ], [ 20.070037, 48.191702 ], [ 20.078257, 48.196427 ], [ 20.085173, 48.195484 ], [ 20.09076, 48.19701 ], [ 20.095473, 48.203998 ], [ 20.100362, 48.204584 ], [ 20.099542, 48.206738 ], [ 20.102, 48.209453 ], [ 20.109613, 48.212366 ], [ 20.112544, 48.216074 ], [ 20.120115, 48.217241 ], [ 20.1226, 48.220708 ], [ 20.127525, 48.220677 ], [ 20.134091, 48.225182 ], [ 20.133746, 48.233578 ], [ 20.139631, 48.242869 ], [ 20.132149, 48.247338 ], [ 20.133188, 48.253982 ], [ 20.144049, 48.255379 ], [ 20.153819, 48.25026 ], [ 20.168429, 48.251604 ], [ 20.174306, 48.249135 ], [ 20.181371, 48.249393 ], [ 20.184933, 48.247978 ], [ 20.195557, 48.248476 ], [ 20.197433, 48.250044 ], [ 20.206162, 48.250979 ], [ 20.207713, 48.252933 ], [ 20.203129, 48.259079 ], [ 20.20383, 48.261906 ], [ 20.214605, 48.2589 ], [ 20.220937, 48.262892 ], [ 20.228466, 48.262779 ], [ 20.228655, 48.265841 ], [ 20.235381, 48.2713 ], [ 20.22798, 48.277232 ], [ 20.230986, 48.277285 ], [ 20.234947, 48.279933 ], [ 20.241318, 48.280493 ], [ 20.245472, 48.277946 ], [ 20.249724, 48.279106 ], [ 20.255998, 48.274883 ], [ 20.261124, 48.274732 ], [ 20.263049, 48.271747 ], [ 20.268971, 48.270331 ], [ 20.269623, 48.268013 ], [ 20.280329, 48.266402 ], [ 20.284558, 48.261991 ], [ 20.290768, 48.261587 ], [ 20.310172, 48.265207 ], [ 20.309456, 48.268514 ], [ 20.305762, 48.269889 ], [ 20.306555, 48.27251 ], [ 20.325711, 48.272794 ], [ 20.3281, 48.288447 ], [ 20.335755, 48.287672 ], [ 20.334028, 48.289331 ], [ 20.335841, 48.290537 ], [ 20.332122, 48.293044 ], [ 20.33347, 48.296568 ], [ 20.336208, 48.296401 ], [ 20.335269, 48.299022 ], [ 20.339044, 48.301223 ], [ 20.337465, 48.301667 ], [ 20.357908, 48.309766 ], [ 20.356404, 48.312794 ], [ 20.365535, 48.316511 ], [ 20.369984, 48.321061 ], [ 20.374279, 48.326989 ], [ 20.36856, 48.329814 ], [ 20.367629, 48.332187 ], [ 20.371848, 48.333703 ], [ 20.3865239, 48.34775 ], [ 20.3841231, 48.3511552 ], [ 20.394898, 48.356232 ], [ 20.398992, 48.356491 ], [ 20.4004254, 48.3582821 ], [ 20.3989886, 48.3589426 ], [ 20.4074785, 48.3628213 ], [ 20.4098119, 48.3658749 ], [ 20.4114796, 48.3710905 ], [ 20.4068507, 48.3793716 ], [ 20.4025293, 48.3825668 ], [ 20.4126464, 48.3878099 ], [ 20.4164691, 48.3938749 ], [ 20.4166878, 48.4005563 ], [ 20.4205802, 48.4041449 ], [ 20.4144381, 48.4109525 ], [ 20.4180413, 48.4200456 ], [ 20.407346, 48.419387 ], [ 20.403298, 48.423832 ], [ 20.398885, 48.424875 ], [ 20.385203, 48.422732 ], [ 20.379956, 48.41864 ], [ 20.371212, 48.416491 ], [ 20.372359, 48.410317 ], [ 20.367656, 48.404973 ], [ 20.362128, 48.402665 ], [ 20.360138, 48.403254 ], [ 20.359026, 48.40099 ], [ 20.319516, 48.397615 ], [ 20.319412, 48.399756 ], [ 20.301673, 48.399344 ], [ 20.283803, 48.402911 ], [ 20.287932, 48.405625 ], [ 20.285024, 48.408395 ], [ 20.287336, 48.411143 ], [ 20.285931, 48.419392 ], [ 20.283532, 48.421188 ], [ 20.274614, 48.4184 ], [ 20.268898, 48.420104 ], [ 20.264144, 48.419698 ], [ 20.246687, 48.428481 ], [ 20.24666, 48.441886 ], [ 20.2278, 48.445463 ], [ 20.2241, 48.449013 ], [ 20.225602, 48.451645 ], [ 20.219004, 48.456613 ], [ 20.213186, 48.458324 ], [ 20.209946, 48.477611 ], [ 20.16852, 48.49232 ], [ 20.162934, 48.492791 ], [ 20.156578, 48.495782 ], [ 20.146372, 48.496944 ], [ 20.145733, 48.502841 ], [ 20.148783, 48.506852 ], [ 20.144692, 48.511478 ], [ 20.145072, 48.519967 ], [ 20.157915, 48.533533 ], [ 20.152964, 48.534193 ], [ 20.146939, 48.539749 ], [ 20.137654, 48.541373 ], [ 20.136126, 48.544102 ], [ 20.134135, 48.544089 ], [ 20.120372, 48.539989 ], [ 20.117535, 48.536154 ], [ 20.115788, 48.536944 ], [ 20.111007, 48.534271 ], [ 20.109951, 48.533102 ], [ 20.113076, 48.530908 ], [ 20.106511, 48.520715 ], [ 20.107721, 48.517909 ], [ 20.100753, 48.521904 ], [ 20.093906, 48.520604 ], [ 20.08451, 48.524594 ], [ 20.084649, 48.528647 ], [ 20.076821, 48.530441 ], [ 20.083733, 48.533361 ], [ 20.081715, 48.538942 ], [ 20.085689, 48.541004 ], [ 20.082556, 48.544347 ], [ 20.082528, 48.554101 ], [ 20.086478, 48.554713 ], [ 20.086395, 48.553371 ], [ 20.096661, 48.549019 ], [ 20.104732, 48.550245 ], [ 20.109346, 48.554689 ], [ 20.117709, 48.551173 ], [ 20.113059, 48.553133 ], [ 20.114104, 48.55498 ], [ 20.110281, 48.556742 ], [ 20.110642, 48.55994 ], [ 20.10566, 48.563817 ], [ 20.100758, 48.573837 ], [ 20.085035, 48.5772 ], [ 20.081999, 48.584768 ], [ 20.069789, 48.584245 ], [ 20.065276, 48.586344 ], [ 20.059269, 48.600532 ], [ 20.060631, 48.601005 ], [ 20.056, 48.605341 ], [ 20.04306, 48.605986 ], [ 20.03899, 48.613581 ], [ 20.031662, 48.612021 ], [ 20.026892, 48.612892 ], [ 20.020856, 48.617474 ], [ 20.022069, 48.618416 ], [ 20.024949, 48.617509 ], [ 20.027343, 48.619051 ], [ 20.033343, 48.618535 ], [ 20.036781, 48.625082 ], [ 20.027039, 48.635649 ], [ 20.02186, 48.636109 ], [ 20.019404, 48.63908 ], [ 20.012575, 48.640933 ], [ 20.009418, 48.64797 ], [ 20.013334, 48.657213 ], [ 19.998404, 48.663241 ], [ 19.997054, 48.665735 ], [ 20.003246, 48.673618 ], [ 19.999459, 48.681219 ], [ 20.003786, 48.682892 ], [ 20.005612, 48.68917 ], [ 20.000267, 48.691819 ], [ 19.998319, 48.694649 ], [ 19.991489, 48.695881 ], [ 19.978828, 48.703352 ], [ 19.97677, 48.706906 ], [ 19.964291, 48.702753 ], [ 19.960702, 48.705324 ], [ 19.961333, 48.709547 ], [ 19.965036, 48.710837 ], [ 19.972931, 48.719239 ], [ 19.97135, 48.724992 ], [ 19.968395, 48.72632 ], [ 19.970391, 48.73331 ], [ 19.965328, 48.745946 ], [ 19.961556, 48.750299 ], [ 19.954324, 48.750515 ], [ 19.941844, 48.755167 ], [ 19.928548, 48.75381 ], [ 19.922942, 48.755727 ], [ 19.913979, 48.756172 ], [ 19.906616, 48.762288 ], [ 19.888171, 48.769584 ], [ 19.879638, 48.758983 ], [ 19.881707, 48.751849 ], [ 19.874271, 48.746743 ], [ 19.861205, 48.750034 ], [ 19.850987, 48.744055 ], [ 19.848258, 48.738873 ], [ 19.840696, 48.734986 ], [ 19.835487, 48.734077 ], [ 19.834972, 48.729898 ], [ 19.830114, 48.727701 ], [ 19.827823, 48.723705 ], [ 19.827889, 48.711806 ], [ 19.811635, 48.712019 ], [ 19.812433, 48.708673 ], [ 19.806291, 48.70315 ], [ 19.805658, 48.695953 ], [ 19.787225, 48.690448 ], [ 19.780358, 48.692347 ], [ 19.774058, 48.691897 ], [ 19.764228, 48.685435 ], [ 19.766723, 48.679268 ], [ 19.764554, 48.677437 ], [ 19.732821, 48.670029 ], [ 19.732024, 48.665291 ], [ 19.728014, 48.660511 ], [ 19.740915, 48.654406 ], [ 19.743703, 48.650909 ], [ 19.748368, 48.648777 ], [ 19.760782, 48.640959 ], [ 19.765492, 48.639414 ], [ 19.775359, 48.639218 ], [ 19.786414, 48.635943 ], [ 19.791041, 48.626166 ], [ 19.802728, 48.625385 ], [ 19.809376, 48.623115 ], [ 19.810313, 48.619211 ], [ 19.823743, 48.615571 ], [ 19.830427, 48.60546 ], [ 19.839899, 48.60029 ], [ 19.842205, 48.595691 ], [ 19.860606, 48.594288 ], [ 19.870614, 48.588519 ], [ 19.875385, 48.582563 ], [ 19.881428, 48.579719 ], [ 19.882728, 48.570711 ], [ 19.879211, 48.570716 ], [ 19.881217, 48.565622 ], [ 19.878817, 48.559931 ], [ 19.870928, 48.559565 ], [ 19.856966, 48.545294 ], [ 19.854067, 48.544842 ], [ 19.851466, 48.547739 ], [ 19.844151, 48.548715 ], [ 19.834929, 48.547657 ], [ 19.824992, 48.536655 ], [ 19.823751, 48.525456 ], [ 19.833363, 48.521142 ], [ 19.835065, 48.524432 ], [ 19.840645, 48.524769 ], [ 19.842019, 48.521456 ], [ 19.857672, 48.508174 ], [ 19.859651, 48.504461 ], [ 19.880367, 48.494449 ], [ 19.883283, 48.491536 ], [ 19.882436, 48.487181 ], [ 19.884738, 48.486739 ], [ 19.885293, 48.484212 ], [ 19.895144, 48.481362 ], [ 19.899258, 48.474724 ], [ 19.895685, 48.471654 ], [ 19.902526, 48.468762 ], [ 19.896321, 48.463783 ], [ 19.890287, 48.455488 ], [ 19.896464, 48.450987 ], [ 19.898536, 48.44565 ], [ 19.911275, 48.438132 ], [ 19.927516, 48.439242 ], [ 19.923249, 48.434248 ], [ 19.925361, 48.432718 ], [ 19.914677, 48.428839 ], [ 19.915629, 48.402908 ], [ 19.920052, 48.402507 ], [ 19.917893, 48.399248 ], [ 19.920232, 48.398002 ], [ 19.911086, 48.398101 ], [ 19.909069, 48.400261 ], [ 19.901554, 48.396729 ], [ 19.88421, 48.393238 ], [ 19.858214, 48.400672 ], [ 19.841868, 48.401179 ], [ 19.839679, 48.40063 ], [ 19.839138, 48.397342 ], [ 19.833225, 48.390643 ], [ 19.835392, 48.386699 ], [ 19.834528, 48.383832 ], [ 19.844093, 48.374923 ], [ 19.861615, 48.370064 ], [ 19.860601, 48.367883 ], [ 19.863633, 48.361067 ], [ 19.860815, 48.36159 ], [ 19.858711, 48.359737 ], [ 19.865111, 48.356069 ], [ 19.857431, 48.348063 ], [ 19.85412, 48.347512 ], [ 19.853998, 48.341195 ], [ 19.856811, 48.337316 ], [ 19.861677, 48.335397 ], [ 19.863274, 48.328639 ], [ 19.867506, 48.327548 ], [ 19.871233, 48.323535 ], [ 19.871211, 48.319663 ], [ 19.874651, 48.315547 ], [ 19.874248, 48.311444 ], [ 19.880661, 48.310947 ], [ 19.880535, 48.296545 ], [ 19.888025, 48.294532 ], [ 19.888827, 48.290843 ], [ 19.899104, 48.286421 ], [ 19.905553, 48.285677 ], [ 19.903499, 48.280953 ], [ 19.910314, 48.274413 ], [ 19.912719, 48.26935 ], [ 19.909477, 48.267811 ], [ 19.908861, 48.257661 ], [ 19.915315, 48.251854 ], [ 19.935035, 48.249731 ], [ 19.939547, 48.244872 ], [ 19.937505, 48.243192 ], [ 19.939408, 48.238665 ], [ 19.941699, 48.239148 ], [ 19.94269, 48.237547 ], [ 19.940984, 48.234991 ], [ 19.931856, 48.235427 ], [ 19.930651, 48.226665 ], [ 19.926087, 48.219942 ], [ 19.928646, 48.215555 ], [ 19.925665, 48.209391 ], [ 19.921174, 48.205522 ], [ 19.924565, 48.202172 ], [ 19.915507, 48.203028 ], [ 19.907015, 48.194751 ], [ 19.890468, 48.198126 ], [ 19.893335, 48.195224 ], [ 19.892705, 48.189665 ], [ 19.895251, 48.188496 ], [ 19.892999, 48.185623 ], [ 19.895128, 48.184348 ], [ 19.883299, 48.167104 ], [ 19.889074, 48.164088 ] ] ] } },
{ "type": "Feature", "properties": { "shapeName": "District of Nova Zkmky", "shapeISO": "", "shapeID": "56367889B62553648042075", "shapeGroup": "SVK", "shapeType": "ADM2" }, "geometry": { "type": "Polygon", "coordinates": [ [ [ 18.512316, 47.755172 ], [ 18.5269645, 47.758619 ], [ 18.5387627, 47.7643846 ], [ 18.5511871, 47.7644384 ], [ 18.5590761, 47.765996300000012 ], [ 18.5743324, 47.7649131 ], [ 18.6105234, 47.7582015 ], [ 18.6460867, 47.7590921 ], [ 18.6821591, 47.767589 ], [ 18.7080378, 47.7821365 ], [ 18.7187493, 47.7848318 ], [ 18.7260692, 47.7890411 ], [ 18.7311147, 47.7955241 ], [ 18.7332997, 47.8084745 ], [ 18.7411785, 47.813824499999988 ], [ 18.767155, 47.8173166 ], [ 18.7750464, 47.8211462 ], [ 18.7920014, 47.823087 ], [ 18.8083936, 47.8215975 ], [ 18.8168891, 47.8185722 ], [ 18.8281934, 47.818972 ], [ 18.8485417, 47.8167221 ], [ 18.848994, 47.820568 ], [ 18.855938, 47.827274 ], [ 18.8504, 47.830106 ], [ 18.840254, 47.828879 ], [ 18.828014, 47.834291 ], [ 18.828135, 47.837237 ], [ 18.822501, 47.842149 ], [ 18.821745, 47.850504 ], [ 18.813575, 47.85555 ], [ 18.795917, 47.858407 ], [ 18.7927648, 47.865358300000011 ], [ 18.782211, 47.865235 ], [ 18.778081, 47.869591 ], [ 18.769383, 47.868468 ], [ 18.768984, 47.871817 ], [ 18.763323, 47.87181 ], [ 18.764535, 47.881657 ], [ 18.760847, 47.895233 ], [ 18.756801, 47.89757 ], [ 18.762862, 47.903692 ], [ 18.758687, 47.90537 ], [ 18.759186, 47.908021 ], [ 18.762674, 47.909556 ], [ 18.757417, 47.918109 ], [ 18.759178, 47.921632 ], [ 18.774048, 47.932347 ], [ 18.771446, 47.933855 ], [ 18.773657, 47.937148 ], [ 18.7728819, 47.9446921 ], [ 18.764532, 47.948178 ], [ 18.745206, 47.947268 ], [ 18.74137, 47.948832 ], [ 18.738959, 47.946914 ], [ 18.728691, 47.94655 ], [ 18.717931, 47.949844 ], [ 18.713106, 47.94583 ], [ 18.704003, 47.949507 ], [ 18.692852, 47.949103 ], [ 18.687659, 47.951405 ], [ 18.668211, 47.938651 ], [ 18.66288, 47.940377 ], [ 18.657782, 47.939712 ], [ 18.65068, 47.9411 ], [ 18.650105, 47.94484 ], [ 18.642012, 47.945717 ], [ 18.62525, 47.951332 ], [ 18.618119, 47.945368 ], [ 18.617415, 47.947442 ], [ 18.603631, 47.941343 ], [ 18.598733, 47.936682 ], [ 18.583097, 47.942178 ], [ 18.561892, 47.943305 ], [ 18.555714, 47.946688 ], [ 18.544671, 47.939706 ], [ 18.537815, 47.932017 ], [ 18.501816, 47.941595 ], [ 18.49107, 47.943385 ], [ 18.48456, 47.9421 ], [ 18.469805, 47.951866 ], [ 18.466213, 47.948582 ], [ 18.455633, 47.959 ], [ 18.449718, 47.977247 ], [ 18.451873, 47.984288 ], [ 18.457753, 47.989703 ], [ 18.462296, 47.990126 ], [ 18.465616, 47.996572 ], [ 18.453937, 48.005273 ], [ 18.463938, 48.011504 ], [ 18.468192, 48.01753 ], [ 18.449569, 48.025098 ], [ 18.446764, 48.030525 ], [ 18.440301, 48.035943 ], [ 18.439648, 48.039919 ], [ 18.446472, 48.046659 ], [ 18.444956, 48.057694 ], [ 18.435388, 48.063042 ], [ 18.429617, 48.068829 ], [ 18.420856, 48.087138 ], [ 18.431195, 48.083825 ], [ 18.439792, 48.083931 ], [ 18.452549, 48.08103 ], [ 18.449541, 48.086138 ], [ 18.454809, 48.087761 ], [ 18.454032, 48.097763 ], [ 18.461828, 48.100172 ], [ 18.459592, 48.105959 ], [ 18.448033, 48.125831 ], [ 18.438023, 48.132512 ], [ 18.413865, 48.137391 ], [ 18.400827, 48.138683 ], [ 18.39884, 48.136616 ], [ 18.396155, 48.137206 ], [ 18.395143, 48.139681 ], [ 18.383801, 48.142657 ], [ 18.381032, 48.152633 ], [ 18.37736, 48.153046 ], [ 18.377754, 48.154702 ], [ 18.374636, 48.154823 ], [ 18.374806, 48.156451 ], [ 18.360169, 48.157991 ], [ 18.349202, 48.162894 ], [ 18.346233, 48.177021 ], [ 18.335605, 48.177799 ], [ 18.329978, 48.176684 ], [ 18.327536, 48.179828 ], [ 18.319682, 48.181814 ], [ 18.317843, 48.17889 ], [ 18.296772, 48.182504 ], [ 18.292871, 48.181736 ], [ 18.293082, 48.184526 ], [ 18.295429, 48.185667 ], [ 18.295999, 48.191495 ], [ 18.294303, 48.193332 ], [ 18.274961, 48.19447 ], [ 18.261685, 48.197604 ], [ 18.244199, 48.206851 ], [ 18.239076, 48.204358 ], [ 18.246233, 48.194245 ], [ 18.246044, 48.184384 ], [ 18.242905, 48.181505 ], [ 18.233674, 48.178153 ], [ 18.222796, 48.177253 ], [ 18.21637, 48.173581 ], [ 18.208734, 48.172948 ], [ 18.20112, 48.168942 ], [ 18.19518, 48.169398 ], [ 18.194859, 48.171308 ], [ 18.1921, 48.168726 ], [ 18.191045, 48.171318 ], [ 18.188348, 48.170406 ], [ 18.186155, 48.171849 ], [ 18.186472, 48.180733 ], [ 18.184447, 48.18222 ], [ 18.180921, 48.181478 ], [ 18.180563, 48.183607 ], [ 18.181619, 48.186773 ], [ 18.184859, 48.186176 ], [ 18.192614, 48.190893 ], [ 18.194625, 48.19417 ], [ 18.197162, 48.193692 ], [ 18.196301, 48.196366 ], [ 18.195207, 48.195517 ], [ 18.193003, 48.196599 ], [ 18.193718, 48.198629 ], [ 18.192399, 48.197243 ], [ 18.189891, 48.198715 ], [ 18.190842, 48.201473 ], [ 18.188194, 48.202088 ], [ 18.190162, 48.202202 ], [ 18.191909, 48.204879 ], [ 18.19021, 48.204582 ], [ 18.189412, 48.206619 ], [ 18.155395, 48.194914 ], [ 18.1507, 48.193883 ], [ 18.153977, 48.195633 ], [ 18.149661, 48.196835 ], [ 18.150411, 48.198235 ], [ 18.131501, 48.193316 ], [ 18.133913, 48.189808 ], [ 18.073129, 48.161785 ], [ 18.038686, 48.141295 ], [ 18.02681, 48.154149 ], [ 18.018648, 48.153201 ], [ 18.001168, 48.165946 ], [ 17.961021, 48.131467 ], [ 17.963475, 48.128087 ], [ 17.967102, 48.126718 ], [ 17.971754, 48.125531 ], [ 17.973444, 48.12723 ], [ 17.977377, 48.126998 ], [ 17.985439, 48.124063 ], [ 18.004233, 48.113873 ], [ 17.985903, 48.090047 ], [ 17.977749, 48.072042 ], [ 17.981523, 48.067584 ], [ 17.984325, 48.058456 ], [ 18.002444, 48.04338 ], [ 18.006341, 48.043717 ], [ 18.003609, 48.03392 ], [ 18.019035, 48.019262 ], [ 18.012008, 48.013439 ], [ 18.00919, 48.013305 ], [ 18.009857, 48.011044 ], [ 18.007726, 48.009083 ], [ 17.986158, 48.004527 ], [ 17.983234, 48.005801 ], [ 17.98967, 48.002043 ], [ 17.985143, 47.995672 ], [ 17.978836, 47.991074 ], [ 17.983536, 47.986071 ], [ 17.976651, 47.983817 ], [ 17.974545, 47.981797 ], [ 17.975557, 47.980704 ], [ 17.968508, 47.97476 ], [ 17.970447, 47.962941 ], [ 17.975951, 47.967343 ], [ 17.987253, 47.970991 ], [ 17.992133, 47.970261 ], [ 17.999082, 47.972622 ], [ 18.005925, 47.97075 ], [ 18.002307, 47.973774 ], [ 18.008878, 47.976837 ], [ 18.009297, 47.981595 ], [ 18.012203, 47.980565 ], [ 18.024908, 47.96066 ], [ 18.022654, 47.957293 ], [ 18.011775, 47.953684 ], [ 18.013352, 47.946035 ], [ 18.011501, 47.942483 ], [ 18.013161, 47.942514 ], [ 18.026373, 47.945107 ], [ 18.052802, 47.946841 ], [ 18.054511, 47.948259 ], [ 18.053776, 47.951348 ], [ 18.056266, 47.952665 ], [ 18.066259, 47.950503 ], [ 18.070234, 47.947548 ], [ 18.07706, 47.953571 ], [ 18.080871, 47.952458 ], [ 18.084791, 47.948476 ], [ 18.087218, 47.953459 ], [ 18.095302, 47.955942 ], [ 18.09297, 47.95786 ], [ 18.094611, 47.959649 ], [ 18.091703, 47.960334 ], [ 18.093831, 47.960669 ], [ 18.093729, 47.963581 ], [ 18.095711, 47.963155 ], [ 18.097926, 47.965083 ], [ 18.102783, 47.964206 ], [ 18.102809, 47.966873 ], [ 18.105354, 47.966321 ], [ 18.106541, 47.967828 ], [ 18.108329, 47.966714 ], [ 18.111793, 47.973417 ], [ 18.114249, 47.9749 ], [ 18.115956, 47.9735 ], [ 18.116778, 47.974859 ], [ 18.118705, 47.974459 ], [ 18.117188, 47.973245 ], [ 18.120416, 47.972885 ], [ 18.117977, 47.971724 ], [ 18.123082, 47.972021 ], [ 18.12787, 47.970098 ], [ 18.134055, 47.973081 ], [ 18.146082, 47.967135 ], [ 18.149817, 47.964765 ], [ 18.153602, 47.954412 ], [ 18.152148, 47.953272 ], [ 18.167069, 47.94393 ], [ 18.204316, 47.955822 ], [ 18.211643, 47.950744 ], [ 18.217709, 47.956132 ], [ 18.219272, 47.960767 ], [ 18.236538, 47.958658 ], [ 18.26415, 47.942919 ], [ 18.276197, 47.938061 ], [ 18.2848, 47.936825 ], [ 18.309544, 47.922974 ], [ 18.323885, 47.934337 ], [ 18.283363, 47.952898 ], [ 18.324497, 47.934614 ], [ 18.329153, 47.938062 ], [ 18.358861, 47.919695 ], [ 18.345218, 47.899449 ], [ 18.357399, 47.890629 ], [ 18.355276, 47.888036 ], [ 18.356848, 47.882045 ], [ 18.367398, 47.872832 ], [ 18.413782, 47.865483 ], [ 18.415431, 47.867204 ], [ 18.453513, 47.844823 ], [ 18.465402, 47.842899 ], [ 18.477212, 47.837966 ], [ 18.478837, 47.833119 ], [ 18.502348, 47.817176 ], [ 18.512403, 47.814826 ], [ 18.528475, 47.815291 ], [ 18.525689, 47.807276 ], [ 18.526494, 47.799834 ], [ 18.534632, 47.783754 ], [ 18.515427, 47.791175 ], [ 18.505709, 47.792524 ], [ 18.512316, 47.755172 ] ] ] } },
{ "type": "Feature", "properties": { "shapeName": "District of Kovice - okolie", "shapeISO": "", "shapeID": "56367889B1447043738985", "shapeGroup": "SVK", "shapeType": "ADM2" }, "geometry": { "type": "Polygon", "coordinates": [ [ [ 21.541568, 48.794077 ], [ 21.538344, 48.801962 ], [ 21.530505, 48.806624 ], [ 21.525809, 48.812715 ], [ 21.530138, 48.821165 ], [ 21.526663, 48.827592 ], [ 21.517561, 48.835644 ], [ 21.506352, 48.836741 ], [ 21.494397, 48.847384 ], [ 21.493127, 48.851176 ], [ 21.495415, 48.857485 ], [ 21.497851, 48.860525 ], [ 21.501966, 48.862091 ], [ 21.49594, 48.867949 ], [ 21.484284, 48.868861 ], [ 21.483941, 48.882269 ], [ 21.475547, 48.883075 ], [ 21.470164, 48.880169 ], [ 21.462831, 48.880664 ], [ 21.460958, 48.879656 ], [ 21.46478, 48.87613 ], [ 21.450929, 48.871507 ], [ 21.440408, 48.87153 ], [ 21.442632, 48.874039 ], [ 21.439555, 48.873832 ], [ 21.440301, 48.876883 ], [ 21.435982, 48.8742 ], [ 21.436827, 48.873244 ], [ 21.434461, 48.872631 ], [ 21.431496, 48.874675 ], [ 21.430119, 48.872948 ], [ 21.424933, 48.880934 ], [ 21.423572, 48.892532 ], [ 21.420955, 48.892446 ], [ 21.420533, 48.894163 ], [ 21.418689, 48.884499 ], [ 21.415672, 48.883352 ], [ 21.417941, 48.878701 ], [ 21.414258, 48.871857 ], [ 21.406655, 48.879456 ], [ 21.398213, 48.881023 ], [ 21.394337, 48.885109 ], [ 21.377199, 48.881906 ], [ 21.37386, 48.880513 ], [ 21.380599, 48.872418 ], [ 21.38368, 48.858071 ], [ 21.379254, 48.850894 ], [ 21.370479, 48.842815 ], [ 21.367831, 48.842824 ], [ 21.367257, 48.838087 ], [ 21.357431, 48.838365 ], [ 21.355658, 48.837139 ], [ 21.337876, 48.839565 ], [ 21.337878, 48.83626 ], [ 21.333146, 48.83418 ], [ 21.326015, 48.833523 ], [ 21.316799, 48.837154 ], [ 21.303144, 48.829358 ], [ 21.303519, 48.828314 ], [ 21.301204, 48.828214 ], [ 21.307728, 48.826537 ], [ 21.305869, 48.823604 ], [ 21.307629, 48.821864 ], [ 21.31089, 48.822294 ], [ 21.306703, 48.818331 ], [ 21.311453, 48.81894 ], [ 21.313646, 48.815064 ], [ 21.305254, 48.816489 ], [ 21.280298, 48.810739 ], [ 21.274099, 48.812763 ], [ 21.273412, 48.815171 ], [ 21.275632, 48.81739 ], [ 21.262439, 48.817837 ], [ 21.246059, 48.828852 ], [ 21.250703, 48.833543 ], [ 21.247382, 48.83552 ], [ 21.247225, 48.837642 ], [ 21.245166, 48.83768 ], [ 21.244026, 48.843007 ], [ 21.245517, 48.844354 ], [ 21.242062, 48.848097 ], [ 21.244781, 48.849005 ], [ 21.24384, 48.851816 ], [ 21.249962, 48.852451 ], [ 21.266667, 48.859716 ], [ 21.263391, 48.861131 ], [ 21.266014, 48.864739 ], [ 21.264866, 48.867565 ], [ 21.26179, 48.868233 ], [ 21.260105, 48.873688 ], [ 21.251981, 48.87021 ], [ 21.254258, 48.868318 ], [ 21.252762, 48.867902 ], [ 21.24376, 48.868969 ], [ 21.24254, 48.870219 ], [ 21.236349, 48.868942 ], [ 21.234261, 48.873245 ], [ 21.236004, 48.876196 ], [ 21.225854, 48.878858 ], [ 21.223719, 48.871003 ], [ 21.196982, 48.884542 ], [ 21.181519, 48.870619 ], [ 21.164728, 48.88197 ], [ 21.162378, 48.890526 ], [ 21.15757, 48.891911 ], [ 21.156307, 48.89516 ], [ 21.141656, 48.897833 ], [ 21.13541, 48.901366 ], [ 21.12142, 48.899219 ], [ 21.118276, 48.897282 ], [ 21.118104, 48.894866 ], [ 21.105791, 48.897273 ], [ 21.098652, 48.893926 ], [ 21.08872, 48.898462 ], [ 21.077534, 48.896657 ], [ 21.067154, 48.902684 ], [ 21.058186, 48.905686 ], [ 21.055597, 48.90254 ], [ 21.064945, 48.889277 ], [ 21.065802, 48.878244 ], [ 21.061983, 48.874859 ], [ 21.05693, 48.880247 ], [ 21.053246, 48.882324 ], [ 21.050199, 48.88223 ], [ 21.051651, 48.878652 ], [ 21.041976, 48.875279 ], [ 21.043096, 48.869354 ], [ 21.039973, 48.865295 ], [ 21.042695, 48.861849 ], [ 21.061106, 48.858386 ], [ 21.06088, 48.850749 ], [ 21.063615, 48.848374 ], [ 21.069344, 48.850163 ], [ 21.073338, 48.837143 ], [ 21.052853, 48.831642 ], [ 21.060311, 48.830299 ], [ 21.059802, 48.826021 ], [ 21.064173, 48.82192 ], [ 21.058585, 48.817599 ], [ 21.049935, 48.817078 ], [ 21.043559, 48.818322 ], [ 21.042603, 48.816258 ], [ 21.048661, 48.81316 ], [ 21.047584, 48.809166 ], [ 21.038188, 48.807303 ], [ 21.03575, 48.804881 ], [ 21.026211, 48.804656 ], [ 21.030438, 48.800675 ], [ 21.02846, 48.7969 ], [ 21.028996, 48.79064 ], [ 21.023503, 48.788147 ], [ 21.030783, 48.77873 ], [ 21.028485, 48.776173 ], [ 21.01871, 48.772365 ], [ 21.002764, 48.77038 ], [ 20.980531, 48.777477 ], [ 20.968433, 48.778721 ], [ 20.946699, 48.775111 ], [ 20.937136, 48.767035 ], [ 20.918822, 48.763661 ], [ 20.903772, 48.767407 ], [ 20.896979, 48.770906 ], [ 20.891506, 48.768498 ], [ 20.872832, 48.7709608 ], [ 20.864987, 48.774139 ], [ 20.859598, 48.779453 ], [ 20.842169, 48.768018 ], [ 20.841196, 48.763835 ], [ 20.843739, 48.756539 ], [ 20.833568, 48.744084 ], [ 20.824314, 48.74329 ], [ 20.825257, 48.740014 ], [ 20.823292, 48.738546 ], [ 20.822532, 48.739847 ], [ 20.821769, 48.738671 ], [ 20.816613, 48.740146 ], [ 20.815047, 48.737571 ], [ 20.806803, 48.737573 ], [ 20.789948, 48.729376 ], [ 20.766819, 48.726373 ], [ 20.760376, 48.719908 ], [ 20.750129, 48.71759 ], [ 20.747862, 48.715042 ], [ 20.74747, 48.706507 ], [ 20.750389, 48.700301 ], [ 20.745092, 48.691101 ], [ 20.739172, 48.686549 ], [ 20.743227, 48.675878 ], [ 20.736732, 48.671337 ], [ 20.758132, 48.664775 ], [ 20.768722, 48.665445 ], [ 20.778896, 48.663781 ], [ 20.788402, 48.665496 ], [ 20.789786, 48.662128 ], [ 20.798823, 48.661725 ], [ 20.803572, 48.652383 ], [ 20.810498, 48.646984 ], [ 20.812364, 48.640305 ], [ 20.827265, 48.633746 ], [ 20.830165, 48.631032 ], [ 20.832047, 48.620018 ], [ 20.823019, 48.624004 ], [ 20.806243, 48.625379 ], [ 20.795999, 48.624295 ], [ 20.801094, 48.617074 ], [ 20.809357, 48.61162 ], [ 20.812157, 48.604543 ], [ 20.80922, 48.600025 ], [ 20.803823, 48.602624 ], [ 20.793045, 48.603097 ], [ 20.79377, 48.582857 ], [ 20.796101, 48.575227 ], [ 20.799421, 48.574579 ], [ 20.836359, 48.58284 ], [ 20.839589, 48.580243 ], [ 20.835387, 48.576499 ], [ 20.8378, 48.57421 ], [ 20.850436, 48.581633 ], [ 20.8453301, 48.5665047 ], [ 20.855241, 48.566815 ], [ 20.861129, 48.5573 ], [ 20.868155, 48.551818 ], [ 20.875195, 48.553684 ], [ 20.877106, 48.550778 ], [ 20.916282, 48.560172 ], [ 20.922323, 48.559453 ], [ 20.929149, 48.55353 ], [ 20.934635, 48.538341 ], [ 20.941726, 48.542892 ], [ 20.940982, 48.534535 ], [ 20.945638, 48.536399 ], [ 20.955882, 48.533963 ], [ 20.956198, 48.521666 ], [ 20.958423, 48.52106 ], [ 20.965391, 48.520428 ], [ 20.976103, 48.524498 ], [ 20.981585, 48.517767 ], [ 20.989327, 48.521741 ], [ 20.990586, 48.526378 ], [ 21.004084, 48.527347 ], [ 21.015114, 48.532313 ], [ 21.023265, 48.529458 ], [ 21.026511, 48.531465 ], [ 21.030282, 48.530771 ], [ 21.033939, 48.527087 ], [ 21.037929, 48.527492 ], [ 21.044141, 48.52566 ], [ 21.053209, 48.526156 ], [ 21.053353, 48.52214 ], [ 21.066321, 48.525894 ], [ 21.068965, 48.522724 ], [ 21.074704, 48.520613 ], [ 21.090169, 48.517478 ], [ 21.098018, 48.510465 ], [ 21.097844, 48.504157 ], [ 21.094459, 48.501396 ], [ 21.094978, 48.499713 ], [ 21.101149, 48.494565 ], [ 21.117448, 48.491055 ], [ 21.128311, 48.492399 ], [ 21.133938, 48.495422 ], [ 21.14213, 48.508037 ], [ 21.152189, 48.516625 ], [ 21.159477, 48.517947 ], [ 21.160875, 48.521499 ], [ 21.173449, 48.521938 ], [ 21.179634, 48.518232 ], [ 21.18536, 48.52054 ], [ 21.188016, 48.524827 ], [ 21.191231, 48.522648 ], [ 21.1925971, 48.5265883 ], [ 21.199046, 48.524455 ], [ 21.209127, 48.527372 ], [ 21.209267, 48.533512 ], [ 21.216554, 48.531525 ], [ 21.221061, 48.537497 ], [ 21.233312, 48.534157 ], [ 21.232925, 48.539064 ], [ 21.2390407, 48.5397227 ], [ 21.251813, 48.532008 ], [ 21.269192, 48.52533 ], [ 21.270564, 48.527423 ], [ 21.296663, 48.521658 ], [ 21.297428, 48.523098 ], [ 21.305488, 48.522249 ], [ 21.308617, 48.526253 ], [ 21.303091, 48.524733 ], [ 21.302762, 48.526893 ], [ 21.306498, 48.529449 ], [ 21.314229, 48.531011 ], [ 21.316035, 48.533156 ], [ 21.313194, 48.536697 ], [ 21.309849, 48.53746 ], [ 21.309829, 48.540179 ], [ 21.317739, 48.53926 ], [ 21.316332, 48.543715 ], [ 21.320379, 48.545219 ], [ 21.321444, 48.547671 ], [ 21.318679, 48.549699 ], [ 21.314112, 48.549143 ], [ 21.313377, 48.550841 ], [ 21.317527, 48.5531228 ], [ 21.323041, 48.551617 ], [ 21.326875, 48.554129 ], [ 21.325656, 48.556182 ], [ 21.316078, 48.555294 ], [ 21.315566, 48.557172 ], [ 21.319384, 48.561201 ], [ 21.325631, 48.562052 ], [ 21.323379, 48.5577 ], [ 21.3276871, 48.559507 ], [ 21.339249, 48.558993 ], [ 21.349454, 48.560574 ], [ 21.365291, 48.560426 ], [ 21.379621, 48.558194 ], [ 21.382062, 48.56 ], [ 21.400192, 48.563852 ], [ 21.40428, 48.563107 ], [ 21.407356, 48.559462 ], [ 21.41545, 48.558951 ], [ 21.421758, 48.563479 ], [ 21.422665, 48.578821 ], [ 21.426504, 48.57997 ], [ 21.428858, 48.583549 ], [ 21.439482, 48.585257 ], [ 21.446278, 48.580701 ], [ 21.450738, 48.574907 ], [ 21.454503, 48.574563 ], [ 21.4581034, 48.5766873 ], [ 21.47113, 48.566178 ], [ 21.475671, 48.564328 ], [ 21.481438, 48.564731 ], [ 21.488411, 48.558376 ], [ 21.490593, 48.559421 ], [ 21.497098, 48.558671 ], [ 21.497234, 48.560538 ], [ 21.499243, 48.560366 ], [ 21.500617, 48.554935 ], [ 21.50795, 48.55534 ], [ 21.506485, 48.552723 ], [ 21.51059, 48.552843 ], [ 21.515965, 48.549429 ], [ 21.518374, 48.546913 ], [ 21.517136, 48.544098 ], [ 21.519548, 48.544464 ], [ 21.524236, 48.550411 ], [ 21.518335, 48.553246 ], [ 21.512393, 48.563821 ], [ 21.525651, 48.573876 ], [ 21.539952, 48.589094 ], [ 21.535211, 48.588311 ], [ 21.530215, 48.590509 ], [ 21.518404, 48.591551 ], [ 21.514503, 48.59509 ], [ 21.516197, 48.598501 ], [ 21.520442, 48.601144 ], [ 21.524348, 48.600767 ], [ 21.528102, 48.602523 ], [ 21.531396, 48.607068 ], [ 21.536431, 48.606174 ], [ 21.544393, 48.611022 ], [ 21.546764, 48.610561 ], [ 21.550323, 48.61418 ], [ 21.551949, 48.614589 ], [ 21.556998, 48.610734 ], [ 21.561755, 48.610257 ], [ 21.564608, 48.607426 ], [ 21.567231, 48.607517 ], [ 21.569926, 48.610943 ], [ 21.578822, 48.615669 ], [ 21.558954, 48.629949 ], [ 21.549456, 48.639122 ], [ 21.542104, 48.640536 ], [ 21.530532, 48.654349 ], [ 21.533272, 48.665209 ], [ 21.537052, 48.669579 ], [ 21.541595, 48.68115 ], [ 21.541436, 48.687415 ], [ 21.53687, 48.693847 ], [ 21.538366, 48.698141 ], [ 21.535309, 48.703236 ], [ 21.542707, 48.703592 ], [ 21.548086, 48.708917 ], [ 21.541479, 48.716191 ], [ 21.545037, 48.718781 ], [ 21.545317, 48.724158 ], [ 21.551891, 48.734562 ], [ 21.551036, 48.739193 ], [ 21.544181, 48.746631 ], [ 21.54071, 48.754312 ], [ 21.542647, 48.758883 ], [ 21.537715, 48.767176 ], [ 21.546114, 48.775238 ], [ 21.539762, 48.780448 ], [ 21.541437, 48.786164 ], [ 21.538951, 48.790841 ], [ 21.541568, 48.794077 ] ], [ [ 21.319361, 48.712255 ], [ 21.324846, 48.710812 ], [ 21.330264, 48.706818 ], [ 21.327799, 48.701855 ], [ 21.330152, 48.700912 ], [ 21.328953, 48.689332 ], [ 21.33527, 48.683253 ], [ 21.33856, 48.682263 ], [ 21.342245, 48.676734 ], [ 21.347033, 48.675798 ], [ 21.346644, 48.674099 ], [ 21.349933, 48.674188 ], [ 21.349423, 48.659156 ], [ 21.355278, 48.65739 ], [ 21.358213, 48.641721 ], [ 21.352776, 48.644739 ], [ 21.345974, 48.643566 ], [ 21.33937, 48.646186 ], [ 21.333052, 48.646638 ], [ 21.330066, 48.651506 ], [ 21.321448, 48.651103 ], [ 21.317926, 48.652913 ], [ 21.318967, 48.651001 ], [ 21.299176, 48.650165 ], [ 21.288223, 48.646958 ], [ 21.284669, 48.651285 ], [ 21.268903, 48.644573 ], [ 21.268768, 48.645569 ], [ 21.2487645, 48.6450071 ], [ 21.236919, 48.648774 ], [ 21.229554, 48.648322 ], [ 21.217012, 48.642439 ], [ 21.219546, 48.637355 ], [ 21.2106561, 48.636015900000011 ], [ 21.230821, 48.6194744 ], [ 21.2270352, 48.6173901 ], [ 21.2291281, 48.6129807 ], [ 21.2238279, 48.6095345 ], [ 21.2272128, 48.6047063 ], [ 21.2289861, 48.6049227 ], [ 21.23318, 48.590589 ], [ 21.236091, 48.589196 ], [ 21.240354, 48.577331 ], [ 21.220558, 48.570039 ], [ 21.182395, 48.581207 ], [ 21.174183, 48.58932 ], [ 21.177908, 48.59124 ], [ 21.176964, 48.59378 ], [ 21.171821, 48.594159 ], [ 21.171235, 48.601697 ], [ 21.173217, 48.605595 ], [ 21.170487, 48.606228 ], [ 21.169783, 48.610483 ], [ 21.1717, 48.61524 ], [ 21.165462, 48.619848 ], [ 21.145719, 48.621099 ], [ 21.12149, 48.619962 ], [ 21.121315, 48.625994 ], [ 21.129643, 48.637978 ], [ 21.124492, 48.654113 ], [ 21.121659, 48.655192 ], [ 21.150836, 48.668434 ], [ 21.147574, 48.661639 ], [ 21.149352, 48.658148 ], [ 21.160797, 48.655352 ], [ 21.175888, 48.655552 ], [ 21.181094, 48.660952 ], [ 21.182513, 48.670471 ], [ 21.18051, 48.676576 ], [ 21.181974, 48.689705 ], [ 21.178464, 48.697232 ], [ 21.187421, 48.698327 ], [ 21.19961, 48.695191 ], [ 21.197667, 48.69998 ], [ 21.184935, 48.71299 ], [ 21.186195, 48.717331 ], [ 21.175472, 48.724146 ], [ 21.168801, 48.724035 ], [ 21.171795, 48.730334 ], [ 21.176303, 48.731196 ], [ 21.172529, 48.733237 ], [ 21.169709, 48.731713 ], [ 21.167319, 48.732818 ], [ 21.161061, 48.740011 ], [ 21.140344, 48.753566 ], [ 21.138233, 48.757147 ], [ 21.131458, 48.755745 ], [ 21.119956, 48.763439 ], [ 21.125908, 48.766413 ], [ 21.122256, 48.780739 ], [ 21.125812, 48.784664 ], [ 21.128098, 48.783322 ], [ 21.132858, 48.783247 ], [ 21.132629, 48.784301 ], [ 21.138337, 48.783437 ], [ 21.14091, 48.780743 ], [ 21.142491, 48.782541 ], [ 21.141415, 48.787077 ], [ 21.144185, 48.789609 ], [ 21.138782, 48.797446 ], [ 21.134957, 48.799431 ], [ 21.13049, 48.808649 ], [ 21.135878, 48.815756 ], [ 21.147605, 48.821189 ], [ 21.148674, 48.823862 ], [ 21.152288, 48.824512 ], [ 21.159866, 48.822815 ], [ 21.165374, 48.814471 ], [ 21.172473, 48.810919 ], [ 21.172073, 48.807452 ], [ 21.184092, 48.800681 ], [ 21.194198, 48.79792 ], [ 21.202515, 48.798765 ], [ 21.20765, 48.795041 ], [ 21.207372, 48.792667 ], [ 21.215998, 48.789012 ], [ 21.21709, 48.790259 ], [ 21.217675, 48.78883 ], [ 21.219568, 48.789129 ], [ 21.217019, 48.788191 ], [ 21.216977, 48.786379 ], [ 21.224879, 48.784788 ], [ 21.229111, 48.781785 ], [ 21.226758, 48.780315 ], [ 21.2233, 48.781336 ], [ 21.226542, 48.778337 ], [ 21.225075, 48.77735 ], [ 21.227586, 48.77787 ], [ 21.229553, 48.776504 ], [ 21.223968, 48.774208 ], [ 21.236037, 48.775819 ], [ 21.238588, 48.772532 ], [ 21.2444317, 48.7712901 ], [ 21.240895, 48.779558 ], [ 21.244561, 48.780702 ], [ 21.251823, 48.779784 ], [ 21.251493, 48.782734 ], [ 21.260232, 48.785726 ], [ 21.263515, 48.784059 ], [ 21.26448, 48.786308 ], [ 21.262795, 48.787447 ], [ 21.266149, 48.78937 ], [ 21.265381, 48.79318 ], [ 21.270719, 48.79496 ], [ 21.269966, 48.798544 ], [ 21.273453, 48.800937 ], [ 21.272793, 48.797282 ], [ 21.275224, 48.792182 ], [ 21.286189, 48.796879 ], [ 21.28681, 48.795398 ], [ 21.295877, 48.793403 ], [ 21.299463, 48.78583 ], [ 21.304923, 48.776904 ], [ 21.304465, 48.774849 ], [ 21.301278, 48.774193 ], [ 21.303213, 48.77244 ], [ 21.300161, 48.771014 ], [ 21.301864, 48.762478 ], [ 21.312782, 48.748833 ], [ 21.311057, 48.74876 ], [ 21.312087, 48.747418 ], [ 21.317197, 48.745078 ], [ 21.317132, 48.741403 ], [ 21.313526, 48.739017 ], [ 21.324171, 48.736803 ], [ 21.324017, 48.730835 ], [ 21.326627, 48.730208 ], [ 21.325828, 48.727777 ], [ 21.320624, 48.72675 ], [ 21.320172, 48.72085 ], [ 21.330013, 48.71665 ], [ 21.326622, 48.714177 ], [ 21.323697, 48.716585 ], [ 21.321308, 48.716368 ], [ 21.319361, 48.712255 ] ] ] } },
{ "type": "Feature", "properties": { "shapeName": "District of Bratislava V", "shapeISO": "", "shapeID": "56367889B690835779632", "shapeGroup": "SVK", "shapeType": "ADM2" }, "geometry": { "type": "Polygon", "coordinates": [ [ [ 17.241769, 48.0224651 ], [ 17.231963, 48.029581 ], [ 17.222812, 48.039752 ], [ 17.187371, 48.053795 ], [ 17.173989, 48.058405 ], [ 17.157072, 48.073043 ], [ 17.147497, 48.090635 ], [ 17.139729, 48.09998 ], [ 17.138279, 48.110201 ], [ 17.146359, 48.122501 ], [ 17.142676, 48.13226 ], [ 17.134363, 48.136223 ], [ 17.117359, 48.138251 ], [ 17.117366, 48.135859 ], [ 17.117085, 48.138252 ], [ 17.095242, 48.138606 ], [ 17.073896, 48.142414 ], [ 17.07353, 48.140605 ], [ 17.057356, 48.141793 ], [ 17.060938, 48.138928 ], [ 17.061636, 48.135997 ], [ 17.060145, 48.135756 ], [ 17.065562, 48.129345 ], [ 17.064299, 48.128111 ], [ 17.067623, 48.127432 ], [ 17.068816, 48.124208 ], [ 17.062369, 48.123233 ], [ 17.062786, 48.12148 ], [ 17.068641, 48.116125 ], [ 17.072821, 48.114511 ], [ 17.077065, 48.1151054 ], [ 17.072873, 48.110292 ], [ 17.079081, 48.107894 ], [ 17.077419, 48.10595 ], [ 17.092707, 48.099638 ], [ 17.087769, 48.096557 ], [ 17.0931398, 48.091431 ], [ 17.091328, 48.090566 ], [ 17.089641, 48.092232 ], [ 17.0745562, 48.0859222 ], [ 17.0731322, 48.0833811 ], [ 17.074857, 48.082641 ], [ 17.0715723, 48.0809405 ], [ 17.078914, 48.078236 ], [ 17.072234, 48.070447 ], [ 17.086791, 48.065356 ], [ 17.06825, 48.055395 ], [ 17.084452, 48.050287 ], [ 17.08779, 48.045676 ], [ 17.067423, 48.031428 ], [ 17.084834, 48.023837 ], [ 17.089866, 48.019783 ], [ 17.11006, 48.031224 ], [ 17.117377, 48.028258 ], [ 17.126729, 48.020927 ], [ 17.130839, 48.022975 ], [ 17.136379, 48.022911 ], [ 17.142364, 48.01952 ], [ 17.143822, 48.020188 ], [ 17.15009, 48.013552 ], [ 17.160776, 48.006657 ], [ 17.171999, 48.011821 ], [ 17.191031, 48.017655 ], [ 17.198346, 48.017686 ], [ 17.200051, 48.019806 ], [ 17.2141368, 48.0190776 ], [ 17.220742, 48.016466 ], [ 17.226627, 48.016229 ], [ 17.236085, 48.018563 ], [ 17.241769, 48.0224651 ] ] ] } },
{ "type": "Feature", "properties": { "shapeName": "District of Pezinok", "shapeISO": "", "shapeID": "56367889B12595131960891", "shapeGroup": "SVK", "shapeType": "ADM2" }, "geometry": { "type": "Polygon", "coordinates": [ [ [ 17.31431, 48.455974 ], [ 17.308761, 48.456074 ], [ 17.303202, 48.453688 ], [ 17.295194, 48.447213 ], [ 17.295383, 48.444229 ], [ 17.290516, 48.439661 ], [ 17.291992, 48.439153 ], [ 17.289829, 48.435926 ], [ 17.280736, 48.431606 ], [ 17.276965, 48.426575 ], [ 17.259455, 48.428623 ], [ 17.261702, 48.42273 ], [ 17.255138, 48.42161 ], [ 17.25688, 48.41497 ], [ 17.251144, 48.414484 ], [ 17.250128, 48.412685 ], [ 17.251892, 48.40934 ], [ 17.258533, 48.405774 ], [ 17.2534, 48.402671 ], [ 17.252698, 48.396294 ], [ 17.246957, 48.395147 ], [ 17.242219, 48.390938 ], [ 17.24637, 48.387586 ], [ 17.244522, 48.377428 ], [ 17.236895, 48.381545 ], [ 17.229362, 48.381143 ], [ 17.223147, 48.37861 ], [ 17.209878, 48.378976 ], [ 17.204579, 48.374347 ], [ 17.196673, 48.371037 ], [ 17.195379, 48.366228 ], [ 17.198613, 48.362611 ], [ 17.193158, 48.359093 ], [ 17.188703, 48.35171 ], [ 17.197335, 48.341431 ], [ 17.19438, 48.339375 ], [ 17.189212, 48.33897 ], [ 17.187476, 48.336266 ], [ 17.181793, 48.334089 ], [ 17.1870691, 48.3284008 ], [ 17.1882643, 48.3240627 ], [ 17.1759472, 48.3120074 ], [ 17.1734544, 48.3108603 ], [ 17.160849, 48.314 ], [ 17.1548473, 48.3092765 ], [ 17.1563521, 48.3060582 ], [ 17.1519717, 48.302495 ], [ 17.15107, 48.297711 ], [ 17.153903, 48.289616 ], [ 17.164511, 48.279112 ], [ 17.154726, 48.268503 ], [ 17.156901, 48.266402 ], [ 17.153638, 48.263947 ], [ 17.15323, 48.26057 ], [ 17.148985, 48.25835 ], [ 17.149126, 48.255565 ], [ 17.144706, 48.252642 ], [ 17.144793, 48.251009 ], [ 17.137208, 48.247451 ], [ 17.134222, 48.242837 ], [ 17.138976, 48.242065 ], [ 17.143119, 48.243756 ], [ 17.145458, 48.240076 ], [ 17.153336, 48.23838 ], [ 17.164588, 48.244551 ], [ 17.167959, 48.23894 ], [ 17.191564, 48.229095 ], [ 17.209258, 48.218475 ], [ 17.227151, 48.204046 ], [ 17.232092, 48.20387 ], [ 17.243033, 48.208096 ], [ 17.241936, 48.21015 ], [ 17.229154, 48.215768 ], [ 17.225786, 48.219958 ], [ 17.22042, 48.222207 ], [ 17.219331, 48.224394 ], [ 17.221275, 48.227724 ], [ 17.225467, 48.230657 ], [ 17.230024, 48.23102 ], [ 17.232088, 48.227363 ], [ 17.237331, 48.227076 ], [ 17.257496, 48.241788 ], [ 17.261388, 48.238216 ], [ 17.27413, 48.239988 ], [ 17.28035, 48.239446 ], [ 17.282927, 48.241557 ], [ 17.287379, 48.242098 ], [ 17.294169, 48.23739 ], [ 17.317695, 48.238876 ], [ 17.338731, 48.251192 ], [ 17.346574, 48.253678 ], [ 17.348844, 48.278545 ], [ 17.370315, 48.273805 ], [ 17.37362, 48.27829 ], [ 17.377481, 48.276993 ], [ 17.381032, 48.28221 ], [ 17.385025, 48.281344 ], [ 17.390373, 48.28696 ], [ 17.386309, 48.288505 ], [ 17.38816, 48.291051 ], [ 17.398447, 48.295858 ], [ 17.402881, 48.292995 ], [ 17.40593, 48.295387 ], [ 17.424516, 48.286443 ], [ 17.459697, 48.305813 ], [ 17.457596, 48.30965 ], [ 17.460255, 48.312572 ], [ 17.449266, 48.319614 ], [ 17.456519, 48.327222 ], [ 17.462121, 48.325131 ], [ 17.462877, 48.330735 ], [ 17.466723, 48.336554 ], [ 17.473057, 48.341321 ], [ 17.473651, 48.347883 ], [ 17.477524, 48.35258 ], [ 17.468391, 48.357887 ], [ 17.468624, 48.360192 ], [ 17.452167, 48.374494 ], [ 17.449405, 48.372488 ], [ 17.445435, 48.374348 ], [ 17.437279, 48.370093 ], [ 17.426309, 48.374989 ], [ 17.42548, 48.378495 ], [ 17.431119, 48.380879 ], [ 17.420609, 48.386653 ], [ 17.424427, 48.391737 ], [ 17.418707, 48.394098 ], [ 17.419753, 48.395481 ], [ 17.415415, 48.401928 ], [ 17.410615, 48.400578 ], [ 17.417223, 48.404998 ], [ 17.40632, 48.408306 ], [ 17.400916, 48.406233 ], [ 17.400197, 48.407729 ], [ 17.403679, 48.409116 ], [ 17.401605, 48.410716 ], [ 17.403405, 48.413499 ], [ 17.404887, 48.413263 ], [ 17.404386, 48.417371 ], [ 17.389779, 48.419213 ], [ 17.384527, 48.42634 ], [ 17.379882, 48.429181 ], [ 17.383941, 48.428934 ], [ 17.385408, 48.431153 ], [ 17.387372, 48.430457 ], [ 17.390662, 48.432858 ], [ 17.392927, 48.432265 ], [ 17.393883, 48.432945 ], [ 17.390547, 48.434167 ], [ 17.393128, 48.438384 ], [ 17.361562, 48.438548 ], [ 17.357691, 48.444995 ], [ 17.348143, 48.44835 ], [ 17.346742, 48.4517538 ], [ 17.316894, 48.451533 ], [ 17.317698, 48.453907 ], [ 17.31431, 48.455974 ] ] ] } },
{ "type": "Feature", "properties": { "shapeName": "District of Nitra", "shapeISO": "", "shapeID": "56367889B51514564384482", "shapeGroup": "SVK", "shapeType": "ADM2" }, "geometry": { "type": "Polygon", "coordinates": [ [ [ 17.865608, 48.280689 ], [ 17.876261, 48.282136 ], [ 17.876353, 48.284014 ], [ 17.881018, 48.284572 ], [ 17.885695, 48.277644 ], [ 17.89654, 48.283163 ], [ 17.898453, 48.274226 ], [ 17.906496, 48.275582 ], [ 17.906478, 48.273329 ], [ 17.911652, 48.269547 ], [ 17.916974, 48.268713 ], [ 17.932091, 48.25999 ], [ 17.944281, 48.25508 ], [ 17.959956, 48.251908 ], [ 17.974378, 48.251383 ], [ 17.975901, 48.249943 ], [ 17.981071, 48.252418 ], [ 17.990451, 48.236792 ], [ 17.97997, 48.237615 ], [ 17.986282, 48.228313 ], [ 17.986365, 48.222291 ], [ 17.991963, 48.209478 ], [ 17.970501, 48.188261 ], [ 17.972639, 48.189439 ], [ 17.980827, 48.183713 ], [ 18.001168, 48.165946 ], [ 18.018648, 48.153201 ], [ 18.02681, 48.154149 ], [ 18.038686, 48.141295 ], [ 18.073129, 48.161785 ], [ 18.133913, 48.189808 ], [ 18.131501, 48.193316 ], [ 18.150411, 48.198235 ], [ 18.149661, 48.196835 ], [ 18.153977, 48.195633 ], [ 18.1507, 48.193883 ], [ 18.155395, 48.194914 ], [ 18.189412, 48.206619 ], [ 18.19021, 48.204582 ], [ 18.191909, 48.204879 ], [ 18.190162, 48.202202 ], [ 18.188194, 48.202088 ], [ 18.190842, 48.201473 ], [ 18.189891, 48.198715 ], [ 18.192399, 48.197243 ], [ 18.193718, 48.198629 ], [ 18.193003, 48.196599 ], [ 18.195207, 48.195517 ], [ 18.196301, 48.196366 ], [ 18.197162, 48.193692 ], [ 18.194625, 48.19417 ], [ 18.192614, 48.190893 ], [ 18.184859, 48.186176 ], [ 18.181619, 48.186773 ], [ 18.180563, 48.183607 ], [ 18.180921, 48.181478 ], [ 18.184447, 48.18222 ], [ 18.186472, 48.180733 ], [ 18.186155, 48.171849 ], [ 18.188348, 48.170406 ], [ 18.191045, 48.171318 ], [ 18.1921, 48.168726 ], [ 18.194859, 48.171308 ], [ 18.19518, 48.169398 ], [ 18.20112, 48.168942 ], [ 18.208734, 48.172948 ], [ 18.21637, 48.173581 ], [ 18.222796, 48.177253 ], [ 18.233674, 48.178153 ], [ 18.242905, 48.181505 ], [ 18.246044, 48.184384 ], [ 18.246233, 48.194245 ], [ 18.239076, 48.204358 ], [ 18.244199, 48.206851 ], [ 18.261685, 48.197604 ], [ 18.274961, 48.19447 ], [ 18.294303, 48.193332 ], [ 18.295999, 48.191495 ], [ 18.295429, 48.185667 ], [ 18.293082, 48.184526 ], [ 18.292871, 48.181736 ], [ 18.296772, 48.182504 ], [ 18.317843, 48.17889 ], [ 18.319682, 48.181814 ], [ 18.327536, 48.179828 ], [ 18.329978, 48.176684 ], [ 18.335605, 48.177799 ], [ 18.346233, 48.177021 ], [ 18.34333, 48.180648 ], [ 18.343375, 48.187136 ], [ 18.349076, 48.191599 ], [ 18.355848, 48.193534 ], [ 18.357883, 48.199251 ], [ 18.351258, 48.205627 ], [ 18.345549, 48.207854 ], [ 18.347481, 48.208928 ], [ 18.346177, 48.2149 ], [ 18.344074, 48.215345 ], [ 18.347692, 48.220058 ], [ 18.358361, 48.220155 ], [ 18.358724, 48.222948 ], [ 18.368393, 48.218549 ], [ 18.384194, 48.215036 ], [ 18.389403, 48.211043 ], [ 18.387959, 48.214807 ], [ 18.390311, 48.218722 ], [ 18.401569, 48.22254 ], [ 18.411974, 48.2213 ], [ 18.428147, 48.237691 ], [ 18.438614, 48.23874 ], [ 18.430415, 48.252332 ], [ 18.426409, 48.251976 ], [ 18.423633, 48.255606 ], [ 18.416365, 48.259206 ], [ 18.417523, 48.263063 ], [ 18.413529, 48.266586 ], [ 18.405646, 48.266257 ], [ 18.401574, 48.263953 ], [ 18.39931, 48.266731 ], [ 18.372676, 48.271261 ], [ 18.351852, 48.27791 ], [ 18.348656, 48.282463 ], [ 18.351939, 48.287711 ], [ 18.358863, 48.291722 ], [ 18.353802, 48.294618 ], [ 18.34961, 48.295776 ], [ 18.333321, 48.295666 ], [ 18.323111, 48.298477 ], [ 18.307078, 48.298144 ], [ 18.308755, 48.301772 ], [ 18.306834, 48.302426 ], [ 18.310111, 48.307705 ], [ 18.30887, 48.311524 ], [ 18.305277, 48.314055 ], [ 18.292244, 48.310962 ], [ 18.287122, 48.318969 ], [ 18.277032, 48.322524 ], [ 18.26676, 48.315409 ], [ 18.259218, 48.324795 ], [ 18.261601, 48.328044 ], [ 18.243806, 48.337396 ], [ 18.245882, 48.341261 ], [ 18.250966, 48.340523 ], [ 18.252735, 48.341732 ], [ 18.251109, 48.342625 ], [ 18.259781, 48.3522 ], [ 18.265783, 48.349571 ], [ 18.267963, 48.352666 ], [ 18.259148, 48.362125 ], [ 18.265312, 48.373346 ], [ 18.244022, 48.39002 ], [ 18.240683, 48.396895 ], [ 18.24453, 48.401077 ], [ 18.225411, 48.406173 ], [ 18.227294, 48.412606 ], [ 18.215528, 48.416363 ], [ 18.204791, 48.425368 ], [ 18.194244, 48.431498 ], [ 18.193884, 48.434041 ], [ 18.190127, 48.437026 ], [ 18.1921, 48.43811 ], [ 18.140504, 48.444792 ], [ 18.13138, 48.44768 ], [ 18.129182, 48.440772 ], [ 18.113039, 48.428859 ], [ 18.113569, 48.421641 ], [ 18.112097, 48.420514 ], [ 18.109602, 48.421772 ], [ 18.105955, 48.420959 ], [ 18.063749, 48.430615 ], [ 18.054623, 48.435591 ], [ 18.050635, 48.436115 ], [ 18.056867, 48.443092 ], [ 18.059195, 48.450015 ], [ 18.049367, 48.45072 ], [ 18.040535, 48.453595 ], [ 18.038604, 48.456083 ], [ 18.039564, 48.460049 ], [ 18.027955, 48.459824 ], [ 18.027457, 48.461991 ], [ 18.017544, 48.464726 ], [ 18.016634, 48.463389 ], [ 18.013293, 48.464712 ], [ 18.002718, 48.463225 ], [ 18.005408, 48.457896 ], [ 18.003788, 48.455631 ], [ 17.976494, 48.456255 ], [ 17.966058, 48.457352 ], [ 17.962137, 48.45989 ], [ 17.956738, 48.461565 ], [ 17.952295, 48.455074 ], [ 17.945056, 48.449151 ], [ 17.947056, 48.446815 ], [ 17.943011, 48.446205 ], [ 17.945014, 48.44093 ], [ 17.932362, 48.442194 ], [ 17.931916, 48.434556 ], [ 17.920479, 48.428594 ], [ 17.920032, 48.422952 ], [ 17.909396, 48.409736 ], [ 17.904669, 48.396428 ], [ 17.901467, 48.395867 ], [ 17.881547, 48.375311 ], [ 17.877017, 48.36629 ], [ 17.86924, 48.363521 ], [ 17.870508, 48.357472 ], [ 17.861966, 48.354823 ], [ 17.855323, 48.35043 ], [ 17.858337, 48.348204 ], [ 17.857073, 48.347233 ], [ 17.860997, 48.343755 ], [ 17.856821, 48.342393 ], [ 17.860522, 48.337039 ], [ 17.849344, 48.332082 ], [ 17.848227, 48.326648 ], [ 17.851271, 48.320774 ], [ 17.846817, 48.319598 ], [ 17.847098, 48.306623 ], [ 17.832953, 48.297574 ], [ 17.837924, 48.289477 ], [ 17.859686, 48.287276 ], [ 17.865608, 48.280689 ] ] ] } },
{ "type": "Feature", "properties": { "shapeName": "District of Velka Krta", "shapeISO": "", "shapeID": "56367889B96980961358907", "shapeGroup": "SVK", "shapeType": "ADM2" }, "geometry": { "type": "Polygon", "coordinates": [ [ [ 19.2326, 48.359667 ], [ 19.22906, 48.353066 ], [ 19.23179, 48.347179 ], [ 19.226457, 48.343969 ], [ 19.21419, 48.342205 ], [ 19.209857, 48.339188 ], [ 19.208408, 48.329936 ], [ 19.212192, 48.322409 ], [ 19.208533, 48.314651 ], [ 19.203786, 48.313661 ], [ 19.20075, 48.305212 ], [ 19.201449, 48.296868 ], [ 19.207335, 48.295833 ], [ 19.211719, 48.289861 ], [ 19.215973, 48.273637 ], [ 19.224083, 48.267555 ], [ 19.232481, 48.26508 ], [ 19.232656, 48.260598 ], [ 19.224041, 48.259137 ], [ 19.221638, 48.250194 ], [ 19.2142, 48.245201 ], [ 19.209428, 48.248271 ], [ 19.204774, 48.245132 ], [ 19.195816, 48.243437 ], [ 19.19344, 48.239912 ], [ 19.191081, 48.239577 ], [ 19.187306, 48.231365 ], [ 19.183426, 48.232287 ], [ 19.180493, 48.238623 ], [ 19.174716, 48.240363 ], [ 19.169237, 48.235895 ], [ 19.170547, 48.23383 ], [ 19.167827, 48.230718 ], [ 19.167431, 48.222906 ], [ 19.160283, 48.217728 ], [ 19.151788, 48.22084 ], [ 19.150731, 48.225988 ], [ 19.139127, 48.226713 ], [ 19.135696, 48.228466 ], [ 19.135781, 48.231754 ], [ 19.1335, 48.23261 ], [ 19.130203, 48.232299 ], [ 19.12783, 48.228372 ], [ 19.12313, 48.226645 ], [ 19.121912, 48.221024 ], [ 19.114794, 48.213483 ], [ 19.105527, 48.212962 ], [ 19.100706, 48.217166 ], [ 19.096962, 48.215161 ], [ 19.096393, 48.22091 ], [ 19.090766, 48.220025 ], [ 19.07293, 48.227057 ], [ 19.067044, 48.216598 ], [ 19.055227, 48.209811 ], [ 19.050141, 48.204629 ], [ 19.072129, 48.194354 ], [ 19.062315, 48.188357 ], [ 19.066933, 48.187707 ], [ 19.070556, 48.18418 ], [ 19.061967, 48.181855 ], [ 19.058124, 48.177672 ], [ 19.056928, 48.174808 ], [ 19.060119, 48.170049 ], [ 19.057916, 48.16892 ], [ 19.05914, 48.164782 ], [ 19.049525, 48.160594 ], [ 19.054519, 48.157431 ], [ 19.054842, 48.153358 ], [ 19.060344, 48.150537 ], [ 19.057999, 48.147873 ], [ 19.06356, 48.145419 ], [ 19.064004, 48.139241 ], [ 19.066612, 48.135236 ], [ 19.063636, 48.133859 ], [ 19.059566, 48.12665 ], [ 19.049399, 48.118578 ], [ 19.050492, 48.117162 ], [ 19.047658, 48.115055 ], [ 19.030356, 48.1092 ], [ 19.023196, 48.102331 ], [ 19.025917, 48.097299 ], [ 19.022655, 48.096792 ], [ 19.020483, 48.094211 ], [ 19.017786, 48.095101 ], [ 19.013331, 48.093382 ], [ 19.012156, 48.085926 ], [ 19.014372, 48.077774 ], [ 19.018202, 48.077863 ], [ 19.01478, 48.075693 ], [ 19.016576, 48.076424 ], [ 19.018004, 48.074409 ], [ 19.020973, 48.074107 ], [ 19.02051, 48.070945 ], [ 19.023813, 48.07299 ], [ 19.030178, 48.067316 ], [ 19.032484, 48.068325 ], [ 19.033308, 48.064458 ], [ 19.035466, 48.064805 ], [ 19.03558, 48.066633 ], [ 19.038977, 48.064853 ], [ 19.046236, 48.066486 ], [ 19.058525, 48.057353 ], [ 19.065467, 48.064649 ], [ 19.078465, 48.067427 ], [ 19.07938, 48.069937 ], [ 19.084362, 48.072781 ], [ 19.089784, 48.072475 ], [ 19.098657, 48.067492 ], [ 19.107402, 48.065596 ], [ 19.118962, 48.066458 ], [ 19.127445, 48.073629 ], [ 19.135289, 48.074146 ], [ 19.142567, 48.07252 ], [ 19.144701, 48.069098 ], [ 19.150229, 48.06696 ], [ 19.158196, 48.065077 ], [ 19.166223, 48.065647 ], [ 19.181172, 48.06127 ], [ 19.190271, 48.060381 ], [ 19.20104, 48.063314 ], [ 19.212823, 48.064362 ], [ 19.222895, 48.061952 ], [ 19.228435, 48.056557 ], [ 19.241368, 48.053653 ], [ 19.248273, 48.058166 ], [ 19.248999, 48.063622 ], [ 19.255782, 48.071556 ], [ 19.265166, 48.074192 ], [ 19.276736, 48.073948 ], [ 19.283857, 48.082076 ], [ 19.303112, 48.088711 ], [ 19.314657, 48.087264 ], [ 19.328959, 48.090455 ], [ 19.338622, 48.08869 ], [ 19.345477, 48.089825 ], [ 19.351539, 48.08867 ], [ 19.355848, 48.090761 ], [ 19.360127, 48.090193 ], [ 19.361473, 48.088124 ], [ 19.36544, 48.088884 ], [ 19.369607, 48.085913 ], [ 19.373553, 48.087261 ], [ 19.371646, 48.089678 ], [ 19.386597, 48.091914 ], [ 19.386306, 48.090448 ], [ 19.388343, 48.091039 ], [ 19.387424, 48.089429 ], [ 19.389662, 48.089688 ], [ 19.389486, 48.088251 ], [ 19.391931, 48.087822 ], [ 19.389811, 48.086333 ], [ 19.394968, 48.086628 ], [ 19.396618, 48.085714 ], [ 19.395686, 48.083683 ], [ 19.398302, 48.084714 ], [ 19.399595, 48.083961 ], [ 19.398071, 48.082453 ], [ 19.400018, 48.082304 ], [ 19.401932, 48.085527 ], [ 19.405184, 48.085212 ], [ 19.409117, 48.088953 ], [ 19.414161, 48.088977 ], [ 19.415994, 48.087224 ], [ 19.422643, 48.089687 ], [ 19.425214, 48.088782 ], [ 19.434407, 48.095759 ], [ 19.435491, 48.099665 ], [ 19.439824, 48.099639 ], [ 19.442644, 48.101269 ], [ 19.448442, 48.100185 ], [ 19.454053, 48.101436 ], [ 19.454279, 48.098646 ], [ 19.456994, 48.097823 ], [ 19.455799, 48.096585 ], [ 19.451642, 48.096672 ], [ 19.451796, 48.09173 ], [ 19.455668, 48.087821 ], [ 19.460913, 48.086692 ], [ 19.461304, 48.083198 ], [ 19.467354, 48.083933 ], [ 19.469215, 48.085296 ], [ 19.46709, 48.088422 ], [ 19.468313, 48.092037 ], [ 19.471953, 48.094626 ], [ 19.479253, 48.094946 ], [ 19.487216, 48.099541 ], [ 19.484642, 48.105193 ], [ 19.494493, 48.110077 ], [ 19.494081, 48.111817 ], [ 19.49092, 48.112423 ], [ 19.49471, 48.114709 ], [ 19.491965, 48.117918 ], [ 19.495625, 48.12077 ], [ 19.494419, 48.123504 ], [ 19.495581, 48.122863 ], [ 19.497077, 48.124773 ], [ 19.494052, 48.127125 ], [ 19.496508, 48.135196 ], [ 19.494805, 48.136086 ], [ 19.495942, 48.137674 ], [ 19.492377, 48.139664 ], [ 19.494373, 48.14141 ], [ 19.497196, 48.140953 ], [ 19.495597, 48.142254 ], [ 19.497404, 48.143151 ], [ 19.50009, 48.141901 ], [ 19.500895, 48.145638 ], [ 19.508151, 48.147585 ], [ 19.512975, 48.15518 ], [ 19.509704, 48.169006 ], [ 19.504518, 48.173443 ], [ 19.509641, 48.174979 ], [ 19.507396, 48.17818 ], [ 19.511777, 48.177549 ], [ 19.510411, 48.178801 ], [ 19.513071, 48.182312 ], [ 19.514649, 48.181129 ], [ 19.51663, 48.183476 ], [ 19.522876, 48.183805 ], [ 19.523622, 48.186436 ], [ 19.528967, 48.190358 ], [ 19.529447, 48.195861 ], [ 19.525018, 48.200671 ], [ 19.526044, 48.20313 ], [ 19.541498, 48.209325 ], [ 19.54558, 48.214929 ], [ 19.549201, 48.226914 ], [ 19.541849, 48.237486 ], [ 19.54744, 48.249049 ], [ 19.543668, 48.255285 ], [ 19.541966, 48.264076 ], [ 19.545994, 48.267521 ], [ 19.564142, 48.268287 ], [ 19.557626, 48.270342 ], [ 19.553104, 48.273721 ], [ 19.54969, 48.279831 ], [ 19.545204, 48.280694 ], [ 19.543293, 48.283986 ], [ 19.526764, 48.283345 ], [ 19.524245, 48.280253 ], [ 19.525082, 48.275933 ], [ 19.506626, 48.277438 ], [ 19.505681, 48.28494 ], [ 19.499462, 48.29489 ], [ 19.499075, 48.305007 ], [ 19.494505, 48.308753 ], [ 19.489323, 48.309847 ], [ 19.485871, 48.312343 ], [ 19.486667, 48.316169 ], [ 19.482275, 48.317318 ], [ 19.479622, 48.316331 ], [ 19.476072, 48.318124 ], [ 19.475701, 48.322967 ], [ 19.472202, 48.326238 ], [ 19.468022, 48.325687 ], [ 19.46303, 48.340454 ], [ 19.455827, 48.348644 ], [ 19.444974, 48.345807 ], [ 19.437885, 48.345908 ], [ 19.431456, 48.342648 ], [ 19.430063, 48.354921 ], [ 19.433276, 48.357231 ], [ 19.43951, 48.3679 ], [ 19.434041, 48.369018 ], [ 19.430956, 48.367358 ], [ 19.421658, 48.369258 ], [ 19.417289, 48.372746 ], [ 19.417551, 48.374896 ], [ 19.409573, 48.374558 ], [ 19.406723, 48.382555 ], [ 19.403999, 48.38328 ], [ 19.404966, 48.384503 ], [ 19.401455, 48.385778 ], [ 19.399265, 48.389805 ], [ 19.39586, 48.390772 ], [ 19.39837, 48.390839 ], [ 19.396251, 48.391537 ], [ 19.397586, 48.392173 ], [ 19.394336, 48.398324 ], [ 19.39122, 48.394021 ], [ 19.371939, 48.382912 ], [ 19.35855, 48.383254 ], [ 19.353532, 48.390097 ], [ 19.353617, 48.385105 ], [ 19.355601, 48.384627 ], [ 19.35365, 48.384004 ], [ 19.354746, 48.379453 ], [ 19.366959, 48.371148 ], [ 19.375925, 48.369579 ], [ 19.378478, 48.365547 ], [ 19.373632, 48.352907 ], [ 19.36545, 48.351774 ], [ 19.36251, 48.349068 ], [ 19.354665, 48.348441 ], [ 19.354549, 48.345539 ], [ 19.351538, 48.345667 ], [ 19.35268, 48.343311 ], [ 19.349611, 48.33381 ], [ 19.340393, 48.324703 ], [ 19.336627, 48.325497 ], [ 19.337133, 48.308004 ], [ 19.339765, 48.300079 ], [ 19.346432, 48.294387 ], [ 19.346732, 48.290245 ], [ 19.353974, 48.28885 ], [ 19.356145, 48.286467 ], [ 19.348847, 48.284129 ], [ 19.345211, 48.285219 ], [ 19.341534, 48.282046 ], [ 19.334407, 48.28399 ], [ 19.325723, 48.282421 ], [ 19.314558, 48.284386 ], [ 19.313806, 48.285608 ], [ 19.304238, 48.287338 ], [ 19.296473, 48.292486 ], [ 19.285128, 48.290872 ], [ 19.278949, 48.296756 ], [ 19.271017, 48.299239 ], [ 19.270419, 48.30208 ], [ 19.266175, 48.304072 ], [ 19.268488, 48.307128 ], [ 19.265717, 48.312215 ], [ 19.265828, 48.322732 ], [ 19.262439, 48.328477 ], [ 19.264723, 48.33486 ], [ 19.261322, 48.335224 ], [ 19.256434, 48.342289 ], [ 19.252117, 48.343486 ], [ 19.250357, 48.35096 ], [ 19.243611, 48.350827 ], [ 19.241892, 48.354732 ], [ 19.236635, 48.356329 ], [ 19.2326, 48.359667 ] ] ] } },
{ "type": "Feature", "properties": { "shapeName": "District of Kolice IV", "shapeISO": "", "shapeID": "56367889B57985107422825", "shapeGroup": "SVK", "shapeType": "ADM2" }, "geometry": { "type": "Polygon", "coordinates": [ [ [ 21.319361, 48.712255 ], [ 21.303843, 48.711869 ], [ 21.298242, 48.715221 ], [ 21.293596, 48.713503 ], [ 21.295286, 48.722562 ], [ 21.293025, 48.723858 ], [ 21.289923, 48.72119 ], [ 21.281373, 48.726646 ], [ 21.276321, 48.724539 ], [ 21.271296, 48.718936 ], [ 21.260631, 48.716329 ], [ 21.250029, 48.716374 ], [ 21.247556, 48.714863 ], [ 21.246281, 48.708833 ], [ 21.235969, 48.696655 ], [ 21.2160332, 48.6824159 ], [ 21.2114851, 48.6708723 ], [ 21.2162686, 48.6708138 ], [ 21.2166542, 48.6689447 ], [ 21.223892, 48.6641194 ], [ 21.2419065, 48.6605486 ], [ 21.2430712, 48.6528426 ], [ 21.24555, 48.647393 ], [ 21.248562, 48.6478 ], [ 21.2487645, 48.6450071 ], [ 21.268768, 48.645569 ], [ 21.268903, 48.644573 ], [ 21.284669, 48.651285 ], [ 21.288223, 48.646958 ], [ 21.299176, 48.650165 ], [ 21.318967, 48.651001 ], [ 21.317926, 48.652913 ], [ 21.321448, 48.651103 ], [ 21.330066, 48.651506 ], [ 21.333052, 48.646638 ], [ 21.33937, 48.646186 ], [ 21.345974, 48.643566 ], [ 21.352776, 48.644739 ], [ 21.358213, 48.641721 ], [ 21.355278, 48.65739 ], [ 21.349423, 48.659156 ], [ 21.349933, 48.674188 ], [ 21.346644, 48.674099 ], [ 21.347033, 48.675798 ], [ 21.342245, 48.676734 ], [ 21.33856, 48.682263 ], [ 21.33527, 48.683253 ], [ 21.328953, 48.689332 ], [ 21.330152, 48.700912 ], [ 21.327799, 48.701855 ], [ 21.330264, 48.706818 ], [ 21.324846, 48.710812 ], [ 21.319361, 48.712255 ] ] ] } },
{ "type": "Feature", "properties": { "shapeName": "District of Kolice III", "shapeISO": "", "shapeID": "56367889B7741755639355", "shapeGroup": "SVK", "shapeType": "ADM2" }, "geometry": { "type": "Polygon", "coordinates": [ [ [ 21.299463, 48.78583 ], [ 21.295254, 48.784596 ], [ 21.291049, 48.780619 ], [ 21.294946, 48.774211 ], [ 21.29217, 48.766123 ], [ 21.2834, 48.760018 ], [ 21.273714, 48.746381 ], [ 21.265974, 48.742756 ], [ 21.271709, 48.740052 ], [ 21.276221, 48.732358 ], [ 21.276321, 48.724539 ], [ 21.281373, 48.726646 ], [ 21.289923, 48.72119 ], [ 21.293025, 48.723858 ], [ 21.295286, 48.722562 ], [ 21.293596, 48.713503 ], [ 21.298242, 48.715221 ], [ 21.303843, 48.711869 ], [ 21.319361, 48.712255 ], [ 21.321308, 48.716368 ], [ 21.323697, 48.716585 ], [ 21.326622, 48.714177 ], [ 21.330013, 48.71665 ], [ 21.320172, 48.72085 ], [ 21.320624, 48.72675 ], [ 21.325828, 48.727777 ], [ 21.326627, 48.730208 ], [ 21.324017, 48.730835 ], [ 21.324171, 48.736803 ], [ 21.313526, 48.739017 ], [ 21.317132, 48.741403 ], [ 21.317197, 48.745078 ], [ 21.312087, 48.747418 ], [ 21.311057, 48.74876 ], [ 21.312782, 48.748833 ], [ 21.301864, 48.762478 ], [ 21.300161, 48.771014 ], [ 21.303213, 48.77244 ], [ 21.301278, 48.774193 ], [ 21.304465, 48.774849 ], [ 21.304923, 48.776904 ], [ 21.299463, 48.78583 ] ] ] } },
{ "type": "Feature", "properties": { "shapeName": "District of Kolice II", "shapeISO": "", "shapeID": "56367889B46930466225258", "shapeGroup": "SVK", "shapeType": "ADM2" }, "geometry": { "type": "Polygon", "coordinates": [ [ [ 21.2487645, 48.6450071 ], [ 21.248562, 48.6478 ], [ 21.24555, 48.647393 ], [ 21.2430712, 48.6528426 ], [ 21.2419065, 48.6605486 ], [ 21.223892, 48.6641194 ], [ 21.2166542, 48.6689447 ], [ 21.2162686, 48.6708138 ], [ 21.2114851, 48.6708723 ], [ 21.2160332, 48.6824159 ], [ 21.235969, 48.696655 ], [ 21.246281, 48.708833 ], [ 21.247556, 48.714863 ], [ 21.245434, 48.717262 ], [ 21.2434185, 48.716319 ], [ 21.244026, 48.720447 ], [ 21.238916, 48.726345 ], [ 21.230046, 48.724373 ], [ 21.22475, 48.72454 ], [ 21.219065, 48.726966 ], [ 21.220003, 48.725584 ], [ 21.216098, 48.724342 ], [ 21.216232, 48.7218 ], [ 21.189205, 48.729743 ], [ 21.186069, 48.732367 ], [ 21.180833, 48.731103 ], [ 21.180941, 48.733033 ], [ 21.178596, 48.733276 ], [ 21.179259, 48.731684 ], [ 21.176303, 48.731196 ], [ 21.171795, 48.730334 ], [ 21.168801, 48.724035 ], [ 21.175472, 48.724146 ], [ 21.186195, 48.717331 ], [ 21.184935, 48.71299 ], [ 21.197667, 48.69998 ], [ 21.19961, 48.695191 ], [ 21.187421, 48.698327 ], [ 21.178464, 48.697232 ], [ 21.181974, 48.689705 ], [ 21.18051, 48.676576 ], [ 21.182513, 48.670471 ], [ 21.181094, 48.660952 ], [ 21.175888, 48.655552 ], [ 21.160797, 48.655352 ], [ 21.149352, 48.658148 ], [ 21.147574, 48.661639 ], [ 21.150836, 48.668434 ], [ 21.121659, 48.655192 ], [ 21.124492, 48.654113 ], [ 21.129643, 48.637978 ], [ 21.121315, 48.625994 ], [ 21.12149, 48.619962 ], [ 21.145719, 48.621099 ], [ 21.165462, 48.619848 ], [ 21.1717, 48.61524 ], [ 21.169783, 48.610483 ], [ 21.170487, 48.606228 ], [ 21.173217, 48.605595 ], [ 21.171235, 48.601697 ], [ 21.171821, 48.594159 ], [ 21.176964, 48.59378 ], [ 21.177908, 48.59124 ], [ 21.174183, 48.58932 ], [ 21.182395, 48.581207 ], [ 21.220558, 48.570039 ], [ 21.240354, 48.577331 ], [ 21.236091, 48.589196 ], [ 21.23318, 48.590589 ], [ 21.2289861, 48.6049227 ], [ 21.2272128, 48.6047063 ], [ 21.2238279, 48.6095345 ], [ 21.2291281, 48.6129807 ], [ 21.2270352, 48.6173901 ], [ 21.230821, 48.6194744 ], [ 21.2106561, 48.636015900000011 ], [ 21.219546, 48.637355 ], [ 21.217012, 48.642439 ], [ 21.229554, 48.648322 ], [ 21.236919, 48.648774 ], [ 21.2487645, 48.6450071 ] ] ] } },
{ "type": "Feature", "properties": { "shapeName": "District of Zlatc Moravce", "shapeISO": "", "shapeID": "56367889B42847558326348", "shapeGroup": "SVK", "shapeType": "ADM2" }, "geometry": { "type": "Polygon", "coordinates": [ [ [ 18.478673, 48.548602 ], [ 18.46809, 48.546598 ], [ 18.463252, 48.539865 ], [ 18.450664, 48.535617 ], [ 18.44808, 48.532179 ], [ 18.441299, 48.528577 ], [ 18.414885, 48.52123 ], [ 18.411179, 48.51695 ], [ 18.403912, 48.514043 ], [ 18.387102, 48.500713 ], [ 18.365987, 48.49402 ], [ 18.366031, 48.485683 ], [ 18.362928, 48.490307 ], [ 18.353098, 48.492462 ], [ 18.349817, 48.501088 ], [ 18.347107, 48.493267 ], [ 18.341284, 48.489707 ], [ 18.336443, 48.489776 ], [ 18.332186, 48.492466 ], [ 18.311372, 48.496886 ], [ 18.306448, 48.49493 ], [ 18.293678, 48.494304 ], [ 18.28255, 48.487781 ], [ 18.262045, 48.486275 ], [ 18.255372, 48.480986 ], [ 18.252506, 48.476065 ], [ 18.241623, 48.470634 ], [ 18.238739, 48.46515 ], [ 18.224275, 48.45987 ], [ 18.222194, 48.453167 ], [ 18.214778, 48.451122 ], [ 18.1921, 48.43811 ], [ 18.190127, 48.437026 ], [ 18.193884, 48.434041 ], [ 18.194244, 48.431498 ], [ 18.204791, 48.425368 ], [ 18.215528, 48.416363 ], [ 18.227294, 48.412606 ], [ 18.225411, 48.406173 ], [ 18.24453, 48.401077 ], [ 18.240683, 48.396895 ], [ 18.244022, 48.39002 ], [ 18.265312, 48.373346 ], [ 18.259148, 48.362125 ], [ 18.267963, 48.352666 ], [ 18.265783, 48.349571 ], [ 18.259781, 48.3522 ], [ 18.251109, 48.342625 ], [ 18.252735, 48.341732 ], [ 18.250966, 48.340523 ], [ 18.245882, 48.341261 ], [ 18.243806, 48.337396 ], [ 18.261601, 48.328044 ], [ 18.259218, 48.324795 ], [ 18.26676, 48.315409 ], [ 18.277032, 48.322524 ], [ 18.287122, 48.318969 ], [ 18.292244, 48.310962 ], [ 18.305277, 48.314055 ], [ 18.30887, 48.311524 ], [ 18.310111, 48.307705 ], [ 18.306834, 48.302426 ], [ 18.308755, 48.301772 ], [ 18.307078, 48.298144 ], [ 18.323111, 48.298477 ], [ 18.333321, 48.295666 ], [ 18.34961, 48.295776 ], [ 18.353802, 48.294618 ], [ 18.358863, 48.291722 ], [ 18.351939, 48.287711 ], [ 18.348656, 48.282463 ], [ 18.351852, 48.27791 ], [ 18.372676, 48.271261 ], [ 18.39931, 48.266731 ], [ 18.401574, 48.263953 ], [ 18.405646, 48.266257 ], [ 18.405324, 48.27168 ], [ 18.396728, 48.282394 ], [ 18.406841, 48.285563 ], [ 18.412652, 48.285861 ], [ 18.413416, 48.289316 ], [ 18.417753, 48.28853 ], [ 18.421134, 48.292235 ], [ 18.426596, 48.290341 ], [ 18.433426, 48.291719 ], [ 18.437363, 48.28778 ], [ 18.455149, 48.279999 ], [ 18.464879, 48.27368 ], [ 18.480587, 48.274394 ], [ 18.474138, 48.281582 ], [ 18.461704, 48.285263 ], [ 18.460679, 48.292428 ], [ 18.466028, 48.296899 ], [ 18.476278, 48.297794 ], [ 18.479559, 48.305617 ], [ 18.469569, 48.315101 ], [ 18.471222, 48.31622 ], [ 18.473558, 48.315522 ], [ 18.476946, 48.318279 ], [ 18.479326, 48.323692 ], [ 18.469649, 48.33166 ], [ 18.485522, 48.332127 ], [ 18.492833, 48.335058 ], [ 18.509115, 48.331368 ], [ 18.521799, 48.335789 ], [ 18.525216, 48.333002 ], [ 18.530982, 48.335836 ], [ 18.536377, 48.331799 ], [ 18.540943, 48.336159 ], [ 18.536931, 48.338491 ], [ 18.538302, 48.339201 ], [ 18.536835, 48.341319 ], [ 18.548205, 48.344756 ], [ 18.545309, 48.344688 ], [ 18.548037, 48.346376 ], [ 18.544932, 48.350159 ], [ 18.557702, 48.356877 ], [ 18.566959, 48.358694 ], [ 18.569846, 48.363446 ], [ 18.5657758, 48.3677221 ], [ 18.568442, 48.369061 ], [ 18.567087, 48.370612 ], [ 18.576243, 48.375922 ], [ 18.571804, 48.383615 ], [ 18.573767, 48.387501 ], [ 18.568675, 48.393434 ], [ 18.570748, 48.404045 ], [ 18.56626, 48.40529 ], [ 18.56065, 48.418203 ], [ 18.538781, 48.417782 ], [ 18.537336, 48.419825 ], [ 18.546191, 48.432205 ], [ 18.545805, 48.436041 ], [ 18.540219, 48.439077 ], [ 18.535108, 48.439482 ], [ 18.532638, 48.452011 ], [ 18.520971, 48.451041 ], [ 18.530909, 48.462201 ], [ 18.531148, 48.466488 ], [ 18.538664, 48.469735 ], [ 18.546591, 48.476962 ], [ 18.544457, 48.477576 ], [ 18.539323, 48.475122 ], [ 18.531065, 48.474118 ], [ 18.53352, 48.484042 ], [ 18.536629, 48.487484 ], [ 18.537815, 48.503503 ], [ 18.535111, 48.503103 ], [ 18.532086, 48.507962 ], [ 18.53222, 48.505751 ], [ 18.529139, 48.50533 ], [ 18.522645, 48.508437 ], [ 18.5105, 48.509612 ], [ 18.496064, 48.506877 ], [ 18.495674, 48.499724 ], [ 18.4811, 48.499796 ], [ 18.481982, 48.503737 ], [ 18.488146, 48.511146 ], [ 18.500034, 48.520977 ], [ 18.511687, 48.527373 ], [ 18.518049, 48.528946 ], [ 18.512881, 48.528463 ], [ 18.506664, 48.525578 ], [ 18.502519, 48.526003 ], [ 18.492726, 48.535241 ], [ 18.492278, 48.539402 ], [ 18.488809, 48.543823 ], [ 18.478673, 48.548602 ] ] ] } },
{ "type": "Feature", "properties": { "shapeName": "District of Poltcr", "shapeISO": "", "shapeID": "56367889B9282010334294", "shapeGroup": "SVK", "shapeType": "ADM2" }, "geometry": { "type": "Polygon", "coordinates": [ [ [ 19.748368, 48.648777 ], [ 19.713265, 48.637654 ], [ 19.701853, 48.635993 ], [ 19.69483, 48.630724 ], [ 19.68105, 48.625205 ], [ 19.672291, 48.619159 ], [ 19.675315, 48.615485 ], [ 19.681665, 48.613851 ], [ 19.689809, 48.614279 ], [ 19.700639, 48.607528 ], [ 19.70469, 48.602668 ], [ 19.713701, 48.600721 ], [ 19.721316, 48.596766 ], [ 19.71357, 48.592624 ], [ 19.711336, 48.59517 ], [ 19.709054, 48.593825 ], [ 19.709012, 48.588257 ], [ 19.715607, 48.584771 ], [ 19.714443, 48.582034 ], [ 19.710511, 48.582911 ], [ 19.712012, 48.578847 ], [ 19.697142, 48.576912 ], [ 19.695039, 48.574842 ], [ 19.692747, 48.575962 ], [ 19.68876, 48.572813 ], [ 19.687186, 48.574378 ], [ 19.681495, 48.572934 ], [ 19.677646, 48.575072 ], [ 19.6701, 48.572115 ], [ 19.669448, 48.569334 ], [ 19.66677, 48.567935 ], [ 19.664321, 48.568776 ], [ 19.658537, 48.563489 ], [ 19.657333, 48.56434 ], [ 19.656425, 48.562792 ], [ 19.652199, 48.563555 ], [ 19.650053, 48.562224 ], [ 19.650271, 48.565044 ], [ 19.647008, 48.564215 ], [ 19.656232, 48.553308 ], [ 19.653982, 48.553743 ], [ 19.653088, 48.552037 ], [ 19.650203, 48.552899 ], [ 19.646744, 48.549534 ], [ 19.647645, 48.54583 ], [ 19.641053, 48.545486 ], [ 19.639802, 48.542679 ], [ 19.642826, 48.541065 ], [ 19.634372, 48.539492 ], [ 19.629615, 48.527933 ], [ 19.630684, 48.522672 ], [ 19.625704, 48.519019 ], [ 19.617869, 48.534498 ], [ 19.609964, 48.538524 ], [ 19.60508, 48.539654 ], [ 19.59156, 48.536407 ], [ 19.584229, 48.538066 ], [ 19.580469, 48.537111 ], [ 19.58391, 48.532417 ], [ 19.591692, 48.527248 ], [ 19.59097, 48.521993 ], [ 19.594637, 48.514774 ], [ 19.601381, 48.509552 ], [ 19.607944, 48.50698 ], [ 19.60928, 48.49896 ], [ 19.60278, 48.492496 ], [ 19.600262, 48.48601 ], [ 19.610636, 48.473558 ], [ 19.61236, 48.468464 ], [ 19.598169, 48.460003 ], [ 19.607283, 48.454889 ], [ 19.618542, 48.453189 ], [ 19.621288, 48.449671 ], [ 19.616586, 48.444233 ], [ 19.624747, 48.442453 ], [ 19.624777, 48.440663 ], [ 19.620501, 48.438996 ], [ 19.623624, 48.435495 ], [ 19.631236, 48.431656 ], [ 19.632811, 48.433027 ], [ 19.636472, 48.43274 ], [ 19.653159, 48.424791 ], [ 19.661026, 48.422784 ], [ 19.671495, 48.417182 ], [ 19.678674, 48.40967 ], [ 19.677729, 48.402824 ], [ 19.671618, 48.399794 ], [ 19.665384, 48.405584 ], [ 19.653523, 48.407356 ], [ 19.644484, 48.39612 ], [ 19.647029, 48.390221 ], [ 19.64612, 48.384894 ], [ 19.643311, 48.382773 ], [ 19.645883, 48.378348 ], [ 19.649775, 48.380119 ], [ 19.655802, 48.379106 ], [ 19.671279, 48.366983 ], [ 19.67388, 48.362163 ], [ 19.684455, 48.360057 ], [ 19.689674, 48.362148 ], [ 19.691961, 48.365857 ], [ 19.71296, 48.364164 ], [ 19.718798, 48.367422 ], [ 19.72565, 48.368884 ], [ 19.73357, 48.364533 ], [ 19.737761, 48.368197 ], [ 19.741049, 48.365096 ], [ 19.751569, 48.371117 ], [ 19.748345, 48.380997 ], [ 19.752897, 48.38023 ], [ 19.760288, 48.382605 ], [ 19.779991, 48.379981 ], [ 19.786482, 48.384566 ], [ 19.784959, 48.387014 ], [ 19.795762, 48.389694 ], [ 19.79978, 48.392465 ], [ 19.807067, 48.386742 ], [ 19.818706, 48.387794 ], [ 19.818131, 48.39176 ], [ 19.833225, 48.390643 ], [ 19.839138, 48.397342 ], [ 19.839679, 48.40063 ], [ 19.841868, 48.401179 ], [ 19.858214, 48.400672 ], [ 19.88421, 48.393238 ], [ 19.901554, 48.396729 ], [ 19.909069, 48.400261 ], [ 19.911086, 48.398101 ], [ 19.920232, 48.398002 ], [ 19.917893, 48.399248 ], [ 19.920052, 48.402507 ], [ 19.915629, 48.402908 ], [ 19.914677, 48.428839 ], [ 19.925361, 48.432718 ], [ 19.923249, 48.434248 ], [ 19.927516, 48.439242 ], [ 19.911275, 48.438132 ], [ 19.898536, 48.44565 ], [ 19.896464, 48.450987 ], [ 19.890287, 48.455488 ], [ 19.896321, 48.463783 ], [ 19.902526, 48.468762 ], [ 19.895685, 48.471654 ], [ 19.899258, 48.474724 ], [ 19.895144, 48.481362 ], [ 19.885293, 48.484212 ], [ 19.884738, 48.486739 ], [ 19.882436, 48.487181 ], [ 19.883283, 48.491536 ], [ 19.880367, 48.494449 ], [ 19.859651, 48.504461 ], [ 19.857672, 48.508174 ], [ 19.842019, 48.521456 ], [ 19.840645, 48.524769 ], [ 19.835065, 48.524432 ], [ 19.833363, 48.521142 ], [ 19.823751, 48.525456 ], [ 19.824992, 48.536655 ], [ 19.834929, 48.547657 ], [ 19.844151, 48.548715 ], [ 19.851466, 48.547739 ], [ 19.854067, 48.544842 ], [ 19.856966, 48.545294 ], [ 19.870928, 48.559565 ], [ 19.878817, 48.559931 ], [ 19.881217, 48.565622 ], [ 19.879211, 48.570716 ], [ 19.882728, 48.570711 ], [ 19.881428, 48.579719 ], [ 19.875385, 48.582563 ], [ 19.870614, 48.588519 ], [ 19.860606, 48.594288 ], [ 19.842205, 48.595691 ], [ 19.839899, 48.60029 ], [ 19.830427, 48.60546 ], [ 19.823743, 48.615571 ], [ 19.810313, 48.619211 ], [ 19.809376, 48.623115 ], [ 19.802728, 48.625385 ], [ 19.791041, 48.626166 ], [ 19.786414, 48.635943 ], [ 19.775359, 48.639218 ], [ 19.765492, 48.639414 ], [ 19.760782, 48.640959 ], [ 19.748368, 48.648777 ] ] ] } },
{ "type": "Feature", "properties": { "shapeName": "District of Malacky", "shapeISO": "", "shapeID": "56367889B58167623425022", "shapeGroup": "SVK", "shapeType": "ADM2" }, "geometry": { "type": "Polygon", "coordinates": [ [ [ 16.949779, 48.535802 ], [ 16.940435, 48.527232 ], [ 16.9435536, 48.5217055 ], [ 16.921267, 48.520117 ], [ 16.919658, 48.518113 ], [ 16.92215, 48.51343 ], [ 16.913914, 48.511954 ], [ 16.913914, 48.500921 ], [ 16.917374, 48.497268 ], [ 16.916857, 48.495347 ], [ 16.911339, 48.494633 ], [ 16.904883, 48.498471 ], [ 16.895645, 48.4964733 ], [ 16.889953, 48.491725 ], [ 16.896243, 48.486257 ], [ 16.890446, 48.481162 ], [ 16.889987, 48.47636 ], [ 16.887254, 48.475664 ], [ 16.8807221, 48.4774916 ], [ 16.87383, 48.467459 ], [ 16.865106, 48.465629 ], [ 16.859476, 48.459367 ], [ 16.863878, 48.455656 ], [ 16.863119, 48.453035 ], [ 16.859222, 48.451187 ], [ 16.852682, 48.451164 ], [ 16.850216, 48.449472 ], [ 16.8519976, 48.4344163 ], [ 16.8637505, 48.4193435 ], [ 16.8505719, 48.4100281 ], [ 16.8559543, 48.3962434 ], [ 16.8504873, 48.390539 ], [ 16.8504296, 48.3831875 ], [ 16.8450499, 48.381775 ], [ 16.8367738, 48.3838826 ], [ 16.8331891, 48.3805241 ], [ 16.8411617, 48.3717164 ], [ 16.8392122, 48.364493 ], [ 16.843211, 48.358575 ], [ 16.842297, 48.353841 ], [ 16.84406, 48.350492 ], [ 16.8519944, 48.347863399999987 ], [ 16.859695, 48.349296 ], [ 16.866826, 48.347881 ], [ 16.872974, 48.348845 ], [ 16.875329, 48.345921 ], [ 16.869583, 48.34142 ], [ 16.871656, 48.337952 ], [ 16.88194, 48.335826 ], [ 16.889161, 48.331964 ], [ 16.894513, 48.331448 ], [ 16.908784, 48.325955 ], [ 16.908734, 48.322942 ], [ 16.904206, 48.318445 ], [ 16.896537, 48.314908 ], [ 16.894659, 48.310219 ], [ 16.900326, 48.298388 ], [ 16.9055863, 48.2943235 ], [ 16.9070197, 48.2891785 ], [ 16.914123, 48.2812975 ], [ 16.919253, 48.278128 ], [ 16.9201477, 48.27351860000001 ], [ 16.926947, 48.2711625 ], [ 16.945578, 48.270532 ], [ 16.957262, 48.263483 ], [ 16.95852, 48.265064 ], [ 16.969698, 48.263642 ], [ 16.987222, 48.252251 ], [ 16.995964, 48.252606 ], [ 16.997881, 48.25123 ], [ 17.01837, 48.248052 ], [ 17.020771, 48.250122 ], [ 17.040328, 48.250769 ], [ 17.044192, 48.252069 ], [ 17.04717, 48.245508 ], [ 17.067359, 48.242156 ], [ 17.069621, 48.237433 ], [ 17.073779, 48.235631 ], [ 17.07667, 48.235916 ], [ 17.076364, 48.240102 ], [ 17.081554, 48.243822 ], [ 17.081415, 48.249849 ], [ 17.091048, 48.246694 ], [ 17.095271, 48.249229 ], [ 17.099352, 48.249376 ], [ 17.1205, 48.244372 ], [ 17.129266, 48.247963 ], [ 17.137208, 48.247451 ], [ 17.144793, 48.251009 ], [ 17.144706, 48.252642 ], [ 17.149126, 48.255565 ], [ 17.148985, 48.25835 ], [ 17.15323, 48.26057 ], [ 17.153638, 48.263947 ], [ 17.156901, 48.266402 ], [ 17.154726, 48.268503 ], [ 17.164511, 48.279112 ], [ 17.153903, 48.289616 ], [ 17.15107, 48.297711 ], [ 17.1519717, 48.302495 ], [ 17.1563521, 48.3060582 ], [ 17.1548473, 48.3092765 ], [ 17.160849, 48.314 ], [ 17.1734544, 48.3108603 ], [ 17.1759472, 48.3120074 ], [ 17.1882643, 48.3240627 ], [ 17.1870691, 48.3284008 ], [ 17.181793, 48.334089 ], [ 17.187476, 48.336266 ], [ 17.189212, 48.33897 ], [ 17.19438, 48.339375 ], [ 17.197335, 48.341431 ], [ 17.188703, 48.35171 ], [ 17.193158, 48.359093 ], [ 17.198613, 48.362611 ], [ 17.195379, 48.366228 ], [ 17.196673, 48.371037 ], [ 17.204579, 48.374347 ], [ 17.209878, 48.378976 ], [ 17.223147, 48.37861 ], [ 17.229362, 48.381143 ], [ 17.236895, 48.381545 ], [ 17.244522, 48.377428 ], [ 17.24637, 48.387586 ], [ 17.242219, 48.390938 ], [ 17.246957, 48.395147 ], [ 17.252698, 48.396294 ], [ 17.2534, 48.402671 ], [ 17.258533, 48.405774 ], [ 17.251892, 48.40934 ], [ 17.250128, 48.412685 ], [ 17.251144, 48.414484 ], [ 17.25688, 48.41497 ], [ 17.255138, 48.42161 ], [ 17.261702, 48.42273 ], [ 17.259455, 48.428623 ], [ 17.276965, 48.426575 ], [ 17.280736, 48.431606 ], [ 17.289829, 48.435926 ], [ 17.291992, 48.439153 ], [ 17.290516, 48.439661 ], [ 17.295383, 48.444229 ], [ 17.295194, 48.447213 ], [ 17.303202, 48.453688 ], [ 17.308761, 48.456074 ], [ 17.31431, 48.455974 ], [ 17.302179, 48.465943 ], [ 17.313107, 48.475315 ], [ 17.314128, 48.481076 ], [ 17.328886, 48.480243 ], [ 17.331076, 48.484023 ], [ 17.33545, 48.482596 ], [ 17.334406, 48.486921 ], [ 17.342066, 48.49229 ], [ 17.336409, 48.495492 ], [ 17.33661, 48.497687 ], [ 17.348002, 48.501343 ], [ 17.355047, 48.506589 ], [ 17.340908, 48.508971 ], [ 17.334264, 48.512367 ], [ 17.338779, 48.514017 ], [ 17.335093, 48.515681 ], [ 17.326209, 48.51468 ], [ 17.324074, 48.517413 ], [ 17.313716, 48.52275 ], [ 17.309916, 48.53228 ], [ 17.300439, 48.536347 ], [ 17.288667, 48.53852 ], [ 17.279684, 48.543507 ], [ 17.271946, 48.538639 ], [ 17.274886, 48.541039 ], [ 17.286984, 48.547418 ], [ 17.28592, 48.548048 ], [ 17.304003, 48.557821 ], [ 17.318358, 48.561835 ], [ 17.320117, 48.567971 ], [ 17.324603, 48.568666 ], [ 17.329761, 48.566822 ], [ 17.333014, 48.563682 ], [ 17.333697, 48.565953 ], [ 17.325342, 48.569272 ], [ 17.324775, 48.578081 ], [ 17.329073, 48.575379 ], [ 17.334265, 48.575932 ], [ 17.339755, 48.579945 ], [ 17.340673, 48.579216 ], [ 17.355156, 48.592309 ], [ 17.356717, 48.590652 ], [ 17.359935, 48.591629 ], [ 17.356413, 48.595051 ], [ 17.371403, 48.602886 ], [ 17.375728, 48.607453 ], [ 17.374042, 48.623469 ], [ 17.36934, 48.632158 ], [ 17.361847, 48.636562 ], [ 17.358629, 48.642766 ], [ 17.351248, 48.647318 ], [ 17.345882, 48.644212 ], [ 17.337379, 48.648587 ], [ 17.337848, 48.649562 ], [ 17.335076, 48.648125 ], [ 17.338507, 48.65092 ], [ 17.327629, 48.654032 ], [ 17.296166, 48.607437 ], [ 17.282448, 48.608472 ], [ 17.26796, 48.59939 ], [ 17.265737, 48.589503 ], [ 17.234492, 48.580757 ], [ 17.233772, 48.569415 ], [ 17.235787, 48.567414 ], [ 17.220898, 48.568376 ], [ 17.218641, 48.566671 ], [ 17.206813, 48.56507 ], [ 17.205476, 48.562227 ], [ 17.202395, 48.564598 ], [ 17.196606, 48.560855 ], [ 17.170346, 48.557043 ], [ 17.156886, 48.551342 ], [ 17.149545, 48.551553 ], [ 17.14477, 48.549654 ], [ 17.125258, 48.546733 ], [ 17.120588, 48.54982 ], [ 17.122173, 48.550408 ], [ 17.11504, 48.557958 ], [ 17.106184, 48.562832 ], [ 17.097364, 48.562235 ], [ 17.099271, 48.560726 ], [ 17.090807, 48.558447 ], [ 17.05231, 48.563816 ], [ 17.055885, 48.559937 ], [ 17.055234, 48.557515 ], [ 17.058747, 48.555554 ], [ 17.049621, 48.55384 ], [ 17.050768, 48.555243 ], [ 17.038049, 48.555732 ], [ 16.98298, 48.551541 ], [ 16.978371, 48.547469 ], [ 16.96658, 48.54722 ], [ 16.970887, 48.537648 ], [ 16.960096, 48.538151 ], [ 16.949779, 48.535802 ] ] ] } },
{ "type": "Feature", "properties": { "shapeName": "District of Kolice I", "shapeISO": "", "shapeID": "56367889B16879144707830", "shapeGroup": "SVK", "shapeType": "ADM2" }, "geometry": { "type": "Polygon", "coordinates": [ [ [ 21.176303, 48.731196 ], [ 21.179259, 48.731684 ], [ 21.178596, 48.733276 ], [ 21.180941, 48.733033 ], [ 21.180833, 48.731103 ], [ 21.186069, 48.732367 ], [ 21.189205, 48.729743 ], [ 21.216232, 48.7218 ], [ 21.216098, 48.724342 ], [ 21.220003, 48.725584 ], [ 21.219065, 48.726966 ], [ 21.22475, 48.72454 ], [ 21.230046, 48.724373 ], [ 21.238916, 48.726345 ], [ 21.244026, 48.720447 ], [ 21.2434185, 48.716319 ], [ 21.245434, 48.717262 ], [ 21.247556, 48.714863 ], [ 21.250029, 48.716374 ], [ 21.260631, 48.716329 ], [ 21.271296, 48.718936 ], [ 21.276321, 48.724539 ], [ 21.276221, 48.732358 ], [ 21.271709, 48.740052 ], [ 21.265974, 48.742756 ], [ 21.273714, 48.746381 ], [ 21.2834, 48.760018 ], [ 21.29217, 48.766123 ], [ 21.294946, 48.774211 ], [ 21.291049, 48.780619 ], [ 21.295254, 48.784596 ], [ 21.299463, 48.78583 ], [ 21.295877, 48.793403 ], [ 21.28681, 48.795398 ], [ 21.286189, 48.796879 ], [ 21.275224, 48.792182 ], [ 21.272793, 48.797282 ], [ 21.273453, 48.800937 ], [ 21.269966, 48.798544 ], [ 21.270719, 48.79496 ], [ 21.265381, 48.79318 ], [ 21.266149, 48.78937 ], [ 21.262795, 48.787447 ], [ 21.26448, 48.786308 ], [ 21.263515, 48.784059 ], [ 21.260232, 48.785726 ], [ 21.251493, 48.782734 ], [ 21.251823, 48.779784 ], [ 21.244561, 48.780702 ], [ 21.240895, 48.779558 ], [ 21.2444317, 48.7712901 ], [ 21.238588, 48.772532 ], [ 21.236037, 48.775819 ], [ 21.223968, 48.774208 ], [ 21.229553, 48.776504 ], [ 21.227586, 48.77787 ], [ 21.225075, 48.77735 ], [ 21.226542, 48.778337 ], [ 21.2233, 48.781336 ], [ 21.226758, 48.780315 ], [ 21.229111, 48.781785 ], [ 21.224879, 48.784788 ], [ 21.216977, 48.786379 ], [ 21.217019, 48.788191 ], [ 21.219568, 48.789129 ], [ 21.217675, 48.78883 ], [ 21.21709, 48.790259 ], [ 21.215998, 48.789012 ], [ 21.207372, 48.792667 ], [ 21.20765, 48.795041 ], [ 21.202515, 48.798765 ], [ 21.194198, 48.79792 ], [ 21.184092, 48.800681 ], [ 21.172073, 48.807452 ], [ 21.172473, 48.810919 ], [ 21.165374, 48.814471 ], [ 21.159866, 48.822815 ], [ 21.152288, 48.824512 ], [ 21.148674, 48.823862 ], [ 21.147605, 48.821189 ], [ 21.135878, 48.815756 ], [ 21.13049, 48.808649 ], [ 21.134957, 48.799431 ], [ 21.138782, 48.797446 ], [ 21.144185, 48.789609 ], [ 21.141415, 48.787077 ], [ 21.142491, 48.782541 ], [ 21.14091, 48.780743 ], [ 21.138337, 48.783437 ], [ 21.132629, 48.784301 ], [ 21.132858, 48.783247 ], [ 21.128098, 48.783322 ], [ 21.125812, 48.784664 ], [ 21.122256, 48.780739 ], [ 21.125908, 48.766413 ], [ 21.119956, 48.763439 ], [ 21.131458, 48.755745 ], [ 21.138233, 48.757147 ], [ 21.140344, 48.753566 ], [ 21.161061, 48.740011 ], [ 21.167319, 48.732818 ], [ 21.169709, 48.731713 ], [ 21.172529, 48.733237 ], [ 21.176303, 48.731196 ] ] ] } },
{ "type": "Feature", "properties": { "shapeName": "District of Gelnica", "shapeISO": "", "shapeID": "56367889B37832117679378", "shapeGroup": "SVK", "shapeType": "ADM2" }, "geometry": { "type": "Polygon", "coordinates": [ [ [ 20.5336, 48.794174 ], [ 20.534765, 48.78476 ], [ 20.549318, 48.780888 ], [ 20.554188, 48.775186 ], [ 20.555352, 48.765862 ], [ 20.553794, 48.761267 ], [ 20.564665, 48.746981 ], [ 20.575697, 48.744292 ], [ 20.577394, 48.745906 ], [ 20.590901, 48.748556 ], [ 20.6017, 48.747614 ], [ 20.61754, 48.755084 ], [ 20.631279, 48.750259 ], [ 20.636752, 48.743875 ], [ 20.642006, 48.744109 ], [ 20.641133, 48.742029 ], [ 20.651688, 48.739677 ], [ 20.647658, 48.73454 ], [ 20.650307, 48.730896 ], [ 20.644912, 48.726455 ], [ 20.649271, 48.72096 ], [ 20.649357, 48.699058 ], [ 20.651698, 48.693177 ], [ 20.658668, 48.686045 ], [ 20.6706, 48.684207 ], [ 20.677787, 48.687893 ], [ 20.678267, 48.68438 ], [ 20.685919, 48.681181 ], [ 20.698685, 48.680905 ], [ 20.703859, 48.676528 ], [ 20.716126, 48.671478 ], [ 20.7269533, 48.6699125 ], [ 20.731866, 48.667426 ], [ 20.736732, 48.671337 ], [ 20.743227, 48.675878 ], [ 20.739172, 48.686549 ], [ 20.745092, 48.691101 ], [ 20.750389, 48.700301 ], [ 20.74747, 48.706507 ], [ 20.747862, 48.715042 ], [ 20.750129, 48.71759 ], [ 20.760376, 48.719908 ], [ 20.766819, 48.726373 ], [ 20.789948, 48.729376 ], [ 20.806803, 48.737573 ], [ 20.815047, 48.737571 ], [ 20.816613, 48.740146 ], [ 20.821769, 48.738671 ], [ 20.822532, 48.739847 ], [ 20.823292, 48.738546 ], [ 20.825257, 48.740014 ], [ 20.824314, 48.74329 ], [ 20.833568, 48.744084 ], [ 20.843739, 48.756539 ], [ 20.841196, 48.763835 ], [ 20.842169, 48.768018 ], [ 20.859598, 48.779453 ], [ 20.864987, 48.774139 ], [ 20.872832, 48.7709608 ], [ 20.891506, 48.768498 ], [ 20.896979, 48.770906 ], [ 20.903772, 48.767407 ], [ 20.918822, 48.763661 ], [ 20.937136, 48.767035 ], [ 20.946699, 48.775111 ], [ 20.968433, 48.778721 ], [ 20.980531, 48.777477 ], [ 21.002764, 48.77038 ], [ 21.01871, 48.772365 ], [ 21.028485, 48.776173 ], [ 21.030783, 48.77873 ], [ 21.023503, 48.788147 ], [ 21.028996, 48.79064 ], [ 21.02846, 48.7969 ], [ 21.030438, 48.800675 ], [ 21.026211, 48.804656 ], [ 21.03575, 48.804881 ], [ 21.038188, 48.807303 ], [ 21.047584, 48.809166 ], [ 21.048661, 48.81316 ], [ 21.042603, 48.816258 ], [ 21.043559, 48.818322 ], [ 21.049935, 48.817078 ], [ 21.058585, 48.817599 ], [ 21.064173, 48.82192 ], [ 21.059802, 48.826021 ], [ 21.060311, 48.830299 ], [ 21.052853, 48.831642 ], [ 21.073338, 48.837143 ], [ 21.069344, 48.850163 ], [ 21.063615, 48.848374 ], [ 21.06088, 48.850749 ], [ 21.061106, 48.858386 ], [ 21.042695, 48.861849 ], [ 21.039973, 48.865295 ], [ 21.043096, 48.869354 ], [ 21.041976, 48.875279 ], [ 21.051651, 48.878652 ], [ 21.050199, 48.88223 ], [ 21.053246, 48.882324 ], [ 21.05693, 48.880247 ], [ 21.061983, 48.874859 ], [ 21.065802, 48.878244 ], [ 21.064945, 48.889277 ], [ 21.055597, 48.90254 ], [ 21.058186, 48.905686 ], [ 21.049249, 48.903923 ], [ 21.042068, 48.904857 ], [ 21.035999, 48.903081 ], [ 21.025381, 48.903905 ], [ 21.017679, 48.906531 ], [ 21.019673, 48.908975 ], [ 21.01509, 48.913749 ], [ 21.013514, 48.923802 ], [ 21.000261, 48.929484 ], [ 20.990168, 48.936031 ], [ 20.989074, 48.945485 ], [ 20.990835, 48.949492 ], [ 20.987, 48.953514 ], [ 20.985026, 48.959397 ], [ 20.972676, 48.960182 ], [ 20.960603, 48.954224 ], [ 20.95467, 48.955341 ], [ 20.949972, 48.947396 ], [ 20.94507, 48.950644 ], [ 20.939952, 48.951068 ], [ 20.931836, 48.957373 ], [ 20.91969, 48.963711 ], [ 20.906967, 48.964694 ], [ 20.899107, 48.96315 ], [ 20.889836, 48.959625 ], [ 20.884753, 48.953481 ], [ 20.888795, 48.949629 ], [ 20.888223, 48.945658 ], [ 20.890833, 48.943219 ], [ 20.88872, 48.939901 ], [ 20.89339, 48.93887 ], [ 20.894046, 48.935962 ], [ 20.886958, 48.929316 ], [ 20.880822, 48.928699 ], [ 20.877142, 48.929854 ], [ 20.878723, 48.925236 ], [ 20.89669, 48.925755 ], [ 20.899571, 48.923522 ], [ 20.901959, 48.924704 ], [ 20.907671, 48.919689 ], [ 20.907137, 48.914203 ], [ 20.910994, 48.913584 ], [ 20.914486, 48.908982 ], [ 20.917839, 48.90948 ], [ 20.921068, 48.907104 ], [ 20.920716, 48.904545 ], [ 20.910551, 48.898848 ], [ 20.905808, 48.892098 ], [ 20.89666, 48.888583 ], [ 20.885344, 48.878755 ], [ 20.88609, 48.876708 ], [ 20.880466, 48.870378 ], [ 20.875718, 48.859585 ], [ 20.846687, 48.851921 ], [ 20.841928, 48.848913 ], [ 20.829269, 48.848793 ], [ 20.810932, 48.84433 ], [ 20.798507, 48.843865 ], [ 20.786408, 48.83999 ], [ 20.778923, 48.840013 ], [ 20.767882, 48.834626 ], [ 20.757138, 48.834773 ], [ 20.750717, 48.833256 ], [ 20.746145, 48.835699 ], [ 20.745676, 48.838545 ], [ 20.74174, 48.839279 ], [ 20.736879, 48.843818 ], [ 20.724368, 48.846102 ], [ 20.7104, 48.85617 ], [ 20.696915, 48.855882 ], [ 20.686634, 48.862113 ], [ 20.67388, 48.862974 ], [ 20.668982, 48.862049 ], [ 20.66395, 48.855225 ], [ 20.668612, 48.846191 ], [ 20.659219, 48.85168 ], [ 20.660995, 48.852819 ], [ 20.659278, 48.859144 ], [ 20.654718, 48.860826 ], [ 20.65972, 48.86445 ], [ 20.658177, 48.868919 ], [ 20.660838, 48.874168 ], [ 20.659756, 48.878201 ], [ 20.657156, 48.877513 ], [ 20.659084, 48.881464 ], [ 20.656674, 48.890883 ], [ 20.658285, 48.895061 ], [ 20.644293, 48.894175 ], [ 20.643764, 48.89896 ], [ 20.640848, 48.898051 ], [ 20.640961, 48.899075 ], [ 20.629256, 48.894524 ], [ 20.621418, 48.895333 ], [ 20.607697, 48.890861 ], [ 20.594634, 48.882579 ], [ 20.584706, 48.879652 ], [ 20.581997, 48.874131 ], [ 20.583467, 48.873105 ], [ 20.588732, 48.873952 ], [ 20.588697, 48.872399 ], [ 20.587496, 48.870832 ], [ 20.584159, 48.871274 ], [ 20.579817, 48.869371 ], [ 20.58023, 48.864987 ], [ 20.577842, 48.864928 ], [ 20.580372, 48.855906 ], [ 20.584075, 48.856197 ], [ 20.586253, 48.854417 ], [ 20.570527, 48.84859 ], [ 20.56857, 48.841165 ], [ 20.565411, 48.837781 ], [ 20.558829, 48.835714 ], [ 20.551251, 48.830546 ], [ 20.551059, 48.828226 ], [ 20.556338, 48.82572 ], [ 20.553304, 48.81874 ], [ 20.554084, 48.815245 ], [ 20.551113, 48.819053 ], [ 20.529966, 48.813471 ], [ 20.531448, 48.808771 ], [ 20.529754, 48.800267 ], [ 20.5336, 48.794174 ] ] ] } },
{ "type": "Feature", "properties": { "shapeName": "District of Gala", "shapeISO": "", "shapeID": "56367889B4918056975771", "shapeGroup": "SVK", "shapeType": "ADM2" }, "geometry": { "type": "Polygon", "coordinates": [ [ [ 17.880294, 47.986274 ], [ 17.896512, 47.97956 ], [ 17.89993, 47.980556 ], [ 17.90136, 47.978366 ], [ 17.920866, 47.980501 ], [ 17.934155, 47.973559 ], [ 17.970447, 47.962941 ], [ 17.968508, 47.97476 ], [ 17.975557, 47.980704 ], [ 17.974545, 47.981797 ], [ 17.976651, 47.983817 ], [ 17.983536, 47.986071 ], [ 17.978836, 47.991074 ], [ 17.985143, 47.995672 ], [ 17.98967, 48.002043 ], [ 17.983234, 48.005801 ], [ 17.986158, 48.004527 ], [ 18.007726, 48.009083 ], [ 18.009857, 48.011044 ], [ 18.00919, 48.013305 ], [ 18.012008, 48.013439 ], [ 18.019035, 48.019262 ], [ 18.003609, 48.03392 ], [ 18.006341, 48.043717 ], [ 18.002444, 48.04338 ], [ 17.984325, 48.058456 ], [ 17.981523, 48.067584 ], [ 17.977749, 48.072042 ], [ 17.985903, 48.090047 ], [ 18.004233, 48.113873 ], [ 17.985439, 48.124063 ], [ 17.977377, 48.126998 ], [ 17.973444, 48.12723 ], [ 17.971754, 48.125531 ], [ 17.967102, 48.126718 ], [ 17.963475, 48.128087 ], [ 17.961021, 48.131467 ], [ 18.001168, 48.165946 ], [ 17.980827, 48.183713 ], [ 17.972639, 48.189439 ], [ 17.970501, 48.188261 ], [ 17.991963, 48.209478 ], [ 17.986365, 48.222291 ], [ 17.986282, 48.228313 ], [ 17.97997, 48.237615 ], [ 17.990451, 48.236792 ], [ 17.981071, 48.252418 ], [ 17.975901, 48.249943 ], [ 17.974378, 48.251383 ], [ 17.959956, 48.251908 ], [ 17.944281, 48.25508 ], [ 17.932091, 48.25999 ], [ 17.916974, 48.268713 ], [ 17.911652, 48.269547 ], [ 17.906478, 48.273329 ], [ 17.906496, 48.275582 ], [ 17.898453, 48.274226 ], [ 17.89654, 48.283163 ], [ 17.885695, 48.277644 ], [ 17.881018, 48.284572 ], [ 17.876353, 48.284014 ], [ 17.876261, 48.282136 ], [ 17.865608, 48.280689 ], [ 17.866616, 48.277373 ], [ 17.860088, 48.267472 ], [ 17.850654, 48.261325 ], [ 17.857142, 48.258675 ], [ 17.859083, 48.252594 ], [ 17.84627, 48.246207 ], [ 17.853542, 48.231166 ], [ 17.866415, 48.225052 ], [ 17.868959, 48.226445 ], [ 17.882025, 48.214931 ], [ 17.880205, 48.212222 ], [ 17.8820921, 48.2086002 ], [ 17.877277, 48.201292 ], [ 17.843821, 48.189277 ], [ 17.840652, 48.185776 ], [ 17.841388, 48.183985 ], [ 17.837646, 48.182735 ], [ 17.831574, 48.192679 ], [ 17.823217, 48.197058 ], [ 17.820477, 48.20105 ], [ 17.812244, 48.195005 ], [ 17.807159, 48.195416 ], [ 17.801015, 48.191409 ], [ 17.800565, 48.185737 ], [ 17.828965, 48.167187 ], [ 17.821042, 48.166025 ], [ 17.817271, 48.161006 ], [ 17.817886, 48.158954 ], [ 17.814343, 48.157635 ], [ 17.816346, 48.155417 ], [ 17.800189, 48.148467 ], [ 17.795337, 48.152495 ], [ 17.794991, 48.157148 ], [ 17.790094, 48.156185 ], [ 17.778029, 48.158167 ], [ 17.768752, 48.155478 ], [ 17.754766, 48.148332 ], [ 17.764846, 48.143206 ], [ 17.777672, 48.139557 ], [ 17.78659, 48.13132 ], [ 17.793596, 48.127989 ], [ 17.80729, 48.116632 ], [ 17.813166, 48.113728 ], [ 17.814251, 48.106819 ], [ 17.820104, 48.105754 ], [ 17.807028, 48.088346 ], [ 17.8026, 48.076145 ], [ 17.803779, 48.073535 ], [ 17.807312, 48.072917 ], [ 17.805619, 48.070611 ], [ 17.80978, 48.07154 ], [ 17.812709, 48.06878 ], [ 17.815973, 48.068444 ], [ 17.814621, 48.06539 ], [ 17.843555, 48.076836 ], [ 17.851574, 48.069283 ], [ 17.838467, 48.063392 ], [ 17.853975, 48.054371 ], [ 17.855457, 48.056447 ], [ 17.856649, 48.053608 ], [ 17.862363, 48.051759 ], [ 17.871436, 48.053103 ], [ 17.880892, 48.045919 ], [ 17.877948, 48.040142 ], [ 17.88447, 48.034274 ], [ 17.868624, 48.022491 ], [ 17.874114, 48.018354 ], [ 17.869626, 48.005471 ], [ 17.880294, 47.986274 ] ] ] } },
{ "type": "Feature", "properties": { "shapeName": "District of Senec", "shapeISO": "", "shapeID": "56367889B62094256812316", "shapeGroup": "SVK", "shapeType": "ADM2" }, "geometry": { "type": "Polygon", "coordinates": [ [ [ 17.513744, 48.279077 ], [ 17.500768, 48.289622 ], [ 17.498293, 48.289744 ], [ 17.49558, 48.287496 ], [ 17.471972, 48.300261 ], [ 17.466231, 48.309959 ], [ 17.464738, 48.310543 ], [ 17.459697, 48.305813 ], [ 17.424516, 48.286443 ], [ 17.40593, 48.295387 ], [ 17.402881, 48.292995 ], [ 17.398447, 48.295858 ], [ 17.38816, 48.291051 ], [ 17.386309, 48.288505 ], [ 17.390373, 48.28696 ], [ 17.385025, 48.281344 ], [ 17.381032, 48.28221 ], [ 17.377481, 48.276993 ], [ 17.37362, 48.27829 ], [ 17.370315, 48.273805 ], [ 17.348844, 48.278545 ], [ 17.346574, 48.253678 ], [ 17.338731, 48.251192 ], [ 17.317695, 48.238876 ], [ 17.294169, 48.23739 ], [ 17.287379, 48.242098 ], [ 17.282927, 48.241557 ], [ 17.28035, 48.239446 ], [ 17.27413, 48.239988 ], [ 17.261388, 48.238216 ], [ 17.257496, 48.241788 ], [ 17.237331, 48.227076 ], [ 17.232088, 48.227363 ], [ 17.230024, 48.23102 ], [ 17.225467, 48.230657 ], [ 17.221275, 48.227724 ], [ 17.219331, 48.224394 ], [ 17.22042, 48.222207 ], [ 17.225786, 48.219958 ], [ 17.229154, 48.215768 ], [ 17.241936, 48.21015 ], [ 17.243033, 48.208096 ], [ 17.232092, 48.20387 ], [ 17.227151, 48.204046 ], [ 17.2315976, 48.1984813 ], [ 17.229173, 48.197707 ], [ 17.228584, 48.194752 ], [ 17.224854, 48.194112 ], [ 17.224437, 48.191747 ], [ 17.225134, 48.186388 ], [ 17.221054, 48.182514 ], [ 17.217919, 48.181832 ], [ 17.229601, 48.16981 ], [ 17.234221, 48.169848 ], [ 17.237288, 48.16814 ], [ 17.235754, 48.166594 ], [ 17.229084, 48.167146 ], [ 17.227177, 48.163997 ], [ 17.231765, 48.164396 ], [ 17.234278, 48.162075 ], [ 17.235245, 48.157353 ], [ 17.233599, 48.156303 ], [ 17.238386, 48.153284 ], [ 17.237455, 48.144155 ], [ 17.241871, 48.138922 ], [ 17.253563, 48.137693 ], [ 17.258679, 48.135713 ], [ 17.264997, 48.123836 ], [ 17.280106, 48.123411 ], [ 17.28277, 48.120779 ], [ 17.279331, 48.116947 ], [ 17.284531, 48.116683 ], [ 17.283186, 48.110198 ], [ 17.276152, 48.100122 ], [ 17.266601, 48.103456 ], [ 17.262182, 48.106751 ], [ 17.245521, 48.112253 ], [ 17.236059, 48.11158 ], [ 17.217309, 48.103495 ], [ 17.217746, 48.095654 ], [ 17.20672, 48.085737 ], [ 17.211361, 48.082656 ], [ 17.211876, 48.079488 ], [ 17.209052, 48.076655 ], [ 17.204329, 48.075429 ], [ 17.200828, 48.070543 ], [ 17.202084, 48.061663 ], [ 17.194428, 48.063892 ], [ 17.187371, 48.053795 ], [ 17.222812, 48.039752 ], [ 17.231963, 48.029581 ], [ 17.241769, 48.0224651 ], [ 17.245868, 48.018885 ], [ 17.24743, 48.012014 ], [ 17.258852, 48.022608 ], [ 17.253501, 48.028918 ], [ 17.258899, 48.029042 ], [ 17.261522, 48.026083 ], [ 17.269252, 48.028641 ], [ 17.281716, 48.042792 ], [ 17.299587, 48.045909 ], [ 17.301448, 48.0449 ], [ 17.306407, 48.049786 ], [ 17.298831, 48.057364 ], [ 17.2965011, 48.0661604 ], [ 17.30253, 48.06845 ], [ 17.314056, 48.059949 ], [ 17.317624, 48.063211 ], [ 17.318914, 48.06272 ], [ 17.324001, 48.070828 ], [ 17.331638, 48.069178 ], [ 17.335654, 48.080869 ], [ 17.333831, 48.081328 ], [ 17.341331, 48.084527 ], [ 17.34971, 48.085072 ], [ 17.353677, 48.092173 ], [ 17.351338, 48.092794 ], [ 17.348268, 48.091478 ], [ 17.343434, 48.096056 ], [ 17.326551, 48.08884 ], [ 17.315269, 48.098624 ], [ 17.312482, 48.097463 ], [ 17.307123, 48.099408 ], [ 17.313432, 48.115333 ], [ 17.304111, 48.1198 ], [ 17.3043633, 48.1231805 ], [ 17.311846, 48.12104 ], [ 17.31587, 48.121754 ], [ 17.317413, 48.11993 ], [ 17.327411, 48.118361 ], [ 17.333081, 48.119164 ], [ 17.334159, 48.12073 ], [ 17.340467, 48.118445 ], [ 17.347797, 48.123 ], [ 17.3491, 48.122192 ], [ 17.356904, 48.126456 ], [ 17.361082, 48.127079 ], [ 17.3667437, 48.1336927 ], [ 17.378969, 48.130462 ], [ 17.3909734, 48.1429904 ], [ 17.38115, 48.1448 ], [ 17.377746, 48.147461 ], [ 17.379187, 48.151208 ], [ 17.374761, 48.151559 ], [ 17.373741, 48.153776 ], [ 17.38128, 48.157677 ], [ 17.37418, 48.160364 ], [ 17.378162, 48.165738 ], [ 17.381603, 48.166611 ], [ 17.380068, 48.170071 ], [ 17.396247, 48.168248 ], [ 17.399651, 48.174105 ], [ 17.410229, 48.164179 ], [ 17.40893, 48.16223 ], [ 17.401381, 48.15985 ], [ 17.398115, 48.157157 ], [ 17.397995, 48.154437 ], [ 17.401219, 48.152232 ], [ 17.407673, 48.151555 ], [ 17.419007, 48.153389 ], [ 17.425589, 48.150462 ], [ 17.431976, 48.1447 ], [ 17.435967, 48.144045 ], [ 17.447796, 48.146129 ], [ 17.459182, 48.15453 ], [ 17.463247, 48.155061 ], [ 17.467401, 48.152296 ], [ 17.475631, 48.16257 ], [ 17.480379, 48.160872 ], [ 17.482791, 48.163897 ], [ 17.4796819, 48.165552 ], [ 17.482731, 48.167261 ], [ 17.480827, 48.170218 ], [ 17.48224, 48.171067 ], [ 17.486236, 48.172278 ], [ 17.500149, 48.168336 ], [ 17.5071079, 48.176515 ], [ 17.509553, 48.176472 ], [ 17.509613, 48.174057 ], [ 17.512426, 48.17574 ], [ 17.514293, 48.174951 ], [ 17.519173, 48.186896 ], [ 17.521918, 48.186397 ], [ 17.521445, 48.194397 ], [ 17.529199, 48.196497 ], [ 17.524646, 48.197556 ], [ 17.521909, 48.20296 ], [ 17.514227, 48.199024 ], [ 17.504454, 48.20054 ], [ 17.50074, 48.205313 ], [ 17.520557, 48.225548 ], [ 17.511399, 48.22656 ], [ 17.491852, 48.231868 ], [ 17.487071, 48.232313 ], [ 17.48624, 48.2306509 ], [ 17.473277, 48.235083 ], [ 17.478639, 48.240912 ], [ 17.478085, 48.244381 ], [ 17.482684, 48.252881 ], [ 17.513744, 48.279077 ] ] ] } },
{ "type": "Feature", "properties": { "shapeName": "District of Topolcany", "shapeISO": "", "shapeID": "56367889B79782640664984", "shapeGroup": "SVK", "shapeType": "ADM2" }, "geometry": { "type": "Polygon", "coordinates": [ [ [ 17.845534, 48.521565 ], [ 17.846995, 48.520287 ], [ 17.844594, 48.517253 ], [ 17.846468, 48.514024 ], [ 17.852937, 48.514804 ], [ 17.860843, 48.50933 ], [ 17.876369, 48.505587 ], [ 17.889308, 48.505091 ], [ 17.915496, 48.493213 ], [ 17.919214, 48.488733 ], [ 17.933682, 48.478868 ], [ 17.934731, 48.47954 ], [ 17.940903, 48.475172 ], [ 17.948495, 48.473515 ], [ 17.960846, 48.465575 ], [ 17.964665, 48.464798 ], [ 17.962137, 48.45989 ], [ 17.966058, 48.457352 ], [ 17.976494, 48.456255 ], [ 18.003788, 48.455631 ], [ 18.005408, 48.457896 ], [ 18.002718, 48.463225 ], [ 18.013293, 48.464712 ], [ 18.016634, 48.463389 ], [ 18.017544, 48.464726 ], [ 18.027457, 48.461991 ], [ 18.027955, 48.459824 ], [ 18.039564, 48.460049 ], [ 18.038604, 48.456083 ], [ 18.040535, 48.453595 ], [ 18.049367, 48.45072 ], [ 18.059195, 48.450015 ], [ 18.056867, 48.443092 ], [ 18.050635, 48.436115 ], [ 18.054623, 48.435591 ], [ 18.063749, 48.430615 ], [ 18.105955, 48.420959 ], [ 18.109602, 48.421772 ], [ 18.112097, 48.420514 ], [ 18.113569, 48.421641 ], [ 18.113039, 48.428859 ], [ 18.129182, 48.440772 ], [ 18.13138, 48.44768 ], [ 18.140504, 48.444792 ], [ 18.1921, 48.43811 ], [ 18.214778, 48.451122 ], [ 18.222194, 48.453167 ], [ 18.224275, 48.45987 ], [ 18.238739, 48.46515 ], [ 18.241623, 48.470634 ], [ 18.252506, 48.476065 ], [ 18.255372, 48.480986 ], [ 18.262045, 48.486275 ], [ 18.28255, 48.487781 ], [ 18.293678, 48.494304 ], [ 18.306448, 48.49493 ], [ 18.311372, 48.496886 ], [ 18.312917, 48.502639 ], [ 18.309692, 48.505039 ], [ 18.307583, 48.514117 ], [ 18.303452, 48.520258 ], [ 18.300217, 48.521026 ], [ 18.2942, 48.52718 ], [ 18.284511, 48.541775 ], [ 18.279207, 48.542809 ], [ 18.268477, 48.5483 ], [ 18.266038, 48.552017 ], [ 18.262694, 48.551018 ], [ 18.254886, 48.555973 ], [ 18.251422, 48.555294 ], [ 18.245655, 48.556638 ], [ 18.242077, 48.553009 ], [ 18.237723, 48.555989 ], [ 18.2321158, 48.5510345 ], [ 18.226768, 48.554898 ], [ 18.233151, 48.561852 ], [ 18.231827, 48.56212 ], [ 18.235213, 48.567352 ], [ 18.232075, 48.568923 ], [ 18.227777, 48.566422 ], [ 18.223715, 48.566822 ], [ 18.217801, 48.571215 ], [ 18.217627, 48.573654 ], [ 18.215015, 48.573794 ], [ 18.214327, 48.576791 ], [ 18.233772, 48.589453 ], [ 18.237215, 48.587835 ], [ 18.243434, 48.595194 ], [ 18.243991, 48.598942 ], [ 18.254176, 48.604732 ], [ 18.252476, 48.608437 ], [ 18.256094, 48.609355 ], [ 18.241687, 48.617811 ], [ 18.227136, 48.629305 ], [ 18.217606, 48.627975 ], [ 18.209574, 48.630633 ], [ 18.199209, 48.632719 ], [ 18.19863, 48.638094 ], [ 18.19434, 48.638005 ], [ 18.189693, 48.640008 ], [ 18.184497, 48.646372 ], [ 18.172347, 48.645578 ], [ 18.164657, 48.642879 ], [ 18.159564, 48.650782 ], [ 18.146447, 48.656059 ], [ 18.148283, 48.657554 ], [ 18.143194, 48.663341 ], [ 18.14219, 48.668761 ], [ 18.131109, 48.6709 ], [ 18.134347, 48.673166 ], [ 18.133825, 48.675936 ], [ 18.125969, 48.679429 ], [ 18.120169, 48.684073 ], [ 18.119707, 48.688242 ], [ 18.105268, 48.696904 ], [ 18.096487, 48.691206 ], [ 18.088013, 48.692118 ], [ 18.080187, 48.696509 ], [ 18.070447, 48.696315 ], [ 18.06037, 48.699224 ], [ 18.058601, 48.697267 ], [ 18.048873, 48.699947 ], [ 18.04689, 48.700561 ], [ 18.045764, 48.704137 ], [ 18.041903, 48.705533 ], [ 18.033853, 48.704789 ], [ 18.028133, 48.702508 ], [ 18.02128, 48.706713 ], [ 18.025885, 48.712946 ], [ 18.021794, 48.714431 ], [ 18.012449, 48.712217 ], [ 18.005524, 48.713475 ], [ 17.990834, 48.705535 ], [ 17.993052, 48.695719 ], [ 17.99764, 48.688582 ], [ 17.994029, 48.681895 ], [ 18.002376, 48.677009 ], [ 17.998812, 48.6722 ], [ 18.002777, 48.669995 ], [ 18.006355, 48.659492 ], [ 18.012548, 48.659003 ], [ 18.007781, 48.658111 ], [ 18.018001, 48.654467 ], [ 18.015795, 48.649894 ], [ 18.01976, 48.638685 ], [ 18.023355, 48.638236 ], [ 18.01476, 48.632465 ], [ 18.014227, 48.629571 ], [ 18.017541, 48.626311 ], [ 18.015845, 48.623129 ], [ 18.003716, 48.62922 ], [ 18.002024, 48.628353 ], [ 18.007188, 48.625472 ], [ 17.995894, 48.617464 ], [ 17.989886, 48.620623 ], [ 17.979103, 48.612529 ], [ 17.980248, 48.605421 ], [ 17.985441, 48.601483 ], [ 17.983016, 48.596421 ], [ 17.976596, 48.59632 ], [ 17.974385, 48.591039 ], [ 17.949832, 48.590557 ], [ 17.952855, 48.583025 ], [ 17.919369, 48.582112 ], [ 17.920105, 48.584387 ], [ 17.913347, 48.588669 ], [ 17.90139, 48.592678 ], [ 17.895784, 48.592367 ], [ 17.891484, 48.586971 ], [ 17.886397, 48.571701 ], [ 17.879489, 48.568904 ], [ 17.871476, 48.561499 ], [ 17.869487, 48.551908 ], [ 17.862843, 48.541218 ], [ 17.863175, 48.539186 ], [ 17.865726, 48.538516 ], [ 17.865122, 48.532757 ], [ 17.863345, 48.533796 ], [ 17.861806, 48.532729 ], [ 17.863806, 48.531283 ], [ 17.85572, 48.524435 ], [ 17.845534, 48.521565 ] ] ] } },
{ "type": "Feature", "properties": { "shapeName": "District of Dunajskn Streda", "shapeISO": "", "shapeID": "56367889B78366861694162", "shapeGroup": "SVK", "shapeType": "ADM2" }, "geometry": { "type": "Polygon", "coordinates": [ [ [ 17.467401, 48.152296 ], [ 17.463247, 48.155061 ], [ 17.459182, 48.15453 ], [ 17.447796, 48.146129 ], [ 17.435967, 48.144045 ], [ 17.431976, 48.1447 ], [ 17.425589, 48.150462 ], [ 17.419007, 48.153389 ], [ 17.407673, 48.151555 ], [ 17.401219, 48.152232 ], [ 17.397995, 48.154437 ], [ 17.398115, 48.157157 ], [ 17.401381, 48.15985 ], [ 17.40893, 48.16223 ], [ 17.410229, 48.164179 ], [ 17.399651, 48.174105 ], [ 17.396247, 48.168248 ], [ 17.380068, 48.170071 ], [ 17.381603, 48.166611 ], [ 17.378162, 48.165738 ], [ 17.37418, 48.160364 ], [ 17.38128, 48.157677 ], [ 17.373741, 48.153776 ], [ 17.374761, 48.151559 ], [ 17.379187, 48.151208 ], [ 17.377746, 48.147461 ], [ 17.38115, 48.1448 ], [ 17.3909734, 48.1429904 ], [ 17.378969, 48.130462 ], [ 17.3667437, 48.1336927 ], [ 17.361082, 48.127079 ], [ 17.356904, 48.126456 ], [ 17.3491, 48.122192 ], [ 17.347797, 48.123 ], [ 17.340467, 48.118445 ], [ 17.334159, 48.12073 ], [ 17.333081, 48.119164 ], [ 17.327411, 48.118361 ], [ 17.317413, 48.11993 ], [ 17.31587, 48.121754 ], [ 17.311846, 48.12104 ], [ 17.3043633, 48.1231805 ], [ 17.304111, 48.1198 ], [ 17.313432, 48.115333 ], [ 17.307123, 48.099408 ], [ 17.312482, 48.097463 ], [ 17.315269, 48.098624 ], [ 17.326551, 48.08884 ], [ 17.343434, 48.096056 ], [ 17.348268, 48.091478 ], [ 17.351338, 48.092794 ], [ 17.353677, 48.092173 ], [ 17.34971, 48.085072 ], [ 17.341331, 48.084527 ], [ 17.333831, 48.081328 ], [ 17.335654, 48.080869 ], [ 17.331638, 48.069178 ], [ 17.324001, 48.070828 ], [ 17.318914, 48.06272 ], [ 17.317624, 48.063211 ], [ 17.314056, 48.059949 ], [ 17.30253, 48.06845 ], [ 17.2965011, 48.0661604 ], [ 17.298831, 48.057364 ], [ 17.306407, 48.049786 ], [ 17.301448, 48.0449 ], [ 17.299587, 48.045909 ], [ 17.281716, 48.042792 ], [ 17.269252, 48.028641 ], [ 17.261522, 48.026083 ], [ 17.258899, 48.029042 ], [ 17.253501, 48.028918 ], [ 17.258852, 48.022608 ], [ 17.24743, 48.012014 ], [ 17.247724, 48.005201 ], [ 17.250878, 48.001574 ], [ 17.277251, 47.994299 ], [ 17.306303, 47.996061 ], [ 17.325448, 47.995214 ], [ 17.334651, 47.993125 ], [ 17.351631, 47.978589 ], [ 17.36407, 47.971096 ], [ 17.376398, 47.958646 ], [ 17.398851, 47.950738 ], [ 17.402993, 47.947849 ], [ 17.411511, 47.935115 ], [ 17.421937, 47.930004 ], [ 17.4325057, 47.9208615 ], [ 17.43691, 47.909333 ], [ 17.446659, 47.897681 ], [ 17.45392, 47.885258 ], [ 17.463899, 47.88096 ], [ 17.478343, 47.878155 ], [ 17.497512, 47.867603 ], [ 17.507271, 47.866502 ], [ 17.520259, 47.867585 ], [ 17.525172, 47.866445 ], [ 17.534524, 47.857464 ], [ 17.543079, 47.852354 ], [ 17.54335, 47.843595 ], [ 17.547195, 47.839209 ], [ 17.549571, 47.832155 ], [ 17.566709, 47.815636 ], [ 17.573153, 47.814003 ], [ 17.586968, 47.820509 ], [ 17.602621, 47.822545 ], [ 17.608402, 47.821886 ], [ 17.633435, 47.801929 ], [ 17.691233, 47.773261 ], [ 17.705419, 47.758985 ], [ 17.730052, 47.775771 ], [ 17.724546, 47.784287 ], [ 17.731002, 47.785048 ], [ 17.726839, 47.788152 ], [ 17.732622, 47.788619 ], [ 17.734848, 47.791323 ], [ 17.733992, 47.792606 ], [ 17.726412, 47.79382 ], [ 17.731415, 47.803893 ], [ 17.729818, 47.804863 ], [ 17.735547, 47.806521 ], [ 17.737634, 47.808812 ], [ 17.741829, 47.806102 ], [ 17.747862, 47.807443 ], [ 17.750016, 47.804368 ], [ 17.754785, 47.80622 ], [ 17.757739, 47.803471 ], [ 17.762601, 47.802068 ], [ 17.762692, 47.804616 ], [ 17.766665, 47.807338 ], [ 17.770692, 47.814186 ], [ 17.79464, 47.821944 ], [ 17.80038, 47.83364 ], [ 17.795492, 47.852975 ], [ 17.806606, 47.865182 ], [ 17.807691, 47.870602 ], [ 17.820988, 47.87392 ], [ 17.825294, 47.871619 ], [ 17.832736, 47.875061 ], [ 17.846298, 47.891861 ], [ 17.871017, 47.902334 ], [ 17.874864, 47.902551 ], [ 17.887472, 47.910992 ], [ 17.888923, 47.913491 ], [ 17.885999, 47.916644 ], [ 17.887765, 47.919287 ], [ 17.871419, 47.927904 ], [ 17.885993, 47.942689 ], [ 17.884137, 47.95578 ], [ 17.875601, 47.960568 ], [ 17.867523, 47.960389 ], [ 17.867098, 47.963418 ], [ 17.855809, 47.97278 ], [ 17.854159, 47.97688 ], [ 17.846612, 47.975575 ], [ 17.842773, 47.980863 ], [ 17.837449, 47.98006 ], [ 17.831083, 47.985455 ], [ 17.827852, 47.992817 ], [ 17.824307, 47.993388 ], [ 17.817343, 47.999373 ], [ 17.814337, 48.006247 ], [ 17.812498, 48.005278 ], [ 17.809879, 48.007332 ], [ 17.804899, 48.005798 ], [ 17.801388, 48.007924 ], [ 17.803044, 48.007812 ], [ 17.796764, 48.013641 ], [ 17.795258, 48.017698 ], [ 17.787837, 48.018051 ], [ 17.788693, 48.019744 ], [ 17.782409, 48.019772 ], [ 17.776024, 48.029611 ], [ 17.772669, 48.031742 ], [ 17.768269, 48.031824 ], [ 17.766065, 48.033954 ], [ 17.761511, 48.034419 ], [ 17.761421, 48.03586 ], [ 17.768817, 48.040793 ], [ 17.766631, 48.04328 ], [ 17.761286, 48.044876 ], [ 17.761929, 48.048209 ], [ 17.757874, 48.053712 ], [ 17.750036, 48.054895 ], [ 17.747427, 48.053005 ], [ 17.744157, 48.055782 ], [ 17.7245, 48.059803 ], [ 17.718641, 48.059719 ], [ 17.716089, 48.061553 ], [ 17.70802, 48.059319 ], [ 17.700573, 48.059809 ], [ 17.689005, 48.066678 ], [ 17.680015, 48.065381 ], [ 17.6786, 48.068293 ], [ 17.680712, 48.074758 ], [ 17.670556, 48.075525 ], [ 17.667144, 48.077516 ], [ 17.669936, 48.085055 ], [ 17.667268, 48.088269 ], [ 17.65438, 48.08496 ], [ 17.647231, 48.090103 ], [ 17.640042, 48.092676 ], [ 17.62106, 48.093184 ], [ 17.620668, 48.094887 ], [ 17.613397, 48.093445 ], [ 17.610678, 48.096936 ], [ 17.61702, 48.100197 ], [ 17.618509, 48.103757 ], [ 17.611287, 48.111501 ], [ 17.606915, 48.111274 ], [ 17.603229, 48.109099 ], [ 17.604043, 48.104365 ], [ 17.598312, 48.102286 ], [ 17.598697, 48.099584 ], [ 17.596543, 48.098884 ], [ 17.593395, 48.091364 ], [ 17.583951, 48.106805 ], [ 17.577213, 48.107577 ], [ 17.571662, 48.102132 ], [ 17.566959, 48.10349 ], [ 17.566925, 48.106453 ], [ 17.572504, 48.110793 ], [ 17.568994, 48.11406 ], [ 17.559121, 48.108215 ], [ 17.543291, 48.10556 ], [ 17.538052, 48.106696 ], [ 17.537881, 48.110206 ], [ 17.546915, 48.115232 ], [ 17.543888, 48.122076 ], [ 17.533187, 48.122011 ], [ 17.530552, 48.120659 ], [ 17.530504, 48.115603 ], [ 17.525377, 48.113681 ], [ 17.514702, 48.117943 ], [ 17.513606, 48.122238 ], [ 17.502667, 48.121549 ], [ 17.49772, 48.125385 ], [ 17.491643, 48.125237 ], [ 17.483915, 48.135852 ], [ 17.48497, 48.143324 ], [ 17.47614, 48.141444 ], [ 17.469059, 48.141894 ], [ 17.466642, 48.144103 ], [ 17.467401, 48.152296 ] ] ] } },
{ "type": "Feature", "properties": { "shapeName": "District of Svidnsk", "shapeISO": "", "shapeID": "56367889B97071895480744", "shapeGroup": "SVK", "shapeType": "ADM2" }, "geometry": { "type": "Polygon", "coordinates": [ [ [ 21.374183, 49.116332 ], [ 21.411813, 49.106986 ], [ 21.415727, 49.103764 ], [ 21.421204, 49.102812 ], [ 21.420482, 49.100766 ], [ 21.424571, 49.101439 ], [ 21.429128, 49.095819 ], [ 21.445727, 49.093024 ], [ 21.443577, 49.088926 ], [ 21.444847, 49.081737 ], [ 21.465371, 49.077569 ], [ 21.481562, 49.080129 ], [ 21.495474, 49.078483 ], [ 21.508432, 49.072204 ], [ 21.517172, 49.072794 ], [ 21.521321, 49.069671 ], [ 21.519532, 49.06648 ], [ 21.522172, 49.064214 ], [ 21.522984, 49.066284 ], [ 21.524485, 49.065605 ], [ 21.527175, 49.068177 ], [ 21.532738, 49.067679 ], [ 21.54127, 49.069953 ], [ 21.545957, 49.074334 ], [ 21.554855, 49.075723 ], [ 21.553589, 49.079583 ], [ 21.558059, 49.077701 ], [ 21.561313, 49.081392 ], [ 21.563966, 49.080629 ], [ 21.567573, 49.084764 ], [ 21.565089, 49.087481 ], [ 21.565121, 49.093611 ], [ 21.569331, 49.100425 ], [ 21.565967, 49.107778 ], [ 21.570173, 49.109461 ], [ 21.565777, 49.113514 ], [ 21.559933, 49.114405 ], [ 21.556261, 49.117727 ], [ 21.559881, 49.12604 ], [ 21.563768, 49.125266 ], [ 21.564815, 49.123033 ], [ 21.567779, 49.123427 ], [ 21.56815, 49.119749 ], [ 21.570886, 49.119292 ], [ 21.57234, 49.115472 ], [ 21.577194, 49.11319 ], [ 21.591888, 49.121973 ], [ 21.594256, 49.137367 ], [ 21.583291, 49.143402 ], [ 21.569299, 49.160012 ], [ 21.572715, 49.163056 ], [ 21.575644, 49.17006 ], [ 21.584928, 49.174487 ], [ 21.585321, 49.180741 ], [ 21.589299, 49.183129 ], [ 21.58589, 49.184331 ], [ 21.587299, 49.187497 ], [ 21.589747, 49.190008 ], [ 21.593093, 49.189862 ], [ 21.597391, 49.192708 ], [ 21.599416, 49.208701 ], [ 21.593737, 49.21392 ], [ 21.597175, 49.217236 ], [ 21.595199, 49.218178 ], [ 21.596069, 49.224216 ], [ 21.592988, 49.22602 ], [ 21.593678, 49.230393 ], [ 21.596054, 49.235461 ], [ 21.604038, 49.242905 ], [ 21.609503, 49.242336 ], [ 21.609987, 49.244376 ], [ 21.613136, 49.24416 ], [ 21.613236, 49.24678 ], [ 21.62077, 49.249147 ], [ 21.617521, 49.262904 ], [ 21.622292, 49.269664 ], [ 21.6209, 49.274182 ], [ 21.626672, 49.276506 ], [ 21.628889, 49.275926 ], [ 21.636607, 49.281414 ], [ 21.630863, 49.297372 ], [ 21.638606, 49.300686 ], [ 21.648493, 49.296433 ], [ 21.65739, 49.298726 ], [ 21.663832, 49.298789 ], [ 21.670478, 49.30853 ], [ 21.686245, 49.313744 ], [ 21.691023, 49.317283 ], [ 21.681776, 49.32826 ], [ 21.692401, 49.335826 ], [ 21.703499, 49.339704 ], [ 21.715455, 49.332819 ], [ 21.719217, 49.327981 ], [ 21.719508, 49.323379 ], [ 21.725861, 49.31946 ], [ 21.732458, 49.308514 ], [ 21.740653, 49.299934 ], [ 21.741498, 49.296064 ], [ 21.739642, 49.293032 ], [ 21.765589, 49.293441 ], [ 21.765888, 49.301788 ], [ 21.76275, 49.30932 ], [ 21.758111, 49.312504 ], [ 21.750299, 49.324629 ], [ 21.748391, 49.331334 ], [ 21.749265, 49.33991 ], [ 21.747341, 49.341914 ], [ 21.75122, 49.346823 ], [ 21.762086, 49.352918 ], [ 21.759579, 49.356363 ], [ 21.7714846, 49.3631445 ], [ 21.766244, 49.367195 ], [ 21.763032, 49.374991 ], [ 21.765149, 49.37811 ], [ 21.763385, 49.383467 ], [ 21.7405013, 49.39253260000001 ], [ 21.7346556, 49.3989566 ], [ 21.7268958, 49.3981061 ], [ 21.7217713, 49.4122839 ], [ 21.715174, 49.414066 ], [ 21.7101935, 49.4133804 ], [ 21.6993628, 49.4185136 ], [ 21.6812478, 49.4108028 ], [ 21.6744557, 49.4143011 ], [ 21.6589052, 49.4168007 ], [ 21.6564726, 49.4246388 ], [ 21.6494184, 49.4301528 ], [ 21.6443012, 49.4306508 ], [ 21.6309446, 49.4473085 ], [ 21.6147752, 49.4448182 ], [ 21.6018473, 49.4353486 ], [ 21.5963941, 49.4369568 ], [ 21.5905587, 49.4338166 ], [ 21.575602, 49.435406 ], [ 21.5639837, 49.4412621 ], [ 21.5565912, 49.4381213 ], [ 21.5520786, 49.4331148 ], [ 21.5302734, 49.4350836 ], [ 21.5240763, 49.4316735 ], [ 21.5218035, 49.427132900000011 ], [ 21.5187157, 49.425395300000012 ], [ 21.523541, 49.419937 ], [ 21.5170484, 49.4178027 ], [ 21.5111627, 49.4197476 ], [ 21.4957048, 49.4296084 ], [ 21.4888535, 49.4290792 ], [ 21.4790484, 49.4157787 ], [ 21.4736964, 49.4135854 ], [ 21.4670002, 49.4132007 ], [ 21.4562309, 49.4162993 ], [ 21.4448414, 49.4122501 ], [ 21.438104, 49.39817 ], [ 21.42706, 49.390309 ], [ 21.419568, 49.387982 ], [ 21.415344, 49.38494 ], [ 21.420055, 49.381457 ], [ 21.417421, 49.381272 ], [ 21.411754, 49.371805 ], [ 21.39879, 49.371832 ], [ 21.398357, 49.370004 ], [ 21.393902, 49.368033 ], [ 21.382749, 49.370097 ], [ 21.377769, 49.368058 ], [ 21.372373, 49.368515 ], [ 21.368938, 49.363214 ], [ 21.386633, 49.355667 ], [ 21.390315, 49.35607 ], [ 21.396079, 49.353637 ], [ 21.402123, 49.353154 ], [ 21.409148, 49.348391 ], [ 21.42389, 49.34456 ], [ 21.422174, 49.339039 ], [ 21.419393, 49.337288 ], [ 21.417106, 49.337725 ], [ 21.410872, 49.330172 ], [ 21.398278, 49.328486 ], [ 21.394503, 49.323848 ], [ 21.423169, 49.314756 ], [ 21.430197, 49.311035 ], [ 21.435243, 49.305943 ], [ 21.44567, 49.310427 ], [ 21.446867, 49.309813 ], [ 21.451649, 49.299903 ], [ 21.448527, 49.296513 ], [ 21.453513, 49.291627 ], [ 21.452599, 49.287808 ], [ 21.454538, 49.288118 ], [ 21.457403, 49.285966 ], [ 21.458561, 49.281946 ], [ 21.465528, 49.279781 ], [ 21.475205, 49.281698 ], [ 21.48146, 49.278025 ], [ 21.485087, 49.272431 ], [ 21.491778, 49.271319 ], [ 21.493903, 49.269519 ], [ 21.49559, 49.27024 ], [ 21.499504, 49.265249 ], [ 21.497401, 49.255074 ], [ 21.489995, 49.249317 ], [ 21.500522, 49.244128 ], [ 21.502756, 49.240474 ], [ 21.510371, 49.235245 ], [ 21.511921, 49.229261 ], [ 21.510537, 49.2212 ], [ 21.516626, 49.218951 ], [ 21.521042, 49.214294 ], [ 21.517139, 49.213509 ], [ 21.514338, 49.208131 ], [ 21.500471, 49.203209 ], [ 21.501134, 49.201744 ], [ 21.49058, 49.202938 ], [ 21.487731, 49.204707 ], [ 21.486932, 49.202577 ], [ 21.478902, 49.199169 ], [ 21.476051, 49.193557 ], [ 21.479506, 49.186192 ], [ 21.476378, 49.183002 ], [ 21.476602, 49.178017 ], [ 21.479349, 49.175473 ], [ 21.493169, 49.170668 ], [ 21.500675, 49.174538 ], [ 21.504342, 49.174725 ], [ 21.501242, 49.171297 ], [ 21.500668, 49.166414 ], [ 21.497525, 49.165585 ], [ 21.499317, 49.158354 ], [ 21.504574, 49.158979 ], [ 21.511539, 49.153868 ], [ 21.525488, 49.151511 ], [ 21.525327, 49.147207 ], [ 21.52918, 49.146044 ], [ 21.529018, 49.143171 ], [ 21.52468, 49.143693 ], [ 21.520457, 49.148254 ], [ 21.518275, 49.145076 ], [ 21.520593, 49.144117 ], [ 21.517961, 49.140852 ], [ 21.524073, 49.127211 ], [ 21.523211, 49.133813 ], [ 21.525166, 49.131009 ], [ 21.525258, 49.134323 ], [ 21.528878, 49.137614 ], [ 21.531922, 49.136931 ], [ 21.532146, 49.135137 ], [ 21.53629, 49.136871 ], [ 21.536384, 49.133749 ], [ 21.528172, 49.131356 ], [ 21.526019, 49.126231 ], [ 21.521209, 49.128169 ], [ 21.516422, 49.135541 ], [ 21.491884, 49.128485 ], [ 21.491948, 49.135701 ], [ 21.489835, 49.135946 ], [ 21.490089, 49.138974 ], [ 21.482421, 49.144541 ], [ 21.48397, 49.147236 ], [ 21.481129, 49.148239 ], [ 21.479136, 49.146706 ], [ 21.472536, 49.149871 ], [ 21.47218, 49.151642 ], [ 21.463948, 49.155279 ], [ 21.461888, 49.159132 ], [ 21.459987, 49.156223 ], [ 21.449538, 49.152905 ], [ 21.448098, 49.145774 ], [ 21.442123, 49.145116 ], [ 21.43626, 49.142177 ], [ 21.436474, 49.139462 ], [ 21.43929, 49.13742 ], [ 21.436738, 49.136128 ], [ 21.424334, 49.130378 ], [ 21.423164, 49.131436 ], [ 21.415137, 49.128807 ], [ 21.402874, 49.130712 ], [ 21.397303, 49.129051 ], [ 21.386367, 49.129086 ], [ 21.384808, 49.12144 ], [ 21.377343, 49.11884 ], [ 21.377405, 49.116126 ], [ 21.374183, 49.116332 ] ] ] } },
{ "type": "Feature", "properties": { "shapeName": "District of Vranov nad Toplou", "shapeISO": "", "shapeID": "56367889B89309998682201", "shapeGroup": "SVK", "shapeType": "ADM2" }, "geometry": { "type": "Polygon", "coordinates": [ [ [ 21.756472, 48.774734 ], [ 21.756036, 48.780797 ], [ 21.771413, 48.783828 ], [ 21.77019, 48.787375 ], [ 21.780915, 48.788349 ], [ 21.791331, 48.792051 ], [ 21.802342, 48.790537 ], [ 21.800008, 48.801387 ], [ 21.802981, 48.800539 ], [ 21.803719, 48.804268 ], [ 21.80698, 48.806047 ], [ 21.80371, 48.81178 ], [ 21.792495, 48.821833 ], [ 21.795991, 48.825239 ], [ 21.797863, 48.83644 ], [ 21.786752, 48.857422 ], [ 21.786994, 48.862063 ], [ 21.793621, 48.864381 ], [ 21.791515, 48.869668 ], [ 21.787626, 48.871133 ], [ 21.788238, 48.874946 ], [ 21.78342, 48.881253 ], [ 21.78809, 48.882272 ], [ 21.785039, 48.891287 ], [ 21.78715, 48.895867 ], [ 21.788746, 48.901878 ], [ 21.786045, 48.90458 ], [ 21.779199, 48.903362 ], [ 21.775377, 48.907881 ], [ 21.777738, 48.908761 ], [ 21.77646, 48.910875 ], [ 21.780397, 48.912337 ], [ 21.779735, 48.92378 ], [ 21.775539, 48.927546 ], [ 21.782392, 48.940785 ], [ 21.796404, 48.944804 ], [ 21.793716, 48.9482 ], [ 21.793873, 48.952534 ], [ 21.80112, 48.967813 ], [ 21.79727, 48.972798 ], [ 21.790501, 48.974988 ], [ 21.789097, 48.978578 ], [ 21.774439, 48.987453 ], [ 21.778063, 48.999694 ], [ 21.774774, 49.003511 ], [ 21.76465, 49.006641 ], [ 21.764122, 49.011168 ], [ 21.767622, 49.012678 ], [ 21.766443, 49.014554 ], [ 21.774008, 49.020971 ], [ 21.768012, 49.023767 ], [ 21.764127, 49.023524 ], [ 21.759655, 49.028337 ], [ 21.752383, 49.026587 ], [ 21.749595, 49.032686 ], [ 21.753318, 49.033023 ], [ 21.751276, 49.03896 ], [ 21.755142, 49.040717 ], [ 21.754858, 49.045221 ], [ 21.758948, 49.047126 ], [ 21.76061, 49.053734 ], [ 21.768353, 49.060445 ], [ 21.776136, 49.062916 ], [ 21.768203, 49.068008 ], [ 21.765421, 49.07398 ], [ 21.768976, 49.077845 ], [ 21.762553, 49.084419 ], [ 21.761828, 49.087847 ], [ 21.755649, 49.087652 ], [ 21.755288, 49.092008 ], [ 21.75011, 49.097533 ], [ 21.746999, 49.097746 ], [ 21.747042, 49.100333 ], [ 21.752374, 49.102989 ], [ 21.747866, 49.109341 ], [ 21.750421, 49.120817 ], [ 21.747728, 49.120762 ], [ 21.742733, 49.132314 ], [ 21.739209, 49.131992 ], [ 21.735703, 49.12694 ], [ 21.731101, 49.127662 ], [ 21.722634, 49.124943 ], [ 21.719698, 49.126221 ], [ 21.717259, 49.123428 ], [ 21.719003, 49.122271 ], [ 21.716488, 49.119561 ], [ 21.719866, 49.110351 ], [ 21.724982, 49.105296 ], [ 21.723993, 49.096149 ], [ 21.725459, 49.094357 ], [ 21.722387, 49.09 ], [ 21.718855, 49.08912 ], [ 21.703141, 49.078004 ], [ 21.696257, 49.077719 ], [ 21.680081, 49.06833 ], [ 21.676804, 49.069058 ], [ 21.666388, 49.06542 ], [ 21.675536, 49.058134 ], [ 21.678376, 49.053545 ], [ 21.66937, 49.047152 ], [ 21.663388, 49.046739 ], [ 21.659703, 49.048159 ], [ 21.652416, 49.043187 ], [ 21.632793, 49.054892 ], [ 21.63238, 49.059358 ], [ 21.62602, 49.060324 ], [ 21.619612, 49.068409 ], [ 21.612502, 49.067908 ], [ 21.609189, 49.069334 ], [ 21.611677, 49.072031 ], [ 21.610228, 49.079869 ], [ 21.604914, 49.083156 ], [ 21.60358, 49.088253 ], [ 21.608346, 49.091381 ], [ 21.608054, 49.093217 ], [ 21.591326, 49.105829 ], [ 21.58896, 49.104865 ], [ 21.582516, 49.108867 ], [ 21.577015, 49.10926 ], [ 21.577194, 49.11319 ], [ 21.57234, 49.115472 ], [ 21.570886, 49.119292 ], [ 21.56815, 49.119749 ], [ 21.567779, 49.123427 ], [ 21.564815, 49.123033 ], [ 21.563768, 49.125266 ], [ 21.559881, 49.12604 ], [ 21.556261, 49.117727 ], [ 21.559933, 49.114405 ], [ 21.565777, 49.113514 ], [ 21.570173, 49.109461 ], [ 21.565967, 49.107778 ], [ 21.569331, 49.100425 ], [ 21.565121, 49.093611 ], [ 21.565089, 49.087481 ], [ 21.567573, 49.084764 ], [ 21.563966, 49.080629 ], [ 21.561313, 49.081392 ], [ 21.558059, 49.077701 ], [ 21.553589, 49.079583 ], [ 21.554855, 49.075723 ], [ 21.545957, 49.074334 ], [ 21.54127, 49.069953 ], [ 21.532738, 49.067679 ], [ 21.527175, 49.068177 ], [ 21.524485, 49.065605 ], [ 21.522984, 49.066284 ], [ 21.522172, 49.064214 ], [ 21.519532, 49.06648 ], [ 21.521321, 49.069671 ], [ 21.517172, 49.072794 ], [ 21.508432, 49.072204 ], [ 21.495474, 49.078483 ], [ 21.481562, 49.080129 ], [ 21.465371, 49.077569 ], [ 21.456295, 49.071142 ], [ 21.462822, 49.067178 ], [ 21.456031, 49.056648 ], [ 21.442664, 49.050134 ], [ 21.440199, 49.045779 ], [ 21.431138, 49.045723 ], [ 21.425058, 49.038428 ], [ 21.421168, 49.037211 ], [ 21.421299, 49.035372 ], [ 21.417034, 49.036589 ], [ 21.412882, 49.023891 ], [ 21.411376, 49.024031 ], [ 21.412178, 49.022194 ], [ 21.409107, 49.019596 ], [ 21.408003, 49.020773 ], [ 21.404373, 49.01947 ], [ 21.41285, 49.015468 ], [ 21.42476, 49.004382 ], [ 21.424897, 49.002623 ], [ 21.407671, 48.995898 ], [ 21.408443, 48.990809 ], [ 21.418969, 48.988285 ], [ 21.424749, 48.980951 ], [ 21.430249, 48.979171 ], [ 21.432393, 48.969351 ], [ 21.439078, 48.96717 ], [ 21.440101, 48.964376 ], [ 21.448515, 48.961472 ], [ 21.450039, 48.955179 ], [ 21.456212, 48.947821 ], [ 21.460904, 48.944968 ], [ 21.467197, 48.945305 ], [ 21.469178, 48.941983 ], [ 21.463419, 48.936879 ], [ 21.465627, 48.934651 ], [ 21.464618, 48.932074 ], [ 21.470819, 48.926292 ], [ 21.476951, 48.925258 ], [ 21.482139, 48.921277 ], [ 21.477385, 48.909838 ], [ 21.481702, 48.898864 ], [ 21.481225, 48.893588 ], [ 21.485864, 48.890253 ], [ 21.483941, 48.882269 ], [ 21.484284, 48.868861 ], [ 21.49594, 48.867949 ], [ 21.501966, 48.862091 ], [ 21.497851, 48.860525 ], [ 21.495415, 48.857485 ], [ 21.493127, 48.851176 ], [ 21.494397, 48.847384 ], [ 21.506352, 48.836741 ], [ 21.517561, 48.835644 ], [ 21.526663, 48.827592 ], [ 21.530138, 48.821165 ], [ 21.525809, 48.812715 ], [ 21.530505, 48.806624 ], [ 21.538344, 48.801962 ], [ 21.541568, 48.794077 ], [ 21.549744, 48.791747 ], [ 21.563579, 48.79399 ], [ 21.566809, 48.791636 ], [ 21.57593, 48.790972 ], [ 21.583916, 48.785775 ], [ 21.583608, 48.780467 ], [ 21.590843, 48.78049 ], [ 21.594709, 48.782555 ], [ 21.60132, 48.780999 ], [ 21.615736, 48.773568 ], [ 21.637864, 48.779976 ], [ 21.659563, 48.779915 ], [ 21.663661, 48.772467 ], [ 21.674672, 48.765527 ], [ 21.685187, 48.76256 ], [ 21.695952, 48.765083 ], [ 21.702673, 48.763151 ], [ 21.709349, 48.764716 ], [ 21.712457, 48.764013 ], [ 21.715721, 48.76659 ], [ 21.720295, 48.766639 ], [ 21.71876, 48.767549 ], [ 21.720122, 48.770431 ], [ 21.723936, 48.768884 ], [ 21.72529, 48.76987 ], [ 21.722555, 48.771593 ], [ 21.726753, 48.771893 ], [ 21.726296, 48.776403 ], [ 21.730114, 48.776066 ], [ 21.729791, 48.780683 ], [ 21.740936, 48.780472 ], [ 21.74, 48.774637 ], [ 21.756472, 48.774734 ] ] ] } },
{ "type": "Feature", "properties": { "shapeName": "District of Revnca", "shapeISO": "", "shapeID": "56367889B31823009041462", "shapeGroup": "SVK", "shapeType": "ADM2" }, "geometry": { "type": "Polygon", "coordinates": [ [ [ 20.194319, 48.790588 ], [ 20.177247, 48.788938 ], [ 20.168255, 48.796091 ], [ 20.155678, 48.787979 ], [ 20.150738, 48.782731 ], [ 20.147318, 48.781947 ], [ 20.143198, 48.783254 ], [ 20.138923, 48.78816 ], [ 20.132928, 48.790446 ], [ 20.116847, 48.784363 ], [ 20.110611, 48.784214 ], [ 20.105883, 48.78692 ], [ 20.092326, 48.790055 ], [ 20.089603, 48.796156 ], [ 20.09145, 48.80276 ], [ 20.086844, 48.804125 ], [ 20.080267, 48.802382 ], [ 20.077818, 48.803943 ], [ 20.070387, 48.803776 ], [ 20.062822, 48.799296 ], [ 20.052274, 48.797653 ], [ 20.04958, 48.798421 ], [ 20.052836, 48.799703 ], [ 20.051293, 48.801225 ], [ 20.055063, 48.803531 ], [ 20.052471, 48.805034 ], [ 20.044646, 48.803904 ], [ 20.033742, 48.806726 ], [ 20.020714, 48.801721 ], [ 20.016377, 48.802275 ], [ 20.013678, 48.795824 ], [ 19.99789, 48.790055 ], [ 19.992973, 48.789639 ], [ 19.988354, 48.785885 ], [ 19.973091, 48.785454 ], [ 19.971296, 48.781023 ], [ 19.965702, 48.782257 ], [ 19.942717, 48.781442 ], [ 19.939113, 48.786766 ], [ 19.936725, 48.785577 ], [ 19.931102, 48.786743 ], [ 19.92574, 48.785043 ], [ 19.926156, 48.783749 ], [ 19.917872, 48.77664 ], [ 19.914634, 48.779408 ], [ 19.909308, 48.779327 ], [ 19.894851, 48.783828 ], [ 19.891301, 48.783586 ], [ 19.886525, 48.777201 ], [ 19.885814, 48.772064 ], [ 19.888171, 48.769584 ], [ 19.906616, 48.762288 ], [ 19.913979, 48.756172 ], [ 19.922942, 48.755727 ], [ 19.928548, 48.75381 ], [ 19.941844, 48.755167 ], [ 19.954324, 48.750515 ], [ 19.961556, 48.750299 ], [ 19.965328, 48.745946 ], [ 19.970391, 48.73331 ], [ 19.968395, 48.72632 ], [ 19.97135, 48.724992 ], [ 19.972931, 48.719239 ], [ 19.965036, 48.710837 ], [ 19.961333, 48.709547 ], [ 19.960702, 48.705324 ], [ 19.964291, 48.702753 ], [ 19.97677, 48.706906 ], [ 19.978828, 48.703352 ], [ 19.991489, 48.695881 ], [ 19.998319, 48.694649 ], [ 20.000267, 48.691819 ], [ 20.005612, 48.68917 ], [ 20.003786, 48.682892 ], [ 19.999459, 48.681219 ], [ 20.003246, 48.673618 ], [ 19.997054, 48.665735 ], [ 19.998404, 48.663241 ], [ 20.013334, 48.657213 ], [ 20.009418, 48.64797 ], [ 20.012575, 48.640933 ], [ 20.019404, 48.63908 ], [ 20.02186, 48.636109 ], [ 20.027039, 48.635649 ], [ 20.036781, 48.625082 ], [ 20.033343, 48.618535 ], [ 20.027343, 48.619051 ], [ 20.024949, 48.617509 ], [ 20.022069, 48.618416 ], [ 20.020856, 48.617474 ], [ 20.026892, 48.612892 ], [ 20.031662, 48.612021 ], [ 20.03899, 48.613581 ], [ 20.04306, 48.605986 ], [ 20.056, 48.605341 ], [ 20.060631, 48.601005 ], [ 20.059269, 48.600532 ], [ 20.065276, 48.586344 ], [ 20.069789, 48.584245 ], [ 20.081999, 48.584768 ], [ 20.085035, 48.5772 ], [ 20.100758, 48.573837 ], [ 20.10566, 48.563817 ], [ 20.110642, 48.55994 ], [ 20.110281, 48.556742 ], [ 20.114104, 48.55498 ], [ 20.113059, 48.553133 ], [ 20.117709, 48.551173 ], [ 20.109346, 48.554689 ], [ 20.104732, 48.550245 ], [ 20.096661, 48.549019 ], [ 20.086395, 48.553371 ], [ 20.086478, 48.554713 ], [ 20.082528, 48.554101 ], [ 20.082556, 48.544347 ], [ 20.085689, 48.541004 ], [ 20.081715, 48.538942 ], [ 20.083733, 48.533361 ], [ 20.076821, 48.530441 ], [ 20.084649, 48.528647 ], [ 20.08451, 48.524594 ], [ 20.093906, 48.520604 ], [ 20.100753, 48.521904 ], [ 20.107721, 48.517909 ], [ 20.106511, 48.520715 ], [ 20.113076, 48.530908 ], [ 20.109951, 48.533102 ], [ 20.111007, 48.534271 ], [ 20.115788, 48.536944 ], [ 20.117535, 48.536154 ], [ 20.120372, 48.539989 ], [ 20.134135, 48.544089 ], [ 20.136126, 48.544102 ], [ 20.137654, 48.541373 ], [ 20.146939, 48.539749 ], [ 20.152964, 48.534193 ], [ 20.157915, 48.533533 ], [ 20.145072, 48.519967 ], [ 20.144692, 48.511478 ], [ 20.148783, 48.506852 ], [ 20.145733, 48.502841 ], [ 20.146372, 48.496944 ], [ 20.156578, 48.495782 ], [ 20.162934, 48.492791 ], [ 20.16852, 48.49232 ], [ 20.209946, 48.477611 ], [ 20.213186, 48.458324 ], [ 20.219004, 48.456613 ], [ 20.225602, 48.451645 ], [ 20.2241, 48.449013 ], [ 20.2278, 48.445463 ], [ 20.24666, 48.441886 ], [ 20.246687, 48.428481 ], [ 20.264144, 48.419698 ], [ 20.268898, 48.420104 ], [ 20.274614, 48.4184 ], [ 20.283532, 48.421188 ], [ 20.285931, 48.419392 ], [ 20.287336, 48.411143 ], [ 20.285024, 48.408395 ], [ 20.287932, 48.405625 ], [ 20.283803, 48.402911 ], [ 20.301673, 48.399344 ], [ 20.319412, 48.399756 ], [ 20.319516, 48.397615 ], [ 20.359026, 48.40099 ], [ 20.360138, 48.403254 ], [ 20.362128, 48.402665 ], [ 20.367656, 48.404973 ], [ 20.372359, 48.410317 ], [ 20.371212, 48.416491 ], [ 20.379956, 48.41864 ], [ 20.385203, 48.422732 ], [ 20.398885, 48.424875 ], [ 20.403298, 48.423832 ], [ 20.407346, 48.419387 ], [ 20.4180413, 48.4200456 ], [ 20.4270984, 48.4250216 ], [ 20.429313, 48.4286394 ], [ 20.4345151, 48.4301707 ], [ 20.4430703, 48.4387003 ], [ 20.4455368, 48.444487399999986 ], [ 20.4517574, 48.4485646 ], [ 20.4698187, 48.4525456 ], [ 20.4694691, 48.4598534 ], [ 20.4638934, 48.4639011 ], [ 20.464326, 48.468398 ], [ 20.455592, 48.473565 ], [ 20.437402, 48.467558 ], [ 20.433056, 48.469265 ], [ 20.427645, 48.467124 ], [ 20.420277, 48.470488 ], [ 20.413967, 48.461149 ], [ 20.409744, 48.461069 ], [ 20.407402, 48.458674 ], [ 20.396198, 48.45648 ], [ 20.394035, 48.456671 ], [ 20.390967, 48.463089 ], [ 20.380033, 48.468161 ], [ 20.372078, 48.464551 ], [ 20.369632, 48.461268 ], [ 20.362183, 48.463216 ], [ 20.341705, 48.461073 ], [ 20.334462, 48.463308 ], [ 20.341602, 48.47278 ], [ 20.336234, 48.47493 ], [ 20.332712, 48.47355 ], [ 20.332838, 48.475649 ], [ 20.327933, 48.473817 ], [ 20.326453, 48.474835 ], [ 20.320511, 48.474071 ], [ 20.306424, 48.479673 ], [ 20.309292, 48.484115 ], [ 20.307565, 48.489139 ], [ 20.30961, 48.494983 ], [ 20.299455, 48.50122 ], [ 20.298145, 48.504502 ], [ 20.301186, 48.507781 ], [ 20.302672, 48.518879 ], [ 20.318544, 48.523895 ], [ 20.323848, 48.53545 ], [ 20.328367, 48.535517 ], [ 20.331713, 48.537346 ], [ 20.331282, 48.550623 ], [ 20.335428, 48.555409 ], [ 20.336207, 48.560992 ], [ 20.341131, 48.56965 ], [ 20.35052, 48.574794 ], [ 20.347619, 48.578674 ], [ 20.349468, 48.580492 ], [ 20.347769, 48.584091 ], [ 20.35186, 48.588037 ], [ 20.355987, 48.598839 ], [ 20.34249, 48.600129 ], [ 20.338475, 48.603104 ], [ 20.33699, 48.607204 ], [ 20.333732, 48.608683 ], [ 20.32121, 48.604974 ], [ 20.296459, 48.611035 ], [ 20.296228, 48.614041 ], [ 20.302691, 48.619946 ], [ 20.303781, 48.62349 ], [ 20.298035, 48.629959 ], [ 20.297475, 48.636111 ], [ 20.293445, 48.644254 ], [ 20.298997, 48.655205 ], [ 20.302389, 48.658018 ], [ 20.297486, 48.657912 ], [ 20.290195, 48.662214 ], [ 20.28216, 48.673235 ], [ 20.277504, 48.674786 ], [ 20.274945, 48.680435 ], [ 20.276026, 48.682129 ], [ 20.271317, 48.687923 ], [ 20.265551, 48.689832 ], [ 20.263524, 48.692741 ], [ 20.256621, 48.693728 ], [ 20.252964, 48.697776 ], [ 20.240852, 48.70217 ], [ 20.209728, 48.722031 ], [ 20.190903, 48.720113 ], [ 20.182303, 48.728225 ], [ 20.183783, 48.735605 ], [ 20.181222, 48.740997 ], [ 20.182857, 48.746234 ], [ 20.18195, 48.757074 ], [ 20.191579, 48.760455 ], [ 20.19279, 48.763446 ], [ 20.20763, 48.773564 ], [ 20.201088, 48.779567 ], [ 20.19901, 48.785446 ], [ 20.194319, 48.790588 ] ] ] } },
{ "type": "Feature", "properties": { "shapeName": "District of Povacskn Bystrica", "shapeISO": "", "shapeID": "56367889B2947656286883", "shapeGroup": "SVK", "shapeType": "ADM2" }, "geometry": { "type": "Polygon", "coordinates": [ [ [ 18.322605, 49.315109 ], [ 18.301088, 49.310022 ], [ 18.303135, 49.305925 ], [ 18.271897, 49.302084 ], [ 18.263762, 49.298271 ], [ 18.259452, 49.298284 ], [ 18.248114, 49.29474 ], [ 18.248391, 49.273555 ], [ 18.252183, 49.268494 ], [ 18.262268, 49.263565 ], [ 18.261171, 49.253169 ], [ 18.265249, 49.248493 ], [ 18.271427, 49.233357 ], [ 18.275631, 49.230953 ], [ 18.279638, 49.232154 ], [ 18.285791, 49.222715 ], [ 18.290292, 49.219601 ], [ 18.283084, 49.218922 ], [ 18.289773, 49.21293 ], [ 18.3012, 49.217111 ], [ 18.323195, 49.215862 ], [ 18.330768, 49.213668 ], [ 18.326068, 49.208765 ], [ 18.323856, 49.199317 ], [ 18.323642, 49.190938 ], [ 18.325403, 49.190479 ], [ 18.326992, 49.181592 ], [ 18.330853, 49.182233 ], [ 18.338505, 49.179029 ], [ 18.343421, 49.173508 ], [ 18.354798, 49.172329 ], [ 18.358073, 49.170702 ], [ 18.355502, 49.165251 ], [ 18.35625, 49.161914 ], [ 18.362912, 49.15944 ], [ 18.366974, 49.154718 ], [ 18.368647, 49.149272 ], [ 18.367183, 49.142343 ], [ 18.370029, 49.139596 ], [ 18.376354, 49.139282 ], [ 18.377279, 49.133538 ], [ 18.38241, 49.124469 ], [ 18.379077, 49.121104 ], [ 18.382403, 49.119633 ], [ 18.39027, 49.121661 ], [ 18.396019, 49.121059 ], [ 18.399267, 49.113913 ], [ 18.393403, 49.109923 ], [ 18.387168, 49.108551 ], [ 18.382724, 49.101878 ], [ 18.388942, 49.102038 ], [ 18.396762, 49.09886 ], [ 18.395934, 49.094094 ], [ 18.38873, 49.093122 ], [ 18.390127, 49.080713 ], [ 18.394782, 49.069642 ], [ 18.391951, 49.068007 ], [ 18.394937, 49.067886 ], [ 18.399023, 49.065037 ], [ 18.392252, 49.05994 ], [ 18.389476, 49.061022 ], [ 18.387164, 49.059075 ], [ 18.386999, 49.049703 ], [ 18.383625, 49.047318 ], [ 18.394221, 49.036367 ], [ 18.394226, 49.0292 ], [ 18.40447, 49.020697 ], [ 18.401796, 49.018185 ], [ 18.401311, 49.013326 ], [ 18.402997, 49.011827 ], [ 18.39947, 49.00891 ], [ 18.401281, 49.006363 ], [ 18.41185, 49.001345 ], [ 18.409753, 49.000015 ], [ 18.411327, 48.997904 ], [ 18.420735, 48.998262 ], [ 18.420793, 48.990207 ], [ 18.428348, 48.988555 ], [ 18.437509, 48.982226 ], [ 18.440631, 48.984315 ], [ 18.44781, 48.983037 ], [ 18.452815, 48.978148 ], [ 18.46062, 48.975984 ], [ 18.459846, 48.963737 ], [ 18.464963, 48.95636 ], [ 18.474334, 48.957174 ], [ 18.479874, 48.961249 ], [ 18.490466, 48.964079 ], [ 18.497191, 48.963535 ], [ 18.506223, 48.971033 ], [ 18.509481, 48.982376 ], [ 18.52905, 48.990107 ], [ 18.530783, 48.992304 ], [ 18.538878, 48.990904 ], [ 18.542002, 48.992685 ], [ 18.56062, 48.994652 ], [ 18.569639, 48.998098 ], [ 18.587131, 49.014231 ], [ 18.586367, 49.018612 ], [ 18.599602, 49.024233 ], [ 18.598701, 49.027001 ], [ 18.601522, 49.031479 ], [ 18.599535, 49.033577 ], [ 18.60013, 49.038143 ], [ 18.602614, 49.041074 ], [ 18.596606, 49.044929 ], [ 18.59514, 49.048118 ], [ 18.602795, 49.054127 ], [ 18.599875, 49.057717 ], [ 18.599731, 49.061305 ], [ 18.602664, 49.063225 ], [ 18.60057, 49.068378 ], [ 18.597895, 49.069768 ], [ 18.598923, 49.072743 ], [ 18.590996, 49.076034 ], [ 18.58881, 49.078582 ], [ 18.589531, 49.080877 ], [ 18.579029, 49.0862 ], [ 18.561058, 49.088564 ], [ 18.557, 49.087588 ], [ 18.559581, 49.093649 ], [ 18.562448, 49.094232 ], [ 18.570557, 49.100777 ], [ 18.574057, 49.101006 ], [ 18.577174, 49.104445 ], [ 18.583413, 49.106483 ], [ 18.59042, 49.114003 ], [ 18.590453, 49.117767 ], [ 18.586796, 49.120996 ], [ 18.574688, 49.124301 ], [ 18.577849, 49.134381 ], [ 18.574914, 49.143188 ], [ 18.553361, 49.146777 ], [ 18.555127, 49.154833 ], [ 18.548141, 49.158011 ], [ 18.539334, 49.159104 ], [ 18.533767, 49.164206 ], [ 18.524153, 49.163816 ], [ 18.517352, 49.166322 ], [ 18.511434, 49.172753 ], [ 18.507916, 49.173615 ], [ 18.508106, 49.175849 ], [ 18.496731, 49.177219 ], [ 18.486587, 49.181636 ], [ 18.480194, 49.187145 ], [ 18.471138, 49.18783 ], [ 18.467647, 49.189501 ], [ 18.462819, 49.198013 ], [ 18.464305, 49.204572 ], [ 18.446647, 49.212336 ], [ 18.450792, 49.218215 ], [ 18.441751, 49.225048 ], [ 18.44217, 49.231541 ], [ 18.439355, 49.236272 ], [ 18.435539, 49.241808 ], [ 18.427142, 49.248019 ], [ 18.430339, 49.254993 ], [ 18.421955, 49.264566 ], [ 18.414982, 49.267082 ], [ 18.413953, 49.269412 ], [ 18.410255, 49.270894 ], [ 18.408349, 49.276249 ], [ 18.402694, 49.282396 ], [ 18.398324, 49.282561 ], [ 18.397119, 49.289876 ], [ 18.391739, 49.296319 ], [ 18.38347, 49.297635 ], [ 18.380502, 49.302076 ], [ 18.377103, 49.303376 ], [ 18.374492, 49.310521 ], [ 18.375951, 49.315434 ], [ 18.373402, 49.318983 ], [ 18.362009, 49.317459 ], [ 18.355895, 49.319705 ], [ 18.325089, 49.313305 ], [ 18.322605, 49.315109 ] ] ] } },
{ "type": "Feature", "properties": { "shapeName": "District of Lucenec", "shapeISO": "", "shapeID": "56367889B59585277732331", "shapeGroup": "SVK", "shapeType": "ADM2" }, "geometry": { "type": "Polygon", "coordinates": [ [ [ 19.833225, 48.390643 ], [ 19.818131, 48.39176 ], [ 19.818706, 48.387794 ], [ 19.807067, 48.386742 ], [ 19.79978, 48.392465 ], [ 19.795762, 48.389694 ], [ 19.784959, 48.387014 ], [ 19.786482, 48.384566 ], [ 19.779991, 48.379981 ], [ 19.760288, 48.382605 ], [ 19.752897, 48.38023 ], [ 19.748345, 48.380997 ], [ 19.751569, 48.371117 ], [ 19.741049, 48.365096 ], [ 19.737761, 48.368197 ], [ 19.73357, 48.364533 ], [ 19.72565, 48.368884 ], [ 19.718798, 48.367422 ], [ 19.71296, 48.364164 ], [ 19.691961, 48.365857 ], [ 19.689674, 48.362148 ], [ 19.684455, 48.360057 ], [ 19.67388, 48.362163 ], [ 19.671279, 48.366983 ], [ 19.655802, 48.379106 ], [ 19.649775, 48.380119 ], [ 19.645883, 48.378348 ], [ 19.643311, 48.382773 ], [ 19.64612, 48.384894 ], [ 19.647029, 48.390221 ], [ 19.644484, 48.39612 ], [ 19.653523, 48.407356 ], [ 19.665384, 48.405584 ], [ 19.671618, 48.399794 ], [ 19.677729, 48.402824 ], [ 19.678674, 48.40967 ], [ 19.671495, 48.417182 ], [ 19.661026, 48.422784 ], [ 19.653159, 48.424791 ], [ 19.636472, 48.43274 ], [ 19.632811, 48.433027 ], [ 19.631236, 48.431656 ], [ 19.623624, 48.435495 ], [ 19.620501, 48.438996 ], [ 19.624777, 48.440663 ], [ 19.624747, 48.442453 ], [ 19.616586, 48.444233 ], [ 19.621288, 48.449671 ], [ 19.618542, 48.453189 ], [ 19.607283, 48.454889 ], [ 19.598169, 48.460003 ], [ 19.61236, 48.468464 ], [ 19.610636, 48.473558 ], [ 19.600262, 48.48601 ], [ 19.60278, 48.492496 ], [ 19.60928, 48.49896 ], [ 19.607944, 48.50698 ], [ 19.601381, 48.509552 ], [ 19.594637, 48.514774 ], [ 19.59097, 48.521993 ], [ 19.591692, 48.527248 ], [ 19.58391, 48.532417 ], [ 19.580469, 48.537111 ], [ 19.569108, 48.536442 ], [ 19.56789, 48.544776 ], [ 19.565012, 48.545417 ], [ 19.561579, 48.542775 ], [ 19.56265, 48.540651 ], [ 19.557222, 48.542972 ], [ 19.551296, 48.540213 ], [ 19.550681, 48.541518 ], [ 19.543017, 48.540356 ], [ 19.535667, 48.533078 ], [ 19.529039, 48.530603 ], [ 19.528521, 48.526856 ], [ 19.525249, 48.525297 ], [ 19.522973, 48.524828 ], [ 19.522889, 48.527298 ], [ 19.521075, 48.527565 ], [ 19.512621, 48.526046 ], [ 19.501076, 48.520941 ], [ 19.499934, 48.508859 ], [ 19.496994, 48.505208 ], [ 19.489312, 48.505158 ], [ 19.485111, 48.502075 ], [ 19.478409, 48.50202 ], [ 19.47225, 48.497265 ], [ 19.471567, 48.493831 ], [ 19.46617, 48.491103 ], [ 19.461974, 48.489935 ], [ 19.456164, 48.490786 ], [ 19.456372, 48.49861 ], [ 19.450382, 48.499634 ], [ 19.445293, 48.504144 ], [ 19.441837, 48.500406 ], [ 19.438699, 48.489885 ], [ 19.430088, 48.481787 ], [ 19.422162, 48.487716 ], [ 19.408423, 48.482043 ], [ 19.39342, 48.486078 ], [ 19.370994, 48.488824 ], [ 19.363555, 48.48815 ], [ 19.370621, 48.484035 ], [ 19.371309, 48.481724 ], [ 19.377848, 48.481109 ], [ 19.394805, 48.474979 ], [ 19.382657, 48.467499 ], [ 19.384547, 48.463883 ], [ 19.395819, 48.457816 ], [ 19.367094, 48.456416 ], [ 19.372102, 48.452732 ], [ 19.365396, 48.449136 ], [ 19.379494, 48.437211 ], [ 19.381226, 48.4315 ], [ 19.384476, 48.429778 ], [ 19.390438, 48.420457 ], [ 19.388487, 48.408768 ], [ 19.394336, 48.398324 ], [ 19.397586, 48.392173 ], [ 19.396251, 48.391537 ], [ 19.39837, 48.390839 ], [ 19.39586, 48.390772 ], [ 19.399265, 48.389805 ], [ 19.401455, 48.385778 ], [ 19.404966, 48.384503 ], [ 19.403999, 48.38328 ], [ 19.406723, 48.382555 ], [ 19.409573, 48.374558 ], [ 19.417551, 48.374896 ], [ 19.417289, 48.372746 ], [ 19.421658, 48.369258 ], [ 19.430956, 48.367358 ], [ 19.434041, 48.369018 ], [ 19.43951, 48.3679 ], [ 19.433276, 48.357231 ], [ 19.430063, 48.354921 ], [ 19.431456, 48.342648 ], [ 19.437885, 48.345908 ], [ 19.444974, 48.345807 ], [ 19.455827, 48.348644 ], [ 19.46303, 48.340454 ], [ 19.468022, 48.325687 ], [ 19.472202, 48.326238 ], [ 19.475701, 48.322967 ], [ 19.476072, 48.318124 ], [ 19.479622, 48.316331 ], [ 19.482275, 48.317318 ], [ 19.486667, 48.316169 ], [ 19.485871, 48.312343 ], [ 19.489323, 48.309847 ], [ 19.494505, 48.308753 ], [ 19.499075, 48.305007 ], [ 19.499462, 48.29489 ], [ 19.505681, 48.28494 ], [ 19.506626, 48.277438 ], [ 19.525082, 48.275933 ], [ 19.524245, 48.280253 ], [ 19.526764, 48.283345 ], [ 19.543293, 48.283986 ], [ 19.545204, 48.280694 ], [ 19.54969, 48.279831 ], [ 19.553104, 48.273721 ], [ 19.557626, 48.270342 ], [ 19.564142, 48.268287 ], [ 19.545994, 48.267521 ], [ 19.541966, 48.264076 ], [ 19.543668, 48.255285 ], [ 19.54744, 48.249049 ], [ 19.541849, 48.237486 ], [ 19.549201, 48.226914 ], [ 19.54558, 48.214929 ], [ 19.541498, 48.209325 ], [ 19.546158, 48.205486 ], [ 19.567093, 48.215362 ], [ 19.577502, 48.216015 ], [ 19.592604, 48.227836 ], [ 19.602326, 48.231635 ], [ 19.608217, 48.238987 ], [ 19.619435, 48.242449 ], [ 19.6308264, 48.2500725 ], [ 19.644304, 48.241639 ], [ 19.644524, 48.239172 ], [ 19.65439, 48.238136 ], [ 19.660211, 48.24152 ], [ 19.665777, 48.241382 ], [ 19.669857, 48.239212 ], [ 19.675822, 48.224398 ], [ 19.674662, 48.219739 ], [ 19.67986, 48.216727 ], [ 19.679859, 48.213026 ], [ 19.691297, 48.207048 ], [ 19.691219, 48.203894 ], [ 19.694296, 48.204796 ], [ 19.70186, 48.203795 ], [ 19.706593, 48.20101 ], [ 19.710312, 48.20248 ], [ 19.721125, 48.201473 ], [ 19.734887, 48.215166 ], [ 19.74618, 48.216512 ], [ 19.752617, 48.214268 ], [ 19.760709, 48.213792 ], [ 19.766747, 48.205685 ], [ 19.772697, 48.205362 ], [ 19.774634, 48.203175 ], [ 19.781322, 48.201011 ], [ 19.78631, 48.196648 ], [ 19.787163, 48.19253 ], [ 19.798733, 48.19482 ], [ 19.802002, 48.192394 ], [ 19.805283, 48.183733 ], [ 19.788708, 48.173337 ], [ 19.789588, 48.168274 ], [ 19.782415, 48.165039 ], [ 19.794812, 48.153529 ], [ 19.802909, 48.15489 ], [ 19.806471, 48.154145 ], [ 19.808264, 48.159305 ], [ 19.806584, 48.162061 ], [ 19.812159, 48.163446 ], [ 19.813846, 48.167015 ], [ 19.821331, 48.169081 ], [ 19.829897, 48.166942 ], [ 19.83075, 48.16487 ], [ 19.8273584, 48.1636676 ], [ 19.838594, 48.162174 ], [ 19.845282, 48.162742 ], [ 19.843943, 48.16796 ], [ 19.8504, 48.171527 ], [ 19.852012, 48.1775 ], [ 19.855173, 48.178431 ], [ 19.858431, 48.175068 ], [ 19.856114, 48.171226 ], [ 19.860131, 48.169409 ], [ 19.868086, 48.171508 ], [ 19.875352, 48.169599 ], [ 19.879156, 48.170447 ], [ 19.8824, 48.164141 ], [ 19.889074, 48.164088 ], [ 19.883299, 48.167104 ], [ 19.895128, 48.184348 ], [ 19.892999, 48.185623 ], [ 19.895251, 48.188496 ], [ 19.892705, 48.189665 ], [ 19.893335, 48.195224 ], [ 19.890468, 48.198126 ], [ 19.907015, 48.194751 ], [ 19.915507, 48.203028 ], [ 19.924565, 48.202172 ], [ 19.921174, 48.205522 ], [ 19.925665, 48.209391 ], [ 19.928646, 48.215555 ], [ 19.926087, 48.219942 ], [ 19.930651, 48.226665 ], [ 19.931856, 48.235427 ], [ 19.940984, 48.234991 ], [ 19.94269, 48.237547 ], [ 19.941699, 48.239148 ], [ 19.939408, 48.238665 ], [ 19.937505, 48.243192 ], [ 19.939547, 48.244872 ], [ 19.935035, 48.249731 ], [ 19.915315, 48.251854 ], [ 19.908861, 48.257661 ], [ 19.909477, 48.267811 ], [ 19.912719, 48.26935 ], [ 19.910314, 48.274413 ], [ 19.903499, 48.280953 ], [ 19.905553, 48.285677 ], [ 19.899104, 48.286421 ], [ 19.888827, 48.290843 ], [ 19.888025, 48.294532 ], [ 19.880535, 48.296545 ], [ 19.880661, 48.310947 ], [ 19.874248, 48.311444 ], [ 19.874651, 48.315547 ], [ 19.871211, 48.319663 ], [ 19.871233, 48.323535 ], [ 19.867506, 48.327548 ], [ 19.863274, 48.328639 ], [ 19.861677, 48.335397 ], [ 19.856811, 48.337316 ], [ 19.853998, 48.341195 ], [ 19.85412, 48.347512 ], [ 19.857431, 48.348063 ], [ 19.865111, 48.356069 ], [ 19.858711, 48.359737 ], [ 19.860815, 48.36159 ], [ 19.863633, 48.361067 ], [ 19.860601, 48.367883 ], [ 19.861615, 48.370064 ], [ 19.844093, 48.374923 ], [ 19.834528, 48.383832 ], [ 19.835392, 48.386699 ], [ 19.833225, 48.390643 ] ] ] } },
{ "type": "Feature", "properties": { "shapeName": "District of Detva", "shapeISO": "", "shapeID": "56367889B72151249658777", "shapeGroup": "SVK", "shapeType": "ADM2" }, "geometry": { "type": "Polygon", "coordinates": [ [ [ 19.353532, 48.390097 ], [ 19.35855, 48.383254 ], [ 19.371939, 48.382912 ], [ 19.39122, 48.394021 ], [ 19.394336, 48.398324 ], [ 19.388487, 48.408768 ], [ 19.390438, 48.420457 ], [ 19.384476, 48.429778 ], [ 19.381226, 48.4315 ], [ 19.379494, 48.437211 ], [ 19.365396, 48.449136 ], [ 19.372102, 48.452732 ], [ 19.367094, 48.456416 ], [ 19.395819, 48.457816 ], [ 19.384547, 48.463883 ], [ 19.382657, 48.467499 ], [ 19.394805, 48.474979 ], [ 19.377848, 48.481109 ], [ 19.371309, 48.481724 ], [ 19.370621, 48.484035 ], [ 19.363555, 48.48815 ], [ 19.370994, 48.488824 ], [ 19.39342, 48.486078 ], [ 19.408423, 48.482043 ], [ 19.422162, 48.487716 ], [ 19.430088, 48.481787 ], [ 19.438699, 48.489885 ], [ 19.441837, 48.500406 ], [ 19.445293, 48.504144 ], [ 19.450382, 48.499634 ], [ 19.456372, 48.49861 ], [ 19.456164, 48.490786 ], [ 19.461974, 48.489935 ], [ 19.46617, 48.491103 ], [ 19.471567, 48.493831 ], [ 19.47225, 48.497265 ], [ 19.478409, 48.50202 ], [ 19.485111, 48.502075 ], [ 19.489312, 48.505158 ], [ 19.496994, 48.505208 ], [ 19.499934, 48.508859 ], [ 19.501076, 48.520941 ], [ 19.512621, 48.526046 ], [ 19.521075, 48.527565 ], [ 19.522889, 48.527298 ], [ 19.522973, 48.524828 ], [ 19.525249, 48.525297 ], [ 19.528521, 48.526856 ], [ 19.529039, 48.530603 ], [ 19.535667, 48.533078 ], [ 19.543017, 48.540356 ], [ 19.550681, 48.541518 ], [ 19.551296, 48.540213 ], [ 19.557222, 48.542972 ], [ 19.56265, 48.540651 ], [ 19.561579, 48.542775 ], [ 19.565012, 48.545417 ], [ 19.56789, 48.544776 ], [ 19.569108, 48.536442 ], [ 19.580469, 48.537111 ], [ 19.584229, 48.538066 ], [ 19.59156, 48.536407 ], [ 19.60508, 48.539654 ], [ 19.609964, 48.538524 ], [ 19.617869, 48.534498 ], [ 19.625704, 48.519019 ], [ 19.630684, 48.522672 ], [ 19.629615, 48.527933 ], [ 19.634372, 48.539492 ], [ 19.642826, 48.541065 ], [ 19.639802, 48.542679 ], [ 19.641053, 48.545486 ], [ 19.647645, 48.54583 ], [ 19.646744, 48.549534 ], [ 19.650203, 48.552899 ], [ 19.653088, 48.552037 ], [ 19.653982, 48.553743 ], [ 19.656232, 48.553308 ], [ 19.647008, 48.564215 ], [ 19.650271, 48.565044 ], [ 19.650053, 48.562224 ], [ 19.652199, 48.563555 ], [ 19.656425, 48.562792 ], [ 19.657333, 48.56434 ], [ 19.658537, 48.563489 ], [ 19.664321, 48.568776 ], [ 19.66677, 48.567935 ], [ 19.669448, 48.569334 ], [ 19.6701, 48.572115 ], [ 19.677646, 48.575072 ], [ 19.681495, 48.572934 ], [ 19.687186, 48.574378 ], [ 19.68876, 48.572813 ], [ 19.692747, 48.575962 ], [ 19.695039, 48.574842 ], [ 19.697142, 48.576912 ], [ 19.712012, 48.578847 ], [ 19.710511, 48.582911 ], [ 19.714443, 48.582034 ], [ 19.715607, 48.584771 ], [ 19.709012, 48.588257 ], [ 19.709054, 48.593825 ], [ 19.711336, 48.59517 ], [ 19.71357, 48.592624 ], [ 19.721316, 48.596766 ], [ 19.713701, 48.600721 ], [ 19.70469, 48.602668 ], [ 19.700639, 48.607528 ], [ 19.689809, 48.614279 ], [ 19.681665, 48.613851 ], [ 19.675315, 48.615485 ], [ 19.672291, 48.619159 ], [ 19.660646, 48.623847 ], [ 19.637798, 48.624893 ], [ 19.637303, 48.630374 ], [ 19.645485, 48.634026 ], [ 19.646735, 48.636541 ], [ 19.646593, 48.641481 ], [ 19.644215, 48.643012 ], [ 19.629525, 48.641858 ], [ 19.623521, 48.64293 ], [ 19.618942, 48.646037 ], [ 19.608978, 48.645249 ], [ 19.603556, 48.647556 ], [ 19.601654, 48.650648 ], [ 19.593118, 48.653573 ], [ 19.590297, 48.652148 ], [ 19.572172, 48.654582 ], [ 19.563644, 48.658872 ], [ 19.556308, 48.655243 ], [ 19.55396, 48.657374 ], [ 19.541956, 48.659107 ], [ 19.538804, 48.661485 ], [ 19.519211, 48.660879 ], [ 19.515517, 48.658402 ], [ 19.50714, 48.658745 ], [ 19.494255, 48.654299 ], [ 19.484491, 48.654755 ], [ 19.471502, 48.649195 ], [ 19.468089, 48.645319 ], [ 19.462485, 48.644377 ], [ 19.448797, 48.635629 ], [ 19.448845, 48.63189 ], [ 19.44224, 48.627199 ], [ 19.434252, 48.615115 ], [ 19.429067, 48.612514 ], [ 19.425953, 48.60793 ], [ 19.4199, 48.609239 ], [ 19.416469, 48.608025 ], [ 19.417473, 48.610195 ], [ 19.412424, 48.609289 ], [ 19.411573, 48.610261 ], [ 19.414916, 48.611457 ], [ 19.406503, 48.617573 ], [ 19.404153, 48.617803 ], [ 19.400541, 48.615573 ], [ 19.394102, 48.616917 ], [ 19.393526, 48.619477 ], [ 19.388498, 48.61988 ], [ 19.387423, 48.618206 ], [ 19.381929, 48.620553 ], [ 19.379487, 48.617495 ], [ 19.375744, 48.616652 ], [ 19.373349, 48.612789 ], [ 19.36495, 48.61284 ], [ 19.359613, 48.609401 ], [ 19.358003, 48.610054 ], [ 19.354436, 48.605234 ], [ 19.346048, 48.606749 ], [ 19.329012, 48.606417 ], [ 19.331081, 48.600452 ], [ 19.324258, 48.598614 ], [ 19.318358, 48.591057 ], [ 19.331736, 48.587012 ], [ 19.333344, 48.583164 ], [ 19.334707, 48.584406 ], [ 19.336163, 48.582475 ], [ 19.338217, 48.584242 ], [ 19.344715, 48.580503 ], [ 19.362736, 48.575444 ], [ 19.367255, 48.57228 ], [ 19.358962, 48.567624 ], [ 19.359816, 48.563647 ], [ 19.386063, 48.547905 ], [ 19.370614, 48.548499 ], [ 19.366313, 48.55608 ], [ 19.362095, 48.559352 ], [ 19.341785, 48.562518 ], [ 19.331338, 48.55997 ], [ 19.331852, 48.562673 ], [ 19.327776, 48.564153 ], [ 19.326129, 48.574738 ], [ 19.321983, 48.577216 ], [ 19.317552, 48.577718 ], [ 19.314896, 48.576553 ], [ 19.295344, 48.57838 ], [ 19.297239, 48.575125 ], [ 19.294587, 48.57447 ], [ 19.292131, 48.566363 ], [ 19.284427, 48.563613 ], [ 19.286671, 48.5574 ], [ 19.27787, 48.554579 ], [ 19.279999, 48.554202 ], [ 19.280274, 48.55001 ], [ 19.285396, 48.550725 ], [ 19.28153, 48.548105 ], [ 19.281515, 48.546002 ], [ 19.289583, 48.539156 ], [ 19.284747, 48.540571 ], [ 19.27543, 48.533691 ], [ 19.277867, 48.529769 ], [ 19.289893, 48.520436 ], [ 19.286675, 48.509858 ], [ 19.279366, 48.502359 ], [ 19.27517, 48.503013 ], [ 19.271789, 48.506628 ], [ 19.266702, 48.505742 ], [ 19.260346, 48.507529 ], [ 19.261555, 48.501803 ], [ 19.264862, 48.49898 ], [ 19.262049, 48.496258 ], [ 19.260428, 48.499432 ], [ 19.241556, 48.50204 ], [ 19.243477, 48.497601 ], [ 19.238186, 48.493273 ], [ 19.237664, 48.485744 ], [ 19.246701, 48.481664 ], [ 19.247929, 48.47661 ], [ 19.255477, 48.47092 ], [ 19.27182, 48.471752 ], [ 19.278721, 48.467855 ], [ 19.278877, 48.463012 ], [ 19.274739, 48.456821 ], [ 19.27564, 48.443981 ], [ 19.279926, 48.444225 ], [ 19.288892, 48.441707 ], [ 19.293954, 48.443235 ], [ 19.297233, 48.439431 ], [ 19.309411, 48.436523 ], [ 19.311768, 48.438567 ], [ 19.320895, 48.438289 ], [ 19.325503, 48.434136 ], [ 19.332725, 48.431681 ], [ 19.331532, 48.429085 ], [ 19.337605, 48.425629 ], [ 19.339092, 48.422153 ], [ 19.34242, 48.420348 ], [ 19.345118, 48.412555 ], [ 19.347481, 48.412207 ], [ 19.349465, 48.407966 ], [ 19.348875, 48.401903 ], [ 19.353532, 48.390097 ] ] ] } },
{ "type": "Feature", "properties": { "shapeName": "District of Krupina", "shapeISO": "", "shapeID": "56367889B57285771161703", "shapeGroup": "SVK", "shapeType": "ADM2" }, "geometry": { "type": "Polygon", "coordinates": [ [ [ 18.995518, 48.422841 ], [ 18.985252, 48.411295 ], [ 18.979094, 48.410373 ], [ 18.974543, 48.405288 ], [ 18.960641, 48.402654 ], [ 18.961144, 48.397532 ], [ 18.955365, 48.389184 ], [ 18.958962, 48.382186 ], [ 18.954722, 48.381933 ], [ 18.942936, 48.38634 ], [ 18.941787, 48.383277 ], [ 18.946143, 48.37996 ], [ 18.95101, 48.379341 ], [ 18.955635, 48.375448 ], [ 18.949888, 48.367569 ], [ 18.942904, 48.366807 ], [ 18.939719, 48.363865 ], [ 18.942282, 48.361759 ], [ 18.941638, 48.358584 ], [ 18.938043, 48.357941 ], [ 18.937173, 48.355689 ], [ 18.945477, 48.348491 ], [ 18.946739, 48.344624 ], [ 18.949058, 48.344397 ], [ 18.953606, 48.339927 ], [ 18.953741, 48.336641 ], [ 18.94788, 48.334103 ], [ 18.940457, 48.337183 ], [ 18.929307, 48.333408 ], [ 18.92708, 48.328846 ], [ 18.922083, 48.328427 ], [ 18.91365, 48.321198 ], [ 18.919288, 48.314745 ], [ 18.906989, 48.310496 ], [ 18.90202, 48.310998 ], [ 18.899574, 48.316095 ], [ 18.891323, 48.313978 ], [ 18.887379, 48.316806 ], [ 18.885513, 48.32138 ], [ 18.880171, 48.322681 ], [ 18.885174, 48.315418 ], [ 18.880944, 48.308548 ], [ 18.875676, 48.308408 ], [ 18.871523, 48.311985 ], [ 18.863365, 48.305738 ], [ 18.852358, 48.3059 ], [ 18.851416, 48.302666 ], [ 18.848566, 48.302085 ], [ 18.845943, 48.299576 ], [ 18.847307, 48.298418 ], [ 18.844154, 48.297144 ], [ 18.844539, 48.290115 ], [ 18.839823, 48.285606 ], [ 18.844106, 48.275291 ], [ 18.840583, 48.26807 ], [ 18.826632, 48.265559 ], [ 18.817209, 48.260547 ], [ 18.813798, 48.25782 ], [ 18.812905, 48.251105 ], [ 18.805666, 48.245284 ], [ 18.809275, 48.240775 ], [ 18.817124, 48.238777 ], [ 18.820921, 48.235564 ], [ 18.821492, 48.233155 ], [ 18.813751, 48.233097 ], [ 18.808755, 48.229912 ], [ 18.812083, 48.228206 ], [ 18.816319, 48.220108 ], [ 18.831701, 48.206299 ], [ 18.824127, 48.201529 ], [ 18.820268, 48.202599 ], [ 18.817813, 48.195375 ], [ 18.814028, 48.196709 ], [ 18.807442, 48.196071 ], [ 18.800893, 48.187722 ], [ 18.798402, 48.187383 ], [ 18.801863, 48.18229 ], [ 18.802188, 48.173137 ], [ 18.808852, 48.164829 ], [ 18.821207, 48.166276 ], [ 18.824034, 48.168873 ], [ 18.824306, 48.175752 ], [ 18.82827, 48.177708 ], [ 18.832451, 48.177752 ], [ 18.847965, 48.17413 ], [ 18.855338, 48.167266 ], [ 18.871514, 48.166978 ], [ 18.868443, 48.165136 ], [ 18.870737, 48.161411 ], [ 18.874613, 48.161343 ], [ 18.878607, 48.156522 ], [ 18.878506, 48.161353 ], [ 18.88637, 48.158948 ], [ 18.887396, 48.162087 ], [ 18.900228, 48.158462 ], [ 18.906083, 48.161098 ], [ 18.917226, 48.159004 ], [ 18.920958, 48.160141 ], [ 18.93166, 48.15875 ], [ 18.933177, 48.162017 ], [ 18.928686, 48.166169 ], [ 18.931498, 48.168192 ], [ 18.933422, 48.174121 ], [ 18.935494, 48.174112 ], [ 18.938199, 48.17702 ], [ 18.943341, 48.177339 ], [ 18.94827, 48.173214 ], [ 18.953581, 48.176282 ], [ 18.959034, 48.182458 ], [ 18.967294, 48.180711 ], [ 18.972312, 48.183119 ], [ 18.977299, 48.182872 ], [ 18.986639, 48.187417 ], [ 19.00882, 48.18971 ], [ 19.008915, 48.193323 ], [ 19.014776, 48.193372 ], [ 19.019231, 48.189659 ], [ 19.021806, 48.189841 ], [ 19.039485, 48.196012 ], [ 19.050141, 48.204629 ], [ 19.055227, 48.209811 ], [ 19.067044, 48.216598 ], [ 19.07293, 48.227057 ], [ 19.090766, 48.220025 ], [ 19.096393, 48.22091 ], [ 19.096962, 48.215161 ], [ 19.100706, 48.217166 ], [ 19.105527, 48.212962 ], [ 19.114794, 48.213483 ], [ 19.121912, 48.221024 ], [ 19.12313, 48.226645 ], [ 19.12783, 48.228372 ], [ 19.130203, 48.232299 ], [ 19.1335, 48.23261 ], [ 19.135781, 48.231754 ], [ 19.135696, 48.228466 ], [ 19.139127, 48.226713 ], [ 19.150731, 48.225988 ], [ 19.151788, 48.22084 ], [ 19.160283, 48.217728 ], [ 19.167431, 48.222906 ], [ 19.167827, 48.230718 ], [ 19.170547, 48.23383 ], [ 19.169237, 48.235895 ], [ 19.174716, 48.240363 ], [ 19.180493, 48.238623 ], [ 19.183426, 48.232287 ], [ 19.187306, 48.231365 ], [ 19.191081, 48.239577 ], [ 19.19344, 48.239912 ], [ 19.195816, 48.243437 ], [ 19.204774, 48.245132 ], [ 19.209428, 48.248271 ], [ 19.2142, 48.245201 ], [ 19.221638, 48.250194 ], [ 19.224041, 48.259137 ], [ 19.232656, 48.260598 ], [ 19.232481, 48.26508 ], [ 19.224083, 48.267555 ], [ 19.215973, 48.273637 ], [ 19.211719, 48.289861 ], [ 19.207335, 48.295833 ], [ 19.201449, 48.296868 ], [ 19.20075, 48.305212 ], [ 19.203786, 48.313661 ], [ 19.208533, 48.314651 ], [ 19.212192, 48.322409 ], [ 19.208408, 48.329936 ], [ 19.209857, 48.339188 ], [ 19.21419, 48.342205 ], [ 19.226457, 48.343969 ], [ 19.23179, 48.347179 ], [ 19.22906, 48.353066 ], [ 19.2326, 48.359667 ], [ 19.228276, 48.362297 ], [ 19.22545, 48.36154 ], [ 19.224623, 48.364827 ], [ 19.220798, 48.365087 ], [ 19.221335, 48.369831 ], [ 19.214043, 48.370343 ], [ 19.209395, 48.372545 ], [ 19.201667, 48.372766 ], [ 19.199611, 48.379806 ], [ 19.195562, 48.380202 ], [ 19.196676, 48.382788 ], [ 19.187085, 48.387111 ], [ 19.176152, 48.389129 ], [ 19.174518, 48.391594 ], [ 19.169915, 48.390496 ], [ 19.170107, 48.388794 ], [ 19.168225, 48.389269 ], [ 19.159705, 48.383244 ], [ 19.155365, 48.38778 ], [ 19.157855, 48.39084 ], [ 19.150913, 48.388076 ], [ 19.1465764, 48.3886351 ], [ 19.143717, 48.385175 ], [ 19.12628, 48.387298 ], [ 19.127605, 48.392924 ], [ 19.123558, 48.394233 ], [ 19.117744, 48.401213 ], [ 19.117461, 48.415976 ], [ 19.111165, 48.414441 ], [ 19.10922, 48.418038 ], [ 19.10084, 48.419714 ], [ 19.091686, 48.417011 ], [ 19.087577, 48.411262 ], [ 19.078217, 48.412807 ], [ 19.07426, 48.415831 ], [ 19.069135, 48.414311 ], [ 19.047593, 48.42336 ], [ 19.043435, 48.433104 ], [ 19.037006, 48.440725 ], [ 19.016643, 48.435928 ], [ 19.012013, 48.430562 ], [ 18.995518, 48.422841 ] ] ] } },
{ "type": "Feature", "properties": { "shapeName": "District of Komprno", "shapeISO": "", "shapeID": "56367889B27848609458937", "shapeGroup": "SVK", "shapeType": "ADM2" }, "geometry": { "type": "Polygon", "coordinates": [ [ [ 17.875601, 47.960568 ], [ 17.884137, 47.95578 ], [ 17.885993, 47.942689 ], [ 17.871419, 47.927904 ], [ 17.887765, 47.919287 ], [ 17.885999, 47.916644 ], [ 17.888923, 47.913491 ], [ 17.887472, 47.910992 ], [ 17.874864, 47.902551 ], [ 17.871017, 47.902334 ], [ 17.846298, 47.891861 ], [ 17.832736, 47.875061 ], [ 17.825294, 47.871619 ], [ 17.820988, 47.87392 ], [ 17.807691, 47.870602 ], [ 17.806606, 47.865182 ], [ 17.795492, 47.852975 ], [ 17.80038, 47.83364 ], [ 17.79464, 47.821944 ], [ 17.770692, 47.814186 ], [ 17.766665, 47.807338 ], [ 17.762692, 47.804616 ], [ 17.762601, 47.802068 ], [ 17.757739, 47.803471 ], [ 17.754785, 47.80622 ], [ 17.750016, 47.804368 ], [ 17.747862, 47.807443 ], [ 17.741829, 47.806102 ], [ 17.737634, 47.808812 ], [ 17.735547, 47.806521 ], [ 17.729818, 47.804863 ], [ 17.731415, 47.803893 ], [ 17.726412, 47.79382 ], [ 17.733992, 47.792606 ], [ 17.734848, 47.791323 ], [ 17.732622, 47.788619 ], [ 17.726839, 47.788152 ], [ 17.731002, 47.785048 ], [ 17.724546, 47.784287 ], [ 17.730052, 47.775771 ], [ 17.705419, 47.758985 ], [ 17.709914, 47.756082 ], [ 17.718313, 47.754182 ], [ 17.730902, 47.753698 ], [ 17.74566, 47.750277 ], [ 17.762956, 47.749363 ], [ 17.768709, 47.746861 ], [ 17.776375, 47.740567 ], [ 17.782625, 47.73919 ], [ 17.802865, 47.744266 ], [ 17.811502, 47.743891 ], [ 17.827514, 47.73998 ], [ 17.866096, 47.74575 ], [ 17.891362, 47.739799 ], [ 17.9001293, 47.7392633 ], [ 17.9203478, 47.744029 ], [ 17.9468671, 47.744668 ], [ 17.960226, 47.7535506 ], [ 17.970871, 47.7578392 ], [ 17.978226, 47.756767 ], [ 17.9953428, 47.7481609 ], [ 18.0044104, 47.7463403 ], [ 18.0111505, 47.7479252 ], [ 18.0290561, 47.7560781 ], [ 18.0380584, 47.7576813 ], [ 18.0871957, 47.7565741 ], [ 18.113248, 47.7518417 ], [ 18.1449192, 47.7486656 ], [ 18.1766528, 47.740908 ], [ 18.1969888, 47.739918800000012 ], [ 18.2212199, 47.7423806 ], [ 18.2455227, 47.7402646 ], [ 18.2675754, 47.7373662 ], [ 18.2766651, 47.7332441 ], [ 18.290799, 47.7314286 ], [ 18.3217835, 47.7350535 ], [ 18.3702012, 47.7441087 ], [ 18.3943763, 47.751857 ], [ 18.4282051, 47.7550913 ], [ 18.4461775, 47.7631796 ], [ 18.4540681, 47.765122600000012 ], [ 18.4727288, 47.762174 ], [ 18.4880665, 47.753493 ], [ 18.4942854, 47.7527606 ], [ 18.512316, 47.755172 ], [ 18.505709, 47.792524 ], [ 18.515427, 47.791175 ], [ 18.534632, 47.783754 ], [ 18.526494, 47.799834 ], [ 18.525689, 47.807276 ], [ 18.528475, 47.815291 ], [ 18.512403, 47.814826 ], [ 18.502348, 47.817176 ], [ 18.478837, 47.833119 ], [ 18.477212, 47.837966 ], [ 18.465402, 47.842899 ], [ 18.453513, 47.844823 ], [ 18.415431, 47.867204 ], [ 18.413782, 47.865483 ], [ 18.367398, 47.872832 ], [ 18.356848, 47.882045 ], [ 18.355276, 47.888036 ], [ 18.357399, 47.890629 ], [ 18.345218, 47.899449 ], [ 18.358861, 47.919695 ], [ 18.329153, 47.938062 ], [ 18.324497, 47.934614 ], [ 18.283363, 47.952898 ], [ 18.323885, 47.934337 ], [ 18.309544, 47.922974 ], [ 18.2848, 47.936825 ], [ 18.276197, 47.938061 ], [ 18.26415, 47.942919 ], [ 18.236538, 47.958658 ], [ 18.219272, 47.960767 ], [ 18.217709, 47.956132 ], [ 18.211643, 47.950744 ], [ 18.204316, 47.955822 ], [ 18.167069, 47.94393 ], [ 18.152148, 47.953272 ], [ 18.153602, 47.954412 ], [ 18.149817, 47.964765 ], [ 18.146082, 47.967135 ], [ 18.134055, 47.973081 ], [ 18.12787, 47.970098 ], [ 18.123082, 47.972021 ], [ 18.117977, 47.971724 ], [ 18.120416, 47.972885 ], [ 18.117188, 47.973245 ], [ 18.118705, 47.974459 ], [ 18.116778, 47.974859 ], [ 18.115956, 47.9735 ], [ 18.114249, 47.9749 ], [ 18.111793, 47.973417 ], [ 18.108329, 47.966714 ], [ 18.106541, 47.967828 ], [ 18.105354, 47.966321 ], [ 18.102809, 47.966873 ], [ 18.102783, 47.964206 ], [ 18.097926, 47.965083 ], [ 18.095711, 47.963155 ], [ 18.093729, 47.963581 ], [ 18.093831, 47.960669 ], [ 18.091703, 47.960334 ], [ 18.094611, 47.959649 ], [ 18.09297, 47.95786 ], [ 18.095302, 47.955942 ], [ 18.087218, 47.953459 ], [ 18.084791, 47.948476 ], [ 18.080871, 47.952458 ], [ 18.07706, 47.953571 ], [ 18.070234, 47.947548 ], [ 18.066259, 47.950503 ], [ 18.056266, 47.952665 ], [ 18.053776, 47.951348 ], [ 18.054511, 47.948259 ], [ 18.052802, 47.946841 ], [ 18.026373, 47.945107 ], [ 18.013161, 47.942514 ], [ 18.011501, 47.942483 ], [ 18.013352, 47.946035 ], [ 18.011775, 47.953684 ], [ 18.022654, 47.957293 ], [ 18.024908, 47.96066 ], [ 18.012203, 47.980565 ], [ 18.009297, 47.981595 ], [ 18.008878, 47.976837 ], [ 18.002307, 47.973774 ], [ 18.005925, 47.97075 ], [ 17.999082, 47.972622 ], [ 17.992133, 47.970261 ], [ 17.987253, 47.970991 ], [ 17.975951, 47.967343 ], [ 17.970447, 47.962941 ], [ 17.934155, 47.973559 ], [ 17.920866, 47.980501 ], [ 17.90136, 47.978366 ], [ 17.89993, 47.980556 ], [ 17.896512, 47.97956 ], [ 17.880294, 47.986274 ], [ 17.874887, 47.974391 ], [ 17.875209, 47.966607 ], [ 17.8731, 47.963311 ], [ 17.875601, 47.960568 ] ] ] } },
{ "type": "Feature", "properties": { "shapeName": "District of Bratislava I", "shapeISO": "", "shapeID": "56367889B40480781512108", "shapeGroup": "SVK", "shapeType": "ADM2" }, "geometry": { "type": "Polygon", "coordinates": [ [ [ 17.117359, 48.138251 ], [ 17.117492, 48.139963 ], [ 17.120446, 48.14085 ], [ 17.129222, 48.140197 ], [ 17.13245, 48.145748 ], [ 17.124763, 48.146527 ], [ 17.126757, 48.152331 ], [ 17.125151, 48.15607 ], [ 17.118169, 48.157354 ], [ 17.11476, 48.159609 ], [ 17.108167, 48.158881 ], [ 17.099933, 48.162627 ], [ 17.085478, 48.165003 ], [ 17.073448, 48.174505 ], [ 17.072135, 48.171014 ], [ 17.077903, 48.167237 ], [ 17.076525, 48.146771 ], [ 17.073896, 48.142414 ], [ 17.095242, 48.138606 ], [ 17.117085, 48.138252 ], [ 17.117366, 48.135859 ], [ 17.117359, 48.138251 ] ] ] } },
{ "type": "Feature", "properties": { "shapeName": "District of Prievidza", "shapeISO": "", "shapeID": "56367889B15992044775212", "shapeGroup": "SVK", "shapeType": "ADM2" }, "geometry": { "type": "Polygon", "coordinates": [ [ [ 18.826348, 48.744057 ], [ 18.824747, 48.753138 ], [ 18.822665, 48.755994 ], [ 18.814448, 48.758779 ], [ 18.811301, 48.762096 ], [ 18.809172, 48.76562 ], [ 18.810144, 48.769167 ], [ 18.793513, 48.782595 ], [ 18.776719, 48.790778 ], [ 18.776358, 48.796321 ], [ 18.780316, 48.804177 ], [ 18.770075, 48.806265 ], [ 18.769483, 48.808584 ], [ 18.773318, 48.811712 ], [ 18.777958, 48.812747 ], [ 18.764999, 48.81384 ], [ 18.759607, 48.817126 ], [ 18.754071, 48.817567 ], [ 18.750522, 48.820173 ], [ 18.753764, 48.824969 ], [ 18.752429, 48.82689 ], [ 18.742971, 48.829183 ], [ 18.73928, 48.832124 ], [ 18.729141, 48.832006 ], [ 18.722927, 48.838033 ], [ 18.698074, 48.847707 ], [ 18.700297, 48.851811 ], [ 18.698615, 48.855078 ], [ 18.700684, 48.869085 ], [ 18.699967, 48.87585 ], [ 18.695423, 48.880702 ], [ 18.704106, 48.887086 ], [ 18.702792, 48.889801 ], [ 18.706639, 48.892731 ], [ 18.707939, 48.897488 ], [ 18.697866, 48.907691 ], [ 18.693642, 48.908901 ], [ 18.693191, 48.911782 ], [ 18.697564, 48.917674 ], [ 18.695313, 48.920552 ], [ 18.696357, 48.923477 ], [ 18.693749, 48.925612 ], [ 18.694597, 48.927928 ], [ 18.697822, 48.927364 ], [ 18.698688, 48.928516 ], [ 18.702999, 48.926381 ], [ 18.703606, 48.93064 ], [ 18.708729, 48.928483 ], [ 18.710664, 48.929167 ], [ 18.709695, 48.931145 ], [ 18.713803, 48.935957 ], [ 18.717192, 48.937419 ], [ 18.71947, 48.93604 ], [ 18.720277, 48.937493 ], [ 18.712707, 48.94772 ], [ 18.703025, 48.950966 ], [ 18.702028, 48.953632 ], [ 18.694557, 48.959175 ], [ 18.683497, 48.958533 ], [ 18.677843, 48.956259 ], [ 18.672269, 48.957416 ], [ 18.665351, 48.956108 ], [ 18.642777, 48.960316 ], [ 18.633357, 48.964796 ], [ 18.626938, 48.964879 ], [ 18.618876, 48.962479 ], [ 18.603185, 48.963773 ], [ 18.599717, 48.960256 ], [ 18.601141, 48.956418 ], [ 18.595104, 48.956796 ], [ 18.584663, 48.96665 ], [ 18.584113, 48.971452 ], [ 18.577496, 48.971243 ], [ 18.573528, 48.969835 ], [ 18.57394, 48.966688 ], [ 18.561585, 48.957561 ], [ 18.559712, 48.954727 ], [ 18.562344, 48.951191 ], [ 18.559806, 48.949335 ], [ 18.538535, 48.946755 ], [ 18.523407, 48.937052 ], [ 18.512005, 48.936929 ], [ 18.504237, 48.940135 ], [ 18.507167, 48.93729 ], [ 18.507074, 48.933423 ], [ 18.503353, 48.929122 ], [ 18.495269, 48.926153 ], [ 18.493485, 48.923245 ], [ 18.493973, 48.916754 ], [ 18.485726, 48.910503 ], [ 18.463383, 48.906681 ], [ 18.461988, 48.907717 ], [ 18.461249, 48.905207 ], [ 18.448745, 48.896087 ], [ 18.438323, 48.90103 ], [ 18.434327, 48.912626 ], [ 18.42499, 48.912442 ], [ 18.40559, 48.918113 ], [ 18.402532, 48.922845 ], [ 18.402945, 48.928651 ], [ 18.395676, 48.933375 ], [ 18.38816, 48.932504 ], [ 18.380911, 48.938985 ], [ 18.370308, 48.937758 ], [ 18.367455, 48.932274 ], [ 18.355958, 48.925349 ], [ 18.335462, 48.931725 ], [ 18.330531, 48.92997 ], [ 18.329349, 48.924772 ], [ 18.327083, 48.923227 ], [ 18.327071, 48.917074 ], [ 18.329678, 48.912085 ], [ 18.324418, 48.907828 ], [ 18.327985, 48.900949 ], [ 18.331975, 48.898699 ], [ 18.332517, 48.895262 ], [ 18.335048, 48.893415 ], [ 18.339283, 48.894574 ], [ 18.35129, 48.891681 ], [ 18.35329, 48.882121 ], [ 18.36301, 48.877136 ], [ 18.363122, 48.869189 ], [ 18.365529, 48.864365 ], [ 18.388544, 48.863386 ], [ 18.394651, 48.86058 ], [ 18.396789, 48.856117 ], [ 18.409031, 48.854961 ], [ 18.412046, 48.850486 ], [ 18.41742, 48.84867 ], [ 18.41975, 48.840359 ], [ 18.413888, 48.833892 ], [ 18.413234, 48.828469 ], [ 18.407218, 48.817193 ], [ 18.412067, 48.810005 ], [ 18.408696, 48.807311 ], [ 18.413703, 48.803041 ], [ 18.422308, 48.801419 ], [ 18.428257, 48.786938 ], [ 18.435308, 48.785194 ], [ 18.43868, 48.782112 ], [ 18.433476, 48.773421 ], [ 18.434484, 48.771014 ], [ 18.438956, 48.769155 ], [ 18.43954, 48.766183 ], [ 18.43519, 48.765667 ], [ 18.431791, 48.761407 ], [ 18.431911, 48.751739 ], [ 18.426732, 48.749445 ], [ 18.426077, 48.746597 ], [ 18.417681, 48.746112 ], [ 18.409954, 48.739369 ], [ 18.395676, 48.741582 ], [ 18.383899, 48.737268 ], [ 18.378616, 48.737718 ], [ 18.376051, 48.734998 ], [ 18.367664, 48.734045 ], [ 18.366644, 48.728714 ], [ 18.362666, 48.725415 ], [ 18.363314, 48.721035 ], [ 18.368228, 48.711722 ], [ 18.37589, 48.70655 ], [ 18.376917, 48.703827 ], [ 18.387849, 48.692133 ], [ 18.392657, 48.694763 ], [ 18.40284, 48.696173 ], [ 18.405774, 48.695027 ], [ 18.40954, 48.692288 ], [ 18.40679, 48.689007 ], [ 18.409188, 48.684938 ], [ 18.41702, 48.677995 ], [ 18.427409, 48.677396 ], [ 18.433064, 48.680491 ], [ 18.43989, 48.680212 ], [ 18.440148, 48.683797 ], [ 18.451109, 48.683671 ], [ 18.455329, 48.680782 ], [ 18.45773, 48.67603 ], [ 18.456141, 48.668871 ], [ 18.459341, 48.665303 ], [ 18.456837, 48.660033 ], [ 18.461329, 48.654351 ], [ 18.465828, 48.653043 ], [ 18.46088, 48.649009 ], [ 18.458243, 48.643854 ], [ 18.451299, 48.642119 ], [ 18.446488, 48.637843 ], [ 18.441137, 48.638455 ], [ 18.438621, 48.636878 ], [ 18.455944, 48.62473 ], [ 18.474198, 48.616562 ], [ 18.465259, 48.607454 ], [ 18.465648, 48.60345 ], [ 18.472915, 48.593859 ], [ 18.472316, 48.588392 ], [ 18.489047, 48.579996 ], [ 18.497889, 48.568577 ], [ 18.500082, 48.56388 ], [ 18.506122, 48.562274 ], [ 18.512325, 48.562462 ], [ 18.516296, 48.565612 ], [ 18.517652, 48.563349 ], [ 18.525315, 48.563508 ], [ 18.530773, 48.561325 ], [ 18.534441, 48.564758 ], [ 18.536712, 48.563151 ], [ 18.544126, 48.565056 ], [ 18.544308, 48.562937 ], [ 18.553472, 48.566948 ], [ 18.56727, 48.566977 ], [ 18.565188, 48.570069 ], [ 18.577452, 48.577469 ], [ 18.597696, 48.575273 ], [ 18.602366, 48.583841 ], [ 18.599225, 48.588938 ], [ 18.601623, 48.592587 ], [ 18.610516, 48.600816 ], [ 18.620821, 48.607039 ], [ 18.633714, 48.62102 ], [ 18.634823, 48.624685 ], [ 18.643154, 48.633123 ], [ 18.645409, 48.633209 ], [ 18.656502, 48.63992 ], [ 18.671459, 48.634092 ], [ 18.690603, 48.63132 ], [ 18.698931, 48.632991 ], [ 18.70615, 48.628381 ], [ 18.717252, 48.626793 ], [ 18.71985, 48.633256 ], [ 18.716333, 48.638153 ], [ 18.713885, 48.647793 ], [ 18.723728, 48.653418 ], [ 18.734837, 48.656149 ], [ 18.741352, 48.662036 ], [ 18.741377, 48.665099 ], [ 18.74692, 48.668703 ], [ 18.748848, 48.679761 ], [ 18.751614, 48.682471 ], [ 18.750117, 48.686867 ], [ 18.754474, 48.691781 ], [ 18.759639, 48.692953 ], [ 18.762776, 48.69718 ], [ 18.771321, 48.696783 ], [ 18.780564, 48.693826 ], [ 18.796142, 48.700615 ], [ 18.800909, 48.708391 ], [ 18.806912, 48.712116 ], [ 18.817561, 48.729707 ], [ 18.821645, 48.73438 ], [ 18.826438, 48.736373 ], [ 18.826348, 48.744057 ] ] ] } },
{ "type": "Feature", "properties": { "shapeName": "District of Stropkov", "shapeISO": "", "shapeID": "56367889B68595341554064", "shapeGroup": "SVK", "shapeType": "ADM2" }, "geometry": { "type": "Polygon", "coordinates": [ [ [ 21.78942, 49.198335 ], [ 21.7856, 49.207394 ], [ 21.804651, 49.210737 ], [ 21.816873, 49.209096 ], [ 21.817237, 49.218762 ], [ 21.824763, 49.221172 ], [ 21.82356, 49.228642 ], [ 21.825658, 49.239259 ], [ 21.826881, 49.241399 ], [ 21.831777, 49.242909 ], [ 21.833148, 49.247882 ], [ 21.82601, 49.253395 ], [ 21.827406, 49.260889 ], [ 21.8335, 49.264849 ], [ 21.841822, 49.263135 ], [ 21.847175, 49.267563 ], [ 21.847077, 49.271668 ], [ 21.852369, 49.274644 ], [ 21.851709, 49.276077 ], [ 21.857525, 49.27824 ], [ 21.870352, 49.290944 ], [ 21.862396, 49.299283 ], [ 21.856745, 49.302457 ], [ 21.846761, 49.305124 ], [ 21.841684, 49.313453 ], [ 21.832753, 49.319083 ], [ 21.828616, 49.319975 ], [ 21.823026, 49.326202 ], [ 21.820177, 49.334218 ], [ 21.814289, 49.339211 ], [ 21.801605, 49.335883 ], [ 21.798071, 49.337151 ], [ 21.790229, 49.348809 ], [ 21.791356, 49.352554 ], [ 21.7892157, 49.3554882 ], [ 21.777994, 49.356048 ], [ 21.773585, 49.359076 ], [ 21.7714846, 49.3631445 ], [ 21.759579, 49.356363 ], [ 21.762086, 49.352918 ], [ 21.75122, 49.346823 ], [ 21.747341, 49.341914 ], [ 21.749265, 49.33991 ], [ 21.748391, 49.331334 ], [ 21.750299, 49.324629 ], [ 21.758111, 49.312504 ], [ 21.76275, 49.30932 ], [ 21.765888, 49.301788 ], [ 21.765589, 49.293441 ], [ 21.739642, 49.293032 ], [ 21.741498, 49.296064 ], [ 21.740653, 49.299934 ], [ 21.732458, 49.308514 ], [ 21.725861, 49.31946 ], [ 21.719508, 49.323379 ], [ 21.719217, 49.327981 ], [ 21.715455, 49.332819 ], [ 21.703499, 49.339704 ], [ 21.692401, 49.335826 ], [ 21.681776, 49.32826 ], [ 21.691023, 49.317283 ], [ 21.686245, 49.313744 ], [ 21.670478, 49.30853 ], [ 21.663832, 49.298789 ], [ 21.65739, 49.298726 ], [ 21.648493, 49.296433 ], [ 21.638606, 49.300686 ], [ 21.630863, 49.297372 ], [ 21.636607, 49.281414 ], [ 21.628889, 49.275926 ], [ 21.626672, 49.276506 ], [ 21.6209, 49.274182 ], [ 21.622292, 49.269664 ], [ 21.617521, 49.262904 ], [ 21.62077, 49.249147 ], [ 21.613236, 49.24678 ], [ 21.613136, 49.24416 ], [ 21.609987, 49.244376 ], [ 21.609503, 49.242336 ], [ 21.604038, 49.242905 ], [ 21.596054, 49.235461 ], [ 21.593678, 49.230393 ], [ 21.592988, 49.22602 ], [ 21.596069, 49.224216 ], [ 21.595199, 49.218178 ], [ 21.597175, 49.217236 ], [ 21.593737, 49.21392 ], [ 21.599416, 49.208701 ], [ 21.597391, 49.192708 ], [ 21.593093, 49.189862 ], [ 21.589747, 49.190008 ], [ 21.587299, 49.187497 ], [ 21.58589, 49.184331 ], [ 21.589299, 49.183129 ], [ 21.585321, 49.180741 ], [ 21.584928, 49.174487 ], [ 21.575644, 49.17006 ], [ 21.572715, 49.163056 ], [ 21.569299, 49.160012 ], [ 21.583291, 49.143402 ], [ 21.594256, 49.137367 ], [ 21.591888, 49.121973 ], [ 21.577194, 49.11319 ], [ 21.577015, 49.10926 ], [ 21.582516, 49.108867 ], [ 21.58896, 49.104865 ], [ 21.591326, 49.105829 ], [ 21.608054, 49.093217 ], [ 21.608346, 49.091381 ], [ 21.60358, 49.088253 ], [ 21.604914, 49.083156 ], [ 21.610228, 49.079869 ], [ 21.611677, 49.072031 ], [ 21.609189, 49.069334 ], [ 21.612502, 49.067908 ], [ 21.619612, 49.068409 ], [ 21.62602, 49.060324 ], [ 21.63238, 49.059358 ], [ 21.632793, 49.054892 ], [ 21.652416, 49.043187 ], [ 21.659703, 49.048159 ], [ 21.663388, 49.046739 ], [ 21.66937, 49.047152 ], [ 21.678376, 49.053545 ], [ 21.675536, 49.058134 ], [ 21.666388, 49.06542 ], [ 21.676804, 49.069058 ], [ 21.680081, 49.06833 ], [ 21.696257, 49.077719 ], [ 21.703141, 49.078004 ], [ 21.718855, 49.08912 ], [ 21.722387, 49.09 ], [ 21.725459, 49.094357 ], [ 21.723993, 49.096149 ], [ 21.724982, 49.105296 ], [ 21.719866, 49.110351 ], [ 21.716488, 49.119561 ], [ 21.719003, 49.122271 ], [ 21.717259, 49.123428 ], [ 21.719698, 49.126221 ], [ 21.722634, 49.124943 ], [ 21.731101, 49.127662 ], [ 21.735703, 49.12694 ], [ 21.739209, 49.131992 ], [ 21.742733, 49.132314 ], [ 21.744037, 49.139603 ], [ 21.748143, 49.138951 ], [ 21.754142, 49.141699 ], [ 21.753573, 49.148019 ], [ 21.760044, 49.148991 ], [ 21.765172, 49.147892 ], [ 21.768463, 49.149572 ], [ 21.768712, 49.156046 ], [ 21.764107, 49.16139 ], [ 21.766834, 49.165479 ], [ 21.762679, 49.180107 ], [ 21.773643, 49.192707 ], [ 21.781214, 49.191138 ], [ 21.782579, 49.193688 ], [ 21.788037, 49.193529 ], [ 21.787785, 49.197852 ], [ 21.78942, 49.198335 ] ] ] } },
{ "type": "Feature", "properties": { "shapeName": "District of Banskk vtiavnica", "shapeISO": "", "shapeID": "56367889B87068302757109", "shapeGroup": "SVK", "shapeType": "ADM2" }, "geometry": { "type": "Polygon", "coordinates": [ [ [ 18.815547, 48.481636 ], [ 18.815032, 48.47787 ], [ 18.817993, 48.476574 ], [ 18.821299, 48.478589 ], [ 18.820923, 48.481975 ], [ 18.832664, 48.481847 ], [ 18.835217, 48.478011 ], [ 18.838568, 48.47895 ], [ 18.840618, 48.47644 ], [ 18.850568, 48.474433 ], [ 18.849166, 48.471992 ], [ 18.851894, 48.473225 ], [ 18.852618, 48.467123 ], [ 18.854824, 48.467561 ], [ 18.8553, 48.469953 ], [ 18.859019, 48.470494 ], [ 18.862187, 48.469035 ], [ 18.866688, 48.47097 ], [ 18.876198, 48.469784 ], [ 18.87601, 48.467507 ], [ 18.870852, 48.466388 ], [ 18.871278, 48.4623 ], [ 18.874743, 48.458146 ], [ 18.868469, 48.450735 ], [ 18.871552, 48.450816 ], [ 18.87135, 48.449327 ], [ 18.866526, 48.447973 ], [ 18.863894, 48.450952 ], [ 18.86103, 48.44895 ], [ 18.8630442, 48.4450983 ], [ 18.854964, 48.444275 ], [ 18.852467, 48.442732 ], [ 18.85151, 48.44365 ], [ 18.843058, 48.436114 ], [ 18.837308, 48.436026 ], [ 18.830808, 48.439203 ], [ 18.827799, 48.438124 ], [ 18.817008, 48.438916 ], [ 18.819248, 48.435679 ], [ 18.827671, 48.431783 ], [ 18.829881, 48.42796 ], [ 18.827285, 48.4246 ], [ 18.818519, 48.422848 ], [ 18.817078, 48.420277 ], [ 18.810074, 48.421526 ], [ 18.804411, 48.426391 ], [ 18.793266, 48.424618 ], [ 18.784698, 48.433254 ], [ 18.770979, 48.434853 ], [ 18.766904, 48.437873 ], [ 18.764371, 48.43683 ], [ 18.761191, 48.431364 ], [ 18.759075, 48.418531 ], [ 18.754716, 48.412843 ], [ 18.750644, 48.411162 ], [ 18.757185, 48.408815 ], [ 18.758998, 48.400779 ], [ 18.761489, 48.400723 ], [ 18.770236, 48.39147 ], [ 18.776188, 48.390157 ], [ 18.776189, 48.386161 ], [ 18.783784, 48.376882 ], [ 18.787068, 48.378429 ], [ 18.792045, 48.374567 ], [ 18.799525, 48.372789 ], [ 18.800135, 48.371491 ], [ 18.810571, 48.370533 ], [ 18.816541, 48.36306 ], [ 18.819796, 48.346676 ], [ 18.82427, 48.346032 ], [ 18.824955, 48.33126 ], [ 18.832999, 48.321143 ], [ 18.845394, 48.320609 ], [ 18.849128, 48.311843 ], [ 18.847799, 48.310757 ], [ 18.852358, 48.3059 ], [ 18.863365, 48.305738 ], [ 18.871523, 48.311985 ], [ 18.875676, 48.308408 ], [ 18.880944, 48.308548 ], [ 18.885174, 48.315418 ], [ 18.880171, 48.322681 ], [ 18.885513, 48.32138 ], [ 18.887379, 48.316806 ], [ 18.891323, 48.313978 ], [ 18.899574, 48.316095 ], [ 18.90202, 48.310998 ], [ 18.906989, 48.310496 ], [ 18.919288, 48.314745 ], [ 18.91365, 48.321198 ], [ 18.922083, 48.328427 ], [ 18.92708, 48.328846 ], [ 18.929307, 48.333408 ], [ 18.940457, 48.337183 ], [ 18.94788, 48.334103 ], [ 18.953741, 48.336641 ], [ 18.953606, 48.339927 ], [ 18.949058, 48.344397 ], [ 18.946739, 48.344624 ], [ 18.945477, 48.348491 ], [ 18.937173, 48.355689 ], [ 18.938043, 48.357941 ], [ 18.941638, 48.358584 ], [ 18.942282, 48.361759 ], [ 18.939719, 48.363865 ], [ 18.942904, 48.366807 ], [ 18.949888, 48.367569 ], [ 18.955635, 48.375448 ], [ 18.95101, 48.379341 ], [ 18.946143, 48.37996 ], [ 18.941787, 48.383277 ], [ 18.942936, 48.38634 ], [ 18.954722, 48.381933 ], [ 18.958962, 48.382186 ], [ 18.955365, 48.389184 ], [ 18.961144, 48.397532 ], [ 18.960641, 48.402654 ], [ 18.974543, 48.405288 ], [ 18.979094, 48.410373 ], [ 18.985252, 48.411295 ], [ 18.995518, 48.422841 ], [ 18.994302, 48.424166 ], [ 18.996512, 48.423888 ], [ 19.004996, 48.428132 ], [ 19.011561, 48.435204 ], [ 19.009764, 48.439243 ], [ 19.0103, 48.449321 ], [ 19.002294, 48.456956 ], [ 19.001387, 48.461529 ], [ 19.013138, 48.477169 ], [ 18.9981, 48.484027 ], [ 18.996027, 48.492044 ], [ 19.002254, 48.494867 ], [ 19.005433, 48.506551 ], [ 19.011323, 48.512805 ], [ 19.008997, 48.516128 ], [ 19.010715, 48.518245 ], [ 19.0067613, 48.5191707 ], [ 19.013251, 48.521769 ], [ 19.013516, 48.523178 ], [ 19.010784, 48.52403 ], [ 19.015287, 48.539161 ], [ 19.01261, 48.543529 ], [ 18.996428, 48.540202 ], [ 18.990334, 48.53675 ], [ 18.986968, 48.532494 ], [ 18.980054, 48.546027 ], [ 18.981238, 48.547903 ], [ 18.972908, 48.559415 ], [ 18.967261, 48.55649 ], [ 18.952044, 48.55777 ], [ 18.950683, 48.562731 ], [ 18.952266, 48.567342 ], [ 18.948551, 48.563629 ], [ 18.943706, 48.565825 ], [ 18.936811, 48.564305 ], [ 18.932254, 48.558365 ], [ 18.922504, 48.552796 ], [ 18.921964, 48.549314 ], [ 18.916711, 48.545589 ], [ 18.913942, 48.540696 ], [ 18.908811, 48.541239 ], [ 18.906955, 48.536743 ], [ 18.902542, 48.536787 ], [ 18.899233, 48.526664 ], [ 18.900678, 48.524056 ], [ 18.898555, 48.523792 ], [ 18.895004, 48.517667 ], [ 18.890201, 48.513875 ], [ 18.890126, 48.51074 ], [ 18.886764, 48.510395 ], [ 18.882669, 48.512339 ], [ 18.876184, 48.510317 ], [ 18.862766, 48.511986 ], [ 18.863882, 48.506431 ], [ 18.857624, 48.498218 ], [ 18.853847, 48.496771 ], [ 18.848032, 48.498124 ], [ 18.84188, 48.493757 ], [ 18.834748, 48.494724 ], [ 18.83453, 48.492559 ], [ 18.831125, 48.491971 ], [ 18.825023, 48.493321 ], [ 18.823314, 48.491775 ], [ 18.820462, 48.491973 ], [ 18.819152, 48.490034 ], [ 18.814828, 48.489812 ], [ 18.815547, 48.481636 ] ] ] } },
{ "type": "Feature", "properties": { "shapeName": "District of Stark Lubovna", "shapeISO": "", "shapeID": "56367889B24002183790147", "shapeGroup": "SVK", "shapeType": "ADM2" }, "geometry": { "type": "Polygon", "coordinates": [ [ [ 20.986545, 49.306621 ], [ 20.969607, 49.309888 ], [ 20.963329, 49.308746 ], [ 20.961874, 49.306222 ], [ 20.949946, 49.302114 ], [ 20.943422, 49.301529 ], [ 20.937416, 49.298263 ], [ 20.924084, 49.295969 ], [ 20.923871, 49.299469 ], [ 20.917347, 49.304282 ], [ 20.91134, 49.306266 ], [ 20.91024, 49.311474 ], [ 20.903259, 49.315917 ], [ 20.904119, 49.318822 ], [ 20.907616, 49.31958 ], [ 20.903575, 49.323535 ], [ 20.897172, 49.325355 ], [ 20.889709, 49.323726 ], [ 20.884187, 49.319095 ], [ 20.872738, 49.319789 ], [ 20.879638, 49.322615 ], [ 20.882386, 49.333097 ], [ 20.877063, 49.336061 ], [ 20.865549, 49.347484 ], [ 20.85973, 49.348398 ], [ 20.854385, 49.347281 ], [ 20.849907, 49.34176 ], [ 20.843306, 49.339744 ], [ 20.83733, 49.33402 ], [ 20.834399, 49.335334 ], [ 20.825903, 49.334404 ], [ 20.811836, 49.347687 ], [ 20.809025, 49.347746 ], [ 20.798128, 49.342767 ], [ 20.796187, 49.344831 ], [ 20.801197, 49.349577 ], [ 20.802219, 49.355372 ], [ 20.797871, 49.358704 ], [ 20.800706, 49.360208 ], [ 20.804737, 49.359506 ], [ 20.80688, 49.353151 ], [ 20.810597, 49.35507 ], [ 20.809318, 49.359372 ], [ 20.798112, 49.363262 ], [ 20.788697, 49.360795 ], [ 20.782476, 49.361031 ], [ 20.781728, 49.36628 ], [ 20.788349, 49.371598 ], [ 20.785406, 49.3744 ], [ 20.779975, 49.375187 ], [ 20.764678, 49.371008 ], [ 20.76143, 49.371605 ], [ 20.757594, 49.375281 ], [ 20.761363, 49.384246 ], [ 20.749139, 49.388883 ], [ 20.747534, 49.391002 ], [ 20.748356, 49.393907 ], [ 20.757725, 49.398221 ], [ 20.758027, 49.400395 ], [ 20.754809, 49.402193 ], [ 20.749331, 49.401963 ], [ 20.742269, 49.403833 ], [ 20.746107, 49.411643 ], [ 20.743119, 49.415142 ], [ 20.736897, 49.416681 ], [ 20.728137, 49.414822 ], [ 20.72292, 49.419656 ], [ 20.71833, 49.418371 ], [ 20.698861, 49.420521 ], [ 20.691722, 49.419777 ], [ 20.665767, 49.406311 ], [ 20.6657, 49.403552 ], [ 20.646988, 49.40067 ], [ 20.642596, 49.400994 ], [ 20.642078, 49.404327 ], [ 20.638347, 49.407507 ], [ 20.624669, 49.410459 ], [ 20.621964, 49.416821 ], [ 20.614934, 49.417845 ], [ 20.611274, 49.412454 ], [ 20.613598, 49.401824 ], [ 20.605774, 49.4013 ], [ 20.600951, 49.394423 ], [ 20.600198, 49.388295 ], [ 20.592135, 49.38303 ], [ 20.586895, 49.385489 ], [ 20.581692, 49.383878 ], [ 20.575525, 49.376106 ], [ 20.563175, 49.379475 ], [ 20.557681, 49.378099 ], [ 20.546507, 49.385542 ], [ 20.5316534, 49.3876535 ], [ 20.5199565, 49.392505 ], [ 20.5099362, 49.3934459 ], [ 20.5061568, 49.3969431 ], [ 20.5073296, 49.3990646 ], [ 20.5048874, 49.4032896 ], [ 20.490145, 49.406431 ], [ 20.488603, 49.408409 ], [ 20.480701, 49.410285 ], [ 20.47196, 49.415436 ], [ 20.464656, 49.416009 ], [ 20.461215, 49.414565 ], [ 20.445978, 49.416334 ], [ 20.450929, 49.412771 ], [ 20.446352, 49.411918 ], [ 20.438246, 49.414776 ], [ 20.435937, 49.417813 ], [ 20.430808, 49.41699 ], [ 20.428727, 49.408273 ], [ 20.434336, 49.408085 ], [ 20.436968, 49.406507 ], [ 20.43408, 49.401736 ], [ 20.434241, 49.397598 ], [ 20.443266, 49.395434 ], [ 20.451067, 49.390599 ], [ 20.451595, 49.388656 ], [ 20.447611, 49.386384 ], [ 20.440067, 49.386069 ], [ 20.4324017, 49.3811551 ], [ 20.438145, 49.379063 ], [ 20.437744, 49.377958 ], [ 20.427674, 49.3713 ], [ 20.426105, 49.362698 ], [ 20.427944, 49.359298 ], [ 20.419114, 49.349125 ], [ 20.420841, 49.341648 ], [ 20.416748, 49.336385 ], [ 20.41779, 49.334784 ], [ 20.413592, 49.332926 ], [ 20.41052, 49.326189 ], [ 20.401344, 49.319401 ], [ 20.404907, 49.310309 ], [ 20.401311, 49.304567 ], [ 20.410528, 49.301586 ], [ 20.415854, 49.296853 ], [ 20.428333, 49.293637 ], [ 20.458518, 49.307341 ], [ 20.462195, 49.307479 ], [ 20.472498, 49.316462 ], [ 20.476139, 49.317695 ], [ 20.483964, 49.314891 ], [ 20.491339, 49.321983 ], [ 20.499071, 49.30357 ], [ 20.49949, 49.295045 ], [ 20.50388, 49.291096 ], [ 20.50388, 49.287041 ], [ 20.512291, 49.283272 ], [ 20.511088, 49.279818 ], [ 20.502831, 49.27278 ], [ 20.505871, 49.269896 ], [ 20.499549, 49.263371 ], [ 20.516378, 49.252028 ], [ 20.508305, 49.246859 ], [ 20.518227, 49.249587 ], [ 20.525035, 49.240593 ], [ 20.535314, 49.239497 ], [ 20.546196, 49.230818 ], [ 20.5552293, 49.228388700000011 ], [ 20.557935, 49.2249461 ], [ 20.5609245, 49.2254234 ], [ 20.5651194, 49.2206841 ], [ 20.5693256, 49.22077130000001 ], [ 20.5680153, 49.217513 ], [ 20.5700292, 49.2140154 ], [ 20.5801437, 49.2127506 ], [ 20.5858228, 49.2084938 ], [ 20.5956578, 49.2106542 ], [ 20.6083556, 49.2012784 ], [ 20.6071152, 49.1985376 ], [ 20.611866, 49.1942932 ], [ 20.6180259, 49.1940832 ], [ 20.6214074, 49.1915712 ], [ 20.6155265, 49.1885177 ], [ 20.6194824, 49.1821649 ], [ 20.6169391, 49.1748303 ], [ 20.6203893, 49.16701290000001 ], [ 20.6192889, 49.162036900000011 ], [ 20.6223831, 49.1599996 ], [ 20.6316769, 49.1588992 ], [ 20.6422525, 49.1520748 ], [ 20.6452508, 49.152967 ], [ 20.6456688, 49.1516322 ], [ 20.6521951, 49.1550282 ], [ 20.6664474, 49.1678089 ], [ 20.6802365, 49.1717572 ], [ 20.690087, 49.1698422 ], [ 20.6921359, 49.16645 ], [ 20.6992773, 49.1648976 ], [ 20.7128624, 49.1750414 ], [ 20.7259203, 49.1801007 ], [ 20.7288632, 49.1842135 ], [ 20.7361784, 49.1866967 ], [ 20.7423612, 49.1918244 ], [ 20.7491529, 49.19112 ], [ 20.7535982, 49.1961794 ], [ 20.7542034, 49.20215060000001 ], [ 20.7594503, 49.2058093 ], [ 20.7626069, 49.2058495 ], [ 20.770079, 49.213665 ], [ 20.769739, 49.216504 ], [ 20.771381, 49.215886 ], [ 20.773303, 49.218519 ], [ 20.770997, 49.221616 ], [ 20.771523, 49.229996 ], [ 20.787205, 49.227531 ], [ 20.804632, 49.226882 ], [ 20.808793, 49.230717 ], [ 20.816551, 49.228704 ], [ 20.821083, 49.231854 ], [ 20.825399, 49.231796 ], [ 20.833148, 49.22604 ], [ 20.832352, 49.223905 ], [ 20.844256, 49.227917 ], [ 20.852531, 49.224566 ], [ 20.851128, 49.220625 ], [ 20.844582, 49.220204 ], [ 20.842668, 49.215677 ], [ 20.845944, 49.218468 ], [ 20.845622, 49.216812 ], [ 20.849864, 49.215888 ], [ 20.848942, 49.218777 ], [ 20.856572, 49.218242 ], [ 20.858652, 49.220443 ], [ 20.855615, 49.221326 ], [ 20.86011, 49.222127 ], [ 20.868352, 49.21687 ], [ 20.869952, 49.212418 ], [ 20.868171, 49.211445 ], [ 20.873961, 49.210751 ], [ 20.87336, 49.21404 ], [ 20.876471, 49.216824 ], [ 20.877998, 49.222809 ], [ 20.875187, 49.227801 ], [ 20.876807, 49.226271 ], [ 20.884739, 49.224801 ], [ 20.886271, 49.226655 ], [ 20.887931, 49.221811 ], [ 20.886316, 49.219844 ], [ 20.888257, 49.21777 ], [ 20.885552, 49.217161 ], [ 20.885653, 49.211021 ], [ 20.887345, 49.210426 ], [ 20.885671, 49.210093 ], [ 20.88904, 49.210514 ], [ 20.895001, 49.205292 ], [ 20.898808, 49.209027 ], [ 20.905841, 49.206973 ], [ 20.908115, 49.20879 ], [ 20.912426, 49.205778 ], [ 20.915553, 49.205736 ], [ 20.926448, 49.21389 ], [ 20.930512, 49.210319 ], [ 20.932057, 49.211436 ], [ 20.935889, 49.210724 ], [ 20.936543, 49.212381 ], [ 20.94966, 49.208713 ], [ 20.951171, 49.212773 ], [ 20.962521, 49.21823 ], [ 20.972147, 49.218545 ], [ 20.977247, 49.220887 ], [ 20.981187, 49.226583 ], [ 20.992129, 49.228276 ], [ 20.994443, 49.230453 ], [ 20.992553, 49.232658 ], [ 20.998111, 49.235651 ], [ 21.003047, 49.241025 ], [ 21.004291, 49.255329 ], [ 20.998229, 49.258367 ], [ 20.995619, 49.269598 ], [ 20.990944, 49.273017 ], [ 20.990024, 49.277018 ], [ 21.011608, 49.278541 ], [ 21.015622, 49.283039 ], [ 21.00959, 49.283737 ], [ 21.006104, 49.285844 ], [ 20.999553, 49.294788 ], [ 20.990434, 49.299896 ], [ 20.986545, 49.306621 ] ] ] } },
{ "type": "Feature", "properties": { "shapeName": "District of Bratislava II", "shapeISO": "", "shapeID": "56367889B61252856682831", "shapeGroup": "SVK", "shapeType": "ADM2" }, "geometry": { "type": "Polygon", "coordinates": [ [ [ 17.187371, 48.053795 ], [ 17.194428, 48.063892 ], [ 17.202084, 48.061663 ], [ 17.200828, 48.070543 ], [ 17.204329, 48.075429 ], [ 17.209052, 48.076655 ], [ 17.211876, 48.079488 ], [ 17.211361, 48.082656 ], [ 17.20672, 48.085737 ], [ 17.217746, 48.095654 ], [ 17.217309, 48.103495 ], [ 17.236059, 48.11158 ], [ 17.245521, 48.112253 ], [ 17.262182, 48.106751 ], [ 17.266601, 48.103456 ], [ 17.276152, 48.100122 ], [ 17.283186, 48.110198 ], [ 17.284531, 48.116683 ], [ 17.279331, 48.116947 ], [ 17.28277, 48.120779 ], [ 17.280106, 48.123411 ], [ 17.264997, 48.123836 ], [ 17.258679, 48.135713 ], [ 17.253563, 48.137693 ], [ 17.241871, 48.138922 ], [ 17.237455, 48.144155 ], [ 17.238386, 48.153284 ], [ 17.233599, 48.156303 ], [ 17.235245, 48.157353 ], [ 17.234278, 48.162075 ], [ 17.231765, 48.164396 ], [ 17.227177, 48.163997 ], [ 17.229084, 48.167146 ], [ 17.235754, 48.166594 ], [ 17.237288, 48.16814 ], [ 17.234221, 48.169848 ], [ 17.229601, 48.16981 ], [ 17.217919, 48.181832 ], [ 17.221054, 48.182514 ], [ 17.225134, 48.186388 ], [ 17.224437, 48.191747 ], [ 17.177713, 48.188181 ], [ 17.174616, 48.187041 ], [ 17.167301, 48.177822 ], [ 17.155344, 48.1675509 ], [ 17.135651, 48.159466 ], [ 17.12802, 48.158371 ], [ 17.125151, 48.15607 ], [ 17.126757, 48.152331 ], [ 17.124763, 48.146527 ], [ 17.13245, 48.145748 ], [ 17.129222, 48.140197 ], [ 17.120446, 48.14085 ], [ 17.117492, 48.139963 ], [ 17.117359, 48.138251 ], [ 17.134363, 48.136223 ], [ 17.142676, 48.13226 ], [ 17.146359, 48.122501 ], [ 17.138279, 48.110201 ], [ 17.139729, 48.09998 ], [ 17.147497, 48.090635 ], [ 17.157072, 48.073043 ], [ 17.173989, 48.058405 ], [ 17.187371, 48.053795 ] ] ] } },
{ "type": "Feature", "properties": { "shapeName": "District of Bansks Bystrica", "shapeISO": "", "shapeID": "56367889B14109704827124", "shapeGroup": "SVK", "shapeType": "ADM2" }, "geometry": { "type": "Polygon", "coordinates": [ [ [ 19.033438, 48.684787 ], [ 19.04351, 48.681476 ], [ 19.061599, 48.671033 ], [ 19.067833, 48.66953 ], [ 19.077509, 48.659182 ], [ 19.080455, 48.660622 ], [ 19.08337, 48.659998 ], [ 19.09092, 48.655483 ], [ 19.098006, 48.647198 ], [ 19.108415, 48.645237 ], [ 19.114447, 48.646541 ], [ 19.123016, 48.642046 ], [ 19.129715, 48.635408 ], [ 19.13053, 48.648167 ], [ 19.138153, 48.648724 ], [ 19.137929, 48.645845 ], [ 19.141569, 48.64576 ], [ 19.140855, 48.641702 ], [ 19.142537, 48.64108 ], [ 19.142968, 48.633934 ], [ 19.139317, 48.631082 ], [ 19.141372, 48.629375 ], [ 19.145732, 48.633982 ], [ 19.149504, 48.633805 ], [ 19.150376, 48.634962 ], [ 19.1466, 48.64015 ], [ 19.162375, 48.639242 ], [ 19.175844, 48.641018 ], [ 19.183722, 48.649664 ], [ 19.189507, 48.652841 ], [ 19.194566, 48.651784 ], [ 19.192668, 48.653335 ], [ 19.197299, 48.654854 ], [ 19.19786, 48.65748 ], [ 19.205283, 48.659893 ], [ 19.214129, 48.651313 ], [ 19.216449, 48.651618 ], [ 19.217917, 48.654008 ], [ 19.226253, 48.650732 ], [ 19.230489, 48.647314 ], [ 19.230163, 48.639931 ], [ 19.221982, 48.62806 ], [ 19.224475, 48.6233 ], [ 19.231305, 48.618923 ], [ 19.234769, 48.626947 ], [ 19.240745, 48.626556 ], [ 19.24468, 48.62841 ], [ 19.255904, 48.628011 ], [ 19.259268, 48.631435 ], [ 19.261959, 48.631192 ], [ 19.282955, 48.644365 ], [ 19.282217, 48.642638 ], [ 19.287244, 48.641648 ], [ 19.289146, 48.638454 ], [ 19.301711, 48.635823 ], [ 19.325812, 48.648876 ], [ 19.35172, 48.651769 ], [ 19.357634, 48.654767 ], [ 19.376344, 48.658883 ], [ 19.406317, 48.651499 ], [ 19.409428, 48.652313 ], [ 19.413406, 48.650971 ], [ 19.42314, 48.652803 ], [ 19.429713, 48.652007 ], [ 19.437164, 48.659987 ], [ 19.449476, 48.659776 ], [ 19.454912, 48.661445 ], [ 19.463456, 48.659531 ], [ 19.468331, 48.661001 ], [ 19.479277, 48.669519 ], [ 19.480685, 48.673762 ], [ 19.472832, 48.675829 ], [ 19.463314, 48.68615 ], [ 19.467241, 48.690659 ], [ 19.478181, 48.691836 ], [ 19.4899, 48.698133 ], [ 19.493631, 48.704429 ], [ 19.499332, 48.708831 ], [ 19.496124, 48.71292 ], [ 19.503812, 48.727498 ], [ 19.489912, 48.733125 ], [ 19.488224, 48.735007 ], [ 19.489042, 48.738735 ], [ 19.487217, 48.738672 ], [ 19.472283, 48.75483 ], [ 19.456098, 48.753778 ], [ 19.454232, 48.759831 ], [ 19.456598, 48.762353 ], [ 19.455777, 48.764636 ], [ 19.45982, 48.767632 ], [ 19.458627, 48.770767 ], [ 19.443633, 48.769109 ], [ 19.434734, 48.771321 ], [ 19.428545, 48.777638 ], [ 19.428283, 48.780272 ], [ 19.422457, 48.782914 ], [ 19.422297, 48.786312 ], [ 19.409103, 48.789061 ], [ 19.406799, 48.793027 ], [ 19.408415, 48.794483 ], [ 19.405307, 48.797339 ], [ 19.400548, 48.798231 ], [ 19.390166, 48.796474 ], [ 19.386707, 48.798434 ], [ 19.39394, 48.80375 ], [ 19.394183, 48.806932 ], [ 19.392774, 48.810881 ], [ 19.383992, 48.817512 ], [ 19.381964, 48.83198 ], [ 19.402687, 48.849899 ], [ 19.40046, 48.860863 ], [ 19.397999, 48.865107 ], [ 19.384983, 48.876067 ], [ 19.384932, 48.881992 ], [ 19.378089, 48.882419 ], [ 19.372348, 48.885456 ], [ 19.363558, 48.885361 ], [ 19.359815, 48.886696 ], [ 19.350434, 48.897577 ], [ 19.339113, 48.89719 ], [ 19.330954, 48.894223 ], [ 19.318459, 48.87968 ], [ 19.317016, 48.870308 ], [ 19.312025, 48.865802 ], [ 19.302012, 48.860871 ], [ 19.292831, 48.859589 ], [ 19.285032, 48.861056 ], [ 19.269857, 48.858298 ], [ 19.264481, 48.859532 ], [ 19.25949, 48.856413 ], [ 19.25334, 48.855886 ], [ 19.256194, 48.858886 ], [ 19.260157, 48.859465 ], [ 19.262001, 48.865127 ], [ 19.264331, 48.863535 ], [ 19.266482, 48.864977 ], [ 19.26537, 48.883842 ], [ 19.254465, 48.884855 ], [ 19.252783, 48.891532 ], [ 19.244366, 48.895128 ], [ 19.231545, 48.893506 ], [ 19.230929, 48.888657 ], [ 19.212799, 48.89146 ], [ 19.204574, 48.88686 ], [ 19.18658, 48.88492 ], [ 19.183106, 48.880267 ], [ 19.172111, 48.883834 ], [ 19.163608, 48.884313 ], [ 19.157714, 48.878716 ], [ 19.153655, 48.877889 ], [ 19.145824, 48.882099 ], [ 19.13765, 48.881681 ], [ 19.136014, 48.880402 ], [ 19.131999, 48.881394 ], [ 19.121473, 48.879181 ], [ 19.118341, 48.880428 ], [ 19.104108, 48.879222 ], [ 19.099885, 48.877025 ], [ 19.091562, 48.877604 ], [ 19.083113, 48.874675 ], [ 19.078754, 48.876764 ], [ 19.060201, 48.877519 ], [ 19.04708, 48.883685 ], [ 19.041865, 48.881233 ], [ 19.038182, 48.881897 ], [ 19.029292, 48.878002 ], [ 19.022879, 48.875317 ], [ 19.026117, 48.869935 ], [ 19.02426, 48.868567 ], [ 19.025625, 48.866782 ], [ 19.016575, 48.855567 ], [ 19.008854, 48.849951 ], [ 18.997486, 48.848796 ], [ 18.993946, 48.845918 ], [ 18.99356, 48.843235 ], [ 18.996877, 48.841555 ], [ 18.999441, 48.835587 ], [ 19.003072, 48.833382 ], [ 19.001386, 48.825161 ], [ 19.003246, 48.822531 ], [ 19.002174, 48.81756 ], [ 18.995675, 48.816518 ], [ 18.992212, 48.810866 ], [ 18.992455, 48.802436 ], [ 19.016576, 48.790261 ], [ 19.010746, 48.774305 ], [ 19.012173, 48.767781 ], [ 19.010691, 48.764111 ], [ 19.006399, 48.762303 ], [ 19.002542, 48.753343 ], [ 18.998313, 48.748994 ], [ 18.996478, 48.739885 ], [ 19.000569, 48.737372 ], [ 19.00261, 48.733417 ], [ 19.001087, 48.729431 ], [ 19.004128, 48.727174 ], [ 19.002954, 48.723093 ], [ 19.006628, 48.712897 ], [ 19.003696, 48.70843 ], [ 19.009767, 48.704209 ], [ 19.016591, 48.706188 ], [ 19.018576, 48.703812 ], [ 19.024805, 48.703969 ], [ 19.030534, 48.702127 ], [ 19.018714, 48.699546 ], [ 19.023386, 48.696737 ], [ 19.029341, 48.687519 ], [ 19.033438, 48.684787 ] ] ] } },
{ "type": "Feature", "properties": { "shapeName": "District of Brezno", "shapeISO": "", "shapeID": "56367889B53553144532917", "shapeGroup": "SVK", "shapeType": "ADM2" }, "geometry": { "type": "Polygon", "coordinates": [ [ [ 19.494255, 48.654299 ], [ 19.50714, 48.658745 ], [ 19.515517, 48.658402 ], [ 19.519211, 48.660879 ], [ 19.538804, 48.661485 ], [ 19.541956, 48.659107 ], [ 19.55396, 48.657374 ], [ 19.556308, 48.655243 ], [ 19.563644, 48.658872 ], [ 19.572172, 48.654582 ], [ 19.590297, 48.652148 ], [ 19.593118, 48.653573 ], [ 19.601654, 48.650648 ], [ 19.603556, 48.647556 ], [ 19.608978, 48.645249 ], [ 19.618942, 48.646037 ], [ 19.623521, 48.64293 ], [ 19.629525, 48.641858 ], [ 19.644215, 48.643012 ], [ 19.646593, 48.641481 ], [ 19.646735, 48.636541 ], [ 19.645485, 48.634026 ], [ 19.637303, 48.630374 ], [ 19.637798, 48.624893 ], [ 19.660646, 48.623847 ], [ 19.672291, 48.619159 ], [ 19.68105, 48.625205 ], [ 19.69483, 48.630724 ], [ 19.701853, 48.635993 ], [ 19.713265, 48.637654 ], [ 19.748368, 48.648777 ], [ 19.743703, 48.650909 ], [ 19.740915, 48.654406 ], [ 19.728014, 48.660511 ], [ 19.732024, 48.665291 ], [ 19.732821, 48.670029 ], [ 19.764554, 48.677437 ], [ 19.766723, 48.679268 ], [ 19.764228, 48.685435 ], [ 19.774058, 48.691897 ], [ 19.780358, 48.692347 ], [ 19.787225, 48.690448 ], [ 19.805658, 48.695953 ], [ 19.806291, 48.70315 ], [ 19.812433, 48.708673 ], [ 19.811635, 48.712019 ], [ 19.827889, 48.711806 ], [ 19.827823, 48.723705 ], [ 19.830114, 48.727701 ], [ 19.834972, 48.729898 ], [ 19.835487, 48.734077 ], [ 19.840696, 48.734986 ], [ 19.848258, 48.738873 ], [ 19.850987, 48.744055 ], [ 19.861205, 48.750034 ], [ 19.874271, 48.746743 ], [ 19.881707, 48.751849 ], [ 19.879638, 48.758983 ], [ 19.888171, 48.769584 ], [ 19.885814, 48.772064 ], [ 19.886525, 48.777201 ], [ 19.891301, 48.783586 ], [ 19.894851, 48.783828 ], [ 19.909308, 48.779327 ], [ 19.914634, 48.779408 ], [ 19.917872, 48.77664 ], [ 19.926156, 48.783749 ], [ 19.92574, 48.785043 ], [ 19.931102, 48.786743 ], [ 19.936725, 48.785577 ], [ 19.939113, 48.786766 ], [ 19.942717, 48.781442 ], [ 19.965702, 48.782257 ], [ 19.971296, 48.781023 ], [ 19.973091, 48.785454 ], [ 19.988354, 48.785885 ], [ 19.992973, 48.789639 ], [ 19.99789, 48.790055 ], [ 20.013678, 48.795824 ], [ 20.016377, 48.802275 ], [ 20.020714, 48.801721 ], [ 20.033742, 48.806726 ], [ 20.044646, 48.803904 ], [ 20.052471, 48.805034 ], [ 20.055063, 48.803531 ], [ 20.051293, 48.801225 ], [ 20.052836, 48.799703 ], [ 20.04958, 48.798421 ], [ 20.052274, 48.797653 ], [ 20.062822, 48.799296 ], [ 20.070387, 48.803776 ], [ 20.077818, 48.803943 ], [ 20.080267, 48.802382 ], [ 20.086844, 48.804125 ], [ 20.09145, 48.80276 ], [ 20.089603, 48.796156 ], [ 20.092326, 48.790055 ], [ 20.105883, 48.78692 ], [ 20.110611, 48.784214 ], [ 20.116847, 48.784363 ], [ 20.132928, 48.790446 ], [ 20.138923, 48.78816 ], [ 20.143198, 48.783254 ], [ 20.147318, 48.781947 ], [ 20.150738, 48.782731 ], [ 20.155678, 48.787979 ], [ 20.168255, 48.796091 ], [ 20.177247, 48.788938 ], [ 20.194319, 48.790588 ], [ 20.200378, 48.796452 ], [ 20.19532, 48.801464 ], [ 20.200679, 48.806976 ], [ 20.197565, 48.81145 ], [ 20.197184, 48.818585 ], [ 20.215988, 48.828862 ], [ 20.218653, 48.833805 ], [ 20.230729, 48.837611 ], [ 20.233813, 48.842768 ], [ 20.241007, 48.844495 ], [ 20.243004, 48.860617 ], [ 20.248263, 48.870518 ], [ 20.259206, 48.870003 ], [ 20.267459, 48.874075 ], [ 20.246783, 48.884804 ], [ 20.236786, 48.884937 ], [ 20.228561, 48.887848 ], [ 20.222872, 48.891757 ], [ 20.212304, 48.894991 ], [ 20.202442, 48.894736 ], [ 20.186624, 48.900127 ], [ 20.175661, 48.907974 ], [ 20.158067, 48.889202 ], [ 20.071265, 48.898553 ], [ 20.065623, 48.896651 ], [ 20.056517, 48.89699 ], [ 20.044158, 48.900665 ], [ 20.015253, 48.901158 ], [ 20.00389, 48.904051 ], [ 19.996381, 48.904096 ], [ 19.992261, 48.907501 ], [ 19.976884, 48.915911 ], [ 19.969924, 48.911599 ], [ 19.954277, 48.907031 ], [ 19.934914, 48.907761 ], [ 19.928436, 48.90522 ], [ 19.924708, 48.906329 ], [ 19.922531, 48.909081 ], [ 19.912869, 48.907699 ], [ 19.898707, 48.909879 ], [ 19.889915, 48.908217 ], [ 19.880884, 48.909856 ], [ 19.872896, 48.905815 ], [ 19.863137, 48.909005 ], [ 19.860051, 48.907358 ], [ 19.855171, 48.908153 ], [ 19.83832, 48.904222 ], [ 19.834726, 48.906265 ], [ 19.822691, 48.908358 ], [ 19.817217, 48.916365 ], [ 19.810001, 48.91436 ], [ 19.804359, 48.915553 ], [ 19.798624, 48.912528 ], [ 19.786801, 48.910597 ], [ 19.775541, 48.905659 ], [ 19.764128, 48.903942 ], [ 19.761417, 48.905268 ], [ 19.756707, 48.900779 ], [ 19.744618, 48.896834 ], [ 19.737315, 48.900028 ], [ 19.735946, 48.905825 ], [ 19.733419, 48.907662 ], [ 19.721982, 48.908444 ], [ 19.719127, 48.911072 ], [ 19.712944, 48.911988 ], [ 19.708342, 48.917429 ], [ 19.703952, 48.91816 ], [ 19.70261, 48.921096 ], [ 19.696162, 48.923281 ], [ 19.690142, 48.923698 ], [ 19.682475, 48.921951 ], [ 19.67527, 48.918191 ], [ 19.655509, 48.924067 ], [ 19.649271, 48.927359 ], [ 19.648062, 48.932974 ], [ 19.629889, 48.939498 ], [ 19.624231, 48.938527 ], [ 19.611077, 48.941923 ], [ 19.600846, 48.940653 ], [ 19.590672, 48.943723 ], [ 19.57791, 48.939756 ], [ 19.561288, 48.942001 ], [ 19.548402, 48.941667 ], [ 19.544571, 48.942566 ], [ 19.539928, 48.947248 ], [ 19.533086, 48.946493 ], [ 19.517291, 48.938864 ], [ 19.507301, 48.940893 ], [ 19.496798, 48.940991 ], [ 19.491013, 48.943267 ], [ 19.486059, 48.9402 ], [ 19.480694, 48.940235 ], [ 19.477297, 48.938 ], [ 19.465182, 48.936378 ], [ 19.461705, 48.931953 ], [ 19.458818, 48.930991 ], [ 19.453228, 48.93133 ], [ 19.448368, 48.928523 ], [ 19.440842, 48.927448 ], [ 19.412297, 48.927752 ], [ 19.406787, 48.926936 ], [ 19.404556, 48.924936 ], [ 19.395335, 48.927675 ], [ 19.384609, 48.926153 ], [ 19.37716, 48.921595 ], [ 19.350434, 48.897577 ], [ 19.359815, 48.886696 ], [ 19.363558, 48.885361 ], [ 19.372348, 48.885456 ], [ 19.378089, 48.882419 ], [ 19.384932, 48.881992 ], [ 19.384983, 48.876067 ], [ 19.397999, 48.865107 ], [ 19.40046, 48.860863 ], [ 19.402687, 48.849899 ], [ 19.381964, 48.83198 ], [ 19.383992, 48.817512 ], [ 19.392774, 48.810881 ], [ 19.394183, 48.806932 ], [ 19.39394, 48.80375 ], [ 19.386707, 48.798434 ], [ 19.390166, 48.796474 ], [ 19.400548, 48.798231 ], [ 19.405307, 48.797339 ], [ 19.408415, 48.794483 ], [ 19.406799, 48.793027 ], [ 19.409103, 48.789061 ], [ 19.422297, 48.786312 ], [ 19.422457, 48.782914 ], [ 19.428283, 48.780272 ], [ 19.428545, 48.777638 ], [ 19.434734, 48.771321 ], [ 19.443633, 48.769109 ], [ 19.458627, 48.770767 ], [ 19.45982, 48.767632 ], [ 19.455777, 48.764636 ], [ 19.456598, 48.762353 ], [ 19.454232, 48.759831 ], [ 19.456098, 48.753778 ], [ 19.472283, 48.75483 ], [ 19.487217, 48.738672 ], [ 19.489042, 48.738735 ], [ 19.488224, 48.735007 ], [ 19.489912, 48.733125 ], [ 19.503812, 48.727498 ], [ 19.496124, 48.71292 ], [ 19.499332, 48.708831 ], [ 19.493631, 48.704429 ], [ 19.4899, 48.698133 ], [ 19.478181, 48.691836 ], [ 19.467241, 48.690659 ], [ 19.463314, 48.68615 ], [ 19.472832, 48.675829 ], [ 19.480685, 48.673762 ], [ 19.479277, 48.669519 ], [ 19.485837, 48.667412 ], [ 19.48704, 48.664062 ], [ 19.492902, 48.662548 ], [ 19.494255, 48.654299 ] ] ] } },
{ "type": "Feature", "properties": { "shapeName": "District of Bratislava III", "shapeISO": "", "shapeID": "56367889B76322005427385", "shapeGroup": "SVK", "shapeType": "ADM2" }, "geometry": { "type": "Polygon", "coordinates": [ [ [ 17.134222, 48.242837 ], [ 17.122202, 48.242107 ], [ 17.114844, 48.238541 ], [ 17.107605, 48.23759 ], [ 17.106928, 48.232326 ], [ 17.110222, 48.227742 ], [ 17.10591, 48.223084 ], [ 17.097506, 48.224087 ], [ 17.09368, 48.22132 ], [ 17.089852, 48.22213 ], [ 17.089603, 48.217816 ], [ 17.077841, 48.223142 ], [ 17.070091, 48.22065 ], [ 17.06473, 48.208861 ], [ 17.066681, 48.202507 ], [ 17.063962, 48.19766 ], [ 17.064161, 48.191394 ], [ 17.066829, 48.19148 ], [ 17.070457, 48.184544 ], [ 17.064409, 48.178536 ], [ 17.073448, 48.174505 ], [ 17.085478, 48.165003 ], [ 17.099933, 48.162627 ], [ 17.108167, 48.158881 ], [ 17.11476, 48.159609 ], [ 17.118169, 48.157354 ], [ 17.125151, 48.15607 ], [ 17.12802, 48.158371 ], [ 17.135651, 48.159466 ], [ 17.155344, 48.1675509 ], [ 17.167301, 48.177822 ], [ 17.174616, 48.187041 ], [ 17.177713, 48.188181 ], [ 17.224437, 48.191747 ], [ 17.224854, 48.194112 ], [ 17.228584, 48.194752 ], [ 17.229173, 48.197707 ], [ 17.2315976, 48.1984813 ], [ 17.227151, 48.204046 ], [ 17.209258, 48.218475 ], [ 17.191564, 48.229095 ], [ 17.167959, 48.23894 ], [ 17.164588, 48.244551 ], [ 17.153336, 48.23838 ], [ 17.145458, 48.240076 ], [ 17.143119, 48.243756 ], [ 17.138976, 48.242065 ], [ 17.134222, 48.242837 ] ] ] } },
{ "type": "Feature", "properties": { "shapeName": "District of Levice", "shapeISO": "", "shapeID": "56367889B15407569919112", "shapeGroup": "SVK", "shapeType": "ADM2" }, "geometry": { "type": "Polygon", "coordinates": [ [ [ 18.525216, 48.333002 ], [ 18.521799, 48.335789 ], [ 18.509115, 48.331368 ], [ 18.492833, 48.335058 ], [ 18.485522, 48.332127 ], [ 18.469649, 48.33166 ], [ 18.479326, 48.323692 ], [ 18.476946, 48.318279 ], [ 18.473558, 48.315522 ], [ 18.471222, 48.31622 ], [ 18.469569, 48.315101 ], [ 18.479559, 48.305617 ], [ 18.476278, 48.297794 ], [ 18.466028, 48.296899 ], [ 18.460679, 48.292428 ], [ 18.461704, 48.285263 ], [ 18.474138, 48.281582 ], [ 18.480587, 48.274394 ], [ 18.464879, 48.27368 ], [ 18.455149, 48.279999 ], [ 18.437363, 48.28778 ], [ 18.433426, 48.291719 ], [ 18.426596, 48.290341 ], [ 18.421134, 48.292235 ], [ 18.417753, 48.28853 ], [ 18.413416, 48.289316 ], [ 18.412652, 48.285861 ], [ 18.406841, 48.285563 ], [ 18.396728, 48.282394 ], [ 18.405324, 48.27168 ], [ 18.405646, 48.266257 ], [ 18.413529, 48.266586 ], [ 18.417523, 48.263063 ], [ 18.416365, 48.259206 ], [ 18.423633, 48.255606 ], [ 18.426409, 48.251976 ], [ 18.430415, 48.252332 ], [ 18.438614, 48.23874 ], [ 18.428147, 48.237691 ], [ 18.411974, 48.2213 ], [ 18.401569, 48.22254 ], [ 18.390311, 48.218722 ], [ 18.387959, 48.214807 ], [ 18.389403, 48.211043 ], [ 18.384194, 48.215036 ], [ 18.368393, 48.218549 ], [ 18.358724, 48.222948 ], [ 18.358361, 48.220155 ], [ 18.347692, 48.220058 ], [ 18.344074, 48.215345 ], [ 18.346177, 48.2149 ], [ 18.347481, 48.208928 ], [ 18.345549, 48.207854 ], [ 18.351258, 48.205627 ], [ 18.357883, 48.199251 ], [ 18.355848, 48.193534 ], [ 18.349076, 48.191599 ], [ 18.343375, 48.187136 ], [ 18.34333, 48.180648 ], [ 18.346233, 48.177021 ], [ 18.349202, 48.162894 ], [ 18.360169, 48.157991 ], [ 18.374806, 48.156451 ], [ 18.374636, 48.154823 ], [ 18.377754, 48.154702 ], [ 18.37736, 48.153046 ], [ 18.381032, 48.152633 ], [ 18.383801, 48.142657 ], [ 18.395143, 48.139681 ], [ 18.396155, 48.137206 ], [ 18.39884, 48.136616 ], [ 18.400827, 48.138683 ], [ 18.413865, 48.137391 ], [ 18.438023, 48.132512 ], [ 18.448033, 48.125831 ], [ 18.459592, 48.105959 ], [ 18.461828, 48.100172 ], [ 18.454032, 48.097763 ], [ 18.454809, 48.087761 ], [ 18.449541, 48.086138 ], [ 18.452549, 48.08103 ], [ 18.439792, 48.083931 ], [ 18.431195, 48.083825 ], [ 18.420856, 48.087138 ], [ 18.429617, 48.068829 ], [ 18.435388, 48.063042 ], [ 18.444956, 48.057694 ], [ 18.446472, 48.046659 ], [ 18.439648, 48.039919 ], [ 18.440301, 48.035943 ], [ 18.446764, 48.030525 ], [ 18.449569, 48.025098 ], [ 18.468192, 48.01753 ], [ 18.463938, 48.011504 ], [ 18.453937, 48.005273 ], [ 18.465616, 47.996572 ], [ 18.462296, 47.990126 ], [ 18.457753, 47.989703 ], [ 18.451873, 47.984288 ], [ 18.449718, 47.977247 ], [ 18.455633, 47.959 ], [ 18.466213, 47.948582 ], [ 18.469805, 47.951866 ], [ 18.48456, 47.9421 ], [ 18.49107, 47.943385 ], [ 18.501816, 47.941595 ], [ 18.537815, 47.932017 ], [ 18.544671, 47.939706 ], [ 18.555714, 47.946688 ], [ 18.561892, 47.943305 ], [ 18.583097, 47.942178 ], [ 18.598733, 47.936682 ], [ 18.603631, 47.941343 ], [ 18.617415, 47.947442 ], [ 18.618119, 47.945368 ], [ 18.62525, 47.951332 ], [ 18.642012, 47.945717 ], [ 18.650105, 47.94484 ], [ 18.65068, 47.9411 ], [ 18.657782, 47.939712 ], [ 18.66288, 47.940377 ], [ 18.668211, 47.938651 ], [ 18.687659, 47.951405 ], [ 18.692852, 47.949103 ], [ 18.704003, 47.949507 ], [ 18.713106, 47.94583 ], [ 18.717931, 47.949844 ], [ 18.728691, 47.94655 ], [ 18.738959, 47.946914 ], [ 18.74137, 47.948832 ], [ 18.745206, 47.947268 ], [ 18.764532, 47.948178 ], [ 18.7728819, 47.9446921 ], [ 18.771862, 47.949843 ], [ 18.77624, 47.953635 ], [ 18.77647, 47.956084 ], [ 18.772184, 47.962303 ], [ 18.766271, 47.964205 ], [ 18.763754, 47.967781 ], [ 18.756165, 47.971364 ], [ 18.75525, 47.976347 ], [ 18.768791, 47.985184 ], [ 18.777252, 47.984199 ], [ 18.787494, 47.98687 ], [ 18.80076, 47.985341 ], [ 18.815986, 47.99368 ], [ 18.817718, 47.996755 ], [ 18.815453, 47.997194 ], [ 18.821275, 48.006299 ], [ 18.81717, 48.011047 ], [ 18.815567, 48.021423 ], [ 18.823526, 48.026963 ], [ 18.826553, 48.031355 ], [ 18.825595, 48.034798 ], [ 18.819998, 48.039676 ], [ 18.822878, 48.043125 ], [ 18.8291252, 48.0415425 ], [ 18.833268, 48.048239 ], [ 18.837923, 48.046689 ], [ 18.840321, 48.0506 ], [ 18.845585, 48.052572 ], [ 18.851841, 48.050484 ], [ 18.8539124, 48.0481948 ], [ 18.8601595, 48.0501436 ], [ 18.8749365, 48.0470707 ], [ 18.875462, 48.048777 ], [ 18.883008, 48.051057 ], [ 18.885241, 48.050312 ], [ 18.883314, 48.051992 ], [ 18.886674, 48.058682 ], [ 18.891661, 48.054114 ], [ 18.893082, 48.055038 ], [ 18.908982, 48.051139 ], [ 18.928061, 48.057122 ], [ 18.943904, 48.058865 ], [ 18.960133, 48.058598 ], [ 18.965362, 48.057106 ], [ 18.96835, 48.058378 ], [ 18.971008, 48.056121 ], [ 18.973745, 48.056304 ], [ 18.974705, 48.054975 ], [ 18.976179, 48.056419 ], [ 18.98161, 48.053601 ], [ 18.991293, 48.05782 ], [ 18.989639, 48.058803 ], [ 18.992483, 48.061089 ], [ 18.990561, 48.061912 ], [ 18.995906, 48.068023 ], [ 19.008904, 48.070043 ], [ 19.007758, 48.073693 ], [ 19.012738, 48.073347 ], [ 19.008428, 48.074693 ], [ 19.008889, 48.076189 ], [ 19.011582, 48.07496 ], [ 19.014372, 48.077774 ], [ 19.012156, 48.085926 ], [ 19.013331, 48.093382 ], [ 19.017786, 48.095101 ], [ 19.020483, 48.094211 ], [ 19.022655, 48.096792 ], [ 19.025917, 48.097299 ], [ 19.023196, 48.102331 ], [ 19.030356, 48.1092 ], [ 19.047658, 48.115055 ], [ 19.050492, 48.117162 ], [ 19.049399, 48.118578 ], [ 19.059566, 48.12665 ], [ 19.063636, 48.133859 ], [ 19.066612, 48.135236 ], [ 19.064004, 48.139241 ], [ 19.06356, 48.145419 ], [ 19.057999, 48.147873 ], [ 19.060344, 48.150537 ], [ 19.054842, 48.153358 ], [ 19.054519, 48.157431 ], [ 19.049525, 48.160594 ], [ 19.05914, 48.164782 ], [ 19.057916, 48.16892 ], [ 19.060119, 48.170049 ], [ 19.056928, 48.174808 ], [ 19.058124, 48.177672 ], [ 19.061967, 48.181855 ], [ 19.070556, 48.18418 ], [ 19.066933, 48.187707 ], [ 19.062315, 48.188357 ], [ 19.072129, 48.194354 ], [ 19.050141, 48.204629 ], [ 19.039485, 48.196012 ], [ 19.021806, 48.189841 ], [ 19.019231, 48.189659 ], [ 19.014776, 48.193372 ], [ 19.008915, 48.193323 ], [ 19.00882, 48.18971 ], [ 18.986639, 48.187417 ], [ 18.977299, 48.182872 ], [ 18.972312, 48.183119 ], [ 18.967294, 48.180711 ], [ 18.959034, 48.182458 ], [ 18.953581, 48.176282 ], [ 18.94827, 48.173214 ], [ 18.943341, 48.177339 ], [ 18.938199, 48.17702 ], [ 18.935494, 48.174112 ], [ 18.933422, 48.174121 ], [ 18.931498, 48.168192 ], [ 18.928686, 48.166169 ], [ 18.933177, 48.162017 ], [ 18.93166, 48.15875 ], [ 18.920958, 48.160141 ], [ 18.917226, 48.159004 ], [ 18.906083, 48.161098 ], [ 18.900228, 48.158462 ], [ 18.887396, 48.162087 ], [ 18.88637, 48.158948 ], [ 18.878506, 48.161353 ], [ 18.878607, 48.156522 ], [ 18.874613, 48.161343 ], [ 18.870737, 48.161411 ], [ 18.868443, 48.165136 ], [ 18.871514, 48.166978 ], [ 18.855338, 48.167266 ], [ 18.847965, 48.17413 ], [ 18.832451, 48.177752 ], [ 18.82827, 48.177708 ], [ 18.824306, 48.175752 ], [ 18.824034, 48.168873 ], [ 18.821207, 48.166276 ], [ 18.808852, 48.164829 ], [ 18.802188, 48.173137 ], [ 18.801863, 48.18229 ], [ 18.798402, 48.187383 ], [ 18.800893, 48.187722 ], [ 18.807442, 48.196071 ], [ 18.814028, 48.196709 ], [ 18.817813, 48.195375 ], [ 18.820268, 48.202599 ], [ 18.824127, 48.201529 ], [ 18.831701, 48.206299 ], [ 18.816319, 48.220108 ], [ 18.812083, 48.228206 ], [ 18.808755, 48.229912 ], [ 18.813751, 48.233097 ], [ 18.821492, 48.233155 ], [ 18.820921, 48.235564 ], [ 18.817124, 48.238777 ], [ 18.809275, 48.240775 ], [ 18.805666, 48.245284 ], [ 18.812905, 48.251105 ], [ 18.813798, 48.25782 ], [ 18.817209, 48.260547 ], [ 18.826632, 48.265559 ], [ 18.840583, 48.26807 ], [ 18.844106, 48.275291 ], [ 18.839823, 48.285606 ], [ 18.844539, 48.290115 ], [ 18.844154, 48.297144 ], [ 18.847307, 48.298418 ], [ 18.845943, 48.299576 ], [ 18.848566, 48.302085 ], [ 18.851416, 48.302666 ], [ 18.852358, 48.3059 ], [ 18.847799, 48.310757 ], [ 18.849128, 48.311843 ], [ 18.845394, 48.320609 ], [ 18.832999, 48.321143 ], [ 18.824955, 48.33126 ], [ 18.82427, 48.346032 ], [ 18.819796, 48.346676 ], [ 18.816541, 48.36306 ], [ 18.810571, 48.370533 ], [ 18.800135, 48.371491 ], [ 18.799525, 48.372789 ], [ 18.792045, 48.374567 ], [ 18.787068, 48.378429 ], [ 18.783784, 48.376882 ], [ 18.776189, 48.386161 ], [ 18.776188, 48.390157 ], [ 18.770236, 48.39147 ], [ 18.761489, 48.400723 ], [ 18.758998, 48.400779 ], [ 18.757185, 48.408815 ], [ 18.750644, 48.411162 ], [ 18.74595, 48.416456 ], [ 18.733976, 48.414748 ], [ 18.731439, 48.416777 ], [ 18.730119, 48.415972 ], [ 18.714376, 48.399946 ], [ 18.698313, 48.393109 ], [ 18.702678, 48.389739 ], [ 18.696733, 48.387462 ], [ 18.695821, 48.384071 ], [ 18.688336, 48.381728 ], [ 18.688813, 48.37436 ], [ 18.679042, 48.373737 ], [ 18.681074, 48.362199 ], [ 18.675544, 48.355072 ], [ 18.666266, 48.35302 ], [ 18.652793, 48.345181 ], [ 18.652486, 48.351019 ], [ 18.634946, 48.353886 ], [ 18.632709, 48.353586 ], [ 18.628704, 48.348461 ], [ 18.617554, 48.347538 ], [ 18.612639, 48.343784 ], [ 18.60579, 48.344946 ], [ 18.596346, 48.343623 ], [ 18.58783, 48.345698 ], [ 18.580501, 48.344665 ], [ 18.573507, 48.348258 ], [ 18.564679, 48.33918 ], [ 18.558512, 48.339443 ], [ 18.558234, 48.329195 ], [ 18.544707, 48.322499 ], [ 18.537443, 48.309813 ], [ 18.534633, 48.311869 ], [ 18.536221, 48.314764 ], [ 18.534256, 48.315765 ], [ 18.536283, 48.318173 ], [ 18.534342, 48.317838 ], [ 18.535259, 48.321438 ], [ 18.533625, 48.322355 ], [ 18.541729, 48.327054 ], [ 18.538234, 48.328022 ], [ 18.535752, 48.326234 ], [ 18.532701, 48.327489 ], [ 18.53385, 48.329224 ], [ 18.528742, 48.330602 ], [ 18.528726, 48.329676 ], [ 18.525216, 48.333002 ] ] ] } },
{ "type": "Feature", "properties": { "shapeName": "District of Snina", "shapeISO": "", "shapeID": "56367889B14569056094647", "shapeGroup": "SVK", "shapeType": "ADM2" }, "geometry": { "type": "Polygon", "coordinates": [ [ [ 22.1918562, 48.929273 ], [ 22.214325, 48.929817 ], [ 22.219139, 48.926665 ], [ 22.2274613, 48.9277273 ], [ 22.2299221, 48.9268758 ], [ 22.2357636, 48.9138451 ], [ 22.2345444, 48.9068277 ], [ 22.2401599, 48.9007313 ], [ 22.2445266, 48.8907277 ], [ 22.2502445, 48.8891476 ], [ 22.2512926, 48.8834211 ], [ 22.2553817, 48.8790323 ], [ 22.2520772, 48.8707958 ], [ 22.2575989, 48.8657738 ], [ 22.2799496, 48.8678926 ], [ 22.2894878, 48.8701647 ], [ 22.3022926, 48.8682784 ], [ 22.3126103, 48.8700268 ], [ 22.316285, 48.8720657 ], [ 22.3198647, 48.8716169 ], [ 22.3232295, 48.8751063 ], [ 22.3267704, 48.8751187 ], [ 22.3333533, 48.8711139 ], [ 22.3363784, 48.870186 ], [ 22.3383186, 48.8711061 ], [ 22.3408072, 48.8687379 ], [ 22.3556734, 48.8696903 ], [ 22.3559787, 48.8709541 ], [ 22.3599395, 48.8684225 ], [ 22.375818, 48.8699819 ], [ 22.382852, 48.862108 ], [ 22.386731, 48.869662 ], [ 22.3943678, 48.8733599 ], [ 22.3945494, 48.8772034 ], [ 22.421124, 48.884602 ], [ 22.42258, 48.901512 ], [ 22.42074, 48.903483 ], [ 22.423431, 48.904584 ], [ 22.424806, 48.912571 ], [ 22.431548, 48.919252 ], [ 22.431179, 48.921887 ], [ 22.426294, 48.92437 ], [ 22.424921, 48.929329 ], [ 22.466227, 48.972943 ], [ 22.475609, 48.976279 ], [ 22.477309, 48.991182 ], [ 22.479692, 48.992838 ], [ 22.490337, 48.994107 ], [ 22.494998, 48.998387 ], [ 22.500501, 48.999517 ], [ 22.50546, 48.999917 ], [ 22.513875, 48.996627 ], [ 22.520821, 48.996746 ], [ 22.53112, 49.002884 ], [ 22.545495, 49.006765 ], [ 22.53799, 49.021321 ], [ 22.5477, 49.025201 ], [ 22.551079, 49.030161 ], [ 22.553237, 49.079483 ], [ 22.562596, 49.081037 ], [ 22.565596, 49.083661 ], [ 22.56571, 49.0879956 ], [ 22.55596, 49.08759 ], [ 22.5394246, 49.0946935 ], [ 22.533387, 49.093173 ], [ 22.5112986, 49.092155700000013 ], [ 22.504976, 49.09078 ], [ 22.4997898, 49.0858635 ], [ 22.4970232, 49.0858903 ], [ 22.4859555, 49.088891 ], [ 22.4848387, 49.0910093 ], [ 22.477001, 49.093353 ], [ 22.4671418, 49.1006052 ], [ 22.4560679, 49.1037651 ], [ 22.434262, 49.101858 ], [ 22.428429, 49.098472 ], [ 22.422654, 49.09949 ], [ 22.41247, 49.102902 ], [ 22.3966366, 49.1171143 ], [ 22.391817, 49.118052 ], [ 22.39023, 49.127393 ], [ 22.378509, 49.131893 ], [ 22.377934, 49.136089 ], [ 22.3672582, 49.1465973 ], [ 22.362241, 49.144513 ], [ 22.334605, 49.146472 ], [ 22.329558, 49.144116 ], [ 22.320531, 49.135577 ], [ 22.31765, 49.135551 ], [ 22.314432, 49.136967 ], [ 22.306017, 49.137009 ], [ 22.297225, 49.141535 ], [ 22.281768, 49.14208 ], [ 22.248492, 49.153044 ], [ 22.239689, 49.151889 ], [ 22.236061, 49.154422 ], [ 22.225713, 49.152541 ], [ 22.2262507, 49.161853 ], [ 22.2358932, 49.1685435 ], [ 22.2350641, 49.174013 ], [ 22.23057, 49.180736 ], [ 22.2224652, 49.1844589 ], [ 22.2172027, 49.1838459 ], [ 22.2110273, 49.185555300000011 ], [ 22.2099452, 49.1826847 ], [ 22.2062922, 49.1821149 ], [ 22.2049861, 49.1797638 ], [ 22.1907687, 49.1738823 ], [ 22.1878351, 49.1744388 ], [ 22.1858297, 49.1783177 ], [ 22.1759065, 49.1831017 ], [ 22.1665467, 49.1845056 ], [ 22.1600177, 49.1881904 ], [ 22.1538328, 49.1886156 ], [ 22.150741, 49.1872 ], [ 22.148284, 49.178753 ], [ 22.142688, 49.177756 ], [ 22.137931, 49.175007 ], [ 22.138263, 49.169172 ], [ 22.135342, 49.168738 ], [ 22.133895, 49.160072 ], [ 22.127899, 49.157612 ], [ 22.127688, 49.140382 ], [ 22.121784, 49.140948 ], [ 22.116706, 49.139072 ], [ 22.114633, 49.140004 ], [ 22.106394, 49.134033 ], [ 22.106714, 49.132026 ], [ 22.102509, 49.130334 ], [ 22.10598, 49.126501 ], [ 22.107286, 49.120424 ], [ 22.103293, 49.101138 ], [ 22.108407, 49.097689 ], [ 22.113477, 49.098783 ], [ 22.122052, 49.097144 ], [ 22.127184, 49.093412 ], [ 22.13401, 49.073647 ], [ 22.126799, 49.068865 ], [ 22.117391, 49.065364 ], [ 22.110681, 49.066631 ], [ 22.107976, 49.063166 ], [ 22.095158, 49.056182 ], [ 22.096331, 49.043938 ], [ 22.100142, 49.04307 ], [ 22.091292, 49.036389 ], [ 22.096268, 49.036312 ], [ 22.105273, 49.027177 ], [ 22.109118, 49.025082 ], [ 22.11511, 49.024633 ], [ 22.115014, 49.023468 ], [ 22.110752, 49.020434 ], [ 22.102612, 49.020846 ], [ 22.088644, 49.011373 ], [ 22.080936, 49.010913 ], [ 22.079525, 49.006145 ], [ 22.067856, 49.009902 ], [ 22.06095, 49.009904 ], [ 22.056292, 49.008058 ], [ 22.049907, 48.999888 ], [ 22.050015, 48.995423 ], [ 22.047005, 48.990224 ], [ 22.049488, 48.978878 ], [ 22.027656, 48.969326 ], [ 22.028925, 48.964859 ], [ 22.016218, 48.962379 ], [ 22.016169, 48.957553 ], [ 22.019426, 48.953254 ], [ 22.022499, 48.953476 ], [ 22.021235, 48.952414 ], [ 22.024939, 48.948292 ], [ 22.034563, 48.948794 ], [ 22.042809, 48.951129 ], [ 22.051723, 48.948088 ], [ 22.058166, 48.947629 ], [ 22.065132, 48.940762 ], [ 22.071196, 48.938859 ], [ 22.073524, 48.9401 ], [ 22.072128, 48.941175 ], [ 22.079053, 48.943668 ], [ 22.082998, 48.939234 ], [ 22.092828, 48.942637 ], [ 22.099906, 48.933198 ], [ 22.101848, 48.934654 ], [ 22.109515, 48.931761 ], [ 22.116901, 48.931724 ], [ 22.1197797, 48.9413589 ], [ 22.1310369, 48.9393041 ], [ 22.1347297, 48.940573 ], [ 22.1348107, 48.9457578 ], [ 22.1421899, 48.9507955 ], [ 22.1407341, 48.9534466 ], [ 22.1438725, 48.9545102 ], [ 22.156899, 48.946176 ], [ 22.150318, 48.938395 ], [ 22.152009, 48.93429 ], [ 22.154314, 48.938101 ], [ 22.155353, 48.93687 ], [ 22.157758, 48.938764 ], [ 22.163643, 48.938167 ], [ 22.165238, 48.936054 ], [ 22.166462, 48.937734 ], [ 22.163867, 48.938208 ], [ 22.173383, 48.938038 ], [ 22.180381, 48.935689 ], [ 22.184622, 48.930958 ], [ 22.1918562, 48.929273 ] ] ] } },
{ "type": "Feature", "properties": { "shapeName": "District of Bratislava IV", "shapeISO": "", "shapeID": "56367889B51237059400968", "shapeGroup": "SVK", "shapeType": "ADM2" }, "geometry": { "type": "Polygon", "coordinates": [ [ [ 17.073896, 48.142414 ], [ 17.076525, 48.146771 ], [ 17.077903, 48.167237 ], [ 17.072135, 48.171014 ], [ 17.073448, 48.174505 ], [ 17.064409, 48.178536 ], [ 17.070457, 48.184544 ], [ 17.066829, 48.19148 ], [ 17.064161, 48.191394 ], [ 17.063962, 48.19766 ], [ 17.066681, 48.202507 ], [ 17.06473, 48.208861 ], [ 17.070091, 48.22065 ], [ 17.077841, 48.223142 ], [ 17.089603, 48.217816 ], [ 17.089852, 48.22213 ], [ 17.09368, 48.22132 ], [ 17.097506, 48.224087 ], [ 17.10591, 48.223084 ], [ 17.110222, 48.227742 ], [ 17.106928, 48.232326 ], [ 17.107605, 48.23759 ], [ 17.114844, 48.238541 ], [ 17.122202, 48.242107 ], [ 17.134222, 48.242837 ], [ 17.137208, 48.247451 ], [ 17.129266, 48.247963 ], [ 17.1205, 48.244372 ], [ 17.099352, 48.249376 ], [ 17.095271, 48.249229 ], [ 17.091048, 48.246694 ], [ 17.081415, 48.249849 ], [ 17.081554, 48.243822 ], [ 17.076364, 48.240102 ], [ 17.07667, 48.235916 ], [ 17.073779, 48.235631 ], [ 17.069621, 48.237433 ], [ 17.067359, 48.242156 ], [ 17.04717, 48.245508 ], [ 17.044192, 48.252069 ], [ 17.040328, 48.250769 ], [ 17.020771, 48.250122 ], [ 17.01837, 48.248052 ], [ 16.997881, 48.25123 ], [ 16.995964, 48.252606 ], [ 16.987222, 48.252251 ], [ 16.969698, 48.263642 ], [ 16.95852, 48.265064 ], [ 16.957262, 48.263483 ], [ 16.951432, 48.256652 ], [ 16.946121, 48.235881 ], [ 16.949038, 48.231885 ], [ 16.957548, 48.226499 ], [ 16.96178, 48.220827 ], [ 16.962463, 48.213566 ], [ 16.9763259, 48.1895515 ], [ 16.976246, 48.17213850000001 ], [ 16.993637, 48.161732 ], [ 17.012316, 48.153472 ], [ 17.025915, 48.141222 ], [ 17.038636, 48.13982 ], [ 17.057195, 48.143724 ], [ 17.057356, 48.141793 ], [ 17.07353, 48.140605 ], [ 17.073896, 48.142414 ] ] ] } },
{ "type": "Feature", "properties": { "shapeName": "District of Sabinov", "shapeISO": "", "shapeID": "56367889B81744173793240", "shapeGroup": "SVK", "shapeType": "ADM2" }, "geometry": { "type": "Polygon", "coordinates": [ [ [ 20.994443, 49.230453 ], [ 20.992129, 49.228276 ], [ 20.981187, 49.226583 ], [ 20.977247, 49.220887 ], [ 20.972147, 49.218545 ], [ 20.962521, 49.21823 ], [ 20.951171, 49.212773 ], [ 20.94966, 49.208713 ], [ 20.936543, 49.212381 ], [ 20.935889, 49.210724 ], [ 20.932057, 49.211436 ], [ 20.930512, 49.210319 ], [ 20.926448, 49.21389 ], [ 20.915553, 49.205736 ], [ 20.912426, 49.205778 ], [ 20.908115, 49.20879 ], [ 20.905841, 49.206973 ], [ 20.898808, 49.209027 ], [ 20.895001, 49.205292 ], [ 20.88904, 49.210514 ], [ 20.885671, 49.210093 ], [ 20.887345, 49.210426 ], [ 20.885653, 49.211021 ], [ 20.885552, 49.217161 ], [ 20.888257, 49.21777 ], [ 20.886316, 49.219844 ], [ 20.887931, 49.221811 ], [ 20.886271, 49.226655 ], [ 20.884739, 49.224801 ], [ 20.876807, 49.226271 ], [ 20.875187, 49.227801 ], [ 20.877998, 49.222809 ], [ 20.876471, 49.216824 ], [ 20.87336, 49.21404 ], [ 20.873961, 49.210751 ], [ 20.868171, 49.211445 ], [ 20.869952, 49.212418 ], [ 20.868352, 49.21687 ], [ 20.86011, 49.222127 ], [ 20.855615, 49.221326 ], [ 20.858652, 49.220443 ], [ 20.856572, 49.218242 ], [ 20.848942, 49.218777 ], [ 20.849864, 49.215888 ], [ 20.845622, 49.216812 ], [ 20.845944, 49.218468 ], [ 20.842668, 49.215677 ], [ 20.844582, 49.220204 ], [ 20.851128, 49.220625 ], [ 20.852531, 49.224566 ], [ 20.844256, 49.227917 ], [ 20.832352, 49.223905 ], [ 20.833148, 49.22604 ], [ 20.825399, 49.231796 ], [ 20.821083, 49.231854 ], [ 20.816551, 49.228704 ], [ 20.808793, 49.230717 ], [ 20.804632, 49.226882 ], [ 20.787205, 49.227531 ], [ 20.771523, 49.229996 ], [ 20.770997, 49.221616 ], [ 20.773303, 49.218519 ], [ 20.771381, 49.215886 ], [ 20.769739, 49.216504 ], [ 20.770079, 49.213665 ], [ 20.7626069, 49.2058495 ], [ 20.7594503, 49.2058093 ], [ 20.7542034, 49.20215060000001 ], [ 20.7535982, 49.1961794 ], [ 20.7491529, 49.19112 ], [ 20.7423612, 49.1918244 ], [ 20.7361784, 49.1866967 ], [ 20.7288632, 49.1842135 ], [ 20.7259203, 49.1801007 ], [ 20.7128624, 49.1750414 ], [ 20.6992773, 49.1648976 ], [ 20.6921359, 49.16645 ], [ 20.690087, 49.1698422 ], [ 20.6802365, 49.1717572 ], [ 20.6664474, 49.1678089 ], [ 20.6521951, 49.1550282 ], [ 20.6737218, 49.1391934 ], [ 20.7051454, 49.1238555 ], [ 20.7096645, 49.1195496 ], [ 20.7159998, 49.120958900000012 ], [ 20.724726, 49.117856 ], [ 20.727034, 49.121967 ], [ 20.746268, 49.121463 ], [ 20.750058, 49.124158 ], [ 20.759125, 49.118193 ], [ 20.765671, 49.109037 ], [ 20.768238, 49.108522 ], [ 20.770198, 49.110953 ], [ 20.777232, 49.112843 ], [ 20.779144, 49.111832 ], [ 20.781905, 49.114062 ], [ 20.786978, 49.113072 ], [ 20.801563, 49.104101 ], [ 20.809553, 49.093964 ], [ 20.825438, 49.083476 ], [ 20.824252, 49.082144 ], [ 20.829453, 49.07732 ], [ 20.84302, 49.080759 ], [ 20.846652, 49.08337 ], [ 20.856974, 49.083341 ], [ 20.864872, 49.087983 ], [ 20.870217, 49.08586 ], [ 20.87881, 49.086477 ], [ 20.8909, 49.082637 ], [ 20.898531, 49.076433 ], [ 20.902754, 49.075558 ], [ 20.912969, 49.079257 ], [ 20.914823, 49.085585 ], [ 20.920309, 49.088633 ], [ 20.920124, 49.093732 ], [ 20.924279, 49.089115 ], [ 20.923101, 49.087062 ], [ 20.933369, 49.081922 ], [ 20.932359, 49.078951 ], [ 20.936502, 49.077535 ], [ 20.950638, 49.080154 ], [ 20.95394, 49.077008 ], [ 20.962471, 49.077697 ], [ 20.96553, 49.076705 ], [ 20.968632, 49.077752 ], [ 20.972777, 49.08345 ], [ 20.972766, 49.087736 ], [ 20.977426, 49.088854 ], [ 20.980528, 49.086397 ], [ 20.992638, 49.087109 ], [ 20.986728, 49.083446 ], [ 20.988058, 49.081285 ], [ 20.991208, 49.079551 ], [ 21.001602, 49.080267 ], [ 21.008037, 49.076875 ], [ 21.015016, 49.068561 ], [ 21.016482, 49.063907 ], [ 21.020473, 49.061972 ], [ 21.018689, 49.059518 ], [ 21.02568, 49.057734 ], [ 21.042591, 49.045171 ], [ 21.039065, 49.043607 ], [ 21.04124, 49.038925 ], [ 21.054354, 49.040961 ], [ 21.061276, 49.030339 ], [ 21.063527, 49.031751 ], [ 21.068365, 49.029925 ], [ 21.084744, 49.020786 ], [ 21.080341, 49.027351 ], [ 21.081285, 49.02852 ], [ 21.078808, 49.029717 ], [ 21.08021, 49.031371 ], [ 21.075709, 49.032066 ], [ 21.07951, 49.034078 ], [ 21.073011, 49.038476 ], [ 21.073164, 49.04128 ], [ 21.07503, 49.039839 ], [ 21.077621, 49.041289 ], [ 21.076389, 49.044196 ], [ 21.081847, 49.041501 ], [ 21.080758, 49.043807 ], [ 21.082497, 49.043846 ], [ 21.089699, 49.040567 ], [ 21.091777, 49.042534 ], [ 21.090564, 49.044404 ], [ 21.093308, 49.045471 ], [ 21.09677, 49.039535 ], [ 21.09888, 49.040653 ], [ 21.099847, 49.039404 ], [ 21.11, 49.051452 ], [ 21.113507, 49.048365 ], [ 21.123128, 49.045262 ], [ 21.129144, 49.050434 ], [ 21.13719, 49.051292 ], [ 21.140562, 49.058041 ], [ 21.146903, 49.058558 ], [ 21.150709, 49.06516 ], [ 21.177936, 49.063585 ], [ 21.175254, 49.066844 ], [ 21.170936, 49.068128 ], [ 21.169338, 49.072751 ], [ 21.174727, 49.075392 ], [ 21.166304, 49.080608 ], [ 21.164995, 49.085004 ], [ 21.182981, 49.074711 ], [ 21.185106, 49.076555 ], [ 21.190063, 49.077086 ], [ 21.193674, 49.075503 ], [ 21.199918, 49.076257 ], [ 21.202164, 49.074058 ], [ 21.202281, 49.075821 ], [ 21.203705, 49.074102 ], [ 21.206677, 49.078089 ], [ 21.205256, 49.08071 ], [ 21.201261, 49.082362 ], [ 21.204067, 49.084829 ], [ 21.203804, 49.087592 ], [ 21.210704, 49.085111 ], [ 21.21404, 49.088137 ], [ 21.21764, 49.087413 ], [ 21.219878, 49.084942 ], [ 21.226308, 49.087165 ], [ 21.225078, 49.088894 ], [ 21.226736, 49.089171 ], [ 21.227111, 49.092605 ], [ 21.220296, 49.094397 ], [ 21.218707, 49.097334 ], [ 21.219102, 49.099922 ], [ 21.225303, 49.102279 ], [ 21.22271, 49.104481 ], [ 21.224103, 49.105451 ], [ 21.21582, 49.109173 ], [ 21.20842, 49.119012 ], [ 21.206978, 49.124357 ], [ 21.200442, 49.131459 ], [ 21.191732, 49.133968 ], [ 21.193395, 49.136911 ], [ 21.191038, 49.138507 ], [ 21.189476, 49.14508 ], [ 21.180274, 49.147575 ], [ 21.172834, 49.160899 ], [ 21.163848, 49.165942 ], [ 21.168419, 49.171704 ], [ 21.163464, 49.178307 ], [ 21.168856, 49.178194 ], [ 21.174651, 49.185159 ], [ 21.168936, 49.189113 ], [ 21.167711, 49.196087 ], [ 21.161036, 49.196215 ], [ 21.15383, 49.198887 ], [ 21.146318, 49.198619 ], [ 21.141088, 49.201657 ], [ 21.139467, 49.207831 ], [ 21.130264, 49.212084 ], [ 21.1259, 49.212559 ], [ 21.124526, 49.216679 ], [ 21.118311, 49.221681 ], [ 21.111915, 49.219198 ], [ 21.102722, 49.219249 ], [ 21.092903, 49.215713 ], [ 21.088224, 49.216066 ], [ 21.077646, 49.212411 ], [ 21.064028, 49.217536 ], [ 21.056418, 49.222333 ], [ 21.048313, 49.216835 ], [ 21.03478, 49.218952 ], [ 21.028544, 49.214327 ], [ 21.021292, 49.214468 ], [ 21.016099, 49.218296 ], [ 21.005398, 49.222423 ], [ 21.000833, 49.229337 ], [ 20.994443, 49.230453 ] ] ] } },
{ "type": "Feature", "properties": { "shapeName": "District of Trencon", "shapeISO": "", "shapeID": "56367889B17286119603144", "shapeGroup": "SVK", "shapeType": "ADM2" }, "geometry": { "type": "Polygon", "coordinates": [ [ [ 18.327083, 48.923227 ], [ 18.323534, 48.924647 ], [ 18.308299, 48.923311 ], [ 18.295246, 48.925049 ], [ 18.292556, 48.923381 ], [ 18.291218, 48.924652 ], [ 18.286194, 48.923664 ], [ 18.278471, 48.924891 ], [ 18.2735, 48.92065 ], [ 18.256131, 48.917335 ], [ 18.249594, 48.912568 ], [ 18.235982, 48.917267 ], [ 18.222134, 48.919905 ], [ 18.214015, 48.917281 ], [ 18.207312, 48.921046 ], [ 18.202548, 48.919953 ], [ 18.196205, 48.915294 ], [ 18.188451, 48.914263 ], [ 18.183838, 48.9117 ], [ 18.169377, 48.917884 ], [ 18.16545, 48.923298 ], [ 18.154797, 48.930084 ], [ 18.15246, 48.927777 ], [ 18.140454, 48.927622 ], [ 18.130562, 48.932598 ], [ 18.129634, 48.936565 ], [ 18.12657, 48.936509 ], [ 18.134855, 48.94503 ], [ 18.144553, 48.950287 ], [ 18.133266, 48.956274 ], [ 18.133769, 48.959756 ], [ 18.147768, 48.970753 ], [ 18.136287, 48.971646 ], [ 18.12391, 48.979081 ], [ 18.118672, 48.987654 ], [ 18.117874, 48.995502 ], [ 18.114086, 49.0032 ], [ 18.109562, 49.00503 ], [ 18.106846, 49.010923 ], [ 18.101779, 49.012892 ], [ 18.099783, 49.01992 ], [ 18.094635, 49.019521 ], [ 18.091666, 49.021182 ], [ 18.095835, 49.026138 ], [ 18.099533, 49.023897 ], [ 18.100302, 49.026897 ], [ 18.093973, 49.03654 ], [ 18.10099, 49.042849 ], [ 18.097011, 49.044552 ], [ 18.102274, 49.051909 ], [ 18.093845, 49.063356 ], [ 18.096848, 49.067326 ], [ 18.0938673, 49.0692751 ], [ 18.090721, 49.064697 ], [ 18.091129, 49.06182 ], [ 18.095008, 49.058698 ], [ 18.083876, 49.052567 ], [ 18.082042, 49.046165 ], [ 18.078692, 49.045033 ], [ 18.076975, 49.042045 ], [ 18.073116, 49.041753 ], [ 18.070777, 49.037773 ], [ 18.05564, 49.031242 ], [ 18.053587, 49.031625 ], [ 18.057123, 49.028505 ], [ 18.053184, 49.031684 ], [ 18.037249, 49.026375 ], [ 18.029725, 49.026829 ], [ 18.024472, 49.02123 ], [ 18.012087, 49.022661 ], [ 18.007313, 49.021322 ], [ 17.9909, 49.0284941 ], [ 17.9757247, 49.0226401 ], [ 17.9512774, 49.0250179 ], [ 17.945076, 49.023272 ], [ 17.935081, 49.023576 ], [ 17.9243, 49.019966 ], [ 17.920876, 49.015407 ], [ 17.913837, 49.010906 ], [ 17.912092, 49.005822 ], [ 17.914474, 48.996422 ], [ 17.912135, 48.990875 ], [ 17.903066, 48.98262 ], [ 17.899606, 48.969941 ], [ 17.903038, 48.964181 ], [ 17.898982, 48.954954 ], [ 17.888927, 48.944075 ], [ 17.886105, 48.928563 ], [ 17.875863, 48.925909 ], [ 17.869695, 48.922623 ], [ 17.852252, 48.927383 ], [ 17.844223, 48.926401 ], [ 17.846136, 48.922476 ], [ 17.842266, 48.915696 ], [ 17.845469, 48.909724 ], [ 17.845571, 48.903066 ], [ 17.838322, 48.90249 ], [ 17.835331, 48.90007 ], [ 17.831005, 48.888765 ], [ 17.837104, 48.880025 ], [ 17.84198, 48.867345 ], [ 17.855049, 48.857459 ], [ 17.853935, 48.855758 ], [ 17.862331, 48.851047 ], [ 17.860775, 48.849856 ], [ 17.864103, 48.848238 ], [ 17.862379, 48.84716 ], [ 17.868914, 48.841083 ], [ 17.866903, 48.840607 ], [ 17.870513, 48.834741 ], [ 17.872223, 48.834063 ], [ 17.876397, 48.835577 ], [ 17.877329, 48.830316 ], [ 17.874129, 48.826607 ], [ 17.875369, 48.824585 ], [ 17.872783, 48.823311 ], [ 17.874577, 48.821299 ], [ 17.871574, 48.818875 ], [ 17.869263, 48.818956 ], [ 17.870168, 48.817654 ], [ 17.8664863, 48.8138587 ], [ 17.867032, 48.809673 ], [ 17.871214, 48.807651 ], [ 17.870552, 48.805239 ], [ 17.873735, 48.802852 ], [ 17.891293, 48.814264 ], [ 17.893783, 48.812586 ], [ 17.900095, 48.812834 ], [ 17.901605, 48.811617 ], [ 17.928912, 48.811355 ], [ 17.930515, 48.81008 ], [ 17.92893, 48.809195 ], [ 17.932895, 48.806818 ], [ 17.929632, 48.8013 ], [ 17.932643, 48.7958 ], [ 17.936689, 48.796647 ], [ 17.940148, 48.793709 ], [ 17.966502, 48.795551 ], [ 17.969009, 48.788361 ], [ 17.965777, 48.777137 ], [ 17.983649, 48.75037 ], [ 17.993583, 48.754092 ], [ 18.003482, 48.747977 ], [ 18.029463, 48.75536 ], [ 18.037363, 48.766344 ], [ 18.039181, 48.763321 ], [ 18.04697, 48.759223 ], [ 18.064607, 48.755387 ], [ 18.070558, 48.752708 ], [ 18.07682, 48.752389 ], [ 18.089168, 48.740891 ], [ 18.095451, 48.737217 ], [ 18.098302, 48.738702 ], [ 18.103325, 48.735996 ], [ 18.105532, 48.736693 ], [ 18.103309, 48.739128 ], [ 18.104863, 48.740755 ], [ 18.117611, 48.741419 ], [ 18.121775, 48.743856 ], [ 18.126306, 48.744232 ], [ 18.127358, 48.748667 ], [ 18.133665, 48.75355 ], [ 18.133577, 48.759615 ], [ 18.145017, 48.758724 ], [ 18.153201, 48.761255 ], [ 18.15753, 48.764418 ], [ 18.157529, 48.767843 ], [ 18.150269, 48.772767 ], [ 18.153388, 48.774662 ], [ 18.157096, 48.775378 ], [ 18.159797, 48.772723 ], [ 18.166348, 48.776422 ], [ 18.170158, 48.774841 ], [ 18.166348, 48.773493 ], [ 18.167428, 48.771852 ], [ 18.169227, 48.773239 ], [ 18.171707, 48.771035 ], [ 18.16762, 48.770537 ], [ 18.169608, 48.768999 ], [ 18.173444, 48.769282 ], [ 18.17886, 48.774653 ], [ 18.177901, 48.779771 ], [ 18.186935, 48.771828 ], [ 18.19202, 48.772722 ], [ 18.1945538, 48.7703825 ], [ 18.202325, 48.768399 ], [ 18.212901, 48.776605 ], [ 18.22318, 48.778525 ], [ 18.220483, 48.786358 ], [ 18.223635, 48.792962 ], [ 18.222553, 48.79583 ], [ 18.217778, 48.803808 ], [ 18.211643, 48.806956 ], [ 18.213434, 48.818625 ], [ 18.211739, 48.824993 ], [ 18.21304, 48.833522 ], [ 18.210963, 48.836674 ], [ 18.220112, 48.855126 ], [ 18.230046, 48.86209 ], [ 18.227055, 48.869647 ], [ 18.228361, 48.871979 ], [ 18.269402, 48.883724 ], [ 18.286922, 48.886523 ], [ 18.289257, 48.886388 ], [ 18.295437, 48.88097 ], [ 18.301348, 48.879956 ], [ 18.302063, 48.878412 ], [ 18.312656, 48.881066 ], [ 18.314647, 48.880155 ], [ 18.314886, 48.883517 ], [ 18.319621, 48.888672 ], [ 18.326335, 48.890885 ], [ 18.332517, 48.895262 ], [ 18.331975, 48.898699 ], [ 18.327985, 48.900949 ], [ 18.324418, 48.907828 ], [ 18.329678, 48.912085 ], [ 18.327071, 48.917074 ], [ 18.327083, 48.923227 ] ] ] } },
{ "type": "Feature", "properties": { "shapeName": "District of Prchov", "shapeISO": "", "shapeID": "56367889B75362220391655", "shapeGroup": "SVK", "shapeType": "ADM2" }, "geometry": { "type": "Polygon", "coordinates": [ [ [ 18.248114, 49.29474 ], [ 18.240986, 49.294418 ], [ 18.238656, 49.295522 ], [ 18.22766, 49.294092 ], [ 18.222021, 49.295389 ], [ 18.219346, 49.293077 ], [ 18.213384, 49.293767 ], [ 18.208446, 49.291694 ], [ 18.20424, 49.293485 ], [ 18.1974646, 49.2895477 ], [ 18.19204, 49.290008 ], [ 18.1840259, 49.2869962 ], [ 18.185945, 49.280922 ], [ 18.184264, 49.269833 ], [ 18.171744, 49.262987 ], [ 18.1628584, 49.2607625 ], [ 18.161273, 49.255082 ], [ 18.152472, 49.252254 ], [ 18.147192, 49.248421 ], [ 18.147769, 49.235625 ], [ 18.144406, 49.229235 ], [ 18.156272, 49.22954 ], [ 18.152667, 49.219603 ], [ 18.154911, 49.216151 ], [ 18.148168, 49.214994 ], [ 18.149367, 49.205066 ], [ 18.147141, 49.20489 ], [ 18.141357, 49.196084 ], [ 18.130889, 49.188926 ], [ 18.129921, 49.168448 ], [ 18.136714, 49.16102 ], [ 18.132007, 49.159576 ], [ 18.128207, 49.155277 ], [ 18.1187717, 49.1527603 ], [ 18.117221, 49.150783 ], [ 18.118356, 49.143456 ], [ 18.123187, 49.145052 ], [ 18.139387, 49.143283 ], [ 18.143442, 49.139972 ], [ 18.152635, 49.137613 ], [ 18.153136, 49.121751 ], [ 18.158984, 49.117922 ], [ 18.168167, 49.119146 ], [ 18.179619, 49.1101 ], [ 18.180675, 49.10493 ], [ 18.188341, 49.102783 ], [ 18.189317, 49.100306 ], [ 18.193328, 49.098364 ], [ 18.197824, 49.093328 ], [ 18.199618, 49.087608 ], [ 18.205811, 49.084647 ], [ 18.215393, 49.074155 ], [ 18.218786, 49.061694 ], [ 18.230251, 49.056525 ], [ 18.237194, 49.060075 ], [ 18.242381, 49.056001 ], [ 18.248109, 49.044692 ], [ 18.257773, 49.040843 ], [ 18.268082, 49.03344 ], [ 18.26806, 49.038454 ], [ 18.265297, 49.043 ], [ 18.268361, 49.047597 ], [ 18.284657, 49.052601 ], [ 18.29247, 49.048726 ], [ 18.293664, 49.050491 ], [ 18.296429, 49.049695 ], [ 18.296101, 49.048457 ], [ 18.304537, 49.045345 ], [ 18.300452, 49.041407 ], [ 18.310456, 49.034123 ], [ 18.313857, 49.029606 ], [ 18.320256, 49.026633 ], [ 18.335559, 49.014761 ], [ 18.346016, 49.015977 ], [ 18.345324, 49.014566 ], [ 18.350151, 49.014669 ], [ 18.346263, 49.010919 ], [ 18.350709, 49.00911 ], [ 18.356579, 49.009716 ], [ 18.356933, 49.008493 ], [ 18.353634, 49.007668 ], [ 18.354535, 49.006081 ], [ 18.362526, 49.007155 ], [ 18.364725, 49.006232 ], [ 18.362764, 49.004699 ], [ 18.378131, 48.98683 ], [ 18.372813, 48.981947 ], [ 18.373267, 48.980464 ], [ 18.391266, 48.976543 ], [ 18.39681, 48.971883 ], [ 18.400667, 48.970839 ], [ 18.404422, 48.97191 ], [ 18.422278, 48.971579 ], [ 18.437509, 48.982226 ], [ 18.428348, 48.988555 ], [ 18.420793, 48.990207 ], [ 18.420735, 48.998262 ], [ 18.411327, 48.997904 ], [ 18.409753, 49.000015 ], [ 18.41185, 49.001345 ], [ 18.401281, 49.006363 ], [ 18.39947, 49.00891 ], [ 18.402997, 49.011827 ], [ 18.401311, 49.013326 ], [ 18.401796, 49.018185 ], [ 18.40447, 49.020697 ], [ 18.394226, 49.0292 ], [ 18.394221, 49.036367 ], [ 18.383625, 49.047318 ], [ 18.386999, 49.049703 ], [ 18.387164, 49.059075 ], [ 18.389476, 49.061022 ], [ 18.392252, 49.05994 ], [ 18.399023, 49.065037 ], [ 18.394937, 49.067886 ], [ 18.391951, 49.068007 ], [ 18.394782, 49.069642 ], [ 18.390127, 49.080713 ], [ 18.38873, 49.093122 ], [ 18.395934, 49.094094 ], [ 18.396762, 49.09886 ], [ 18.388942, 49.102038 ], [ 18.382724, 49.101878 ], [ 18.387168, 49.108551 ], [ 18.393403, 49.109923 ], [ 18.399267, 49.113913 ], [ 18.396019, 49.121059 ], [ 18.39027, 49.121661 ], [ 18.382403, 49.119633 ], [ 18.379077, 49.121104 ], [ 18.38241, 49.124469 ], [ 18.377279, 49.133538 ], [ 18.376354, 49.139282 ], [ 18.370029, 49.139596 ], [ 18.367183, 49.142343 ], [ 18.368647, 49.149272 ], [ 18.366974, 49.154718 ], [ 18.362912, 49.15944 ], [ 18.35625, 49.161914 ], [ 18.355502, 49.165251 ], [ 18.358073, 49.170702 ], [ 18.354798, 49.172329 ], [ 18.343421, 49.173508 ], [ 18.338505, 49.179029 ], [ 18.330853, 49.182233 ], [ 18.326992, 49.181592 ], [ 18.325403, 49.190479 ], [ 18.323642, 49.190938 ], [ 18.323856, 49.199317 ], [ 18.326068, 49.208765 ], [ 18.330768, 49.213668 ], [ 18.323195, 49.215862 ], [ 18.3012, 49.217111 ], [ 18.289773, 49.21293 ], [ 18.283084, 49.218922 ], [ 18.290292, 49.219601 ], [ 18.285791, 49.222715 ], [ 18.279638, 49.232154 ], [ 18.275631, 49.230953 ], [ 18.271427, 49.233357 ], [ 18.265249, 49.248493 ], [ 18.261171, 49.253169 ], [ 18.262268, 49.263565 ], [ 18.252183, 49.268494 ], [ 18.248391, 49.273555 ], [ 18.248114, 49.29474 ] ] ] } },
{ "type": "Feature", "properties": { "shapeName": "District of Medzilaborce", "shapeISO": "", "shapeID": "56367889B99469568447767", "shapeGroup": "SVK", "shapeType": "ADM2" }, "geometry": { "type": "Polygon", "coordinates": [ [ [ 22.106737, 49.204087 ], [ 22.098129, 49.206454 ], [ 22.093624, 49.20585 ], [ 22.0881844, 49.2079082 ], [ 22.07795, 49.208836 ], [ 22.067642, 49.212216 ], [ 22.0619644, 49.2115859 ], [ 22.0600074, 49.2144633 ], [ 22.0506766, 49.2162936 ], [ 22.030419, 49.22517 ], [ 22.0350573, 49.2338231 ], [ 22.0333672, 49.2417508 ], [ 22.0389694, 49.245018800000011 ], [ 22.038136, 49.250161 ], [ 22.041891, 49.2571641 ], [ 22.030318, 49.262671 ], [ 22.033326, 49.265268 ], [ 22.03402, 49.278546 ], [ 22.023379, 49.286135 ], [ 22.0106878, 49.2895274 ], [ 22.0007276, 49.299323900000012 ], [ 21.9914853, 49.3043054 ], [ 21.9888702, 49.3085083 ], [ 21.9831803, 49.310366 ], [ 21.9785402, 49.3169236 ], [ 21.9784582, 49.3233233 ], [ 21.9753825, 49.3300251 ], [ 21.9652742, 49.3416858 ], [ 21.9660895, 49.3451219 ], [ 21.961011, 49.349051 ], [ 21.95239, 49.35007 ], [ 21.9493711, 49.347757 ], [ 21.9448186, 49.3486719 ], [ 21.934027, 49.346115 ], [ 21.9180331, 49.3541933 ], [ 21.9078851, 49.3532751 ], [ 21.9037674, 49.3499643 ], [ 21.9003663, 49.354089099999989 ], [ 21.8918252, 49.3586234 ], [ 21.8893232, 49.3622601 ], [ 21.8909948, 49.3643622 ], [ 21.8873284, 49.3689768 ], [ 21.875471, 49.3736309 ], [ 21.8707576, 49.3732833 ], [ 21.8589987, 49.3685554 ], [ 21.8479249, 49.37811210000001 ], [ 21.8492802, 49.3841035 ], [ 21.8473159, 49.386664599999989 ], [ 21.8383186, 49.3916729 ], [ 21.8258407, 49.3907837 ], [ 21.8173796, 49.3843405 ], [ 21.808517, 49.38151 ], [ 21.802993, 49.382176 ], [ 21.796949, 49.378462 ], [ 21.7951145, 49.3739948 ], [ 21.791762, 49.3727322 ], [ 21.7878417, 49.3677174 ], [ 21.790838, 49.360555 ], [ 21.788513, 49.358242 ], [ 21.7892157, 49.3554882 ], [ 21.791356, 49.352554 ], [ 21.790229, 49.348809 ], [ 21.798071, 49.337151 ], [ 21.801605, 49.335883 ], [ 21.814289, 49.339211 ], [ 21.820177, 49.334218 ], [ 21.823026, 49.326202 ], [ 21.828616, 49.319975 ], [ 21.832753, 49.319083 ], [ 21.841684, 49.313453 ], [ 21.846761, 49.305124 ], [ 21.856745, 49.302457 ], [ 21.862396, 49.299283 ], [ 21.870352, 49.290944 ], [ 21.857525, 49.27824 ], [ 21.851709, 49.276077 ], [ 21.852369, 49.274644 ], [ 21.847077, 49.271668 ], [ 21.847175, 49.267563 ], [ 21.841822, 49.263135 ], [ 21.8335, 49.264849 ], [ 21.827406, 49.260889 ], [ 21.82601, 49.253395 ], [ 21.833148, 49.247882 ], [ 21.831777, 49.242909 ], [ 21.826881, 49.241399 ], [ 21.825658, 49.239259 ], [ 21.82356, 49.228642 ], [ 21.824763, 49.221172 ], [ 21.817237, 49.218762 ], [ 21.816873, 49.209096 ], [ 21.804651, 49.210737 ], [ 21.7856, 49.207394 ], [ 21.78942, 49.198335 ], [ 21.792457, 49.191496 ], [ 21.805387, 49.175165 ], [ 21.803018, 49.166511 ], [ 21.803695, 49.160692 ], [ 21.806642, 49.157942 ], [ 21.803426, 49.155173 ], [ 21.809002, 49.151243 ], [ 21.807702, 49.149291 ], [ 21.815638, 49.139225 ], [ 21.819357, 49.139244 ], [ 21.824179, 49.135251 ], [ 21.829151, 49.13583 ], [ 21.832454, 49.131603 ], [ 21.838891, 49.129326 ], [ 21.842245, 49.123436 ], [ 21.851721, 49.118504 ], [ 21.85737, 49.121063 ], [ 21.871967, 49.116436 ], [ 21.872767, 49.11216 ], [ 21.885594, 49.106903 ], [ 21.895098, 49.100231 ], [ 21.90073, 49.10068 ], [ 21.908029, 49.108911 ], [ 21.913864, 49.112127 ], [ 21.931913, 49.113378 ], [ 21.93793, 49.105285 ], [ 21.941107, 49.106207 ], [ 21.9404, 49.102472 ], [ 21.945941, 49.100939 ], [ 21.947255, 49.098861 ], [ 21.961992, 49.101144 ], [ 21.964187, 49.105745 ], [ 21.967227, 49.106588 ], [ 21.969631, 49.116491 ], [ 21.964991, 49.124939 ], [ 21.972158, 49.131098 ], [ 21.983798, 49.128961 ], [ 21.984682, 49.131399 ], [ 21.991825, 49.129216 ], [ 21.995005, 49.1316 ], [ 21.999864, 49.131729 ], [ 22.015663, 49.128596 ], [ 22.027078, 49.135272 ], [ 22.0409, 49.13937 ], [ 22.044578, 49.138279 ], [ 22.04853, 49.140567 ], [ 22.060203, 49.142496 ], [ 22.067785, 49.149119 ], [ 22.071944, 49.149629 ], [ 22.080281, 49.157449 ], [ 22.076365, 49.160101 ], [ 22.076642, 49.163221 ], [ 22.083244, 49.168762 ], [ 22.089829, 49.181737 ], [ 22.098082, 49.184497 ], [ 22.100766, 49.190429 ], [ 22.099667, 49.195994 ], [ 22.106737, 49.204087 ] ] ] } },
{ "type": "Feature", "properties": { "shapeName": "District of Poprad", "shapeISO": "", "shapeID": "56367889B94927774956455", "shapeGroup": "SVK", "shapeType": "ADM2" }, "geometry": { "type": "Polygon", "coordinates": [ [ [ 20.442738, 48.999123 ], [ 20.444173, 49.003445 ], [ 20.439392, 49.003484 ], [ 20.437851, 49.00506 ], [ 20.442037, 49.015148 ], [ 20.439708, 49.024655 ], [ 20.448265, 49.015424 ], [ 20.453078, 49.014815 ], [ 20.452949, 49.027513 ], [ 20.456574, 49.031746 ], [ 20.451877, 49.032002 ], [ 20.451322, 49.034078 ], [ 20.445969, 49.033536 ], [ 20.442682, 49.037529 ], [ 20.442463, 49.036471 ], [ 20.429741, 49.035057 ], [ 20.415973, 49.036763 ], [ 20.415813, 49.03795 ], [ 20.407907, 49.037634 ], [ 20.405523, 49.04147 ], [ 20.407426, 49.046245 ], [ 20.402983, 49.048252 ], [ 20.391563, 49.043819 ], [ 20.385798, 49.049717 ], [ 20.377316, 49.053091 ], [ 20.373558, 49.058211 ], [ 20.36828, 49.060708 ], [ 20.35653, 49.075218 ], [ 20.361913, 49.077379 ], [ 20.373778, 49.088087 ], [ 20.361321, 49.090175 ], [ 20.354106, 49.094578 ], [ 20.351314, 49.092715 ], [ 20.340998, 49.095937 ], [ 20.338615, 49.093515 ], [ 20.336022, 49.095861 ], [ 20.337152, 49.09949 ], [ 20.325403, 49.103528 ], [ 20.31088, 49.11567 ], [ 20.293996, 49.125627 ], [ 20.289949, 49.131435 ], [ 20.276448, 49.136346 ], [ 20.285312, 49.1388 ], [ 20.283719, 49.141076 ], [ 20.2889, 49.141042 ], [ 20.282369, 49.148091 ], [ 20.288896, 49.156519 ], [ 20.287584, 49.157535 ], [ 20.303745, 49.150853 ], [ 20.314316, 49.149091 ], [ 20.31835, 49.146785 ], [ 20.317866, 49.14365 ], [ 20.320082, 49.142524 ], [ 20.323464, 49.14369 ], [ 20.323418, 49.145038 ], [ 20.327206, 49.144585 ], [ 20.331452, 49.147633 ], [ 20.330478, 49.14935 ], [ 20.320994, 49.152484 ], [ 20.329258, 49.157045 ], [ 20.322456, 49.16191 ], [ 20.332013, 49.167058 ], [ 20.343161, 49.161075 ], [ 20.342379, 49.163851 ], [ 20.347619, 49.160665 ], [ 20.352666, 49.163839 ], [ 20.350171, 49.165421 ], [ 20.351195, 49.166883 ], [ 20.355471, 49.1674 ], [ 20.359236, 49.17041 ], [ 20.360052, 49.173598 ], [ 20.368038, 49.172161 ], [ 20.378991, 49.1672 ], [ 20.379388, 49.169577 ], [ 20.376276, 49.171361 ], [ 20.385012, 49.170216 ], [ 20.380711, 49.174691 ], [ 20.377654, 49.171802 ], [ 20.355936, 49.185682 ], [ 20.358477, 49.185705 ], [ 20.357476, 49.19237 ], [ 20.359205, 49.195717 ], [ 20.348835, 49.196962 ], [ 20.339735, 49.200196 ], [ 20.340476, 49.202294 ], [ 20.34286, 49.202371 ], [ 20.353295, 49.200803 ], [ 20.367217, 49.200941 ], [ 20.365415, 49.211899 ], [ 20.369726, 49.212307 ], [ 20.368807, 49.21833 ], [ 20.360611, 49.223695 ], [ 20.346842, 49.224835 ], [ 20.344046, 49.227108 ], [ 20.342258, 49.22605 ], [ 20.339057, 49.227871 ], [ 20.337851, 49.225981 ], [ 20.333635, 49.229099 ], [ 20.330092, 49.228324 ], [ 20.327284, 49.230761 ], [ 20.329075, 49.230436 ], [ 20.329383, 49.237753 ], [ 20.32216, 49.249641 ], [ 20.322828, 49.259392 ], [ 20.316464, 49.263052 ], [ 20.321174, 49.276396 ], [ 20.319752, 49.283455 ], [ 20.315058, 49.286091 ], [ 20.309355, 49.28466 ], [ 20.302095, 49.285061 ], [ 20.297665, 49.287083 ], [ 20.284927, 49.285946 ], [ 20.267182, 49.291561 ], [ 20.242418, 49.291478 ], [ 20.2283088, 49.2825536 ], [ 20.2234, 49.281562 ], [ 20.216426, 49.283042 ], [ 20.206276, 49.286707 ], [ 20.200438, 49.290926 ], [ 20.202285, 49.296708 ], [ 20.19864, 49.301013 ], [ 20.187838, 49.305111 ], [ 20.183009, 49.310321 ], [ 20.182251, 49.313903 ], [ 20.185886, 49.319624 ], [ 20.1841559, 49.3278079 ], [ 20.1705837, 49.3277346 ], [ 20.173579, 49.324976 ], [ 20.1674508, 49.3231808 ], [ 20.1758037, 49.3140828 ], [ 20.1577195, 49.3028155 ], [ 20.158916, 49.3068176 ], [ 20.1518681, 49.3151291 ], [ 20.1518647, 49.3184472 ], [ 20.149503, 49.319238 ], [ 20.145504, 49.317513 ], [ 20.145146, 49.31262 ], [ 20.141786, 49.31228 ], [ 20.138771, 49.307 ], [ 20.134205, 49.305921 ], [ 20.135933, 49.303638 ], [ 20.129984, 49.296 ], [ 20.132117, 49.293444 ], [ 20.127879, 49.286609 ], [ 20.12849, 49.276485 ], [ 20.122223, 49.268094 ], [ 20.11393, 49.263319 ], [ 20.111342, 49.258568 ], [ 20.1024235, 49.2531229 ], [ 20.100767, 49.250088 ], [ 20.100958, 49.241466 ], [ 20.0978335, 49.2345519 ], [ 20.102177, 49.225661 ], [ 20.1016245, 49.222658900000013 ], [ 20.0961645, 49.220032900000014 ], [ 20.0871772, 49.2076078 ], [ 20.0871947, 49.19938590000001 ], [ 20.084375, 49.196185 ], [ 20.08587, 49.189192 ], [ 20.089253, 49.187848 ], [ 20.086775, 49.184767 ], [ 20.087901, 49.17951 ], [ 20.076758, 49.178548 ], [ 20.069332, 49.180697 ], [ 20.060181, 49.187041 ], [ 20.0471922, 49.1903658 ], [ 20.0407321, 49.194969 ], [ 20.040097, 49.197289 ], [ 20.0322557, 49.199958200000012 ], [ 20.020529, 49.201505 ], [ 20.00647, 49.213158 ], [ 20.009076, 49.216177 ], [ 20.008629, 49.22005 ], [ 19.989752, 49.226263 ], [ 19.9815609, 49.2318014 ], [ 19.971166, 49.229955 ], [ 19.9491648, 49.23252930000001 ], [ 19.9434406, 49.2344531 ], [ 19.9403414, 49.2336631 ], [ 19.9322171, 49.2364897 ], [ 19.9254153, 49.235154800000011 ], [ 19.919267, 49.235785 ], [ 19.911392, 49.232032 ], [ 19.9036349, 49.2307623 ], [ 19.905224, 49.21949 ], [ 19.901785, 49.216371 ], [ 19.902332, 49.213313 ], [ 19.88838, 49.209188 ], [ 19.883928, 49.204178 ], [ 19.888584, 49.200612 ], [ 19.900351, 49.200219 ], [ 19.901821, 49.195844 ], [ 19.897623, 49.185451 ], [ 19.902696, 49.181558 ], [ 19.909528, 49.183454 ], [ 19.915253, 49.181891 ], [ 19.914806, 49.176549 ], [ 19.921136, 49.172144 ], [ 19.923211, 49.160025 ], [ 19.920127, 49.151412 ], [ 19.917708, 49.149658 ], [ 19.912202, 49.149132 ], [ 19.911274, 49.146687 ], [ 19.899914, 49.138706 ], [ 19.895048, 49.130943 ], [ 19.898333, 49.13148 ], [ 19.899073, 49.129612 ], [ 19.913312, 49.121212 ], [ 19.914748, 49.129028 ], [ 19.922496, 49.13543 ], [ 19.926903, 49.14194 ], [ 19.940353, 49.141327 ], [ 19.951806, 49.144512 ], [ 19.957998, 49.143893 ], [ 19.970102, 49.149252 ], [ 19.971317, 49.151921 ], [ 19.979014, 49.156539 ], [ 19.990606, 49.158397 ], [ 20.000131, 49.162818 ], [ 19.996509, 49.157335 ], [ 19.990656, 49.156053 ], [ 19.985921, 49.152747 ], [ 19.985907, 49.148891 ], [ 19.981269, 49.14381 ], [ 19.980937, 49.140516 ], [ 19.963982, 49.138998 ], [ 19.948699, 49.127483 ], [ 19.947518, 49.119468 ], [ 19.952081, 49.114959 ], [ 19.952719, 49.109272 ], [ 19.957072, 49.110327 ], [ 19.956314, 49.112405 ], [ 19.960076, 49.111215 ], [ 19.963949, 49.112619 ], [ 19.966566, 49.117598 ], [ 19.970884, 49.117826 ], [ 19.972597, 49.114222 ], [ 19.971343, 49.112711 ], [ 19.97509, 49.10852 ], [ 19.981984, 49.107662 ], [ 19.990521, 49.109542 ], [ 19.993075, 49.10749 ], [ 19.988902, 49.105359 ], [ 20.004597, 49.10366 ], [ 20.005862, 49.106409 ], [ 20.01164, 49.107342 ], [ 20.011202, 49.106087 ], [ 20.017602, 49.10607 ], [ 20.016783, 49.107818 ], [ 20.020525, 49.109777 ], [ 20.027094, 49.110985 ], [ 20.029022, 49.11079 ], [ 20.028152, 49.108581 ], [ 20.029145, 49.110222 ], [ 20.03511, 49.110413 ], [ 20.037754, 49.108312 ], [ 20.028832, 49.087456 ], [ 20.031661, 49.08378 ], [ 20.030163, 49.077828 ], [ 20.026715, 49.072107 ], [ 20.019377, 49.070879 ], [ 20.020553, 49.066942 ], [ 20.026907, 49.061211 ], [ 20.027025, 49.055583 ], [ 20.021059, 49.04927 ], [ 20.023296, 49.04819 ], [ 20.021036, 49.044015 ], [ 20.012858, 49.036045 ], [ 20.015293, 49.015977 ], [ 20.00959, 49.014779 ], [ 20.001193, 49.016505 ], [ 19.981902, 49.012256 ], [ 19.978409, 49.015752 ], [ 19.968958, 49.01657 ], [ 19.967868, 49.011905 ], [ 19.963551, 49.008929 ], [ 19.96439, 49.006117 ], [ 19.970943, 49.004883 ], [ 19.976971, 48.99971 ], [ 19.981921, 48.999761 ], [ 19.988665, 48.996503 ], [ 19.99329, 48.992687 ], [ 19.994773, 48.988567 ], [ 20.004824, 48.981211 ], [ 20.005599, 48.977283 ], [ 20.010461, 48.97218 ], [ 20.016544, 48.97163 ], [ 20.023183, 48.966623 ], [ 20.023777, 48.961071 ], [ 20.017863, 48.957103 ], [ 20.023266, 48.955275 ], [ 20.022458, 48.951353 ], [ 20.019676, 48.950087 ], [ 20.024821, 48.947329 ], [ 20.027004, 48.943955 ], [ 20.025706, 48.943039 ], [ 20.033573, 48.937207 ], [ 20.032757, 48.933935 ], [ 20.039816, 48.932462 ], [ 20.051711, 48.934471 ], [ 20.060438, 48.932304 ], [ 20.055373, 48.927988 ], [ 20.055155, 48.925481 ], [ 20.049791, 48.92379 ], [ 20.044676, 48.91906 ], [ 20.035042, 48.914298 ], [ 20.03326, 48.914772 ], [ 20.026586, 48.911373 ], [ 20.015286, 48.90981 ], [ 20.000654, 48.90994 ], [ 19.992261, 48.907501 ], [ 19.996381, 48.904096 ], [ 20.00389, 48.904051 ], [ 20.015253, 48.901158 ], [ 20.044158, 48.900665 ], [ 20.056517, 48.89699 ], [ 20.065623, 48.896651 ], [ 20.071265, 48.898553 ], [ 20.158067, 48.889202 ], [ 20.175661, 48.907974 ], [ 20.186624, 48.900127 ], [ 20.202442, 48.894736 ], [ 20.212304, 48.894991 ], [ 20.222872, 48.891757 ], [ 20.228561, 48.887848 ], [ 20.236786, 48.884937 ], [ 20.246783, 48.884804 ], [ 20.267459, 48.874075 ], [ 20.276908, 48.871015 ], [ 20.288838, 48.87566 ], [ 20.289071, 48.885494 ], [ 20.297857, 48.891782 ], [ 20.292822, 48.89391 ], [ 20.29555, 48.895514 ], [ 20.293939, 48.896916 ], [ 20.295259, 48.899287 ], [ 20.303093, 48.903431 ], [ 20.306477, 48.907395 ], [ 20.32437, 48.903421 ], [ 20.327497, 48.908727 ], [ 20.339334, 48.915918 ], [ 20.342268, 48.923662 ], [ 20.334208, 48.932781 ], [ 20.323676, 48.935947 ], [ 20.310895, 48.93146 ], [ 20.304218, 48.936109 ], [ 20.298623, 48.934642 ], [ 20.296243, 48.93714 ], [ 20.300721, 48.945071 ], [ 20.311773, 48.94922 ], [ 20.314678, 48.955323 ], [ 20.321577, 48.958012 ], [ 20.319982, 48.959564 ], [ 20.328659, 48.964985 ], [ 20.331393, 48.966472 ], [ 20.341213, 48.966151 ], [ 20.347601, 48.97024 ], [ 20.349121, 48.973689 ], [ 20.367109, 48.981316 ], [ 20.376865, 48.980809 ], [ 20.382702, 48.983573 ], [ 20.387532, 48.98843 ], [ 20.402861, 48.992097 ], [ 20.403885, 48.985469 ], [ 20.411802, 48.989581 ], [ 20.413881, 48.987576 ], [ 20.428889, 49.003506 ], [ 20.428983, 49.00167 ], [ 20.4333, 49.001511 ], [ 20.433159, 48.99648 ], [ 20.442738, 48.999123 ] ] ] } },
{ "type": "Feature", "properties": { "shapeName": "District of Bonovce nad Bebra*", "shapeISO": "", "shapeID": "56367889B26614689162342", "shapeGroup": "SVK", "shapeType": "ADM2" }, "geometry": { "type": "Polygon", "coordinates": [ [ [ 18.209574, 48.630633 ], [ 18.215453, 48.635549 ], [ 18.210649, 48.637465 ], [ 18.213845, 48.644719 ], [ 18.208309, 48.649705 ], [ 18.209681, 48.651877 ], [ 18.223139, 48.654048 ], [ 18.225479, 48.6566 ], [ 18.235638, 48.65371 ], [ 18.235905, 48.652412 ], [ 18.245135, 48.652481 ], [ 18.247302, 48.651975 ], [ 18.246937, 48.650412 ], [ 18.254887, 48.648924 ], [ 18.264008, 48.649692 ], [ 18.264956, 48.651984 ], [ 18.273066, 48.65472 ], [ 18.27777, 48.663981 ], [ 18.281637, 48.666877 ], [ 18.29614, 48.662014 ], [ 18.307416, 48.665515 ], [ 18.308593, 48.664558 ], [ 18.310147, 48.6666 ], [ 18.311867, 48.662955 ], [ 18.309222, 48.657432 ], [ 18.317462, 48.657944 ], [ 18.323168, 48.653196 ], [ 18.324359, 48.648581 ], [ 18.329957, 48.645509 ], [ 18.334742, 48.649501 ], [ 18.337142, 48.655175 ], [ 18.343419, 48.657987 ], [ 18.34229, 48.665088 ], [ 18.345372, 48.679497 ], [ 18.338858, 48.68677 ], [ 18.339462, 48.692671 ], [ 18.343547, 48.691929 ], [ 18.353774, 48.693597 ], [ 18.355776, 48.700492 ], [ 18.360304, 48.70242 ], [ 18.361993, 48.701811 ], [ 18.363563, 48.704002 ], [ 18.376917, 48.703827 ], [ 18.37589, 48.70655 ], [ 18.368228, 48.711722 ], [ 18.363314, 48.721035 ], [ 18.362666, 48.725415 ], [ 18.366644, 48.728714 ], [ 18.367664, 48.734045 ], [ 18.376051, 48.734998 ], [ 18.378616, 48.737718 ], [ 18.383899, 48.737268 ], [ 18.395676, 48.741582 ], [ 18.409954, 48.739369 ], [ 18.417681, 48.746112 ], [ 18.426077, 48.746597 ], [ 18.426732, 48.749445 ], [ 18.431911, 48.751739 ], [ 18.431791, 48.761407 ], [ 18.43519, 48.765667 ], [ 18.43954, 48.766183 ], [ 18.438956, 48.769155 ], [ 18.434484, 48.771014 ], [ 18.433476, 48.773421 ], [ 18.43868, 48.782112 ], [ 18.435308, 48.785194 ], [ 18.428257, 48.786938 ], [ 18.422308, 48.801419 ], [ 18.413703, 48.803041 ], [ 18.408696, 48.807311 ], [ 18.412067, 48.810005 ], [ 18.407218, 48.817193 ], [ 18.413234, 48.828469 ], [ 18.413888, 48.833892 ], [ 18.41975, 48.840359 ], [ 18.41742, 48.84867 ], [ 18.412046, 48.850486 ], [ 18.409031, 48.854961 ], [ 18.396789, 48.856117 ], [ 18.394651, 48.86058 ], [ 18.388544, 48.863386 ], [ 18.365529, 48.864365 ], [ 18.363122, 48.869189 ], [ 18.36301, 48.877136 ], [ 18.35329, 48.882121 ], [ 18.35129, 48.891681 ], [ 18.339283, 48.894574 ], [ 18.335048, 48.893415 ], [ 18.332517, 48.895262 ], [ 18.326335, 48.890885 ], [ 18.319621, 48.888672 ], [ 18.314886, 48.883517 ], [ 18.314647, 48.880155 ], [ 18.312656, 48.881066 ], [ 18.302063, 48.878412 ], [ 18.301348, 48.879956 ], [ 18.295437, 48.88097 ], [ 18.289257, 48.886388 ], [ 18.286922, 48.886523 ], [ 18.269402, 48.883724 ], [ 18.228361, 48.871979 ], [ 18.227055, 48.869647 ], [ 18.230046, 48.86209 ], [ 18.220112, 48.855126 ], [ 18.210963, 48.836674 ], [ 18.21304, 48.833522 ], [ 18.211739, 48.824993 ], [ 18.213434, 48.818625 ], [ 18.211643, 48.806956 ], [ 18.217778, 48.803808 ], [ 18.222553, 48.79583 ], [ 18.223635, 48.792962 ], [ 18.220483, 48.786358 ], [ 18.22318, 48.778525 ], [ 18.212901, 48.776605 ], [ 18.202325, 48.768399 ], [ 18.1945538, 48.7703825 ], [ 18.19202, 48.772722 ], [ 18.186935, 48.771828 ], [ 18.177901, 48.779771 ], [ 18.17886, 48.774653 ], [ 18.173444, 48.769282 ], [ 18.169608, 48.768999 ], [ 18.16762, 48.770537 ], [ 18.171707, 48.771035 ], [ 18.169227, 48.773239 ], [ 18.167428, 48.771852 ], [ 18.166348, 48.773493 ], [ 18.170158, 48.774841 ], [ 18.166348, 48.776422 ], [ 18.159797, 48.772723 ], [ 18.157096, 48.775378 ], [ 18.153388, 48.774662 ], [ 18.150269, 48.772767 ], [ 18.157529, 48.767843 ], [ 18.15753, 48.764418 ], [ 18.153201, 48.761255 ], [ 18.145017, 48.758724 ], [ 18.133577, 48.759615 ], [ 18.133665, 48.75355 ], [ 18.127358, 48.748667 ], [ 18.126306, 48.744232 ], [ 18.121775, 48.743856 ], [ 18.117611, 48.741419 ], [ 18.104863, 48.740755 ], [ 18.103309, 48.739128 ], [ 18.105532, 48.736693 ], [ 18.103325, 48.735996 ], [ 18.098302, 48.738702 ], [ 18.095451, 48.737217 ], [ 18.089168, 48.740891 ], [ 18.07682, 48.752389 ], [ 18.070558, 48.752708 ], [ 18.064607, 48.755387 ], [ 18.04697, 48.759223 ], [ 18.039181, 48.763321 ], [ 18.037363, 48.766344 ], [ 18.029463, 48.75536 ], [ 18.003482, 48.747977 ], [ 17.999396, 48.742224 ], [ 18.000225, 48.738064 ], [ 17.997874, 48.735382 ], [ 17.999074, 48.73255 ], [ 17.997159, 48.72845 ], [ 17.998621, 48.722003 ], [ 18.005238, 48.717111 ], [ 18.005524, 48.713475 ], [ 18.012449, 48.712217 ], [ 18.021794, 48.714431 ], [ 18.025885, 48.712946 ], [ 18.02128, 48.706713 ], [ 18.028133, 48.702508 ], [ 18.033853, 48.704789 ], [ 18.041903, 48.705533 ], [ 18.045764, 48.704137 ], [ 18.04689, 48.700561 ], [ 18.048873, 48.699947 ], [ 18.058601, 48.697267 ], [ 18.06037, 48.699224 ], [ 18.070447, 48.696315 ], [ 18.080187, 48.696509 ], [ 18.088013, 48.692118 ], [ 18.096487, 48.691206 ], [ 18.105268, 48.696904 ], [ 18.119707, 48.688242 ], [ 18.120169, 48.684073 ], [ 18.125969, 48.679429 ], [ 18.133825, 48.675936 ], [ 18.134347, 48.673166 ], [ 18.131109, 48.6709 ], [ 18.14219, 48.668761 ], [ 18.143194, 48.663341 ], [ 18.148283, 48.657554 ], [ 18.146447, 48.656059 ], [ 18.159564, 48.650782 ], [ 18.164657, 48.642879 ], [ 18.172347, 48.645578 ], [ 18.184497, 48.646372 ], [ 18.189693, 48.640008 ], [ 18.19434, 48.638005 ], [ 18.19863, 48.638094 ], [ 18.199209, 48.632719 ], [ 18.209574, 48.630633 ] ] ] } },
{ "type": "Feature", "properties": { "shapeName": "District of Levoca", "shapeISO": "", "shapeID": "56367889B11470427915377", "shapeGroup": "SVK", "shapeType": "ADM2" }, "geometry": { "type": "Polygon", "coordinates": [ [ [ 20.877237, 48.97538 ], [ 20.886877, 48.978509 ], [ 20.882961, 48.980826 ], [ 20.884378, 48.985022 ], [ 20.876996, 48.988645 ], [ 20.879852, 48.993201 ], [ 20.886756, 48.99842 ], [ 20.881675, 48.998513 ], [ 20.87049, 49.00684 ], [ 20.874041, 49.01081 ], [ 20.87364, 49.015229 ], [ 20.883398, 49.022961 ], [ 20.882629, 49.040447 ], [ 20.886282, 49.044187 ], [ 20.891431, 49.045216 ], [ 20.895421, 49.049931 ], [ 20.902754, 49.075558 ], [ 20.898531, 49.076433 ], [ 20.8909, 49.082637 ], [ 20.87881, 49.086477 ], [ 20.870217, 49.08586 ], [ 20.864872, 49.087983 ], [ 20.856974, 49.083341 ], [ 20.846652, 49.08337 ], [ 20.84302, 49.080759 ], [ 20.829453, 49.07732 ], [ 20.824252, 49.082144 ], [ 20.825438, 49.083476 ], [ 20.809553, 49.093964 ], [ 20.801563, 49.104101 ], [ 20.786978, 49.113072 ], [ 20.781905, 49.114062 ], [ 20.779144, 49.111832 ], [ 20.777232, 49.112843 ], [ 20.770198, 49.110953 ], [ 20.768238, 49.108522 ], [ 20.765671, 49.109037 ], [ 20.759125, 49.118193 ], [ 20.750058, 49.124158 ], [ 20.746268, 49.121463 ], [ 20.727034, 49.121967 ], [ 20.724726, 49.117856 ], [ 20.7159998, 49.120958900000012 ], [ 20.7096645, 49.1195496 ], [ 20.7051454, 49.1238555 ], [ 20.6737218, 49.1391934 ], [ 20.6521951, 49.1550282 ], [ 20.6456688, 49.1516322 ], [ 20.6452508, 49.152967 ], [ 20.6422525, 49.1520748 ], [ 20.636977, 49.1429954 ], [ 20.6155586, 49.1269348 ], [ 20.5996884, 49.1186889 ], [ 20.597702, 49.1142208 ], [ 20.5820939, 49.108105200000011 ], [ 20.5763631, 49.1022289 ], [ 20.5733197, 49.1022754 ], [ 20.5463186, 49.0882759 ], [ 20.5468125, 49.0831481 ], [ 20.5511233, 49.0833988 ], [ 20.5543837, 49.0814189 ], [ 20.5506321, 49.0779745 ], [ 20.5491095, 49.072535900000013 ], [ 20.5410335, 49.0687488 ], [ 20.5475992, 49.0668548 ], [ 20.5471477, 49.065138100000013 ], [ 20.540449, 49.066881 ], [ 20.538279, 49.059099 ], [ 20.547427, 49.058809 ], [ 20.547953, 49.055366 ], [ 20.542025, 49.054686 ], [ 20.538131, 49.051639 ], [ 20.533658, 49.051628 ], [ 20.535148, 49.050956 ], [ 20.525095, 49.047609 ], [ 20.518944, 49.047984 ], [ 20.510063, 49.045055 ], [ 20.511251, 49.042193 ], [ 20.509073, 49.039364 ], [ 20.502601, 49.04458 ], [ 20.493663, 49.047232 ], [ 20.492507, 49.051649 ], [ 20.484472, 49.052994 ], [ 20.472765, 49.045179 ], [ 20.475201, 49.03746 ], [ 20.456574, 49.031746 ], [ 20.452949, 49.027513 ], [ 20.453078, 49.014815 ], [ 20.448265, 49.015424 ], [ 20.439708, 49.024655 ], [ 20.442037, 49.015148 ], [ 20.437851, 49.00506 ], [ 20.439392, 49.003484 ], [ 20.444173, 49.003445 ], [ 20.442738, 48.999123 ], [ 20.454605, 48.992085 ], [ 20.45582, 48.988733 ], [ 20.466908, 48.994266 ], [ 20.478139, 48.985526 ], [ 20.476542, 48.973968 ], [ 20.487065, 48.967677 ], [ 20.490142, 48.967799 ], [ 20.492235, 48.969561 ], [ 20.489686, 48.970908 ], [ 20.490556, 48.974528 ], [ 20.484384, 48.974059 ], [ 20.483576, 48.976024 ], [ 20.481756, 48.982286 ], [ 20.483334, 48.989189 ], [ 20.489482, 48.984578 ], [ 20.495778, 48.98837 ], [ 20.505304, 48.988382 ], [ 20.510175, 48.990745 ], [ 20.509751, 48.993879 ], [ 20.509352, 48.995038 ], [ 20.490662, 48.999299 ], [ 20.481585, 49.002915 ], [ 20.505956, 49.002088 ], [ 20.505771, 49.007088 ], [ 20.512026, 49.010817 ], [ 20.517159, 49.018329 ], [ 20.522189, 49.019884 ], [ 20.526075, 49.017233 ], [ 20.530186, 49.019182 ], [ 20.530713, 49.014162 ], [ 20.533957, 49.011466 ], [ 20.527877, 49.010013 ], [ 20.525172, 49.00664 ], [ 20.527203, 49.002639 ], [ 20.526155, 48.999266 ], [ 20.535374, 48.995805 ], [ 20.538924, 48.991075 ], [ 20.552734, 48.990223 ], [ 20.553199, 48.988024 ], [ 20.556379, 48.988407 ], [ 20.559711, 48.985018 ], [ 20.564514, 48.984045 ], [ 20.576335, 48.970775 ], [ 20.582234, 48.973309 ], [ 20.589262, 48.973099 ], [ 20.592762, 48.974854 ], [ 20.598659, 48.973675 ], [ 20.605621, 48.97654 ], [ 20.617891, 48.978816 ], [ 20.616904, 48.973432 ], [ 20.620658, 48.966676 ], [ 20.619507, 48.965001 ], [ 20.6251, 48.964469 ], [ 20.632311, 48.95224 ], [ 20.643652, 48.9572 ], [ 20.656765, 48.953827 ], [ 20.67418, 48.957558 ], [ 20.682069, 48.965593 ], [ 20.678286, 48.97312 ], [ 20.685664, 48.974842 ], [ 20.689102, 48.977568 ], [ 20.69447, 48.975404 ], [ 20.699329, 48.978815 ], [ 20.71105, 48.981951 ], [ 20.716643, 48.982006 ], [ 20.721533, 48.979628 ], [ 20.733963, 48.967081 ], [ 20.740047, 48.972908 ], [ 20.75332, 48.97735 ], [ 20.756459, 48.970162 ], [ 20.763619, 48.968886 ], [ 20.766103, 48.966045 ], [ 20.781615, 48.971285 ], [ 20.771177, 48.975549 ], [ 20.771425, 48.981241 ], [ 20.774666, 48.987042 ], [ 20.771893, 48.993072 ], [ 20.769367, 48.995089 ], [ 20.767968, 48.994448 ], [ 20.770122, 48.998473 ], [ 20.765831, 48.99697 ], [ 20.763977, 48.99841 ], [ 20.766014, 49.002105 ], [ 20.769282, 49.00303 ], [ 20.774313, 48.99776 ], [ 20.772886, 48.991809 ], [ 20.775246, 48.991692 ], [ 20.77655, 48.99883 ], [ 20.783716, 48.999465 ], [ 20.789778, 48.998524 ], [ 20.789377, 48.997483 ], [ 20.799843, 48.99347 ], [ 20.798625, 48.991044 ], [ 20.815274, 48.986922 ], [ 20.82369, 48.986934 ], [ 20.833071, 48.991013 ], [ 20.839421, 48.990742 ], [ 20.832605, 48.988005 ], [ 20.832591, 48.98593 ], [ 20.828731, 48.985602 ], [ 20.817728, 48.98061 ], [ 20.817426, 48.97877 ], [ 20.828886, 48.973441 ], [ 20.83426, 48.973317 ], [ 20.838891, 48.975609 ], [ 20.84465, 48.974018 ], [ 20.849994, 48.974902 ], [ 20.843139, 48.973741 ], [ 20.841718, 48.969809 ], [ 20.85075, 48.970636 ], [ 20.870034, 48.976098 ], [ 20.872586, 48.97625 ], [ 20.872807, 48.973898 ], [ 20.877237, 48.97538 ] ] ] } },
{ "type": "Feature", "properties": { "shapeName": "District of Ilava", "shapeISO": "", "shapeID": "56367889B98399677297130", "shapeGroup": "SVK", "shapeType": "ADM2" }, "geometry": { "type": "Polygon", "coordinates": [ [ [ 18.437509, 48.982226 ], [ 18.422278, 48.971579 ], [ 18.404422, 48.97191 ], [ 18.400667, 48.970839 ], [ 18.39681, 48.971883 ], [ 18.391266, 48.976543 ], [ 18.373267, 48.980464 ], [ 18.372813, 48.981947 ], [ 18.378131, 48.98683 ], [ 18.362764, 49.004699 ], [ 18.364725, 49.006232 ], [ 18.362526, 49.007155 ], [ 18.354535, 49.006081 ], [ 18.353634, 49.007668 ], [ 18.356933, 49.008493 ], [ 18.356579, 49.009716 ], [ 18.350709, 49.00911 ], [ 18.346263, 49.010919 ], [ 18.350151, 49.014669 ], [ 18.345324, 49.014566 ], [ 18.346016, 49.015977 ], [ 18.335559, 49.014761 ], [ 18.320256, 49.026633 ], [ 18.313857, 49.029606 ], [ 18.310456, 49.034123 ], [ 18.300452, 49.041407 ], [ 18.304537, 49.045345 ], [ 18.296101, 49.048457 ], [ 18.296429, 49.049695 ], [ 18.293664, 49.050491 ], [ 18.29247, 49.048726 ], [ 18.284657, 49.052601 ], [ 18.268361, 49.047597 ], [ 18.265297, 49.043 ], [ 18.26806, 49.038454 ], [ 18.268082, 49.03344 ], [ 18.257773, 49.040843 ], [ 18.248109, 49.044692 ], [ 18.242381, 49.056001 ], [ 18.237194, 49.060075 ], [ 18.230251, 49.056525 ], [ 18.218786, 49.061694 ], [ 18.215393, 49.074155 ], [ 18.205811, 49.084647 ], [ 18.199618, 49.087608 ], [ 18.197824, 49.093328 ], [ 18.193328, 49.098364 ], [ 18.189317, 49.100306 ], [ 18.188341, 49.102783 ], [ 18.180675, 49.10493 ], [ 18.179619, 49.1101 ], [ 18.168167, 49.119146 ], [ 18.158984, 49.117922 ], [ 18.153136, 49.121751 ], [ 18.152635, 49.137613 ], [ 18.143442, 49.139972 ], [ 18.139387, 49.143283 ], [ 18.123187, 49.145052 ], [ 18.118356, 49.143456 ], [ 18.113977, 49.141986 ], [ 18.106749, 49.134187 ], [ 18.111228, 49.128795 ], [ 18.116674, 49.12626 ], [ 18.122208, 49.118005 ], [ 18.113779, 49.118508 ], [ 18.11027, 49.113551 ], [ 18.115548, 49.090081 ], [ 18.111519, 49.08728 ], [ 18.096848, 49.067326 ], [ 18.093845, 49.063356 ], [ 18.102274, 49.051909 ], [ 18.097011, 49.044552 ], [ 18.10099, 49.042849 ], [ 18.093973, 49.03654 ], [ 18.100302, 49.026897 ], [ 18.099533, 49.023897 ], [ 18.095835, 49.026138 ], [ 18.091666, 49.021182 ], [ 18.094635, 49.019521 ], [ 18.099783, 49.01992 ], [ 18.101779, 49.012892 ], [ 18.106846, 49.010923 ], [ 18.109562, 49.00503 ], [ 18.114086, 49.0032 ], [ 18.117874, 48.995502 ], [ 18.118672, 48.987654 ], [ 18.12391, 48.979081 ], [ 18.136287, 48.971646 ], [ 18.147768, 48.970753 ], [ 18.133769, 48.959756 ], [ 18.133266, 48.956274 ], [ 18.144553, 48.950287 ], [ 18.134855, 48.94503 ], [ 18.12657, 48.936509 ], [ 18.129634, 48.936565 ], [ 18.130562, 48.932598 ], [ 18.140454, 48.927622 ], [ 18.15246, 48.927777 ], [ 18.154797, 48.930084 ], [ 18.16545, 48.923298 ], [ 18.169377, 48.917884 ], [ 18.183838, 48.9117 ], [ 18.188451, 48.914263 ], [ 18.196205, 48.915294 ], [ 18.202548, 48.919953 ], [ 18.207312, 48.921046 ], [ 18.214015, 48.917281 ], [ 18.222134, 48.919905 ], [ 18.235982, 48.917267 ], [ 18.249594, 48.912568 ], [ 18.256131, 48.917335 ], [ 18.2735, 48.92065 ], [ 18.278471, 48.924891 ], [ 18.286194, 48.923664 ], [ 18.291218, 48.924652 ], [ 18.292556, 48.923381 ], [ 18.295246, 48.925049 ], [ 18.308299, 48.923311 ], [ 18.323534, 48.924647 ], [ 18.327083, 48.923227 ], [ 18.329349, 48.924772 ], [ 18.330531, 48.92997 ], [ 18.335462, 48.931725 ], [ 18.355958, 48.925349 ], [ 18.367455, 48.932274 ], [ 18.370308, 48.937758 ], [ 18.380911, 48.938985 ], [ 18.38816, 48.932504 ], [ 18.395676, 48.933375 ], [ 18.402945, 48.928651 ], [ 18.402532, 48.922845 ], [ 18.40559, 48.918113 ], [ 18.42499, 48.912442 ], [ 18.434327, 48.912626 ], [ 18.438323, 48.90103 ], [ 18.448745, 48.896087 ], [ 18.461249, 48.905207 ], [ 18.461988, 48.907717 ], [ 18.463383, 48.906681 ], [ 18.485726, 48.910503 ], [ 18.493973, 48.916754 ], [ 18.493485, 48.923245 ], [ 18.495269, 48.926153 ], [ 18.503353, 48.929122 ], [ 18.507074, 48.933423 ], [ 18.507167, 48.93729 ], [ 18.504237, 48.940135 ], [ 18.489637, 48.941219 ], [ 18.479578, 48.939562 ], [ 18.479022, 48.94147 ], [ 18.476642, 48.940197 ], [ 18.473775, 48.941281 ], [ 18.464238, 48.950029 ], [ 18.462887, 48.954348 ], [ 18.464963, 48.95636 ], [ 18.459846, 48.963737 ], [ 18.46062, 48.975984 ], [ 18.452815, 48.978148 ], [ 18.44781, 48.983037 ], [ 18.440631, 48.984315 ], [ 18.437509, 48.982226 ] ] ] } },
{ "type": "Feature", "properties": { "shapeName": "District of Tvrdo", "shapeISO": "", "shapeID": "56367889B83569782265262", "shapeGroup": "SVK", "shapeType": "ADM2" }, "geometry": { "type": "Polygon", "coordinates": [ [ [ 19.557881, 49.242461 ], [ 19.574506, 49.241038 ], [ 19.584304, 49.235706 ], [ 19.586694, 49.230229 ], [ 19.584228, 49.227071 ], [ 19.588536, 49.22366 ], [ 19.596567, 49.222923 ], [ 19.6042, 49.216575 ], [ 19.6128229, 49.2166356 ], [ 19.6237485, 49.21270280000001 ], [ 19.6429048, 49.2112229 ], [ 19.6478748, 49.2135099 ], [ 19.6527146, 49.2196878 ], [ 19.662748, 49.22516 ], [ 19.676282, 49.226146 ], [ 19.682307, 49.222706 ], [ 19.681866, 49.216861 ], [ 19.688008, 49.211821 ], [ 19.706897, 49.207584 ], [ 19.707414, 49.206009 ], [ 19.702706, 49.201411 ], [ 19.709945, 49.197795 ], [ 19.722858, 49.200154 ], [ 19.729042, 49.199984 ], [ 19.739002, 49.196331 ], [ 19.750338, 49.19725 ], [ 19.757905, 49.200368 ], [ 19.763105, 49.207581 ], [ 19.758411, 49.215993 ], [ 19.766943, 49.222612 ], [ 19.769186, 49.230707 ], [ 19.76677, 49.236595 ], [ 19.769464, 49.236462 ], [ 19.773309, 49.239028 ], [ 19.778433, 49.245401 ], [ 19.785023, 49.246663 ], [ 19.790499, 49.255259 ], [ 19.788786, 49.261621 ], [ 19.792178, 49.263418 ], [ 19.792472, 49.267969 ], [ 19.802229, 49.27062 ], [ 19.806343, 49.274489 ], [ 19.822802, 49.276794 ], [ 19.819688, 49.283577 ], [ 19.8098793, 49.295396900000014 ], [ 19.794501, 49.296043 ], [ 19.792474, 49.29974 ], [ 19.793311, 49.30439 ], [ 19.804964, 49.322768 ], [ 19.799108, 49.33364 ], [ 19.797025, 49.34301 ], [ 19.79472, 49.344528 ], [ 19.79683, 49.349864 ], [ 19.802451, 49.353136 ], [ 19.8014403, 49.3590065 ], [ 19.8038175, 49.3648155 ], [ 19.8021791, 49.3701107 ], [ 19.792557, 49.378598 ], [ 19.7911317, 49.3835114 ], [ 19.7911425, 49.396691 ], [ 19.788938, 49.401091 ], [ 19.7905922, 49.4106881 ], [ 19.76758, 49.412993 ], [ 19.7462787, 49.4079369 ], [ 19.74134, 49.404765 ], [ 19.729639, 49.391737 ], [ 19.717145, 49.386455 ], [ 19.716499, 49.390963 ], [ 19.713917, 49.392048 ], [ 19.709593, 49.390871 ], [ 19.710567, 49.392879 ], [ 19.707829, 49.39493 ], [ 19.706697, 49.393912 ], [ 19.706293, 49.396146 ], [ 19.703444, 49.395164 ], [ 19.704554, 49.396537 ], [ 19.701803, 49.396409 ], [ 19.699767, 49.399677 ], [ 19.698405, 49.397985 ], [ 19.696928, 49.399453 ], [ 19.693215, 49.399347 ], [ 19.692788, 49.400875 ], [ 19.690096, 49.399865 ], [ 19.691638, 49.401032 ], [ 19.688676, 49.401108 ], [ 19.687085, 49.403103 ], [ 19.685768, 49.40227 ], [ 19.685373, 49.403584 ], [ 19.683711, 49.402616 ], [ 19.682175, 49.403978 ], [ 19.680087, 49.402154 ], [ 19.678844, 49.404286 ], [ 19.676486, 49.403119 ], [ 19.675097, 49.404791 ], [ 19.672071, 49.404475 ], [ 19.671652, 49.406056 ], [ 19.6671555, 49.4055786 ], [ 19.662764, 49.407682 ], [ 19.661217, 49.406459 ], [ 19.66028, 49.408464 ], [ 19.652779, 49.408014 ], [ 19.650581, 49.410002 ], [ 19.644331, 49.40822 ], [ 19.644747, 49.410618 ], [ 19.641168, 49.409771 ], [ 19.639481, 49.411262 ], [ 19.63868, 49.408623 ], [ 19.635917, 49.410386 ], [ 19.631728, 49.408797 ], [ 19.640739, 49.426064 ], [ 19.648596, 49.435365 ], [ 19.637791, 49.440544 ], [ 19.6377852, 49.4481295 ], [ 19.6415676, 49.4494855 ], [ 19.6428876, 49.4545591 ], [ 19.6411189, 49.4575599 ], [ 19.62543, 49.449612 ], [ 19.611446, 49.446873 ], [ 19.60605, 49.451289 ], [ 19.606137, 49.453571 ], [ 19.5974358, 49.4586318 ], [ 19.58888, 49.458069 ], [ 19.5814677, 49.4554092 ], [ 19.583405, 49.450249 ], [ 19.589482, 49.445738 ], [ 19.590461, 49.441703 ], [ 19.595881, 49.439826 ], [ 19.59687, 49.436978 ], [ 19.579175, 49.42715 ], [ 19.570995, 49.421063 ], [ 19.569775, 49.417736 ], [ 19.565906, 49.418179 ], [ 19.546847, 49.405667 ], [ 19.52618, 49.3977 ], [ 19.524511, 49.394974 ], [ 19.528864, 49.392524 ], [ 19.514864, 49.387829 ], [ 19.508552, 49.38253 ], [ 19.500604, 49.380109 ], [ 19.498301, 49.375952 ], [ 19.498666, 49.369549 ], [ 19.487104, 49.365819 ], [ 19.48516, 49.359937 ], [ 19.48036, 49.358637 ], [ 19.473691, 49.359 ], [ 19.464908, 49.351767 ], [ 19.457306, 49.351236 ], [ 19.452148, 49.348161 ], [ 19.44519, 49.346688 ], [ 19.433542, 49.335872 ], [ 19.439378, 49.334568 ], [ 19.4229881, 49.324847 ], [ 19.420215, 49.319135 ], [ 19.426732, 49.316299 ], [ 19.439772, 49.304381 ], [ 19.446071, 49.303186 ], [ 19.449702, 49.299628 ], [ 19.451876, 49.299835 ], [ 19.455961, 49.293669 ], [ 19.471467, 49.29199 ], [ 19.483377, 49.294553 ], [ 19.488137, 49.294246 ], [ 19.492058, 49.291463 ], [ 19.491585, 49.288347 ], [ 19.496701, 49.28677 ], [ 19.494349, 49.283513 ], [ 19.498458, 49.282557 ], [ 19.502688, 49.276325 ], [ 19.514489, 49.278593 ], [ 19.518933, 49.27527 ], [ 19.535367, 49.270372 ], [ 19.536522, 49.271538 ], [ 19.539483, 49.270762 ], [ 19.54497, 49.245031 ], [ 19.547831, 49.243493 ], [ 19.557881, 49.242461 ] ] ] } },
{ "type": "Feature", "properties": { "shapeName": "District of Predov", "shapeISO": "", "shapeID": "56367889B45513137004516", "shapeGroup": "SVK", "shapeType": "ADM2" }, "geometry": { "type": "Polygon", "coordinates": [ [ [ 21.174651, 49.185159 ], [ 21.168856, 49.178194 ], [ 21.163464, 49.178307 ], [ 21.168419, 49.171704 ], [ 21.163848, 49.165942 ], [ 21.172834, 49.160899 ], [ 21.180274, 49.147575 ], [ 21.189476, 49.14508 ], [ 21.191038, 49.138507 ], [ 21.193395, 49.136911 ], [ 21.191732, 49.133968 ], [ 21.200442, 49.131459 ], [ 21.206978, 49.124357 ], [ 21.20842, 49.119012 ], [ 21.21582, 49.109173 ], [ 21.224103, 49.105451 ], [ 21.22271, 49.104481 ], [ 21.225303, 49.102279 ], [ 21.219102, 49.099922 ], [ 21.218707, 49.097334 ], [ 21.220296, 49.094397 ], [ 21.227111, 49.092605 ], [ 21.226736, 49.089171 ], [ 21.225078, 49.088894 ], [ 21.226308, 49.087165 ], [ 21.219878, 49.084942 ], [ 21.21764, 49.087413 ], [ 21.21404, 49.088137 ], [ 21.210704, 49.085111 ], [ 21.203804, 49.087592 ], [ 21.204067, 49.084829 ], [ 21.201261, 49.082362 ], [ 21.205256, 49.08071 ], [ 21.206677, 49.078089 ], [ 21.203705, 49.074102 ], [ 21.202281, 49.075821 ], [ 21.202164, 49.074058 ], [ 21.199918, 49.076257 ], [ 21.193674, 49.075503 ], [ 21.190063, 49.077086 ], [ 21.185106, 49.076555 ], [ 21.182981, 49.074711 ], [ 21.164995, 49.085004 ], [ 21.166304, 49.080608 ], [ 21.174727, 49.075392 ], [ 21.169338, 49.072751 ], [ 21.170936, 49.068128 ], [ 21.175254, 49.066844 ], [ 21.177936, 49.063585 ], [ 21.150709, 49.06516 ], [ 21.146903, 49.058558 ], [ 21.140562, 49.058041 ], [ 21.13719, 49.051292 ], [ 21.129144, 49.050434 ], [ 21.123128, 49.045262 ], [ 21.113507, 49.048365 ], [ 21.11, 49.051452 ], [ 21.099847, 49.039404 ], [ 21.09888, 49.040653 ], [ 21.09677, 49.039535 ], [ 21.093308, 49.045471 ], [ 21.090564, 49.044404 ], [ 21.091777, 49.042534 ], [ 21.089699, 49.040567 ], [ 21.082497, 49.043846 ], [ 21.080758, 49.043807 ], [ 21.081847, 49.041501 ], [ 21.076389, 49.044196 ], [ 21.077621, 49.041289 ], [ 21.07503, 49.039839 ], [ 21.073164, 49.04128 ], [ 21.073011, 49.038476 ], [ 21.07951, 49.034078 ], [ 21.075709, 49.032066 ], [ 21.08021, 49.031371 ], [ 21.078808, 49.029717 ], [ 21.081285, 49.02852 ], [ 21.080341, 49.027351 ], [ 21.084744, 49.020786 ], [ 21.068365, 49.029925 ], [ 21.063527, 49.031751 ], [ 21.061276, 49.030339 ], [ 21.054354, 49.040961 ], [ 21.04124, 49.038925 ], [ 21.039065, 49.043607 ], [ 21.042591, 49.045171 ], [ 21.02568, 49.057734 ], [ 21.018689, 49.059518 ], [ 21.020473, 49.061972 ], [ 21.016482, 49.063907 ], [ 21.015016, 49.068561 ], [ 21.008037, 49.076875 ], [ 21.001602, 49.080267 ], [ 20.991208, 49.079551 ], [ 20.988058, 49.081285 ], [ 20.986728, 49.083446 ], [ 20.992638, 49.087109 ], [ 20.980528, 49.086397 ], [ 20.977426, 49.088854 ], [ 20.972766, 49.087736 ], [ 20.972777, 49.08345 ], [ 20.968632, 49.077752 ], [ 20.96553, 49.076705 ], [ 20.962471, 49.077697 ], [ 20.95394, 49.077008 ], [ 20.950638, 49.080154 ], [ 20.936502, 49.077535 ], [ 20.932359, 49.078951 ], [ 20.933369, 49.081922 ], [ 20.923101, 49.087062 ], [ 20.924279, 49.089115 ], [ 20.920124, 49.093732 ], [ 20.920309, 49.088633 ], [ 20.914823, 49.085585 ], [ 20.912969, 49.079257 ], [ 20.902754, 49.075558 ], [ 20.895421, 49.049931 ], [ 20.891431, 49.045216 ], [ 20.886282, 49.044187 ], [ 20.882629, 49.040447 ], [ 20.883398, 49.022961 ], [ 20.87364, 49.015229 ], [ 20.874041, 49.01081 ], [ 20.87049, 49.00684 ], [ 20.881675, 48.998513 ], [ 20.886756, 48.99842 ], [ 20.879852, 48.993201 ], [ 20.876996, 48.988645 ], [ 20.884378, 48.985022 ], [ 20.882961, 48.980826 ], [ 20.886877, 48.978509 ], [ 20.877237, 48.97538 ], [ 20.888456, 48.967482 ], [ 20.89505, 48.967972 ], [ 20.899107, 48.96315 ], [ 20.906967, 48.964694 ], [ 20.91969, 48.963711 ], [ 20.931836, 48.957373 ], [ 20.939952, 48.951068 ], [ 20.94507, 48.950644 ], [ 20.949972, 48.947396 ], [ 20.95467, 48.955341 ], [ 20.960603, 48.954224 ], [ 20.972676, 48.960182 ], [ 20.985026, 48.959397 ], [ 20.987, 48.953514 ], [ 20.990835, 48.949492 ], [ 20.989074, 48.945485 ], [ 20.990168, 48.936031 ], [ 21.000261, 48.929484 ], [ 21.013514, 48.923802 ], [ 21.01509, 48.913749 ], [ 21.019673, 48.908975 ], [ 21.017679, 48.906531 ], [ 21.025381, 48.903905 ], [ 21.035999, 48.903081 ], [ 21.042068, 48.904857 ], [ 21.049249, 48.903923 ], [ 21.058186, 48.905686 ], [ 21.067154, 48.902684 ], [ 21.077534, 48.896657 ], [ 21.08872, 48.898462 ], [ 21.098652, 48.893926 ], [ 21.105791, 48.897273 ], [ 21.118104, 48.894866 ], [ 21.118276, 48.897282 ], [ 21.12142, 48.899219 ], [ 21.13541, 48.901366 ], [ 21.141656, 48.897833 ], [ 21.156307, 48.89516 ], [ 21.15757, 48.891911 ], [ 21.162378, 48.890526 ], [ 21.164728, 48.88197 ], [ 21.181519, 48.870619 ], [ 21.196982, 48.884542 ], [ 21.223719, 48.871003 ], [ 21.225854, 48.878858 ], [ 21.236004, 48.876196 ], [ 21.234261, 48.873245 ], [ 21.236349, 48.868942 ], [ 21.24254, 48.870219 ], [ 21.24376, 48.868969 ], [ 21.252762, 48.867902 ], [ 21.254258, 48.868318 ], [ 21.251981, 48.87021 ], [ 21.260105, 48.873688 ], [ 21.26179, 48.868233 ], [ 21.264866, 48.867565 ], [ 21.266014, 48.864739 ], [ 21.263391, 48.861131 ], [ 21.266667, 48.859716 ], [ 21.249962, 48.852451 ], [ 21.24384, 48.851816 ], [ 21.244781, 48.849005 ], [ 21.242062, 48.848097 ], [ 21.245517, 48.844354 ], [ 21.244026, 48.843007 ], [ 21.245166, 48.83768 ], [ 21.247225, 48.837642 ], [ 21.247382, 48.83552 ], [ 21.250703, 48.833543 ], [ 21.246059, 48.828852 ], [ 21.262439, 48.817837 ], [ 21.275632, 48.81739 ], [ 21.273412, 48.815171 ], [ 21.274099, 48.812763 ], [ 21.280298, 48.810739 ], [ 21.305254, 48.816489 ], [ 21.313646, 48.815064 ], [ 21.311453, 48.81894 ], [ 21.306703, 48.818331 ], [ 21.31089, 48.822294 ], [ 21.307629, 48.821864 ], [ 21.305869, 48.823604 ], [ 21.307728, 48.826537 ], [ 21.301204, 48.828214 ], [ 21.303519, 48.828314 ], [ 21.303144, 48.829358 ], [ 21.316799, 48.837154 ], [ 21.326015, 48.833523 ], [ 21.333146, 48.83418 ], [ 21.337878, 48.83626 ], [ 21.337876, 48.839565 ], [ 21.355658, 48.837139 ], [ 21.357431, 48.838365 ], [ 21.367257, 48.838087 ], [ 21.367831, 48.842824 ], [ 21.370479, 48.842815 ], [ 21.379254, 48.850894 ], [ 21.38368, 48.858071 ], [ 21.380599, 48.872418 ], [ 21.37386, 48.880513 ], [ 21.377199, 48.881906 ], [ 21.394337, 48.885109 ], [ 21.398213, 48.881023 ], [ 21.406655, 48.879456 ], [ 21.414258, 48.871857 ], [ 21.417941, 48.878701 ], [ 21.415672, 48.883352 ], [ 21.418689, 48.884499 ], [ 21.420533, 48.894163 ], [ 21.420955, 48.892446 ], [ 21.423572, 48.892532 ], [ 21.424933, 48.880934 ], [ 21.430119, 48.872948 ], [ 21.431496, 48.874675 ], [ 21.434461, 48.872631 ], [ 21.436827, 48.873244 ], [ 21.435982, 48.8742 ], [ 21.440301, 48.876883 ], [ 21.439555, 48.873832 ], [ 21.442632, 48.874039 ], [ 21.440408, 48.87153 ], [ 21.450929, 48.871507 ], [ 21.46478, 48.87613 ], [ 21.460958, 48.879656 ], [ 21.462831, 48.880664 ], [ 21.470164, 48.880169 ], [ 21.475547, 48.883075 ], [ 21.483941, 48.882269 ], [ 21.485864, 48.890253 ], [ 21.481225, 48.893588 ], [ 21.481702, 48.898864 ], [ 21.477385, 48.909838 ], [ 21.482139, 48.921277 ], [ 21.476951, 48.925258 ], [ 21.470819, 48.926292 ], [ 21.464618, 48.932074 ], [ 21.465627, 48.934651 ], [ 21.463419, 48.936879 ], [ 21.469178, 48.941983 ], [ 21.467197, 48.945305 ], [ 21.460904, 48.944968 ], [ 21.456212, 48.947821 ], [ 21.450039, 48.955179 ], [ 21.448515, 48.961472 ], [ 21.440101, 48.964376 ], [ 21.439078, 48.96717 ], [ 21.432393, 48.969351 ], [ 21.430249, 48.979171 ], [ 21.424749, 48.980951 ], [ 21.418969, 48.988285 ], [ 21.408443, 48.990809 ], [ 21.407671, 48.995898 ], [ 21.424897, 49.002623 ], [ 21.42476, 49.004382 ], [ 21.41285, 49.015468 ], [ 21.404373, 49.01947 ], [ 21.408003, 49.020773 ], [ 21.409107, 49.019596 ], [ 21.412178, 49.022194 ], [ 21.411376, 49.024031 ], [ 21.412882, 49.023891 ], [ 21.417034, 49.036589 ], [ 21.421299, 49.035372 ], [ 21.421168, 49.037211 ], [ 21.425058, 49.038428 ], [ 21.431138, 49.045723 ], [ 21.440199, 49.045779 ], [ 21.442664, 49.050134 ], [ 21.456031, 49.056648 ], [ 21.462822, 49.067178 ], [ 21.456295, 49.071142 ], [ 21.465371, 49.077569 ], [ 21.444847, 49.081737 ], [ 21.443577, 49.088926 ], [ 21.445727, 49.093024 ], [ 21.429128, 49.095819 ], [ 21.424571, 49.101439 ], [ 21.420482, 49.100766 ], [ 21.421204, 49.102812 ], [ 21.415727, 49.103764 ], [ 21.411813, 49.106986 ], [ 21.374183, 49.116332 ], [ 21.35577, 49.112731 ], [ 21.351133, 49.113467 ], [ 21.346594, 49.121567 ], [ 21.341972, 49.124458 ], [ 21.337131, 49.125577 ], [ 21.332888, 49.124079 ], [ 21.328516, 49.128598 ], [ 21.317183, 49.132471 ], [ 21.317344, 49.130335 ], [ 21.310477, 49.127285 ], [ 21.310416, 49.119264 ], [ 21.306945, 49.122564 ], [ 21.294887, 49.127156 ], [ 21.293648, 49.139689 ], [ 21.295224, 49.142515 ], [ 21.290722, 49.147403 ], [ 21.285814, 49.147676 ], [ 21.278313, 49.151919 ], [ 21.266477, 49.155235 ], [ 21.263378, 49.153669 ], [ 21.263189, 49.151352 ], [ 21.251332, 49.151597 ], [ 21.245974, 49.155633 ], [ 21.241653, 49.153899 ], [ 21.228264, 49.157383 ], [ 21.218037, 49.162289 ], [ 21.208613, 49.164273 ], [ 21.199074, 49.176043 ], [ 21.194817, 49.177816 ], [ 21.189287, 49.176815 ], [ 21.184712, 49.177751 ], [ 21.179342, 49.184125 ], [ 21.174651, 49.185159 ] ] ] } },
{ "type": "Feature", "properties": { "shapeName": "District of Pilina", "shapeISO": "", "shapeID": "56367889B48474668858137", "shapeGroup": "SVK", "shapeType": "ADM2" }, "geometry": { "type": "Polygon", "coordinates": [ [ [ 19.122947, 49.307782 ], [ 19.12148, 49.311656 ], [ 19.118511, 49.308828 ], [ 19.113633, 49.307584 ], [ 19.113248, 49.309356 ], [ 19.10801, 49.309758 ], [ 19.108886, 49.311171 ], [ 19.097702, 49.311808 ], [ 19.098444, 49.309726 ], [ 19.094476, 49.308487 ], [ 19.094557, 49.306211 ], [ 19.072381, 49.301797 ], [ 19.066039, 49.29836 ], [ 19.064299, 49.299639 ], [ 19.066304, 49.303064 ], [ 19.056086, 49.303917 ], [ 19.055591, 49.305107 ], [ 19.048546, 49.301685 ], [ 19.038463, 49.309766 ], [ 19.036113, 49.30606 ], [ 19.030367, 49.304109 ], [ 19.026198, 49.305965 ], [ 19.022394, 49.304694 ], [ 19.017412, 49.308813 ], [ 19.012463, 49.308411 ], [ 19.016104, 49.310901 ], [ 19.013415, 49.312599 ], [ 19.010799, 49.312507 ], [ 19.004386, 49.307529 ], [ 19.002886, 49.308586 ], [ 18.988829, 49.307253 ], [ 18.982881, 49.309111 ], [ 18.98181, 49.315127 ], [ 18.972202, 49.316449 ], [ 18.963084, 49.315736 ], [ 18.947911, 49.310186 ], [ 18.939953, 49.309021 ], [ 18.936291, 49.300966 ], [ 18.931058, 49.298141 ], [ 18.916081, 49.302858 ], [ 18.912406, 49.302771 ], [ 18.910906, 49.311729 ], [ 18.90415, 49.315461 ], [ 18.897904, 49.301818 ], [ 18.90056, 49.300351 ], [ 18.905977, 49.300633 ], [ 18.912403, 49.297605 ], [ 18.917213, 49.297945 ], [ 18.920763, 49.29167 ], [ 18.925586, 49.291075 ], [ 18.930414, 49.287452 ], [ 18.92808, 49.27926 ], [ 18.930844, 49.276858 ], [ 18.927641, 49.275529 ], [ 18.928909, 49.271459 ], [ 18.926841, 49.263355 ], [ 18.916514, 49.261273 ], [ 18.896519, 49.249773 ], [ 18.883422, 49.248881 ], [ 18.880014, 49.252761 ], [ 18.875158, 49.24844 ], [ 18.86972, 49.247503 ], [ 18.863721, 49.250787 ], [ 18.862814, 49.248453 ], [ 18.855946, 49.2499 ], [ 18.857403, 49.253276 ], [ 18.855302, 49.256266 ], [ 18.852901, 49.256627 ], [ 18.854437, 49.258286 ], [ 18.850194, 49.262762 ], [ 18.83684, 49.260823 ], [ 18.825829, 49.263936 ], [ 18.827951, 49.266718 ], [ 18.826542, 49.267704 ], [ 18.813117, 49.268021 ], [ 18.813419, 49.266152 ], [ 18.81094, 49.266109 ], [ 18.808855, 49.263799 ], [ 18.81256, 49.259738 ], [ 18.806428, 49.253207 ], [ 18.800144, 49.251119 ], [ 18.801035, 49.248714 ], [ 18.798665, 49.247527 ], [ 18.794742, 49.24862 ], [ 18.794555, 49.251818 ], [ 18.786006, 49.254223 ], [ 18.774375, 49.262791 ], [ 18.772359, 49.265374 ], [ 18.779147, 49.269242 ], [ 18.772874, 49.270129 ], [ 18.774051, 49.273153 ], [ 18.765709, 49.273975 ], [ 18.759971, 49.27799 ], [ 18.750369, 49.265828 ], [ 18.729085, 49.265717 ], [ 18.729948, 49.269489 ], [ 18.726166, 49.272087 ], [ 18.722423, 49.272024 ], [ 18.724639, 49.273591 ], [ 18.724569, 49.276962 ], [ 18.720713, 49.280155 ], [ 18.723384, 49.281699 ], [ 18.718468, 49.283511 ], [ 18.720026, 49.286646 ], [ 18.717138, 49.286925 ], [ 18.715976, 49.292423 ], [ 18.712849, 49.294175 ], [ 18.713894, 49.295543 ], [ 18.709606, 49.296135 ], [ 18.711698, 49.299136 ], [ 18.705832, 49.301675 ], [ 18.706278, 49.304263 ], [ 18.700917, 49.306589 ], [ 18.702877, 49.307536 ], [ 18.696569, 49.319288 ], [ 18.697603, 49.322773 ], [ 18.690962, 49.327054 ], [ 18.690598, 49.332301 ], [ 18.68232, 49.33418 ], [ 18.67847, 49.340186 ], [ 18.673582, 49.341257 ], [ 18.67355, 49.346878 ], [ 18.669574, 49.352362 ], [ 18.665082, 49.352918 ], [ 18.656475, 49.357791 ], [ 18.647047, 49.358255 ], [ 18.639973, 49.364467 ], [ 18.631279, 49.363127 ], [ 18.62784, 49.354253 ], [ 18.621268, 49.349423 ], [ 18.60368, 49.351958 ], [ 18.600332, 49.349517 ], [ 18.587904, 49.345527 ], [ 18.592075, 49.339798 ], [ 18.588382, 49.335362 ], [ 18.58927, 49.330766 ], [ 18.595593, 49.328929 ], [ 18.600141, 49.321173 ], [ 18.596814, 49.314262 ], [ 18.605282, 49.296396 ], [ 18.60748, 49.287684 ], [ 18.606239, 49.284032 ], [ 18.608965, 49.279432 ], [ 18.618773, 49.27203 ], [ 18.626788, 49.26039 ], [ 18.626312, 49.257058 ], [ 18.628033, 49.258072 ], [ 18.628914, 49.256908 ], [ 18.635904, 49.256858 ], [ 18.636228, 49.254888 ], [ 18.642163, 49.255178 ], [ 18.637675, 49.248172 ], [ 18.639556, 49.243411 ], [ 18.637674, 49.242222 ], [ 18.624224, 49.2373 ], [ 18.615925, 49.237325 ], [ 18.604702, 49.231527 ], [ 18.600753, 49.224746 ], [ 18.591938, 49.223578 ], [ 18.600761, 49.216508 ], [ 18.606744, 49.216286 ], [ 18.608618, 49.214187 ], [ 18.607399, 49.210062 ], [ 18.611883, 49.207586 ], [ 18.608314, 49.198925 ], [ 18.605276, 49.19737 ], [ 18.604778, 49.194667 ], [ 18.600425, 49.193196 ], [ 18.600341, 49.191183 ], [ 18.603415, 49.18949 ], [ 18.600718, 49.187002 ], [ 18.606038, 49.186971 ], [ 18.609856, 49.185156 ], [ 18.609359, 49.180378 ], [ 18.612125, 49.178167 ], [ 18.610885, 49.168126 ], [ 18.612839, 49.159172 ], [ 18.608794, 49.145343 ], [ 18.610569, 49.140582 ], [ 18.615905, 49.14042 ], [ 18.618714, 49.136957 ], [ 18.617644, 49.13314 ], [ 18.622741, 49.131744 ], [ 18.623336, 49.126522 ], [ 18.61216, 49.126193 ], [ 18.609475, 49.127578 ], [ 18.608028, 49.123224 ], [ 18.594116, 49.119605 ], [ 18.59042, 49.114003 ], [ 18.583413, 49.106483 ], [ 18.577174, 49.104445 ], [ 18.574057, 49.101006 ], [ 18.570557, 49.100777 ], [ 18.562448, 49.094232 ], [ 18.559581, 49.093649 ], [ 18.557, 49.087588 ], [ 18.561058, 49.088564 ], [ 18.579029, 49.0862 ], [ 18.589531, 49.080877 ], [ 18.58881, 49.078582 ], [ 18.590996, 49.076034 ], [ 18.598923, 49.072743 ], [ 18.597895, 49.069768 ], [ 18.60057, 49.068378 ], [ 18.602664, 49.063225 ], [ 18.599731, 49.061305 ], [ 18.599875, 49.057717 ], [ 18.602795, 49.054127 ], [ 18.59514, 49.048118 ], [ 18.596606, 49.044929 ], [ 18.602614, 49.041074 ], [ 18.60013, 49.038143 ], [ 18.599535, 49.033577 ], [ 18.601522, 49.031479 ], [ 18.598701, 49.027001 ], [ 18.599602, 49.024233 ], [ 18.586367, 49.018612 ], [ 18.587131, 49.014231 ], [ 18.569639, 48.998098 ], [ 18.56062, 48.994652 ], [ 18.542002, 48.992685 ], [ 18.538878, 48.990904 ], [ 18.530783, 48.992304 ], [ 18.52905, 48.990107 ], [ 18.509481, 48.982376 ], [ 18.506223, 48.971033 ], [ 18.497191, 48.963535 ], [ 18.490466, 48.964079 ], [ 18.479874, 48.961249 ], [ 18.474334, 48.957174 ], [ 18.464963, 48.95636 ], [ 18.462887, 48.954348 ], [ 18.464238, 48.950029 ], [ 18.473775, 48.941281 ], [ 18.476642, 48.940197 ], [ 18.479022, 48.94147 ], [ 18.479578, 48.939562 ], [ 18.489637, 48.941219 ], [ 18.504237, 48.940135 ], [ 18.512005, 48.936929 ], [ 18.523407, 48.937052 ], [ 18.538535, 48.946755 ], [ 18.559806, 48.949335 ], [ 18.562344, 48.951191 ], [ 18.559712, 48.954727 ], [ 18.561585, 48.957561 ], [ 18.57394, 48.966688 ], [ 18.573528, 48.969835 ], [ 18.577496, 48.971243 ], [ 18.584113, 48.971452 ], [ 18.584663, 48.96665 ], [ 18.595104, 48.956796 ], [ 18.601141, 48.956418 ], [ 18.599717, 48.960256 ], [ 18.603185, 48.963773 ], [ 18.618876, 48.962479 ], [ 18.626938, 48.964879 ], [ 18.633357, 48.964796 ], [ 18.642287, 48.973913 ], [ 18.643142, 48.979384 ], [ 18.64107, 48.981723 ], [ 18.644467, 48.982522 ], [ 18.65099, 48.988322 ], [ 18.655824, 48.989548 ], [ 18.665418, 48.997406 ], [ 18.67394, 48.997704 ], [ 18.680129, 48.99282 ], [ 18.687669, 48.990735 ], [ 18.69349, 48.992843 ], [ 18.704747, 48.991995 ], [ 18.710434, 48.993954 ], [ 18.713042, 49.002834 ], [ 18.717544, 49.006375 ], [ 18.722606, 49.006642 ], [ 18.726497, 49.004862 ], [ 18.728074, 49.013423 ], [ 18.722777, 49.019228 ], [ 18.735848, 49.023999 ], [ 18.74367, 49.031086 ], [ 18.741727, 49.036069 ], [ 18.738935, 49.037679 ], [ 18.741118, 49.042101 ], [ 18.736696, 49.050093 ], [ 18.737243, 49.05267 ], [ 18.751554, 49.053176 ], [ 18.756297, 49.058309 ], [ 18.759555, 49.057287 ], [ 18.769108, 49.061513 ], [ 18.775543, 49.060746 ], [ 18.785948, 49.066689 ], [ 18.794546, 49.06943 ], [ 18.805424, 49.076282 ], [ 18.80652, 49.080045 ], [ 18.810759, 49.080773 ], [ 18.815606, 49.084344 ], [ 18.813806, 49.090676 ], [ 18.818212, 49.096636 ], [ 18.816264, 49.09951 ], [ 18.817777, 49.104089 ], [ 18.822164, 49.108054 ], [ 18.822938, 49.11284 ], [ 18.828444, 49.117447 ], [ 18.827237, 49.124061 ], [ 18.832908, 49.125405 ], [ 18.836706, 49.129874 ], [ 18.845711, 49.134338 ], [ 18.848837, 49.146369 ], [ 18.855299, 49.149494 ], [ 18.864675, 49.150549 ], [ 18.870253, 49.148345 ], [ 18.884658, 49.15013 ], [ 18.8881704, 49.1512847 ], [ 18.8859767, 49.1533586 ], [ 18.892454, 49.156374 ], [ 18.896877, 49.161749 ], [ 18.899637, 49.160003 ], [ 18.901662, 49.160716 ], [ 18.909123, 49.158981 ], [ 18.917194, 49.165105 ], [ 18.925126, 49.1654 ], [ 18.927342, 49.167996 ], [ 18.932276, 49.169331 ], [ 18.936425, 49.168551 ], [ 18.940918, 49.165236 ], [ 18.946371, 49.164682 ], [ 18.956059, 49.168029 ], [ 18.956382, 49.17145 ], [ 18.9617079, 49.17232820000001 ], [ 18.968869, 49.18105 ], [ 18.976928, 49.183053 ], [ 18.993521, 49.182145 ], [ 18.997637, 49.183792 ], [ 19.004494, 49.192473 ], [ 19.008123, 49.19377 ], [ 19.012133, 49.194003 ], [ 19.018274, 49.19062 ], [ 19.02543, 49.19115 ], [ 19.030837, 49.18749 ], [ 19.0365, 49.191977 ], [ 19.051615, 49.187898 ], [ 19.061401, 49.192212 ], [ 19.066086, 49.205734 ], [ 19.063348, 49.211024 ], [ 19.072814, 49.213109 ], [ 19.083273, 49.218092 ], [ 19.093439, 49.213786 ], [ 19.093962, 49.211789 ], [ 19.100733, 49.2164 ], [ 19.103029, 49.220122 ], [ 19.103521, 49.227623 ], [ 19.098712, 49.23159 ], [ 19.102578, 49.23359 ], [ 19.107279, 49.24223 ], [ 19.106314, 49.247276 ], [ 19.108714, 49.25432 ], [ 19.108468, 49.258269 ], [ 19.104025, 49.261533 ], [ 19.104132, 49.271548 ], [ 19.100311, 49.275942 ], [ 19.103659, 49.284311 ], [ 19.101956, 49.288336 ], [ 19.110221, 49.298794 ], [ 19.114303, 49.300647 ], [ 19.114831, 49.304978 ], [ 19.122947, 49.307782 ] ] ] } },
{ "type": "Feature", "properties": { "shapeName": "District of Myjava", "shapeISO": "", "shapeID": "56367889B91036256885729", "shapeGroup": "SVK", "shapeType": "ADM2" }, "geometry": { "type": "Polygon", "coordinates": [ [ [ 17.713741, 48.677589 ], [ 17.715956, 48.680802 ], [ 17.716228, 48.68755 ], [ 17.720081, 48.690364 ], [ 17.706426, 48.697485 ], [ 17.709615, 48.699829 ], [ 17.708535, 48.701323 ], [ 17.705515, 48.70066 ], [ 17.71103, 48.702754 ], [ 17.707432, 48.705545 ], [ 17.708383, 48.707011 ], [ 17.706213, 48.708081 ], [ 17.708227, 48.708632 ], [ 17.701004, 48.716692 ], [ 17.70132, 48.718747 ], [ 17.704905, 48.720337 ], [ 17.703355, 48.722014 ], [ 17.705116, 48.726456 ], [ 17.709021, 48.726201 ], [ 17.710965, 48.728667 ], [ 17.71589, 48.726544 ], [ 17.712267, 48.730455 ], [ 17.714523, 48.738416 ], [ 17.705127, 48.750337 ], [ 17.700514, 48.751224 ], [ 17.7007751, 48.7536594 ], [ 17.693967, 48.753823 ], [ 17.679067, 48.764485 ], [ 17.676578, 48.762897 ], [ 17.674515, 48.764614 ], [ 17.668262, 48.760023 ], [ 17.662094, 48.759451 ], [ 17.658833, 48.76076 ], [ 17.657351, 48.759666 ], [ 17.653591, 48.760885 ], [ 17.650367, 48.759878 ], [ 17.647074, 48.761713 ], [ 17.643347, 48.758916 ], [ 17.638199, 48.76228 ], [ 17.636739, 48.764802 ], [ 17.639464, 48.766736 ], [ 17.643687, 48.766153 ], [ 17.643497, 48.764932 ], [ 17.646367, 48.766024 ], [ 17.651516, 48.764989 ], [ 17.655915, 48.766676 ], [ 17.647643, 48.767321 ], [ 17.648082, 48.77021 ], [ 17.64453, 48.771976 ], [ 17.64311, 48.771195 ], [ 17.639834, 48.774421 ], [ 17.636766, 48.772694 ], [ 17.629646, 48.774181 ], [ 17.627954, 48.775297 ], [ 17.631415, 48.778554 ], [ 17.624453, 48.780497 ], [ 17.629115, 48.782325 ], [ 17.627081, 48.783029 ], [ 17.629644, 48.785565 ], [ 17.62713, 48.78717 ], [ 17.633344, 48.785895 ], [ 17.63062, 48.790373 ], [ 17.623144, 48.795574 ], [ 17.620117, 48.804579 ], [ 17.622889, 48.809978 ], [ 17.619684, 48.814382 ], [ 17.61841, 48.82309 ], [ 17.616968, 48.825531 ], [ 17.614028, 48.826165 ], [ 17.615071, 48.833241 ], [ 17.620949, 48.842023 ], [ 17.601852, 48.840898 ], [ 17.598075, 48.8373 ], [ 17.59525, 48.828557 ], [ 17.588887, 48.825187 ], [ 17.570365, 48.823771 ], [ 17.557369, 48.828565 ], [ 17.5545714, 48.8315569 ], [ 17.550519, 48.82764 ], [ 17.548251, 48.827435 ], [ 17.555347, 48.82269 ], [ 17.553021, 48.81976 ], [ 17.545885, 48.816309 ], [ 17.537993, 48.818643 ], [ 17.528483, 48.81216 ], [ 17.519953, 48.812765 ], [ 17.515962, 48.817816 ], [ 17.519061, 48.829299 ], [ 17.512218, 48.819688 ], [ 17.509857, 48.821315 ], [ 17.509805, 48.8196 ], [ 17.477487, 48.841325 ], [ 17.461415, 48.844981 ], [ 17.455801, 48.844915 ], [ 17.4531808, 48.8467253 ], [ 17.444097, 48.84101 ], [ 17.443601, 48.837662 ], [ 17.435859, 48.840567 ], [ 17.427034, 48.826301 ], [ 17.418468, 48.829294 ], [ 17.409091, 48.822125 ], [ 17.402681, 48.820438 ], [ 17.401258, 48.816811 ], [ 17.396349, 48.813215 ], [ 17.399415, 48.809105 ], [ 17.390706, 48.801238 ], [ 17.390443, 48.793739 ], [ 17.387676, 48.792513 ], [ 17.383133, 48.793924 ], [ 17.379858, 48.790145 ], [ 17.367589, 48.787033 ], [ 17.360531, 48.782934 ], [ 17.360657, 48.781636 ], [ 17.355972, 48.78226 ], [ 17.3530357, 48.7775266 ], [ 17.3571239, 48.774415 ], [ 17.3659221, 48.7773043 ], [ 17.3683121, 48.7732583 ], [ 17.3736363, 48.7710286 ], [ 17.3735491, 48.77261570000001 ], [ 17.3786757, 48.7728512 ], [ 17.3784606, 48.7743171 ], [ 17.3802633, 48.7715872 ], [ 17.3867897, 48.7710873 ], [ 17.3913349, 48.7719658 ], [ 17.4011581, 48.7773546 ], [ 17.40323, 48.782797 ], [ 17.407963, 48.786335 ], [ 17.410892, 48.787853 ], [ 17.413117, 48.785592 ], [ 17.416544, 48.7872 ], [ 17.421957, 48.78399 ], [ 17.425136, 48.777735 ], [ 17.421792, 48.772248 ], [ 17.426529, 48.770925 ], [ 17.427698, 48.769038 ], [ 17.441743, 48.766425 ], [ 17.44555, 48.768371 ], [ 17.44772, 48.767607 ], [ 17.447334, 48.764986 ], [ 17.456081, 48.761495 ], [ 17.472808, 48.760837 ], [ 17.470906, 48.757458 ], [ 17.474604, 48.753924 ], [ 17.47644, 48.748182 ], [ 17.478293, 48.745772 ], [ 17.488792, 48.743186 ], [ 17.492653, 48.734274 ], [ 17.487561, 48.729786 ], [ 17.487447, 48.724035 ], [ 17.47655, 48.724936 ], [ 17.475336, 48.721909 ], [ 17.477105, 48.719391 ], [ 17.473628, 48.714312 ], [ 17.47335, 48.71008 ], [ 17.470294, 48.707281 ], [ 17.467502, 48.707142 ], [ 17.46913, 48.701508 ], [ 17.466135, 48.699941 ], [ 17.469564, 48.696819 ], [ 17.479086, 48.693883 ], [ 17.480437, 48.689909 ], [ 17.474908, 48.683045 ], [ 17.478817, 48.683768 ], [ 17.480461, 48.682139 ], [ 17.482885, 48.68257 ], [ 17.481689, 48.679803 ], [ 17.486263, 48.677208 ], [ 17.485679, 48.674338 ], [ 17.490052, 48.674418 ], [ 17.488198, 48.670709 ], [ 17.491298, 48.670609 ], [ 17.491303, 48.669341 ], [ 17.501522, 48.665334 ], [ 17.508494, 48.653545 ], [ 17.505605, 48.647991 ], [ 17.508762, 48.647021 ], [ 17.533121, 48.626618 ], [ 17.534691, 48.629296 ], [ 17.543249, 48.629795 ], [ 17.546539, 48.63924 ], [ 17.553387, 48.638402 ], [ 17.559679, 48.641918 ], [ 17.561278, 48.644838 ], [ 17.571987, 48.642253 ], [ 17.577876, 48.637734 ], [ 17.591734, 48.63832 ], [ 17.600908, 48.64167 ], [ 17.605603, 48.640141 ], [ 17.625487, 48.644474 ], [ 17.61924, 48.648409 ], [ 17.621256, 48.651661 ], [ 17.617142, 48.655824 ], [ 17.615394, 48.66129 ], [ 17.617809, 48.666956 ], [ 17.616113, 48.668012 ], [ 17.624608, 48.672084 ], [ 17.628588, 48.670054 ], [ 17.625345, 48.667102 ], [ 17.623684, 48.669008 ], [ 17.62213, 48.668381 ], [ 17.624828, 48.666051 ], [ 17.631676, 48.665154 ], [ 17.634057, 48.661576 ], [ 17.637315, 48.664364 ], [ 17.645648, 48.662105 ], [ 17.653329, 48.66378 ], [ 17.647403, 48.667126 ], [ 17.64893, 48.668027 ], [ 17.66275, 48.665364 ], [ 17.666164, 48.668253 ], [ 17.669168, 48.666732 ], [ 17.669428, 48.668846 ], [ 17.670709, 48.667863 ], [ 17.676761, 48.669735 ], [ 17.68602, 48.677797 ], [ 17.687575, 48.678386 ], [ 17.692744, 48.675776 ], [ 17.701662, 48.682516 ], [ 17.708849, 48.67851 ], [ 17.713741, 48.677589 ] ] ] } },
{ "type": "Feature", "properties": { "shapeName": "District of Nova Mesto nad Va*", "shapeISO": "", "shapeID": "56367889B79509103276820", "shapeGroup": "SVK", "shapeType": "ADM2" }, "geometry": { "type": "Polygon", "coordinates": [ [ [ 17.979103, 48.612529 ], [ 17.989886, 48.620623 ], [ 17.995894, 48.617464 ], [ 18.007188, 48.625472 ], [ 18.002024, 48.628353 ], [ 18.003716, 48.62922 ], [ 18.015845, 48.623129 ], [ 18.017541, 48.626311 ], [ 18.014227, 48.629571 ], [ 18.01476, 48.632465 ], [ 18.023355, 48.638236 ], [ 18.01976, 48.638685 ], [ 18.015795, 48.649894 ], [ 18.018001, 48.654467 ], [ 18.007781, 48.658111 ], [ 18.012548, 48.659003 ], [ 18.006355, 48.659492 ], [ 18.002777, 48.669995 ], [ 17.998812, 48.6722 ], [ 18.002376, 48.677009 ], [ 17.994029, 48.681895 ], [ 17.99764, 48.688582 ], [ 17.993052, 48.695719 ], [ 17.990834, 48.705535 ], [ 18.005524, 48.713475 ], [ 18.005238, 48.717111 ], [ 17.998621, 48.722003 ], [ 17.997159, 48.72845 ], [ 17.999074, 48.73255 ], [ 17.997874, 48.735382 ], [ 18.000225, 48.738064 ], [ 17.999396, 48.742224 ], [ 18.003482, 48.747977 ], [ 17.993583, 48.754092 ], [ 17.983649, 48.75037 ], [ 17.965777, 48.777137 ], [ 17.969009, 48.788361 ], [ 17.966502, 48.795551 ], [ 17.940148, 48.793709 ], [ 17.936689, 48.796647 ], [ 17.932643, 48.7958 ], [ 17.929632, 48.8013 ], [ 17.932895, 48.806818 ], [ 17.92893, 48.809195 ], [ 17.930515, 48.81008 ], [ 17.928912, 48.811355 ], [ 17.901605, 48.811617 ], [ 17.900095, 48.812834 ], [ 17.893783, 48.812586 ], [ 17.891293, 48.814264 ], [ 17.873735, 48.802852 ], [ 17.870552, 48.805239 ], [ 17.871214, 48.807651 ], [ 17.867032, 48.809673 ], [ 17.8664863, 48.8138587 ], [ 17.870168, 48.817654 ], [ 17.869263, 48.818956 ], [ 17.871574, 48.818875 ], [ 17.874577, 48.821299 ], [ 17.872783, 48.823311 ], [ 17.875369, 48.824585 ], [ 17.874129, 48.826607 ], [ 17.877329, 48.830316 ], [ 17.876397, 48.835577 ], [ 17.872223, 48.834063 ], [ 17.870513, 48.834741 ], [ 17.866903, 48.840607 ], [ 17.868914, 48.841083 ], [ 17.862379, 48.84716 ], [ 17.864103, 48.848238 ], [ 17.860775, 48.849856 ], [ 17.862331, 48.851047 ], [ 17.853935, 48.855758 ], [ 17.855049, 48.857459 ], [ 17.84198, 48.867345 ], [ 17.837104, 48.880025 ], [ 17.831005, 48.888765 ], [ 17.835331, 48.90007 ], [ 17.838322, 48.90249 ], [ 17.845571, 48.903066 ], [ 17.845469, 48.909724 ], [ 17.842266, 48.915696 ], [ 17.846136, 48.922476 ], [ 17.844223, 48.926401 ], [ 17.8171749, 48.9276939 ], [ 17.81591, 48.925645 ], [ 17.781318, 48.925275 ], [ 17.783431, 48.921208 ], [ 17.782665, 48.91669 ], [ 17.776887, 48.913328 ], [ 17.770851, 48.912272 ], [ 17.755088, 48.902418 ], [ 17.750329, 48.89874 ], [ 17.746897, 48.891171 ], [ 17.740497, 48.888272 ], [ 17.740991, 48.885675 ], [ 17.736708, 48.880837 ], [ 17.720148, 48.874298 ], [ 17.715304, 48.868391 ], [ 17.703336, 48.860022 ], [ 17.690617, 48.862246 ], [ 17.682704, 48.860881 ], [ 17.667759, 48.854169 ], [ 17.658432, 48.855796 ], [ 17.648142, 48.854192 ], [ 17.632981, 48.85489 ], [ 17.620536, 48.846732 ], [ 17.620949, 48.842023 ], [ 17.615071, 48.833241 ], [ 17.614028, 48.826165 ], [ 17.616968, 48.825531 ], [ 17.61841, 48.82309 ], [ 17.619684, 48.814382 ], [ 17.622889, 48.809978 ], [ 17.620117, 48.804579 ], [ 17.623144, 48.795574 ], [ 17.63062, 48.790373 ], [ 17.633344, 48.785895 ], [ 17.62713, 48.78717 ], [ 17.629644, 48.785565 ], [ 17.627081, 48.783029 ], [ 17.629115, 48.782325 ], [ 17.624453, 48.780497 ], [ 17.631415, 48.778554 ], [ 17.627954, 48.775297 ], [ 17.629646, 48.774181 ], [ 17.636766, 48.772694 ], [ 17.639834, 48.774421 ], [ 17.64311, 48.771195 ], [ 17.64453, 48.771976 ], [ 17.648082, 48.77021 ], [ 17.647643, 48.767321 ], [ 17.655915, 48.766676 ], [ 17.651516, 48.764989 ], [ 17.646367, 48.766024 ], [ 17.643497, 48.764932 ], [ 17.643687, 48.766153 ], [ 17.639464, 48.766736 ], [ 17.636739, 48.764802 ], [ 17.638199, 48.76228 ], [ 17.643347, 48.758916 ], [ 17.647074, 48.761713 ], [ 17.650367, 48.759878 ], [ 17.653591, 48.760885 ], [ 17.657351, 48.759666 ], [ 17.658833, 48.76076 ], [ 17.662094, 48.759451 ], [ 17.668262, 48.760023 ], [ 17.674515, 48.764614 ], [ 17.676578, 48.762897 ], [ 17.679067, 48.764485 ], [ 17.693967, 48.753823 ], [ 17.7007751, 48.7536594 ], [ 17.700514, 48.751224 ], [ 17.705127, 48.750337 ], [ 17.714523, 48.738416 ], [ 17.712267, 48.730455 ], [ 17.71589, 48.726544 ], [ 17.710965, 48.728667 ], [ 17.709021, 48.726201 ], [ 17.705116, 48.726456 ], [ 17.703355, 48.722014 ], [ 17.704905, 48.720337 ], [ 17.70132, 48.718747 ], [ 17.701004, 48.716692 ], [ 17.708227, 48.708632 ], [ 17.706213, 48.708081 ], [ 17.708383, 48.707011 ], [ 17.707432, 48.705545 ], [ 17.71103, 48.702754 ], [ 17.705515, 48.70066 ], [ 17.708535, 48.701323 ], [ 17.709615, 48.699829 ], [ 17.706426, 48.697485 ], [ 17.720081, 48.690364 ], [ 17.716228, 48.68755 ], [ 17.715956, 48.680802 ], [ 17.713741, 48.677589 ], [ 17.728716, 48.668174 ], [ 17.730263, 48.661619 ], [ 17.743346, 48.651892 ], [ 17.781468, 48.640598 ], [ 17.782409, 48.638546 ], [ 17.785184, 48.638684 ], [ 17.788222, 48.63675 ], [ 17.791738, 48.639203 ], [ 17.797809, 48.640364 ], [ 17.798424, 48.637769 ], [ 17.804418, 48.63709 ], [ 17.80861, 48.6401 ], [ 17.820472, 48.639368 ], [ 17.824147, 48.646634 ], [ 17.822537, 48.647101 ], [ 17.823491, 48.649438 ], [ 17.820838, 48.649949 ], [ 17.823298, 48.65169 ], [ 17.820461, 48.651769 ], [ 17.825734, 48.653126 ], [ 17.839365, 48.651008 ], [ 17.838724, 48.643107 ], [ 17.844535, 48.640525 ], [ 17.844615, 48.637489 ], [ 17.850414, 48.635533 ], [ 17.852308, 48.63232 ], [ 17.856403, 48.632245 ], [ 17.858072, 48.637255 ], [ 17.865167, 48.638799 ], [ 17.866543, 48.637443 ], [ 17.871927, 48.637686 ], [ 17.875929, 48.634705 ], [ 17.879181, 48.634327 ], [ 17.880466, 48.627618 ], [ 17.883735, 48.627415 ], [ 17.88514, 48.629978 ], [ 17.888485, 48.62904 ], [ 17.897091, 48.632249 ], [ 17.89642, 48.630891 ], [ 17.908189, 48.625387 ], [ 17.922889, 48.625582 ], [ 17.931674, 48.621585 ], [ 17.939223, 48.622569 ], [ 17.940003, 48.620945 ], [ 17.95672, 48.622005 ], [ 17.960872, 48.620512 ], [ 17.958278, 48.61696 ], [ 17.963727, 48.611411 ], [ 17.979103, 48.612529 ] ] ] } },
{ "type": "Feature", "properties": { "shapeName": "District of Turcianske Teplice", "shapeISO": "", "shapeID": "56367889B31819457643233", "shapeGroup": "SVK", "shapeType": "ADM2" }, "geometry": { "type": "Polygon", "coordinates": [ [ [ 18.998313, 48.748994 ], [ 19.002542, 48.753343 ], [ 19.006399, 48.762303 ], [ 19.010691, 48.764111 ], [ 19.012173, 48.767781 ], [ 19.010746, 48.774305 ], [ 19.016576, 48.790261 ], [ 18.992455, 48.802436 ], [ 18.992212, 48.810866 ], [ 18.995675, 48.816518 ], [ 19.002174, 48.81756 ], [ 19.003246, 48.822531 ], [ 19.001386, 48.825161 ], [ 19.003072, 48.833382 ], [ 18.999441, 48.835587 ], [ 18.996877, 48.841555 ], [ 18.99356, 48.843235 ], [ 18.993946, 48.845918 ], [ 18.997486, 48.848796 ], [ 19.008854, 48.849951 ], [ 19.016575, 48.855567 ], [ 19.025625, 48.866782 ], [ 19.02426, 48.868567 ], [ 19.026117, 48.869935 ], [ 19.022879, 48.875317 ], [ 19.029292, 48.878002 ], [ 19.023521, 48.88304 ], [ 19.023213, 48.885933 ], [ 19.021369, 48.88604 ], [ 19.010475, 48.884362 ], [ 19.009215, 48.881926 ], [ 19.00067, 48.877475 ], [ 18.989411, 48.877165 ], [ 18.98754, 48.878346 ], [ 18.974853, 48.876656 ], [ 18.974437, 48.87912 ], [ 18.966771, 48.884013 ], [ 18.966161, 48.88688 ], [ 18.961378, 48.888439 ], [ 18.958753, 48.893474 ], [ 18.950741, 48.895475 ], [ 18.948535, 48.9057 ], [ 18.944232, 48.911514 ], [ 18.933485, 48.919699 ], [ 18.910436, 48.924302 ], [ 18.892463, 48.93605 ], [ 18.883987, 48.936008 ], [ 18.872709, 48.938546 ], [ 18.864861, 48.937866 ], [ 18.857867, 48.942659 ], [ 18.851721, 48.943739 ], [ 18.85027, 48.949489 ], [ 18.846847, 48.948497 ], [ 18.846549, 48.945894 ], [ 18.843104, 48.947093 ], [ 18.841766, 48.945387 ], [ 18.839729, 48.947628 ], [ 18.833929, 48.948336 ], [ 18.835713, 48.951583 ], [ 18.829484, 48.951938 ], [ 18.827821, 48.950417 ], [ 18.822621, 48.95109 ], [ 18.821393, 48.947133 ], [ 18.817659, 48.949514 ], [ 18.79838, 48.954387 ], [ 18.795491, 48.957117 ], [ 18.792146, 48.957016 ], [ 18.788481, 48.960331 ], [ 18.781311, 48.961127 ], [ 18.777973, 48.964042 ], [ 18.769151, 48.964826 ], [ 18.765179, 48.96663 ], [ 18.762075, 48.965331 ], [ 18.764238, 48.960293 ], [ 18.76113, 48.958069 ], [ 18.757134, 48.957188 ], [ 18.7571, 48.955598 ], [ 18.753606, 48.955262 ], [ 18.751071, 48.952774 ], [ 18.741539, 48.950267 ], [ 18.730996, 48.941881 ], [ 18.727152, 48.941776 ], [ 18.724552, 48.937889 ], [ 18.721148, 48.93653 ], [ 18.720277, 48.937493 ], [ 18.71947, 48.93604 ], [ 18.717192, 48.937419 ], [ 18.713803, 48.935957 ], [ 18.709695, 48.931145 ], [ 18.710664, 48.929167 ], [ 18.708729, 48.928483 ], [ 18.703606, 48.93064 ], [ 18.702999, 48.926381 ], [ 18.698688, 48.928516 ], [ 18.697822, 48.927364 ], [ 18.694597, 48.927928 ], [ 18.693749, 48.925612 ], [ 18.696357, 48.923477 ], [ 18.695313, 48.920552 ], [ 18.697564, 48.917674 ], [ 18.693191, 48.911782 ], [ 18.693642, 48.908901 ], [ 18.697866, 48.907691 ], [ 18.707939, 48.897488 ], [ 18.706639, 48.892731 ], [ 18.702792, 48.889801 ], [ 18.704106, 48.887086 ], [ 18.695423, 48.880702 ], [ 18.699967, 48.87585 ], [ 18.700684, 48.869085 ], [ 18.698615, 48.855078 ], [ 18.700297, 48.851811 ], [ 18.698074, 48.847707 ], [ 18.722927, 48.838033 ], [ 18.729141, 48.832006 ], [ 18.73928, 48.832124 ], [ 18.742971, 48.829183 ], [ 18.752429, 48.82689 ], [ 18.753764, 48.824969 ], [ 18.750522, 48.820173 ], [ 18.754071, 48.817567 ], [ 18.759607, 48.817126 ], [ 18.764999, 48.81384 ], [ 18.777958, 48.812747 ], [ 18.773318, 48.811712 ], [ 18.769483, 48.808584 ], [ 18.770075, 48.806265 ], [ 18.780316, 48.804177 ], [ 18.776358, 48.796321 ], [ 18.776719, 48.790778 ], [ 18.793513, 48.782595 ], [ 18.810144, 48.769167 ], [ 18.809172, 48.76562 ], [ 18.811301, 48.762096 ], [ 18.814448, 48.758779 ], [ 18.822665, 48.755994 ], [ 18.824747, 48.753138 ], [ 18.826348, 48.744057 ], [ 18.832329, 48.747918 ], [ 18.842387, 48.750177 ], [ 18.847376, 48.755826 ], [ 18.854311, 48.759028 ], [ 18.854531, 48.763444 ], [ 18.863354, 48.764638 ], [ 18.867373, 48.767341 ], [ 18.87044, 48.76676 ], [ 18.873509, 48.769386 ], [ 18.881367, 48.769768 ], [ 18.884487, 48.768455 ], [ 18.885445, 48.762408 ], [ 18.883817, 48.760985 ], [ 18.890204, 48.760139 ], [ 18.893151, 48.755452 ], [ 18.891856, 48.751094 ], [ 18.894728, 48.750253 ], [ 18.89842, 48.751872 ], [ 18.905662, 48.750112 ], [ 18.909836, 48.750638 ], [ 18.91461, 48.74334 ], [ 18.922222, 48.742633 ], [ 18.923515, 48.741154 ], [ 18.924862, 48.742529 ], [ 18.930153, 48.742176 ], [ 18.932958, 48.745212 ], [ 18.93415, 48.743987 ], [ 18.938358, 48.745734 ], [ 18.942801, 48.74936 ], [ 18.945178, 48.748034 ], [ 18.954748, 48.748505 ], [ 18.963309, 48.745958 ], [ 18.976853, 48.748097 ], [ 18.984889, 48.745474 ], [ 18.991172, 48.746704 ], [ 18.993012, 48.74954 ], [ 18.995528, 48.748279 ], [ 18.998313, 48.748994 ] ] ] } },
{ "type": "Feature", "properties": { "shapeName": "District of Numestovo", "shapeISO": "", "shapeID": "56367889B25974753894430", "shapeGroup": "SVK", "shapeType": "ADM2" }, "geometry": { "type": "Polygon", "coordinates": [ [ [ 19.420215, 49.319135 ], [ 19.4229881, 49.324847 ], [ 19.439378, 49.334568 ], [ 19.433542, 49.335872 ], [ 19.44519, 49.346688 ], [ 19.452148, 49.348161 ], [ 19.457306, 49.351236 ], [ 19.464908, 49.351767 ], [ 19.473691, 49.359 ], [ 19.48036, 49.358637 ], [ 19.48516, 49.359937 ], [ 19.487104, 49.365819 ], [ 19.498666, 49.369549 ], [ 19.498301, 49.375952 ], [ 19.500604, 49.380109 ], [ 19.508552, 49.38253 ], [ 19.514864, 49.387829 ], [ 19.528864, 49.392524 ], [ 19.524511, 49.394974 ], [ 19.52618, 49.3977 ], [ 19.546847, 49.405667 ], [ 19.565906, 49.418179 ], [ 19.569775, 49.417736 ], [ 19.570995, 49.421063 ], [ 19.579175, 49.42715 ], [ 19.59687, 49.436978 ], [ 19.595881, 49.439826 ], [ 19.590461, 49.441703 ], [ 19.589482, 49.445738 ], [ 19.583405, 49.450249 ], [ 19.5814677, 49.4554092 ], [ 19.5805818, 49.461219 ], [ 19.5669128, 49.47114 ], [ 19.5690548, 49.474488 ], [ 19.5656288, 49.480522 ], [ 19.5620208, 49.482229 ], [ 19.5583738, 49.487958 ], [ 19.5573958, 49.486855 ], [ 19.5536443, 49.4899404 ], [ 19.5543877, 49.4986965 ], [ 19.5516137, 49.5076205 ], [ 19.5429227, 49.5182535 ], [ 19.5415187, 49.5232535 ], [ 19.5350931, 49.5263114 ], [ 19.5355812, 49.5304966 ], [ 19.530449, 49.5357702 ], [ 19.527408, 49.5611735 ], [ 19.5293313, 49.5730189 ], [ 19.5237528, 49.5721485 ], [ 19.5182342, 49.5734049 ], [ 19.5100673, 49.5815393 ], [ 19.4972272, 49.5815758 ], [ 19.4925127, 49.5843521 ], [ 19.4804077, 49.587035 ], [ 19.4688723, 49.5960652 ], [ 19.4746169, 49.6046527 ], [ 19.4674526, 49.6138043 ], [ 19.4549414, 49.6109081 ], [ 19.4485179, 49.6138162 ], [ 19.4430503, 49.60915880000001 ], [ 19.4421216, 49.6043699 ], [ 19.4451311, 49.6016067 ], [ 19.442018, 49.598501 ], [ 19.4306445, 49.5954091 ], [ 19.4227294, 49.5957609 ], [ 19.4099851, 49.592159200000012 ], [ 19.4068361, 49.5859549 ], [ 19.4076416, 49.5808269 ], [ 19.4000179, 49.5741342 ], [ 19.3961088, 49.5742678 ], [ 19.3898847, 49.5717614 ], [ 19.3840749, 49.5720849 ], [ 19.3713627, 49.5674421 ], [ 19.3734541, 49.5578504 ], [ 19.3665935, 49.5537032 ], [ 19.3685743, 49.5450334 ], [ 19.3661482, 49.5389461 ], [ 19.3622997, 49.5360882 ], [ 19.3468956, 49.5359066 ], [ 19.3329996, 49.5335902 ], [ 19.3295583, 49.531766 ], [ 19.3187944, 49.5310826 ], [ 19.3186662, 49.5341922 ], [ 19.3155709, 49.5365851 ], [ 19.3103499, 49.5370103 ], [ 19.2979627, 49.533441 ], [ 19.2815232, 49.5353366 ], [ 19.274714, 49.531892 ], [ 19.2642245, 49.532383 ], [ 19.2606884, 49.5312299 ], [ 19.2610254, 49.5272866 ], [ 19.2332716, 49.5104924 ], [ 19.2340428, 49.50371830000001 ], [ 19.2370299, 49.5016992 ], [ 19.2355148, 49.4956578 ], [ 19.2278291, 49.4919351 ], [ 19.2315404, 49.4868292 ], [ 19.2272507, 49.484129 ], [ 19.220465, 49.473491 ], [ 19.219982, 49.469307 ], [ 19.227127, 49.466946 ], [ 19.228263, 49.463736 ], [ 19.225311, 49.454314 ], [ 19.219596, 49.45089 ], [ 19.219007, 49.448612 ], [ 19.208989, 49.451828 ], [ 19.198581, 49.448161 ], [ 19.1857359, 49.4347198 ], [ 19.186326, 49.431951 ], [ 19.193406, 49.42601 ], [ 19.190998, 49.42104 ], [ 19.197168, 49.413714 ], [ 19.187451, 49.409665 ], [ 19.1756, 49.413744 ], [ 19.153381, 49.403772 ], [ 19.150658, 49.403645 ], [ 19.145043, 49.407972 ], [ 19.137516, 49.409956 ], [ 19.132561, 49.408074 ], [ 19.131079, 49.405121 ], [ 19.121495, 49.402676 ], [ 19.123991, 49.39391 ], [ 19.127046, 49.391816 ], [ 19.126545, 49.389124 ], [ 19.123987, 49.386888 ], [ 19.122608, 49.379561 ], [ 19.1112, 49.371511 ], [ 19.113519, 49.368012 ], [ 19.117825, 49.366113 ], [ 19.129712, 49.36892 ], [ 19.132427, 49.365145 ], [ 19.139552, 49.364703 ], [ 19.151591, 49.358016 ], [ 19.154754, 49.350422 ], [ 19.147502, 49.343023 ], [ 19.145555, 49.335088 ], [ 19.149874, 49.330923 ], [ 19.157375, 49.329431 ], [ 19.160871, 49.332973 ], [ 19.164177, 49.331608 ], [ 19.165663, 49.319417 ], [ 19.171303, 49.319394 ], [ 19.17365, 49.317354 ], [ 19.177341, 49.316898 ], [ 19.197775, 49.317197 ], [ 19.202609, 49.321372 ], [ 19.214936, 49.324138 ], [ 19.223504, 49.320597 ], [ 19.230577, 49.321454 ], [ 19.239041, 49.319694 ], [ 19.241594, 49.316184 ], [ 19.239545, 49.312073 ], [ 19.241328, 49.309912 ], [ 19.23954, 49.298974 ], [ 19.242503, 49.297665 ], [ 19.247886, 49.289803 ], [ 19.246148, 49.279551 ], [ 19.256396, 49.282566 ], [ 19.256004, 49.287431 ], [ 19.267573, 49.296249 ], [ 19.26969, 49.300117 ], [ 19.276534, 49.300813 ], [ 19.28532, 49.304983 ], [ 19.291604, 49.305071 ], [ 19.303437, 49.308586 ], [ 19.304183, 49.303323 ], [ 19.307879, 49.304552 ], [ 19.317896, 49.303765 ], [ 19.339619, 49.307767 ], [ 19.351169, 49.304762 ], [ 19.357891, 49.300726 ], [ 19.365642, 49.304 ], [ 19.375944, 49.298861 ], [ 19.380638, 49.298217 ], [ 19.379657, 49.295773 ], [ 19.383208, 49.294387 ], [ 19.392387, 49.296969 ], [ 19.404434, 49.308411 ], [ 19.420215, 49.319135 ] ] ] } },
{ "type": "Feature", "properties": { "shapeName": "District of Partizonske", "shapeISO": "", "shapeID": "56367889B98642751890096", "shapeGroup": "SVK", "shapeType": "ADM2" }, "geometry": { "type": "Polygon", "coordinates": [ [ [ 18.497889, 48.568577 ], [ 18.489047, 48.579996 ], [ 18.472316, 48.588392 ], [ 18.472915, 48.593859 ], [ 18.465648, 48.60345 ], [ 18.465259, 48.607454 ], [ 18.474198, 48.616562 ], [ 18.455944, 48.62473 ], [ 18.438621, 48.636878 ], [ 18.441137, 48.638455 ], [ 18.446488, 48.637843 ], [ 18.451299, 48.642119 ], [ 18.458243, 48.643854 ], [ 18.46088, 48.649009 ], [ 18.465828, 48.653043 ], [ 18.461329, 48.654351 ], [ 18.456837, 48.660033 ], [ 18.459341, 48.665303 ], [ 18.456141, 48.668871 ], [ 18.45773, 48.67603 ], [ 18.455329, 48.680782 ], [ 18.451109, 48.683671 ], [ 18.440148, 48.683797 ], [ 18.43989, 48.680212 ], [ 18.433064, 48.680491 ], [ 18.427409, 48.677396 ], [ 18.41702, 48.677995 ], [ 18.409188, 48.684938 ], [ 18.40679, 48.689007 ], [ 18.40954, 48.692288 ], [ 18.405774, 48.695027 ], [ 18.40284, 48.696173 ], [ 18.392657, 48.694763 ], [ 18.387849, 48.692133 ], [ 18.376917, 48.703827 ], [ 18.363563, 48.704002 ], [ 18.361993, 48.701811 ], [ 18.360304, 48.70242 ], [ 18.355776, 48.700492 ], [ 18.353774, 48.693597 ], [ 18.343547, 48.691929 ], [ 18.339462, 48.692671 ], [ 18.338858, 48.68677 ], [ 18.345372, 48.679497 ], [ 18.34229, 48.665088 ], [ 18.343419, 48.657987 ], [ 18.337142, 48.655175 ], [ 18.334742, 48.649501 ], [ 18.329957, 48.645509 ], [ 18.324359, 48.648581 ], [ 18.323168, 48.653196 ], [ 18.317462, 48.657944 ], [ 18.309222, 48.657432 ], [ 18.311867, 48.662955 ], [ 18.310147, 48.6666 ], [ 18.308593, 48.664558 ], [ 18.307416, 48.665515 ], [ 18.29614, 48.662014 ], [ 18.281637, 48.666877 ], [ 18.27777, 48.663981 ], [ 18.273066, 48.65472 ], [ 18.264956, 48.651984 ], [ 18.264008, 48.649692 ], [ 18.254887, 48.648924 ], [ 18.246937, 48.650412 ], [ 18.247302, 48.651975 ], [ 18.245135, 48.652481 ], [ 18.235905, 48.652412 ], [ 18.235638, 48.65371 ], [ 18.225479, 48.6566 ], [ 18.223139, 48.654048 ], [ 18.209681, 48.651877 ], [ 18.208309, 48.649705 ], [ 18.213845, 48.644719 ], [ 18.210649, 48.637465 ], [ 18.215453, 48.635549 ], [ 18.209574, 48.630633 ], [ 18.217606, 48.627975 ], [ 18.227136, 48.629305 ], [ 18.241687, 48.617811 ], [ 18.256094, 48.609355 ], [ 18.252476, 48.608437 ], [ 18.254176, 48.604732 ], [ 18.243991, 48.598942 ], [ 18.243434, 48.595194 ], [ 18.237215, 48.587835 ], [ 18.233772, 48.589453 ], [ 18.214327, 48.576791 ], [ 18.215015, 48.573794 ], [ 18.217627, 48.573654 ], [ 18.217801, 48.571215 ], [ 18.223715, 48.566822 ], [ 18.227777, 48.566422 ], [ 18.232075, 48.568923 ], [ 18.235213, 48.567352 ], [ 18.231827, 48.56212 ], [ 18.233151, 48.561852 ], [ 18.226768, 48.554898 ], [ 18.2321158, 48.5510345 ], [ 18.237723, 48.555989 ], [ 18.242077, 48.553009 ], [ 18.245655, 48.556638 ], [ 18.251422, 48.555294 ], [ 18.254886, 48.555973 ], [ 18.262694, 48.551018 ], [ 18.266038, 48.552017 ], [ 18.268477, 48.5483 ], [ 18.279207, 48.542809 ], [ 18.284511, 48.541775 ], [ 18.2942, 48.52718 ], [ 18.300217, 48.521026 ], [ 18.303452, 48.520258 ], [ 18.307583, 48.514117 ], [ 18.309692, 48.505039 ], [ 18.312917, 48.502639 ], [ 18.311372, 48.496886 ], [ 18.332186, 48.492466 ], [ 18.336443, 48.489776 ], [ 18.341284, 48.489707 ], [ 18.347107, 48.493267 ], [ 18.349817, 48.501088 ], [ 18.353098, 48.492462 ], [ 18.362928, 48.490307 ], [ 18.366031, 48.485683 ], [ 18.365987, 48.49402 ], [ 18.387102, 48.500713 ], [ 18.403912, 48.514043 ], [ 18.411179, 48.51695 ], [ 18.414885, 48.52123 ], [ 18.441299, 48.528577 ], [ 18.44808, 48.532179 ], [ 18.450664, 48.535617 ], [ 18.463252, 48.539865 ], [ 18.46809, 48.546598 ], [ 18.478673, 48.548602 ], [ 18.487335, 48.549302 ], [ 18.497889, 48.568577 ] ] ] } },
{ "type": "Feature", "properties": { "shapeName": "District of Ruromberok", "shapeISO": "", "shapeID": "56367889B77247555880458", "shapeGroup": "SVK", "shapeType": "ADM2" }, "geometry": { "type": "Polygon", "coordinates": [ [ [ 19.14191, 49.136553 ], [ 19.139951, 49.131137 ], [ 19.143692, 49.127075 ], [ 19.14105, 49.122204 ], [ 19.128985, 49.113739 ], [ 19.122024, 49.11243 ], [ 19.119541, 49.107784 ], [ 19.122241, 49.102156 ], [ 19.11615, 49.091479 ], [ 19.122661, 49.081768 ], [ 19.121663, 49.074397 ], [ 19.119268, 49.072699 ], [ 19.120956, 49.067309 ], [ 19.119415, 49.065803 ], [ 19.123456, 49.057809 ], [ 19.119094, 49.054164 ], [ 19.114552, 49.053414 ], [ 19.109993, 49.042967 ], [ 19.112918, 49.035558 ], [ 19.107969, 49.031107 ], [ 19.112966, 49.029228 ], [ 19.111283, 49.025546 ], [ 19.113176, 49.021249 ], [ 19.111381, 49.004845 ], [ 19.103199, 48.999708 ], [ 19.101048, 48.996198 ], [ 19.101983, 48.992319 ], [ 19.107197, 48.986949 ], [ 19.10212, 48.984575 ], [ 19.10043, 48.974863 ], [ 19.102824, 48.971691 ], [ 19.112729, 48.967079 ], [ 19.1197, 48.956466 ], [ 19.131631, 48.955607 ], [ 19.131973, 48.952898 ], [ 19.138023, 48.951564 ], [ 19.139001, 48.943821 ], [ 19.127491, 48.932271 ], [ 19.121087, 48.930674 ], [ 19.11703, 48.933902 ], [ 19.112095, 48.928737 ], [ 19.092979, 48.921251 ], [ 19.088357, 48.914626 ], [ 19.088204, 48.909842 ], [ 19.082561, 48.908826 ], [ 19.0791, 48.903029 ], [ 19.081429, 48.899524 ], [ 19.078914, 48.893241 ], [ 19.083432, 48.886971 ], [ 19.081071, 48.885101 ], [ 19.078754, 48.876764 ], [ 19.083113, 48.874675 ], [ 19.091562, 48.877604 ], [ 19.099885, 48.877025 ], [ 19.104108, 48.879222 ], [ 19.118341, 48.880428 ], [ 19.121473, 48.879181 ], [ 19.131999, 48.881394 ], [ 19.136014, 48.880402 ], [ 19.13765, 48.881681 ], [ 19.145824, 48.882099 ], [ 19.153655, 48.877889 ], [ 19.157714, 48.878716 ], [ 19.163608, 48.884313 ], [ 19.172111, 48.883834 ], [ 19.183106, 48.880267 ], [ 19.18658, 48.88492 ], [ 19.204574, 48.88686 ], [ 19.212799, 48.89146 ], [ 19.230929, 48.888657 ], [ 19.231545, 48.893506 ], [ 19.244366, 48.895128 ], [ 19.252783, 48.891532 ], [ 19.254465, 48.884855 ], [ 19.26537, 48.883842 ], [ 19.266482, 48.864977 ], [ 19.264331, 48.863535 ], [ 19.262001, 48.865127 ], [ 19.260157, 48.859465 ], [ 19.256194, 48.858886 ], [ 19.25334, 48.855886 ], [ 19.25949, 48.856413 ], [ 19.264481, 48.859532 ], [ 19.269857, 48.858298 ], [ 19.285032, 48.861056 ], [ 19.292831, 48.859589 ], [ 19.302012, 48.860871 ], [ 19.312025, 48.865802 ], [ 19.317016, 48.870308 ], [ 19.318459, 48.87968 ], [ 19.330954, 48.894223 ], [ 19.339113, 48.89719 ], [ 19.350434, 48.897577 ], [ 19.37716, 48.921595 ], [ 19.384609, 48.926153 ], [ 19.380037, 48.93488 ], [ 19.382188, 48.936676 ], [ 19.383605, 48.947262 ], [ 19.376281, 48.948308 ], [ 19.371638, 48.955817 ], [ 19.364039, 48.9539 ], [ 19.356088, 48.957575 ], [ 19.358576, 48.959852 ], [ 19.358005, 48.965762 ], [ 19.360853, 48.96626 ], [ 19.363569, 48.971277 ], [ 19.361769, 48.978619 ], [ 19.363977, 48.988 ], [ 19.362662, 48.994445 ], [ 19.370709, 49.001704 ], [ 19.370019, 49.006593 ], [ 19.38563, 49.014299 ], [ 19.389233, 49.022152 ], [ 19.392985, 49.023578 ], [ 19.397677, 49.029999 ], [ 19.400833, 49.031514 ], [ 19.409888, 49.044623 ], [ 19.421498, 49.050708 ], [ 19.418604, 49.067153 ], [ 19.410266, 49.070398 ], [ 19.411849, 49.076076 ], [ 19.42179, 49.078373 ], [ 19.421394, 49.079632 ], [ 19.429782, 49.078822 ], [ 19.430913, 49.086941 ], [ 19.436929, 49.087114 ], [ 19.439174, 49.085649 ], [ 19.438896, 49.090597 ], [ 19.44236, 49.090751 ], [ 19.444565, 49.095046 ], [ 19.44834, 49.097472 ], [ 19.449202, 49.103212 ], [ 19.454684, 49.107802 ], [ 19.461121, 49.108745 ], [ 19.457693, 49.118821 ], [ 19.460001, 49.130257 ], [ 19.453271, 49.133311 ], [ 19.446704, 49.131633 ], [ 19.441687, 49.133677 ], [ 19.440091, 49.13644 ], [ 19.432887, 49.139397 ], [ 19.433199, 49.142804 ], [ 19.426295, 49.147144 ], [ 19.427888, 49.152988 ], [ 19.424269, 49.159902 ], [ 19.426239, 49.170993 ], [ 19.421144, 49.172006 ], [ 19.420028, 49.170975 ], [ 19.415877, 49.173202 ], [ 19.411786, 49.172611 ], [ 19.412052, 49.175457 ], [ 19.392184, 49.172646 ], [ 19.384925, 49.1754 ], [ 19.376886, 49.17396 ], [ 19.373184, 49.17703 ], [ 19.357807, 49.170623 ], [ 19.357507, 49.166755 ], [ 19.348366, 49.16027 ], [ 19.348545, 49.155371 ], [ 19.3433755, 49.1508359 ], [ 19.3447846, 49.1479285 ], [ 19.329572, 49.148329 ], [ 19.316805, 49.151308 ], [ 19.317332, 49.152504 ], [ 19.315016, 49.152947 ], [ 19.30973, 49.150105 ], [ 19.300044, 49.151929 ], [ 19.297428, 49.150344 ], [ 19.293229, 49.152848 ], [ 19.283335, 49.151162 ], [ 19.282827, 49.152227 ], [ 19.279847, 49.150109 ], [ 19.273237, 49.151346 ], [ 19.27472, 49.153161 ], [ 19.269846, 49.161102 ], [ 19.254215, 49.16494 ], [ 19.250149, 49.16395 ], [ 19.220952, 49.146409 ], [ 19.217699, 49.147182 ], [ 19.207791, 49.1381 ], [ 19.199293, 49.139215 ], [ 19.202841, 49.145575 ], [ 19.199848, 49.150251 ], [ 19.200339, 49.155539 ], [ 19.192214, 49.162893 ], [ 19.180964, 49.165951 ], [ 19.165942, 49.163779 ], [ 19.15909, 49.16922 ], [ 19.150034, 49.171997 ], [ 19.1448, 49.167879 ], [ 19.13484, 49.167816 ], [ 19.13388, 49.162145 ], [ 19.138002, 49.158909 ], [ 19.139508, 49.153394 ], [ 19.143479, 49.153584 ], [ 19.147433, 49.151282 ], [ 19.14191, 49.136553 ] ] ] } },
{ "type": "Feature", "properties": { "shapeName": "District of Kermarok", "shapeISO": "", "shapeID": "56367889B51496625279666", "shapeGroup": "SVK", "shapeType": "ADM2" }, "geometry": { "type": "Polygon", "coordinates": [ [ [ 20.434241, 49.397598 ], [ 20.431134, 49.395948 ], [ 20.427368, 49.402484 ], [ 20.416875, 49.40579 ], [ 20.414209, 49.403515 ], [ 20.414688, 49.397714 ], [ 20.412285, 49.395203 ], [ 20.405747, 49.392543 ], [ 20.390427, 49.39042 ], [ 20.3824786, 49.391022 ], [ 20.38047, 49.39563 ], [ 20.380912, 49.403257 ], [ 20.375681, 49.40786 ], [ 20.371134, 49.407381 ], [ 20.368991, 49.400991 ], [ 20.362271, 49.398262 ], [ 20.357197, 49.398523 ], [ 20.350749, 49.401532 ], [ 20.344325, 49.400638 ], [ 20.337471, 49.402479 ], [ 20.335061, 49.401472 ], [ 20.325081, 49.403028 ], [ 20.320659, 49.399585 ], [ 20.31751, 49.388727 ], [ 20.331276, 49.391429 ], [ 20.321378, 49.378384 ], [ 20.3213515, 49.3758677 ], [ 20.325584, 49.371277 ], [ 20.3262156, 49.3658616 ], [ 20.3236537, 49.3518116 ], [ 20.3168556, 49.3447236 ], [ 20.3128612, 49.3432946 ], [ 20.3084345, 49.3439398 ], [ 20.2928163, 49.3515563 ], [ 20.2730539, 49.3513721 ], [ 20.2686569, 49.345694 ], [ 20.2539729, 49.3489086 ], [ 20.2531904, 49.3517581 ], [ 20.2483478, 49.3497209 ], [ 20.2425059, 49.3508651 ], [ 20.2407232, 49.3483394 ], [ 20.2318153, 49.3463209 ], [ 20.220823, 49.35179 ], [ 20.2139922, 49.3484299 ], [ 20.2123248, 49.3446654 ], [ 20.203358, 49.341806 ], [ 20.1955474, 49.3423095 ], [ 20.1932141, 49.340978 ], [ 20.1901025, 49.3383548 ], [ 20.1892115, 49.3322577 ], [ 20.1841559, 49.3278079 ], [ 20.185886, 49.319624 ], [ 20.182251, 49.313903 ], [ 20.183009, 49.310321 ], [ 20.187838, 49.305111 ], [ 20.19864, 49.301013 ], [ 20.202285, 49.296708 ], [ 20.200438, 49.290926 ], [ 20.206276, 49.286707 ], [ 20.216426, 49.283042 ], [ 20.2234, 49.281562 ], [ 20.2283088, 49.2825536 ], [ 20.242418, 49.291478 ], [ 20.267182, 49.291561 ], [ 20.284927, 49.285946 ], [ 20.297665, 49.287083 ], [ 20.302095, 49.285061 ], [ 20.309355, 49.28466 ], [ 20.315058, 49.286091 ], [ 20.319752, 49.283455 ], [ 20.321174, 49.276396 ], [ 20.316464, 49.263052 ], [ 20.322828, 49.259392 ], [ 20.32216, 49.249641 ], [ 20.329383, 49.237753 ], [ 20.329075, 49.230436 ], [ 20.327284, 49.230761 ], [ 20.330092, 49.228324 ], [ 20.333635, 49.229099 ], [ 20.337851, 49.225981 ], [ 20.339057, 49.227871 ], [ 20.342258, 49.22605 ], [ 20.344046, 49.227108 ], [ 20.346842, 49.224835 ], [ 20.360611, 49.223695 ], [ 20.368807, 49.21833 ], [ 20.369726, 49.212307 ], [ 20.365415, 49.211899 ], [ 20.367217, 49.200941 ], [ 20.353295, 49.200803 ], [ 20.34286, 49.202371 ], [ 20.340476, 49.202294 ], [ 20.339735, 49.200196 ], [ 20.348835, 49.196962 ], [ 20.359205, 49.195717 ], [ 20.357476, 49.19237 ], [ 20.358477, 49.185705 ], [ 20.355936, 49.185682 ], [ 20.377654, 49.171802 ], [ 20.380711, 49.174691 ], [ 20.385012, 49.170216 ], [ 20.376276, 49.171361 ], [ 20.379388, 49.169577 ], [ 20.378991, 49.1672 ], [ 20.368038, 49.172161 ], [ 20.360052, 49.173598 ], [ 20.359236, 49.17041 ], [ 20.355471, 49.1674 ], [ 20.351195, 49.166883 ], [ 20.350171, 49.165421 ], [ 20.352666, 49.163839 ], [ 20.347619, 49.160665 ], [ 20.342379, 49.163851 ], [ 20.343161, 49.161075 ], [ 20.332013, 49.167058 ], [ 20.322456, 49.16191 ], [ 20.329258, 49.157045 ], [ 20.320994, 49.152484 ], [ 20.330478, 49.14935 ], [ 20.331452, 49.147633 ], [ 20.327206, 49.144585 ], [ 20.323418, 49.145038 ], [ 20.323464, 49.14369 ], [ 20.320082, 49.142524 ], [ 20.317866, 49.14365 ], [ 20.31835, 49.146785 ], [ 20.314316, 49.149091 ], [ 20.303745, 49.150853 ], [ 20.287584, 49.157535 ], [ 20.288896, 49.156519 ], [ 20.282369, 49.148091 ], [ 20.2889, 49.141042 ], [ 20.283719, 49.141076 ], [ 20.285312, 49.1388 ], [ 20.276448, 49.136346 ], [ 20.289949, 49.131435 ], [ 20.293996, 49.125627 ], [ 20.31088, 49.11567 ], [ 20.325403, 49.103528 ], [ 20.337152, 49.09949 ], [ 20.336022, 49.095861 ], [ 20.338615, 49.093515 ], [ 20.340998, 49.095937 ], [ 20.351314, 49.092715 ], [ 20.354106, 49.094578 ], [ 20.361321, 49.090175 ], [ 20.373778, 49.088087 ], [ 20.361913, 49.077379 ], [ 20.35653, 49.075218 ], [ 20.36828, 49.060708 ], [ 20.373558, 49.058211 ], [ 20.377316, 49.053091 ], [ 20.385798, 49.049717 ], [ 20.391563, 49.043819 ], [ 20.402983, 49.048252 ], [ 20.407426, 49.046245 ], [ 20.405523, 49.04147 ], [ 20.407907, 49.037634 ], [ 20.415813, 49.03795 ], [ 20.415973, 49.036763 ], [ 20.429741, 49.035057 ], [ 20.442463, 49.036471 ], [ 20.442682, 49.037529 ], [ 20.445969, 49.033536 ], [ 20.451322, 49.034078 ], [ 20.451877, 49.032002 ], [ 20.456574, 49.031746 ], [ 20.475201, 49.03746 ], [ 20.472765, 49.045179 ], [ 20.484472, 49.052994 ], [ 20.492507, 49.051649 ], [ 20.493663, 49.047232 ], [ 20.502601, 49.04458 ], [ 20.509073, 49.039364 ], [ 20.511251, 49.042193 ], [ 20.510063, 49.045055 ], [ 20.518944, 49.047984 ], [ 20.525095, 49.047609 ], [ 20.535148, 49.050956 ], [ 20.533658, 49.051628 ], [ 20.538131, 49.051639 ], [ 20.542025, 49.054686 ], [ 20.547953, 49.055366 ], [ 20.547427, 49.058809 ], [ 20.538279, 49.059099 ], [ 20.540449, 49.066881 ], [ 20.5471477, 49.065138100000013 ], [ 20.5475992, 49.0668548 ], [ 20.5410335, 49.0687488 ], [ 20.5491095, 49.072535900000013 ], [ 20.5506321, 49.0779745 ], [ 20.5543837, 49.0814189 ], [ 20.5511233, 49.0833988 ], [ 20.5468125, 49.0831481 ], [ 20.5463186, 49.0882759 ], [ 20.5733197, 49.1022754 ], [ 20.5763631, 49.1022289 ], [ 20.5820939, 49.108105200000011 ], [ 20.597702, 49.1142208 ], [ 20.5996884, 49.1186889 ], [ 20.6155586, 49.1269348 ], [ 20.636977, 49.1429954 ], [ 20.6422525, 49.1520748 ], [ 20.6316769, 49.1588992 ], [ 20.6223831, 49.1599996 ], [ 20.6192889, 49.162036900000011 ], [ 20.6203893, 49.16701290000001 ], [ 20.6169391, 49.1748303 ], [ 20.6194824, 49.1821649 ], [ 20.6155265, 49.1885177 ], [ 20.6214074, 49.1915712 ], [ 20.6180259, 49.1940832 ], [ 20.611866, 49.1942932 ], [ 20.6071152, 49.1985376 ], [ 20.6083556, 49.2012784 ], [ 20.5956578, 49.2106542 ], [ 20.5858228, 49.2084938 ], [ 20.5801437, 49.2127506 ], [ 20.5700292, 49.2140154 ], [ 20.5680153, 49.217513 ], [ 20.5693256, 49.22077130000001 ], [ 20.5651194, 49.2206841 ], [ 20.5609245, 49.2254234 ], [ 20.557935, 49.2249461 ], [ 20.5552293, 49.228388700000011 ], [ 20.546196, 49.230818 ], [ 20.535314, 49.239497 ], [ 20.525035, 49.240593 ], [ 20.518227, 49.249587 ], [ 20.508305, 49.246859 ], [ 20.516378, 49.252028 ], [ 20.499549, 49.263371 ], [ 20.505871, 49.269896 ], [ 20.502831, 49.27278 ], [ 20.511088, 49.279818 ], [ 20.512291, 49.283272 ], [ 20.50388, 49.287041 ], [ 20.50388, 49.291096 ], [ 20.49949, 49.295045 ], [ 20.499071, 49.30357 ], [ 20.491339, 49.321983 ], [ 20.483964, 49.314891 ], [ 20.476139, 49.317695 ], [ 20.472498, 49.316462 ], [ 20.462195, 49.307479 ], [ 20.458518, 49.307341 ], [ 20.428333, 49.293637 ], [ 20.415854, 49.296853 ], [ 20.410528, 49.301586 ], [ 20.401311, 49.304567 ], [ 20.404907, 49.310309 ], [ 20.401344, 49.319401 ], [ 20.41052, 49.326189 ], [ 20.413592, 49.332926 ], [ 20.41779, 49.334784 ], [ 20.416748, 49.336385 ], [ 20.420841, 49.341648 ], [ 20.419114, 49.349125 ], [ 20.427944, 49.359298 ], [ 20.426105, 49.362698 ], [ 20.427674, 49.3713 ], [ 20.437744, 49.377958 ], [ 20.438145, 49.379063 ], [ 20.4324017, 49.3811551 ], [ 20.440067, 49.386069 ], [ 20.447611, 49.386384 ], [ 20.451595, 49.388656 ], [ 20.451067, 49.390599 ], [ 20.443266, 49.395434 ], [ 20.434241, 49.397598 ] ] ] } }
]
}
